sub_id,name,lat,lon,zone,state,sector,twh
35000,NEAH BAY,48.2414,-124.578,BPAT,WA,bldg,0.043192
35000,NEAH BAY,48.2414,-124.578,BPAT,WA,ind,0.011885
35000,NEAH BAY,48.2414,-124.578,BPAT,WA,road,0.000375
35001,FORKS,47.6956,-124.184,BPAT,WA,bldg,0.071598
35001,FORKS,47.6956,-124.184,BPAT,WA,ind,0.019702
35001,FORKS,47.6956,-124.184,BPAT,WA,road,0.000621
35002,OCEAN SHORES,47.04,-124.057,BPAT,WA,bldg,0.064474
35002,OCEAN SHORES,47.04,-124.057,BPAT,WA,ind,0.017742
35002,OCEAN SHORES,47.04,-124.057,BPAT,WA,road,0.00056
35003,WESTPORT,46.9275,-124.172,BPAT,WA,bldg,0.046821
35003,WESTPORT,46.9275,-124.172,BPAT,WA,ind,0.012884
35003,WESTPORT,46.9275,-124.172,BPAT,WA,road,0.000406
35004,LONG BEACH 1,46.3165,-124.061,BPAT,WA,bldg,0.060217
35004,LONG BEACH 1,46.3165,-124.061,BPAT,WA,ind,0.01657
35004,LONG BEACH 1,46.3165,-124.061,BPAT,WA,road,0.000523
35005,OCEAN PARK,46.4983,-123.983,BPAT,WA,bldg,0.075361
35005,OCEAN PARK,46.4983,-123.983,BPAT,WA,ind,0.020737
35005,OCEAN PARK,46.4983,-123.983,BPAT,WA,road,0.000654
35006,HOQUIAM,47.1743,-123.847,BPAT,WA,bldg,0.15005
35006,HOQUIAM,47.1743,-123.847,BPAT,WA,ind,0.04129
35006,HOQUIAM,47.1743,-123.847,BPAT,WA,road,0.001302
35007,PORT ANGELES 1,48.0025,-123.762,BPAT,WA,bldg,0.143464
35007,PORT ANGELES 1,48.0025,-123.762,BPAT,WA,ind,0.039477
35007,PORT ANGELES 1,48.0025,-123.762,BPAT,WA,road,0.001245
35008,ABERDEEN 1,47.165,-123.664,BPAT,WA,bldg,0.258925
35008,ABERDEEN 1,47.165,-123.664,BPAT,WA,ind,0.07125
35008,ABERDEEN 1,47.165,-123.664,BPAT,WA,road,0.002247
35009,MONTESANO,47.1889,-123.686,BPAT,WA,bldg,0.112056
35009,MONTESANO,47.1889,-123.686,BPAT,WA,ind,0.030835
35009,MONTESANO,47.1889,-123.686,BPAT,WA,road,0.000973
35010,RAYMOND,46.656,-123.615,BPAT,WA,bldg,0.115999
35010,RAYMOND,46.656,-123.615,BPAT,WA,ind,0.03192
35010,RAYMOND,46.656,-123.615,BPAT,WA,road,0.001007
35011,ELMA 1,47.0719,-123.294,BPAT,WA,bldg,0.109637
35011,ELMA 1,47.0719,-123.294,BPAT,WA,ind,0.030169
35011,ELMA 1,47.0719,-123.294,BPAT,WA,road,0.000952
35012,PORT ANGELES 2,47.988,-123.332,BPAT,WA,bldg,0.239032
35012,PORT ANGELES 2,47.988,-123.332,BPAT,WA,ind,0.065775
35012,PORT ANGELES 2,47.988,-123.332,BPAT,WA,road,0.002075
35013,CATHLAMET,46.1904,-123.332,BPAT,WA,bldg,0.040279
35013,CATHLAMET,46.1904,-123.332,BPAT,WA,ind,0.011084
35013,CATHLAMET,46.1904,-123.332,BPAT,WA,road,0.00035
35014,SHELTON 1,47.1504,-123.13,BPAT,WA,bldg,0.215913
35014,SHELTON 1,47.1504,-123.13,BPAT,WA,ind,0.059414
35014,SHELTON 1,47.1504,-123.13,BPAT,WA,road,0.001874
35015,SHELTON 2,47.1479,-123.072,BPAT,WA,bldg,0.196961
35015,SHELTON 2,47.1479,-123.072,BPAT,WA,ind,0.054198
35015,SHELTON 2,47.1479,-123.072,BPAT,WA,road,0.00171
35016,ROCHESTER,46.7918,-123.042,PSEI,WA,bldg,0.130263
35016,ROCHESTER,46.7918,-123.042,PSEI,WA,ind,0.023678
35016,ROCHESTER,46.7918,-123.042,PSEI,WA,rail,0.000381
35016,ROCHESTER,46.7918,-123.042,PSEI,WA,road,0.001879
35017,FRIDAY HARBOR,48.6268,-123.038,BPAT,WA,bldg,0.08356
35017,FRIDAY HARBOR,48.6268,-123.038,BPAT,WA,ind,0.022994
35017,FRIDAY HARBOR,48.6268,-123.038,BPAT,WA,road,0.000725
35018,SEQUIM 1,48.0874,-123.158,BPAT,WA,bldg,0.144405
35018,SEQUIM 1,48.0874,-123.158,BPAT,WA,ind,0.039736
35018,SEQUIM 1,48.0874,-123.158,BPAT,WA,road,0.001253
35019,SEQUIM 2,48.0024,-123.082,BPAT,WA,bldg,0.144405
35019,SEQUIM 2,48.0024,-123.082,BPAT,WA,ind,0.039736
35019,SEQUIM 2,48.0024,-123.082,BPAT,WA,road,0.001253
35020,OLYMPIA 1,47.0228,-123.132,PSEI,WA,bldg,0.167836
35020,OLYMPIA 1,47.0228,-123.132,PSEI,WA,ind,0.030508
35020,OLYMPIA 1,47.0228,-123.132,PSEI,WA,rail,0.000491
35020,OLYMPIA 1,47.0228,-123.132,PSEI,WA,road,0.002421
35021,OLYMPIA 2,47.0673,-123.143,PSEI,WA,bldg,0.175005
35021,OLYMPIA 2,47.0673,-123.143,PSEI,WA,ind,0.031811
35021,OLYMPIA 2,47.0673,-123.143,PSEI,WA,rail,0.000512
35021,OLYMPIA 2,47.0673,-123.143,PSEI,WA,road,0.002524
35022,LONGVIEW 1,46.1277,-123.011,BPAT,WA,bldg,0.264571
35022,LONGVIEW 1,46.1277,-123.011,BPAT,WA,ind,0.072803
35022,LONGVIEW 1,46.1277,-123.011,BPAT,WA,road,0.002296
35023,LONGVIEW 2,46.1467,-122.989,BPAT,WA,bldg,0.264571
35023,LONGVIEW 2,46.1467,-122.989,BPAT,WA,ind,0.072803
35023,LONGVIEW 2,46.1467,-122.989,BPAT,WA,road,0.002296
35024,CHEHALIS 1,46.66,-122.963,PSEI,WA,bldg,0.245808
35024,CHEHALIS 1,46.66,-122.963,PSEI,WA,ind,0.044681
35024,CHEHALIS 1,46.66,-122.963,PSEI,WA,rail,0.000719
35024,CHEHALIS 1,46.66,-122.963,PSEI,WA,road,0.003546
35025,OLYMPIA 3,47.1433,-123.021,BPAT,WA,bldg,0.16394
35025,OLYMPIA 3,47.1433,-123.021,BPAT,WA,ind,0.045112
35025,OLYMPIA 3,47.1433,-123.021,BPAT,WA,road,0.001423
35026,OLYMPIA 4,47.1717,-122.923,PSEI,WA,bldg,0.183734
35026,OLYMPIA 4,47.1717,-122.923,PSEI,WA,ind,0.033398
35026,OLYMPIA 4,47.1717,-122.923,PSEI,WA,rail,0.000538
35026,OLYMPIA 4,47.1717,-122.923,PSEI,WA,road,0.00265
35027,WINLOCK,46.4187,-122.896,BPAT,WA,bldg,0.089968
35027,WINLOCK,46.4187,-122.896,BPAT,WA,ind,0.024756
35027,WINLOCK,46.4187,-122.896,BPAT,WA,road,0.000781
35028,CENTRALIA 1,46.7548,-122.848,PSEI,WA,bldg,0.249856
35028,CENTRALIA 1,46.7548,-122.848,PSEI,WA,ind,0.045417
35028,CENTRALIA 1,46.7548,-122.848,PSEI,WA,rail,0.000731
35028,CENTRALIA 1,46.7548,-122.848,PSEI,WA,road,0.003604
35029,BELFAIR,47.4535,-122.926,BPAT,WA,bldg,0.168196
35029,BELFAIR,47.4535,-122.926,BPAT,WA,ind,0.046283
35029,BELFAIR,47.4535,-122.926,BPAT,WA,road,0.00146
35030,CASTLE ROCK 1,46.3394,-122.809,BPAT,WA,bldg,0.113579
35030,CASTLE ROCK 1,46.3394,-122.809,BPAT,WA,ind,0.031254
35030,CASTLE ROCK 1,46.3394,-122.809,BPAT,WA,road,0.000986
35031,OLYMPIA 5,46.9955,-122.858,PSEI,WA,bldg,0.192969
35031,OLYMPIA 5,46.9955,-122.858,PSEI,WA,ind,0.035076
35031,OLYMPIA 5,46.9955,-122.858,PSEI,WA,rail,0.000565
35031,OLYMPIA 5,46.9955,-122.858,PSEI,WA,road,0.002783
35032,OLYMPIA 6,46.9904,-122.886,PSEI,WA,bldg,0.192969
35032,OLYMPIA 6,46.9904,-122.886,PSEI,WA,ind,0.035076
35032,OLYMPIA 6,46.9904,-122.886,PSEI,WA,rail,0.000565
35032,OLYMPIA 6,46.9904,-122.886,PSEI,WA,road,0.002783
35033,EASTSOUND,48.5514,-122.945,BPAT,WA,bldg,0.078453
35033,EASTSOUND,48.5514,-122.945,BPAT,WA,ind,0.021588
35033,EASTSOUND,48.5514,-122.945,BPAT,WA,road,0.000681
35034,OLYMPIA 7,47.0745,-122.852,PSEI,WA,bldg,0.184198
35034,OLYMPIA 7,47.0745,-122.852,PSEI,WA,ind,0.033482
35034,OLYMPIA 7,47.0745,-122.852,PSEI,WA,rail,0.000539
35034,OLYMPIA 7,47.0745,-122.852,PSEI,WA,road,0.002657
35035,PORT TOWNSEND,48.0143,-122.891,PSEI,WA,bldg,0.18268
35035,PORT TOWNSEND,48.0143,-122.891,PSEI,WA,ind,0.033206
35035,PORT TOWNSEND,48.0143,-122.891,PSEI,WA,phase1,0.241022
35035,PORT TOWNSEND,48.0143,-122.891,PSEI,WA,rail,0.000534
35035,PORT TOWNSEND,48.0143,-122.891,PSEI,WA,road,0.002635
35036,TENINO,46.9218,-122.807,PSEI,WA,bldg,0.074092
35036,TENINO,46.9218,-122.807,PSEI,WA,ind,0.013468
35036,TENINO,46.9218,-122.807,PSEI,WA,rail,0.000217
35036,TENINO,46.9218,-122.807,PSEI,WA,road,0.001069
35037,LACEY 1,46.9892,-122.722,PSEI,WA,bldg,0.185252
35037,LACEY 1,46.9892,-122.722,PSEI,WA,ind,0.033674
35037,LACEY 1,46.9892,-122.722,PSEI,WA,rail,0.000542
35037,LACEY 1,46.9892,-122.722,PSEI,WA,road,0.002672
35038,LACEY 2,47.003,-122.791,PSEI,WA,bldg,0.185252
35038,LACEY 2,47.003,-122.791,PSEI,WA,ind,0.033674
35038,LACEY 2,47.003,-122.791,PSEI,WA,rail,0.000542
35038,LACEY 2,47.003,-122.791,PSEI,WA,road,0.002672
35039,OLYMPIA 8,47.1839,-122.752,PSEI,WA,bldg,0.215361
35039,OLYMPIA 8,47.1839,-122.752,PSEI,WA,ind,0.060627
35039,OLYMPIA 8,47.1839,-122.752,PSEI,WA,rail,0.00063
35039,OLYMPIA 8,47.1839,-122.752,PSEI,WA,road,0.003106
35040,BREMERTON 1,47.5276,-122.809,PSEI,WA,bldg,0.152823
35040,BREMERTON 1,47.5276,-122.809,PSEI,WA,ind,0.027779
35040,BREMERTON 1,47.5276,-122.809,PSEI,WA,rail,0.000447
35040,BREMERTON 1,47.5276,-122.809,PSEI,WA,road,0.002204
35041,BREMERTON 2,47.5296,-122.878,PSEI,WA,bldg,0.195078
35041,BREMERTON 2,47.5296,-122.878,PSEI,WA,ind,0.03546
35041,BREMERTON 2,47.5296,-122.878,PSEI,WA,rail,0.000571
35041,BREMERTON 2,47.5296,-122.878,PSEI,WA,road,0.002814
35042,KELSO,46.0854,-122.84,BPAT,WA,bldg,0.263719
35042,KELSO,46.0854,-122.84,BPAT,WA,ind,0.072569
35042,KELSO,46.0854,-122.84,BPAT,WA,road,0.002289
35043,LAKEBAY 1,47.3623,-122.739,BPAT,WA,bldg,0.049599
35043,LAKEBAY 1,47.3623,-122.739,BPAT,WA,ind,0.013648
35043,LAKEBAY 1,47.3623,-122.739,BPAT,WA,road,0.00043
35044,OLYMPIA 9,46.8946,-122.715,PSEI,WA,bldg,0.161806
35044,OLYMPIA 9,46.8946,-122.715,PSEI,WA,ind,0.029412
35044,OLYMPIA 9,46.8946,-122.715,PSEI,WA,rail,0.000473
35044,OLYMPIA 9,46.8946,-122.715,PSEI,WA,road,0.002334
35045,OLYMPIA 10,47.0142,-122.693,PSEI,WA,bldg,0.161806
35045,OLYMPIA 10,47.0142,-122.693,PSEI,WA,ind,0.029412
35045,OLYMPIA 10,47.0142,-122.693,PSEI,WA,rail,0.000473
35045,OLYMPIA 10,47.0142,-122.693,PSEI,WA,road,0.002334
35046,KALAMA,46.0192,-122.767,BPAT,WA,bldg,0.065952
35046,KALAMA,46.0192,-122.767,BPAT,WA,ind,0.018148
35046,KALAMA,46.0192,-122.767,BPAT,WA,road,0.000572
35047,GIG HARBOR 1,47.3039,-122.788,BPAT,WA,bldg,0.125273
35047,GIG HARBOR 1,47.3039,-122.788,BPAT,WA,ind,0.034472
35047,GIG HARBOR 1,47.3039,-122.788,BPAT,WA,road,0.001087
35048,VANCOUVER 1,45.7379,-122.691,BPAT,WA,bldg,0.127514
35048,VANCOUVER 1,45.7379,-122.691,BPAT,WA,ind,0.035089
35048,VANCOUVER 1,45.7379,-122.691,BPAT,WA,road,0.001107
35049,SILVERDALE 1,47.7074,-122.658,PSEI,WA,bldg,0.235561
35049,SILVERDALE 1,47.7074,-122.658,PSEI,WA,ind,0.042818
35049,SILVERDALE 1,47.7074,-122.658,PSEI,WA,rail,0.000689
35049,SILVERDALE 1,47.7074,-122.658,PSEI,WA,road,0.003398
35050,SILVERDALE 2,47.7601,-122.715,PSEI,WA,bldg,0.094123
35050,SILVERDALE 2,47.7601,-122.715,PSEI,WA,ind,0.017109
35050,SILVERDALE 2,47.7601,-122.715,PSEI,WA,rail,0.000275
35050,SILVERDALE 2,47.7601,-122.715,PSEI,WA,road,0.001358
35051,BLAINE 1,48.9,-122.772,PSEI,WA,bldg,0.172306
35051,BLAINE 1,48.9,-122.772,PSEI,WA,ind,0.031321
35051,BLAINE 1,48.9,-122.772,PSEI,WA,rail,0.000504
35051,BLAINE 1,48.9,-122.772,PSEI,WA,road,0.002485
35052,PORT LUDLOW,47.9481,-122.682,PSEI,WA,bldg,0.045839
35052,PORT LUDLOW,47.9481,-122.682,PSEI,WA,ind,0.012904
35052,PORT LUDLOW,47.9481,-122.682,PSEI,WA,rail,0.000134
35052,PORT LUDLOW,47.9481,-122.682,PSEI,WA,road,0.000661
35053,PORT ORCHARD 1,47.5032,-122.614,PSEI,WA,bldg,0.14013
35053,PORT ORCHARD 1,47.5032,-122.614,PSEI,WA,ind,0.025472
35053,PORT ORCHARD 1,47.5032,-122.614,PSEI,WA,rail,0.00041
35053,PORT ORCHARD 1,47.5032,-122.614,PSEI,WA,road,0.002021
35054,PORT ORCHARD 2,47.4023,-122.622,BPAT,WA,bldg,0.148885
35054,PORT ORCHARD 2,47.4023,-122.622,BPAT,WA,ind,0.040969
35054,PORT ORCHARD 2,47.4023,-122.622,BPAT,WA,road,0.001292
35055,RIDGEFIELD,45.8363,-122.686,BPAT,WA,bldg,0.168779
35055,RIDGEFIELD,45.8363,-122.686,BPAT,WA,ind,0.046443
35055,RIDGEFIELD,45.8363,-122.686,BPAT,WA,road,0.001465
35056,VANCOUVER 2,45.7159,-122.652,BPAT,WA,bldg,0.140955
35056,VANCOUVER 2,45.7159,-122.652,BPAT,WA,ind,0.038787
35056,VANCOUVER 2,45.7159,-122.652,BPAT,WA,road,0.001223
35057,VANCOUVER 3,45.6572,-122.775,PGE,WA,bldg,0.093733
35057,VANCOUVER 3,45.6572,-122.775,PGE,WA,ind,0.002666
35057,VANCOUVER 3,45.6572,-122.775,PGE,WA,rail,6.3e-05
35057,VANCOUVER 3,45.6572,-122.775,PGE,WA,road,0.001664
35058,STEILACOOM,47.3081,-122.67,BPAT,WA,bldg,0.080738
35058,STEILACOOM,47.3081,-122.67,BPAT,WA,ind,0.022217
35058,STEILACOOM,47.3081,-122.67,BPAT,WA,road,0.000701
35059,WOODLAND 1,46.0356,-122.568,BPAT,WA,bldg,0.138984
35059,WOODLAND 1,46.0356,-122.568,BPAT,WA,ind,0.038245
35059,WOODLAND 1,46.0356,-122.568,BPAT,WA,road,0.001206
35060,DUPONT,47.1074,-122.665,PSEI,WA,bldg,0.083665
35060,DUPONT,47.1074,-122.665,PSEI,WA,ind,0.015208
35060,DUPONT,47.1074,-122.665,PSEI,WA,rail,0.000245
35060,DUPONT,47.1074,-122.665,PSEI,WA,road,0.001207
35061,VANCOUVER 4,45.5909,-122.658,PGE,WA,bldg,0.100944
35061,VANCOUVER 4,45.5909,-122.658,PGE,WA,ind,0.002871
35061,VANCOUVER 4,45.5909,-122.658,PGE,WA,rail,6.8e-05
35061,VANCOUVER 4,45.5909,-122.658,PGE,WA,road,0.001792
35062,VANCOUVER 5,45.6377,-122.615,BPAT,WA,bldg,0.258701
35062,VANCOUVER 5,45.6377,-122.615,BPAT,WA,ind,0.071188
35062,VANCOUVER 5,45.6377,-122.615,BPAT,WA,road,0.002245
35063,ANACORTES 1,48.5919,-122.692,BPAT,WA,bldg,0.230026
35063,ANACORTES 1,48.5919,-122.692,BPAT,WA,ind,0.040872
35063,ANACORTES 1,48.5919,-122.692,BPAT,WA,road,0.001997
35064,COUPEVILLE,48.1206,-122.581,PSEI,WA,bldg,0.113648
35064,COUPEVILLE,48.1206,-122.581,PSEI,WA,ind,0.020658
35064,COUPEVILLE,48.1206,-122.581,PSEI,WA,rail,0.000332
35064,COUPEVILLE,48.1206,-122.581,PSEI,WA,road,0.001639
35065,ONALASKA,46.6517,-122.651,BPAT,WA,bldg,0.055916
35065,ONALASKA,46.6517,-122.651,BPAT,WA,ind,0.015387
35065,ONALASKA,46.6517,-122.651,BPAT,WA,road,0.000485
35066,RAINIER 1,46.8176,-122.649,PSEI,WA,bldg,0.04723
35066,RAINIER 1,46.8176,-122.649,PSEI,WA,ind,0.008585
35066,RAINIER 1,46.8176,-122.649,PSEI,WA,rail,0.000138
35066,RAINIER 1,46.8176,-122.649,PSEI,WA,road,0.000681
35067,BREMERTON 3,47.7207,-122.703,PSEI,WA,bldg,0.13098
35067,BREMERTON 3,47.7207,-122.703,PSEI,WA,ind,0.023809
35067,BREMERTON 3,47.7207,-122.703,PSEI,WA,rail,0.000383
35067,BREMERTON 3,47.7207,-122.703,PSEI,WA,road,0.001889
35068,BREMERTON 4,47.5662,-122.642,PSEI,WA,bldg,0.13098
35068,BREMERTON 4,47.5662,-122.642,PSEI,WA,ind,0.023809
35068,BREMERTON 4,47.5662,-122.642,PSEI,WA,rail,0.000383
35068,BREMERTON 4,47.5662,-122.642,PSEI,WA,road,0.001889
35069,OAK HARBOR 1,48.2781,-122.63,PSEI,WA,bldg,0.202162
35069,OAK HARBOR 1,48.2781,-122.63,PSEI,WA,ind,0.036747
35069,OAK HARBOR 1,48.2781,-122.63,PSEI,WA,rail,0.000591
35069,OAK HARBOR 1,48.2781,-122.63,PSEI,WA,road,0.002916
35070,OAK HARBOR 2,48.2395,-122.535,PSEI,WA,bldg,0.191409
35070,OAK HARBOR 2,48.2395,-122.535,PSEI,WA,ind,0.053884
35070,OAK HARBOR 2,48.2395,-122.535,PSEI,WA,rail,0.00056
35070,OAK HARBOR 2,48.2395,-122.535,PSEI,WA,road,0.002761
35071,POULSBO 1,47.7984,-122.684,PSEI,WA,bldg,0.149408
35071,POULSBO 1,47.7984,-122.684,PSEI,WA,ind,0.027159
35071,POULSBO 1,47.7984,-122.684,PSEI,WA,rail,0.000437
35071,POULSBO 1,47.7984,-122.684,PSEI,WA,road,0.002155
35072,POULSBO 2,47.7539,-122.658,PSEI,WA,bldg,0.149408
35072,POULSBO 2,47.7539,-122.658,PSEI,WA,ind,0.027159
35072,POULSBO 2,47.7539,-122.658,PSEI,WA,rail,0.000437
35072,POULSBO 2,47.7539,-122.658,PSEI,WA,road,0.002155
35073,BREMERTON 5,47.5231,-122.622,PSEI,WA,bldg,0.1893
35073,BREMERTON 5,47.5231,-122.622,PSEI,WA,ind,0.03441
35073,BREMERTON 5,47.5231,-122.622,PSEI,WA,rail,0.000554
35073,BREMERTON 5,47.5231,-122.622,PSEI,WA,road,0.00273
35074,VANCOUVER 6,45.5753,-122.627,PGE,WA,bldg,0.149241
35074,VANCOUVER 6,45.5753,-122.627,PGE,WA,ind,0.004244
35074,VANCOUVER 6,45.5753,-122.627,PGE,WA,rail,0.000101
35074,VANCOUVER 6,45.5753,-122.627,PGE,WA,road,0.002649
35075,VANCOUVER 7,45.6695,-122.554,BPAT,WA,bldg,0.224426
35075,VANCOUVER 7,45.6695,-122.554,BPAT,WA,ind,0.061756
35075,VANCOUVER 7,45.6695,-122.554,BPAT,WA,road,0.001948
35076,VANCOUVER 8,45.638,-122.606,BPAT,WA,bldg,0.186925
35076,VANCOUVER 8,45.638,-122.606,BPAT,WA,ind,0.051437
35076,VANCOUVER 8,45.638,-122.606,BPAT,WA,road,0.001622
35077,GIG HARBOR 2,47.2477,-122.719,BPAT,WA,bldg,0.318247
35077,GIG HARBOR 2,47.2477,-122.719,BPAT,WA,ind,0.087573
35077,GIG HARBOR 2,47.2477,-122.719,BPAT,WA,road,0.002762
35078,FERNDALE 1,48.8946,-122.67,PSEI,WA,bldg,0.257278
35078,FERNDALE 1,48.8946,-122.67,PSEI,WA,ind,0.046766
35078,FERNDALE 1,48.8946,-122.67,PSEI,WA,rail,0.000753
35078,FERNDALE 1,48.8946,-122.67,PSEI,WA,road,0.003711
35079,LA CENTER,45.8584,-122.666,BPAT,WA,bldg,0.089923
35079,LA CENTER,45.8584,-122.666,BPAT,WA,ind,0.024745
35079,LA CENTER,45.8584,-122.666,BPAT,WA,road,0.00078
35080,GIG HARBOR 3,47.4467,-122.645,PSEI,WA,bldg,0.160456
35080,GIG HARBOR 3,47.4467,-122.645,PSEI,WA,ind,0.029167
35080,GIG HARBOR 3,47.4467,-122.645,PSEI,WA,rail,0.000469
35080,GIG HARBOR 3,47.4467,-122.645,PSEI,WA,road,0.002314
35081,TACOMA 1,47.1496,-122.565,PSEI,WA,bldg,0.147594
35081,TACOMA 1,47.1496,-122.565,PSEI,WA,ind,0.026829
35081,TACOMA 1,47.1496,-122.565,PSEI,WA,rail,0.000432
35081,TACOMA 1,47.1496,-122.565,PSEI,WA,road,0.002129
35082,PORT ORCHARD 3,47.5868,-122.668,PSEI,WA,bldg,0.241127
35082,PORT ORCHARD 3,47.5868,-122.668,PSEI,WA,ind,0.043831
35082,PORT ORCHARD 3,47.5868,-122.668,PSEI,WA,rail,0.000705
35082,PORT ORCHARD 3,47.5868,-122.668,PSEI,WA,road,0.003478
35083,PORT ORCHARD 4,47.6145,-122.62,PSEI,WA,bldg,0.17336
35083,PORT ORCHARD 4,47.6145,-122.62,PSEI,WA,ind,0.031512
35083,PORT ORCHARD 4,47.6145,-122.62,PSEI,WA,rail,0.000507
35083,PORT ORCHARD 4,47.6145,-122.62,PSEI,WA,road,0.002501
35084,VANCOUVER 9,45.7462,-122.552,BPAT,WA,bldg,0.170123
35084,VANCOUVER 9,45.7462,-122.552,BPAT,WA,ind,0.046813
35084,VANCOUVER 9,45.7462,-122.552,BPAT,WA,road,0.001477
35085,VANCOUVER 10,45.6971,-122.584,BPAT,WA,bldg,0.170123
35085,VANCOUVER 10,45.6971,-122.584,BPAT,WA,ind,0.046813
35085,VANCOUVER 10,45.6971,-122.584,BPAT,WA,road,0.001477
35086,VANCOUVER 11,45.6566,-122.64,BPAT,WA,bldg,0.234104
35086,VANCOUVER 11,45.6566,-122.64,BPAT,WA,ind,0.064419
35086,VANCOUVER 11,45.6566,-122.64,BPAT,WA,road,0.002032
35087,OLALLA,47.498,-122.665,PSEI,WA,bldg,0.083159
35087,OLALLA,47.498,-122.665,PSEI,WA,ind,0.015116
35087,OLALLA,47.498,-122.665,PSEI,WA,rail,0.000243
35087,OLALLA,47.498,-122.665,PSEI,WA,road,0.001199
35088,UNIVERSITY PLACE,47.1162,-122.596,PSEI,WA,bldg,0.14907
35088,UNIVERSITY PLACE,47.1162,-122.596,PSEI,WA,ind,0.027097
35088,UNIVERSITY PLACE,47.1162,-122.596,PSEI,WA,rail,0.000436
35088,UNIVERSITY PLACE,47.1162,-122.596,PSEI,WA,road,0.00215
35089,LAKEWOOD 1,47.1492,-122.575,PSEI,WA,bldg,0.139413
35089,LAKEWOOD 1,47.1492,-122.575,PSEI,WA,ind,0.025341
35089,LAKEWOOD 1,47.1492,-122.575,PSEI,WA,rail,0.000408
35089,LAKEWOOD 1,47.1492,-122.575,PSEI,WA,road,0.002011
35090,LAKEWOOD 2,47.0621,-122.607,PSEI,WA,bldg,0.141353
35090,LAKEWOOD 2,47.0621,-122.607,PSEI,WA,ind,0.025694
35090,LAKEWOOD 2,47.0621,-122.607,PSEI,WA,rail,0.000414
35090,LAKEWOOD 2,47.0621,-122.607,PSEI,WA,road,0.002039
35091,TACOMA 2,47.2402,-122.53,BPAT,WA,bldg,0.144853
35091,TACOMA 2,47.2402,-122.53,BPAT,WA,ind,0.03986
35091,TACOMA 2,47.2402,-122.53,BPAT,WA,road,0.001257
35092,TACOMA 3,47.2904,-122.56,BPAT,WA,bldg,0.068193
35092,TACOMA 3,47.2904,-122.56,BPAT,WA,ind,0.018765
35092,TACOMA 3,47.2904,-122.56,BPAT,WA,road,0.000592
35093,BAINBRIDGE ISLAND,47.6283,-122.493,BPAT,WA,bldg,0.24759
35093,BAINBRIDGE ISLAND,47.6283,-122.493,BPAT,WA,ind,0.06813
35093,BAINBRIDGE ISLAND,47.6283,-122.493,BPAT,WA,road,0.002149
35094,KINGSTON,47.8029,-122.537,PSEI,WA,bldg,0.107955
35094,KINGSTON,47.8029,-122.537,PSEI,WA,ind,0.019624
35094,KINGSTON,47.8029,-122.537,PSEI,WA,rail,0.000316
35094,KINGSTON,47.8029,-122.537,PSEI,WA,road,0.001557
35095,ROY 1,47.0922,-122.584,PSEI,WA,bldg,0.11234
35095,ROY 1,47.0922,-122.584,PSEI,WA,ind,0.020421
35095,ROY 1,47.0922,-122.584,PSEI,WA,rail,0.000329
35095,ROY 1,47.0922,-122.584,PSEI,WA,road,0.00162
35096,TACOMA 4,47.3789,-122.464,PSEI,WA,bldg,0.201234
35096,TACOMA 4,47.3789,-122.464,PSEI,WA,ind,0.056649
35096,TACOMA 4,47.3789,-122.464,PSEI,WA,rail,0.000589
35096,TACOMA 4,47.3789,-122.464,PSEI,WA,road,0.002903
35097,VANCOUVER 12,45.5753,-122.604,PGE,WA,bldg,0.096415
35097,VANCOUVER 12,45.5753,-122.604,PGE,WA,ind,0.002742
35097,VANCOUVER 12,45.5753,-122.604,PGE,WA,rail,6.5e-05
35097,VANCOUVER 12,45.5753,-122.604,PGE,WA,road,0.001712
35098,VANCOUVER 13,45.6205,-122.54,BPAT,WA,bldg,0.144987
35098,VANCOUVER 13,45.6205,-122.54,BPAT,WA,ind,0.039897
35098,VANCOUVER 13,45.6205,-122.54,BPAT,WA,road,0.001258
35099,LAKEWOOD 3,47.0746,-122.486,PSEI,WA,bldg,0.061188
35099,LAKEWOOD 3,47.0746,-122.486,PSEI,WA,ind,0.011122
35099,LAKEWOOD 3,47.0746,-122.486,PSEI,WA,rail,0.000179
35099,LAKEWOOD 3,47.0746,-122.486,PSEI,WA,road,0.000883
35100,TACOMA 5,47.2812,-122.419,BPAT,WA,bldg,0.232356
35100,TACOMA 5,47.2812,-122.419,BPAT,WA,ind,0.063939
35100,TACOMA 5,47.2812,-122.419,BPAT,WA,road,0.002017
35101,BATTLE GROUND 1,45.763,-122.424,BPAT,WA,bldg,0.184057
35101,BATTLE GROUND 1,45.763,-122.424,BPAT,WA,ind,0.050647
35101,BATTLE GROUND 1,45.763,-122.424,BPAT,WA,road,0.001598
35102,BATTLE GROUND 2,45.8824,-122.529,BPAT,WA,bldg,0.184057
35102,BATTLE GROUND 2,45.8824,-122.529,BPAT,WA,ind,0.050647
35102,BATTLE GROUND 2,45.8824,-122.529,BPAT,WA,road,0.001598
35103,VANCOUVER 14,45.575,-122.567,PGE,WA,bldg,0.11024
35103,VANCOUVER 14,45.575,-122.567,PGE,WA,ind,0.003135
35103,VANCOUVER 14,45.575,-122.567,PGE,WA,rail,7.5e-05
35103,VANCOUVER 14,45.575,-122.567,PGE,WA,road,0.001957
35104,VANCOUVER 15,45.6766,-122.574,BPAT,WA,bldg,0.165777
35104,VANCOUVER 15,45.6766,-122.574,BPAT,WA,ind,0.045617
35104,VANCOUVER 15,45.6766,-122.574,BPAT,WA,road,0.001439
35105,BELLINGHAM 1,48.8277,-122.544,PSEI,WA,bldg,0.233663
35105,BELLINGHAM 1,48.8277,-122.544,PSEI,WA,ind,0.042474
35105,BELLINGHAM 1,48.8277,-122.544,PSEI,WA,rail,0.000684
35105,BELLINGHAM 1,48.8277,-122.544,PSEI,WA,road,0.00337
35106,BELLINGHAM 2,48.7084,-122.609,PSEI,WA,bldg,0.23982
35106,BELLINGHAM 2,48.7084,-122.609,PSEI,WA,ind,0.043593
35106,BELLINGHAM 2,48.7084,-122.609,PSEI,WA,rail,0.000702
35106,BELLINGHAM 2,48.7084,-122.609,PSEI,WA,road,0.003459
35107,LAKEWOOD 4,47.241,-122.413,BPAT,WA,bldg,0.217705
35107,LAKEWOOD 4,47.241,-122.413,BPAT,WA,ind,0.059907
35107,LAKEWOOD 4,47.241,-122.413,BPAT,WA,road,0.00189
35108,LAKEWOOD 5,47.2147,-122.577,BPAT,WA,bldg,0.30494
35108,LAKEWOOD 5,47.2147,-122.577,BPAT,WA,ind,0.083911
35108,LAKEWOOD 5,47.2147,-122.577,BPAT,WA,road,0.002647
35109,CAMANO ISLAND,48.209,-122.608,PSEI,WA,bldg,0.158516
35109,CAMANO ISLAND,48.209,-122.608,PSEI,WA,ind,0.028814
35109,CAMANO ISLAND,48.209,-122.608,PSEI,WA,rail,0.000464
35109,CAMANO ISLAND,48.209,-122.608,PSEI,WA,road,0.002286
35110,YELM,46.8447,-122.451,PSEI,WA,bldg,0.218187
35110,YELM,46.8447,-122.451,PSEI,WA,ind,0.039661
35110,YELM,46.8447,-122.451,PSEI,WA,rail,0.000638
35110,YELM,46.8447,-122.451,PSEI,WA,road,0.003147
35111,VANCOUVER 16,45.7632,-122.514,BPAT,WA,bldg,0.284374
35111,VANCOUVER 16,45.7632,-122.514,BPAT,WA,ind,0.078253
35111,VANCOUVER 16,45.7632,-122.514,BPAT,WA,road,0.002468
35112,VANCOUVER 17,45.7218,-122.566,BPAT,WA,bldg,0.284374
35112,VANCOUVER 17,45.7218,-122.566,BPAT,WA,ind,0.078253
35112,VANCOUVER 17,45.7218,-122.566,BPAT,WA,road,0.002468
35113,TACOMA 6,47.1245,-122.557,PSEI,WA,bldg,0.232651
35113,TACOMA 6,47.1245,-122.557,PSEI,WA,ind,0.042289
35113,TACOMA 6,47.1245,-122.557,PSEI,WA,rail,0.000681
35113,TACOMA 6,47.1245,-122.557,PSEI,WA,road,0.003356
35114,VASHON,47.4255,-122.48,PSEI,WA,bldg,0.107575
35114,VASHON,47.4255,-122.48,PSEI,WA,ind,0.019554
35114,VASHON,47.4255,-122.48,PSEI,WA,rail,0.000315
35114,VASHON,47.4255,-122.48,PSEI,WA,road,0.001552
35115,TACOMA 7,47.2126,-122.441,BPAT,WA,bldg,0.259777
35115,TACOMA 7,47.2126,-122.441,BPAT,WA,ind,0.071484
35115,TACOMA 7,47.2126,-122.441,BPAT,WA,road,0.002255
35116,LYNDEN,49.0235,-122.465,PSEI,WA,bldg,0.191198
35116,LYNDEN,49.0235,-122.465,PSEI,WA,ind,0.034755
35116,LYNDEN,49.0235,-122.465,PSEI,WA,rail,0.000559
35116,LYNDEN,49.0235,-122.465,PSEI,WA,road,0.002758
35117,BRUSH PRAIRIE,45.6699,-122.371,BPAT,WA,bldg,0.097047
35117,BRUSH PRAIRIE,45.6699,-122.371,BPAT,WA,ind,0.026705
35117,BRUSH PRAIRIE,45.6699,-122.371,BPAT,WA,road,0.000842
35118,LANGLEY,48.012,-122.507,PSEI,WA,bldg,0.053429
35118,LANGLEY,48.012,-122.507,PSEI,WA,ind,0.009712
35118,LANGLEY,48.012,-122.507,PSEI,WA,rail,0.000156
35118,LANGLEY,48.012,-122.507,PSEI,WA,road,0.000771
35119,TACOMA 8,47.2028,-122.354,PSEI,WA,bldg,0.171842
35119,TACOMA 8,47.2028,-122.354,PSEI,WA,ind,0.031236
35119,TACOMA 8,47.2028,-122.354,PSEI,WA,rail,0.000503
35119,TACOMA 8,47.2028,-122.354,PSEI,WA,road,0.002479
35120,TACOMA 9,47.2014,-122.491,BPAT,WA,bldg,0.182578
35120,TACOMA 9,47.2014,-122.491,BPAT,WA,ind,0.050241
35120,TACOMA 9,47.2014,-122.491,BPAT,WA,road,0.001585
35121,TACOMA 10,47.3067,-122.518,BPAT,WA,bldg,0.108293
35121,TACOMA 10,47.3067,-122.518,BPAT,WA,ind,0.029799
35121,TACOMA 10,47.3067,-122.518,BPAT,WA,road,0.00094
35122,TACOMA 11,47.1904,-122.422,BPAT,WA,bldg,0.364664
35122,TACOMA 11,47.1904,-122.422,BPAT,WA,ind,0.100346
35122,TACOMA 11,47.1904,-122.422,BPAT,WA,road,0.003165
35123,BELLINGHAM 3,48.8083,-122.452,PSEI,WA,bldg,0.208656
35123,BELLINGHAM 3,48.8083,-122.452,PSEI,WA,ind,0.037928
35123,BELLINGHAM 3,48.8083,-122.452,PSEI,WA,rail,0.00061
35123,BELLINGHAM 3,48.8083,-122.452,PSEI,WA,road,0.00301
35124,BELLINGHAM 4,48.759,-122.436,PSEI,WA,bldg,0.208656
35124,BELLINGHAM 4,48.759,-122.436,PSEI,WA,ind,0.037928
35124,BELLINGHAM 4,48.759,-122.436,PSEI,WA,rail,0.00061
35124,BELLINGHAM 4,48.759,-122.436,PSEI,WA,road,0.00301
35125,MOSSYROCK,46.4722,-122.371,BPAT,WA,bldg,0.056095
35125,MOSSYROCK,46.4722,-122.371,BPAT,WA,ind,0.015436
35125,MOSSYROCK,46.4722,-122.371,BPAT,WA,road,0.000487
35126,BELLINGHAM 5,48.6497,-122.474,PSEI,WA,bldg,0.153456
35126,BELLINGHAM 5,48.6497,-122.474,PSEI,WA,ind,0.027894
35126,BELLINGHAM 5,48.6497,-122.474,PSEI,WA,rail,0.000449
35126,BELLINGHAM 5,48.6497,-122.474,PSEI,WA,road,0.002213
35127,BELLINGHAM 6,48.7025,-122.479,PSEI,WA,bldg,0.153456
35127,BELLINGHAM 6,48.7025,-122.479,PSEI,WA,ind,0.027894
35127,BELLINGHAM 6,48.7025,-122.479,PSEI,WA,rail,0.000449
35127,BELLINGHAM 6,48.7025,-122.479,PSEI,WA,road,0.002213
35128,CLINTON 1,47.9174,-122.546,PSEI,WA,bldg,0.129335
35128,CLINTON 1,47.9174,-122.546,PSEI,WA,ind,0.02351
35128,CLINTON 1,47.9174,-122.546,PSEI,WA,rail,0.000378
35128,CLINTON 1,47.9174,-122.546,PSEI,WA,road,0.001866
35129,TACOMA 12,47.2202,-122.495,BPAT,WA,bldg,0.172497
35129,TACOMA 12,47.2202,-122.495,BPAT,WA,ind,0.047467
35129,TACOMA 12,47.2202,-122.495,BPAT,WA,road,0.001497
35130,TACOMA 13,47.1365,-122.331,BPAT,WA,bldg,0.172497
35130,TACOMA 13,47.1365,-122.331,BPAT,WA,ind,0.047467
35130,TACOMA 13,47.1365,-122.331,BPAT,WA,road,0.001497
35131,BOW,48.6364,-122.354,PSEI,WA,bldg,0.039682
35131,BOW,48.6364,-122.354,PSEI,WA,ind,0.007213
35131,BOW,48.6364,-122.354,PSEI,WA,rail,0.000116
35131,BOW,48.6364,-122.354,PSEI,WA,road,0.000572
35132,TACOMA 14,47.1045,-122.429,BPAT,WA,bldg,0.159459
35132,TACOMA 14,47.1045,-122.429,BPAT,WA,ind,0.043879
35132,TACOMA 14,47.1045,-122.429,BPAT,WA,road,0.001384
35133,TACOMA 15,47.1903,-122.338,PSEI,WA,bldg,0.150082
35133,TACOMA 15,47.1903,-122.338,PSEI,WA,ind,0.027281
35133,TACOMA 15,47.1903,-122.338,PSEI,WA,rail,0.000439
35133,TACOMA 15,47.1903,-122.338,PSEI,WA,road,0.002165
35134,SEATTLE 1,47.6876,-122.504,BPAT,WA,bldg,0.211701
35134,SEATTLE 1,47.6876,-122.504,BPAT,WA,ind,0.058255
35134,SEATTLE 1,47.6876,-122.504,BPAT,WA,road,0.001837
35135,SEATTLE 2,47.6146,-122.326,BPAT,WA,bldg,0.239167
35135,SEATTLE 2,47.6146,-122.326,BPAT,WA,ind,0.065813
35135,SEATTLE 2,47.6146,-122.326,BPAT,WA,road,0.002076
35136,SEATTLE 3,47.5031,-122.327,BPAT,WA,bldg,0.158832
35136,SEATTLE 3,47.5031,-122.327,BPAT,WA,ind,0.043706
35136,SEATTLE 3,47.5031,-122.327,BPAT,WA,road,0.001379
35137,SPANAWAY 1,47.104,-122.398,BPAT,WA,bldg,0.232132
35137,SPANAWAY 1,47.104,-122.398,BPAT,WA,ind,0.063877
35137,SPANAWAY 1,47.104,-122.398,BPAT,WA,road,0.002015
35138,SPANAWAY 2,47.0282,-122.413,BPAT,WA,bldg,0.232132
35138,SPANAWAY 2,47.0282,-122.413,BPAT,WA,ind,0.063877
35138,SPANAWAY 2,47.0282,-122.413,BPAT,WA,road,0.002015
35139,TACOMA 16,47.3025,-122.311,PSEI,WA,bldg,0.203933
35139,TACOMA 16,47.3025,-122.311,PSEI,WA,ind,0.03707
35139,TACOMA 16,47.3025,-122.311,PSEI,WA,rail,0.000597
35139,TACOMA 16,47.3025,-122.311,PSEI,WA,road,0.002942
35140,SEATTLE 4,47.6998,-122.309,BPAT,WA,bldg,0.168644
35140,SEATTLE 4,47.6998,-122.309,BPAT,WA,ind,0.046407
35140,SEATTLE 4,47.6998,-122.309,BPAT,WA,road,0.001464
35141,SEATTLE 5,47.7826,-122.491,PSEI,WA,bldg,0.158727
35141,SEATTLE 5,47.7826,-122.491,PSEI,WA,ind,0.028852
35141,SEATTLE 5,47.7826,-122.491,PSEI,WA,rail,0.000464
35141,SEATTLE 5,47.7826,-122.491,PSEI,WA,road,0.00229
35142,CAMAS 1,45.6124,-122.329,BPAT,WA,bldg,0.150006
35142,CAMAS 1,45.6124,-122.329,BPAT,WA,ind,0.041278
35142,CAMAS 1,45.6124,-122.329,BPAT,WA,road,0.001302
35143,CAMAS 2,45.644,-122.344,BPAT,WA,bldg,0.150006
35143,CAMAS 2,45.644,-122.344,BPAT,WA,ind,0.041278
35143,CAMAS 2,45.644,-122.344,BPAT,WA,road,0.001302
35144,SEATTLE 6,47.5435,-122.32,BPAT,WA,bldg,0.224067
35144,SEATTLE 6,47.5435,-122.32,BPAT,WA,ind,0.061658
35144,SEATTLE 6,47.5435,-122.32,BPAT,WA,road,0.001945
35145,SEATTLE 7,47.6768,-122.282,BPAT,WA,bldg,0.227383
35145,SEATTLE 7,47.6768,-122.282,BPAT,WA,ind,0.06257
35145,SEATTLE 7,47.6768,-122.282,BPAT,WA,road,0.001974
35146,SEATTLE 8,47.6954,-122.385,BPAT,WA,bldg,0.204622
35146,SEATTLE 8,47.6954,-122.385,BPAT,WA,ind,0.056307
35146,SEATTLE 8,47.6954,-122.385,BPAT,WA,road,0.001776
35147,MOUNT VERNON 1,48.3831,-122.401,PSEI,WA,bldg,0.145317
35147,MOUNT VERNON 1,48.3831,-122.401,PSEI,WA,ind,0.026415
35147,MOUNT VERNON 1,48.3831,-122.401,PSEI,WA,rail,0.000425
35147,MOUNT VERNON 1,48.3831,-122.401,PSEI,WA,road,0.002096
35148,MOUNT VERNON 2,48.3917,-122.401,PSEI,WA,bldg,0.145317
35148,MOUNT VERNON 2,48.3917,-122.401,PSEI,WA,ind,0.026415
35148,MOUNT VERNON 2,48.3917,-122.401,PSEI,WA,rail,0.000425
35148,MOUNT VERNON 2,48.3917,-122.401,PSEI,WA,road,0.002096
35149,TACOMA 17,47.2016,-122.308,PSEI,WA,bldg,0.173571
35149,TACOMA 17,47.2016,-122.308,PSEI,WA,ind,0.031551
35149,TACOMA 17,47.2016,-122.308,PSEI,WA,rail,0.000508
35149,TACOMA 17,47.2016,-122.308,PSEI,WA,road,0.002504
35150,EDMONDS 1,47.8798,-122.514,PSEI,WA,bldg,0.185252
35150,EDMONDS 1,47.8798,-122.514,PSEI,WA,ind,0.033674
35150,EDMONDS 1,47.8798,-122.514,PSEI,WA,rail,0.000542
35150,EDMONDS 1,47.8798,-122.514,PSEI,WA,road,0.002672
35151,SEATTLE 9,47.7031,-122.337,BPAT,WA,bldg,0.226218
35151,SEATTLE 9,47.7031,-122.337,BPAT,WA,ind,0.062249
35151,SEATTLE 9,47.7031,-122.337,BPAT,WA,road,0.001963
35152,FEDERAL WAY 1,47.2992,-122.415,BPAT,WA,bldg,0.255431
35152,FEDERAL WAY 1,47.2992,-122.415,BPAT,WA,ind,0.070288
35152,FEDERAL WAY 1,47.2992,-122.415,BPAT,WA,road,0.002217
35153,FEDERAL WAY 2,47.2213,-122.426,BPAT,WA,bldg,0.255431
35153,FEDERAL WAY 2,47.2213,-122.426,BPAT,WA,ind,0.070288
35153,FEDERAL WAY 2,47.2213,-122.426,BPAT,WA,road,0.002217
35154,SEATTLE 10,47.4004,-122.328,PSEI,WA,bldg,0.13119
35154,SEATTLE 10,47.4004,-122.328,PSEI,WA,ind,0.023847
35154,SEATTLE 10,47.4004,-122.328,PSEI,WA,rail,0.000384
35154,SEATTLE 10,47.4004,-122.328,PSEI,WA,road,0.001892
35155,SEATTLE 11,47.4459,-122.341,PSEI,WA,bldg,0.13119
35155,SEATTLE 11,47.4459,-122.341,PSEI,WA,ind,0.023847
35155,SEATTLE 11,47.4459,-122.341,PSEI,WA,rail,0.000384
35155,SEATTLE 11,47.4459,-122.341,PSEI,WA,road,0.001892
35156,TACOMA 18,47.2861,-122.375,BPAT,WA,bldg,0.109054
35156,TACOMA 18,47.2861,-122.375,BPAT,WA,ind,0.030009
35156,TACOMA 18,47.2861,-122.375,BPAT,WA,road,0.000947
35157,SEATTLE 12,47.3627,-122.325,PSEI,WA,bldg,0.205451
35157,SEATTLE 12,47.3627,-122.325,PSEI,WA,ind,0.037346
35157,SEATTLE 12,47.3627,-122.325,PSEI,WA,rail,0.000601
35157,SEATTLE 12,47.3627,-122.325,PSEI,WA,road,0.002963
35158,SEATTLE 13,47.6889,-122.272,PSEI,WA,bldg,0.127817
35158,SEATTLE 13,47.6889,-122.272,PSEI,WA,ind,0.023234
35158,SEATTLE 13,47.6889,-122.272,PSEI,WA,rail,0.000374
35158,SEATTLE 13,47.6889,-122.272,PSEI,WA,road,0.001844
35159,SEATTLE 14,47.6404,-122.415,BPAT,WA,bldg,0.245977
35159,SEATTLE 14,47.6404,-122.415,BPAT,WA,ind,0.067687
35159,SEATTLE 14,47.6404,-122.415,BPAT,WA,road,0.002135
35160,BURLINGTON 1,48.4514,-122.416,PSEI,WA,bldg,0.150504
35160,BURLINGTON 1,48.4514,-122.416,PSEI,WA,ind,0.027358
35160,BURLINGTON 1,48.4514,-122.416,PSEI,WA,rail,0.00044
35160,BURLINGTON 1,48.4514,-122.416,PSEI,WA,road,0.002171
35161,SEATTLE 15,47.6603,-122.337,BPAT,WA,bldg,0.222768
35161,SEATTLE 15,47.6603,-122.337,BPAT,WA,ind,0.0613
35161,SEATTLE 15,47.6603,-122.337,BPAT,WA,road,0.001934
35162,YACOLT,45.7986,-122.311,BPAT,WA,bldg,0.10426
35162,YACOLT,45.7986,-122.311,BPAT,WA,ind,0.02869
35162,YACOLT,45.7986,-122.311,BPAT,WA,road,0.000905
35163,SEATTLE 16,47.8251,-122.313,PSEI,WA,bldg,0.225482
35163,SEATTLE 16,47.8251,-122.313,PSEI,WA,ind,0.040987
35163,SEATTLE 16,47.8251,-122.313,PSEI,WA,rail,0.00066
35163,SEATTLE 16,47.8251,-122.313,PSEI,WA,road,0.003252
35164,SEATTLE 17,47.72,-122.376,BPAT,WA,bldg,0.23957
35164,SEATTLE 17,47.72,-122.376,BPAT,WA,ind,0.065923
35164,SEATTLE 17,47.72,-122.376,BPAT,WA,road,0.002079
35165,SEATTLE 18,47.6366,-122.399,BPAT,WA,bldg,0.246828
35165,SEATTLE 18,47.6366,-122.399,BPAT,WA,ind,0.06792
35165,SEATTLE 18,47.6366,-122.399,BPAT,WA,road,0.002142
35166,SEATTLE 19,47.7292,-122.331,BPAT,WA,bldg,0.246828
35166,SEATTLE 19,47.7292,-122.331,BPAT,WA,ind,0.06792
35166,SEATTLE 19,47.7292,-122.331,BPAT,WA,road,0.002142
35167,SEATTLE 20,47.665,-122.241,PSEI,WA,bldg,0.103611
35167,SEATTLE 20,47.665,-122.241,PSEI,WA,ind,0.018834
35167,SEATTLE 20,47.665,-122.241,PSEI,WA,rail,0.000303
35167,SEATTLE 20,47.665,-122.241,PSEI,WA,road,0.001495
35168,EDMONDS 2,47.8822,-122.246,PSEI,WA,bldg,0.181794
35168,EDMONDS 2,47.8822,-122.246,PSEI,WA,ind,0.033045
35168,EDMONDS 2,47.8822,-122.246,PSEI,WA,rail,0.000532
35168,EDMONDS 2,47.8822,-122.246,PSEI,WA,road,0.002622
35169,EDMONDS 3,47.9219,-122.313,PSEI,WA,bldg,0.189427
35169,EDMONDS 3,47.9219,-122.313,PSEI,WA,ind,0.034433
35169,EDMONDS 3,47.9219,-122.313,PSEI,WA,rail,0.000554
35169,EDMONDS 3,47.9219,-122.313,PSEI,WA,road,0.002732
35170,EVERSON,48.906,-122.314,PSEI,WA,bldg,0.120732
35170,EVERSON,48.906,-122.314,PSEI,WA,ind,0.021946
35170,EVERSON,48.906,-122.314,PSEI,WA,rail,0.000353
35170,EVERSON,48.906,-122.314,PSEI,WA,road,0.001741
35171,SEATTLE 21,47.5328,-122.32,BPAT,WA,bldg,0.147721
35171,SEATTLE 21,47.5328,-122.32,BPAT,WA,ind,0.040649
35171,SEATTLE 21,47.5328,-122.32,BPAT,WA,road,0.001282
35172,SEATTLE 22,47.4956,-122.229,PSEI,WA,bldg,0.101292
35172,SEATTLE 22,47.4956,-122.229,PSEI,WA,ind,0.018412
35172,SEATTLE 22,47.4956,-122.229,PSEI,WA,rail,0.000296
35172,SEATTLE 22,47.4956,-122.229,PSEI,WA,road,0.001461
35173,PUYALLUP 1,47.1462,-122.344,PSEI,WA,bldg,0.225145
35173,PUYALLUP 1,47.1462,-122.344,PSEI,WA,ind,0.040925
35173,PUYALLUP 1,47.1462,-122.344,PSEI,WA,rail,0.000659
35173,PUYALLUP 1,47.1462,-122.344,PSEI,WA,road,0.003248
35174,PUYALLUP 2,47.2703,-122.268,PSEI,WA,bldg,0.207138
35174,PUYALLUP 2,47.2703,-122.268,PSEI,WA,ind,0.037652
35174,PUYALLUP 2,47.2703,-122.268,PSEI,WA,rail,0.000606
35174,PUYALLUP 2,47.2703,-122.268,PSEI,WA,road,0.002988
35175,PUYALLUP 3,47.0533,-122.224,PSEI,WA,bldg,0.135956
35175,PUYALLUP 3,47.0533,-122.224,PSEI,WA,ind,0.024713
35175,PUYALLUP 3,47.0533,-122.224,PSEI,WA,rail,0.000398
35175,PUYALLUP 3,47.0533,-122.224,PSEI,WA,road,0.001961
35176,PUYALLUP 4,47.1606,-122.399,BPAT,WA,bldg,0.14445
35176,PUYALLUP 4,47.1606,-122.399,BPAT,WA,ind,0.039749
35176,PUYALLUP 4,47.1606,-122.399,BPAT,WA,road,0.001254
35177,SEATTLE 23,47.713,-122.347,BPAT,WA,bldg,0.223171
35177,SEATTLE 23,47.713,-122.347,BPAT,WA,ind,0.061411
35177,SEATTLE 23,47.713,-122.347,BPAT,WA,road,0.001937
35178,FEDERAL WAY 3,47.3951,-122.271,PSEI,WA,bldg,0.223416
35178,FEDERAL WAY 3,47.3951,-122.271,PSEI,WA,ind,0.040611
35178,FEDERAL WAY 3,47.3951,-122.271,PSEI,WA,rail,0.000654
35178,FEDERAL WAY 3,47.3951,-122.271,PSEI,WA,road,0.003223
35179,FEDERAL WAY 4,47.2423,-122.343,BPAT,WA,bldg,0.237374
35179,FEDERAL WAY 4,47.2423,-122.343,BPAT,WA,ind,0.065319
35179,FEDERAL WAY 4,47.2423,-122.343,BPAT,WA,road,0.00206
35180,SEATTLE 24,47.3349,-122.263,PSEI,WA,bldg,0.239145
35180,SEATTLE 24,47.3349,-122.263,PSEI,WA,ind,0.04347
35180,SEATTLE 24,47.3349,-122.263,PSEI,WA,rail,0.0007
35180,SEATTLE 24,47.3349,-122.263,PSEI,WA,road,0.003449
35181,SEATTLE 25,47.313,-122.341,PSEI,WA,bldg,0.175005
35181,SEATTLE 25,47.313,-122.341,PSEI,WA,ind,0.031811
35181,SEATTLE 25,47.313,-122.341,PSEI,WA,rail,0.000512
35181,SEATTLE 25,47.313,-122.341,PSEI,WA,road,0.002524
35182,STANWOOD,48.2045,-122.317,BPAT,WA,bldg,0.226577
35182,STANWOOD,48.2045,-122.317,BPAT,WA,ind,0.062348
35182,STANWOOD,48.2045,-122.317,BPAT,WA,road,0.001967
35183,MOUNTLAKE TERRACE,47.8313,-122.236,PSEI,WA,bldg,0.201825
35183,MOUNTLAKE TERRACE,47.8313,-122.236,PSEI,WA,ind,0.036686
35183,MOUNTLAKE TERRACE,47.8313,-122.236,PSEI,WA,rail,0.00059
35183,MOUNTLAKE TERRACE,47.8313,-122.236,PSEI,WA,road,0.002911
35184,SEATTLE 26,47.5936,-122.296,BPAT,WA,bldg,0.272546
35184,SEATTLE 26,47.5936,-122.296,BPAT,WA,ind,0.074998
35184,SEATTLE 26,47.5936,-122.296,BPAT,WA,road,0.002366
35185,MUKILTEO,47.8987,-122.223,PSEI,WA,bldg,0.204988
35185,MUKILTEO,47.8987,-122.223,PSEI,WA,ind,0.037261
35185,MUKILTEO,47.8987,-122.223,PSEI,WA,rail,0.0006
35185,MUKILTEO,47.8987,-122.223,PSEI,WA,road,0.002957
35186,SEATTLE 27,47.6909,-122.296,BPAT,WA,bldg,0.176216
35186,SEATTLE 27,47.6909,-122.296,BPAT,WA,ind,0.04849
35186,SEATTLE 27,47.6909,-122.296,BPAT,WA,road,0.001529
35187,SEATTLE 28,47.7631,-122.316,BPAT,WA,bldg,0.176216
35187,SEATTLE 28,47.7631,-122.316,BPAT,WA,ind,0.04849
35187,SEATTLE 28,47.7631,-122.316,BPAT,WA,road,0.001529
35188,SEATTLE 29,47.421,-122.349,PSEI,WA,bldg,0.170704
35188,SEATTLE 29,47.421,-122.349,PSEI,WA,ind,0.03103
35188,SEATTLE 29,47.421,-122.349,PSEI,WA,rail,0.000499
35188,SEATTLE 29,47.421,-122.349,PSEI,WA,road,0.002462
35189,SEATTLE 30,47.4298,-122.298,PSEI,WA,bldg,0.170704
35189,SEATTLE 30,47.4298,-122.298,PSEI,WA,ind,0.03103
35189,SEATTLE 30,47.4298,-122.298,PSEI,WA,rail,0.000499
35189,SEATTLE 30,47.4298,-122.298,PSEI,WA,road,0.002462
35190,SEATTLE 31,47.7113,-122.307,BPAT,WA,bldg,0.19938
35190,SEATTLE 31,47.7113,-122.307,BPAT,WA,ind,0.054864
35190,SEATTLE 31,47.7113,-122.307,BPAT,WA,road,0.001731
35191,SEATTLE 32,47.6398,-122.263,BPAT,WA,bldg,0.19938
35191,SEATTLE 32,47.6398,-122.263,BPAT,WA,ind,0.054864
35191,SEATTLE 32,47.6398,-122.263,BPAT,WA,road,0.001731
35192,SEATTLE 33,47.7043,-122.268,PSEI,WA,bldg,0.159149
35192,SEATTLE 33,47.7043,-122.268,PSEI,WA,ind,0.028929
35192,SEATTLE 33,47.7043,-122.268,PSEI,WA,rail,0.000466
35192,SEATTLE 33,47.7043,-122.268,PSEI,WA,road,0.002296
35193,SEATTLE 34,47.6408,-122.339,BPAT,WA,bldg,0.169092
35193,SEATTLE 34,47.6408,-122.339,BPAT,WA,ind,0.04653
35193,SEATTLE 34,47.6408,-122.339,BPAT,WA,road,0.001468
35194,SEATTLE 35,47.6708,-122.366,BPAT,WA,bldg,0.144539
35194,SEATTLE 35,47.6708,-122.366,BPAT,WA,ind,0.039774
35194,SEATTLE 35,47.6708,-122.366,BPAT,WA,road,0.001255
35195,SEATTLE 36,47.6468,-122.286,BPAT,WA,bldg,0.144539
35195,SEATTLE 36,47.6468,-122.286,BPAT,WA,ind,0.039774
35195,SEATTLE 36,47.6468,-122.286,BPAT,WA,road,0.001255
35196,SEATTLE 37,47.6732,-122.337,BPAT,WA,bldg,0.226621
35196,SEATTLE 37,47.6732,-122.337,BPAT,WA,ind,0.062361
35196,SEATTLE 37,47.6732,-122.337,BPAT,WA,road,0.001967
35197,LYNNWOOD 1,47.9233,-122.377,BPAT,WA,bldg,0.144584
35197,LYNNWOOD 1,47.9233,-122.377,BPAT,WA,ind,0.02569
35197,LYNNWOOD 1,47.9233,-122.377,BPAT,WA,road,0.001255
35198,LYNNWOOD 2,47.815,-122.321,PSEI,WA,bldg,0.136082
35198,LYNNWOOD 2,47.815,-122.321,PSEI,WA,ind,0.024736
35198,LYNNWOOD 2,47.815,-122.321,PSEI,WA,rail,0.000398
35198,LYNNWOOD 2,47.815,-122.321,PSEI,WA,road,0.001963
35199,SEATTLE 38,47.653,-122.219,PSEI,WA,bldg,0.222277
35199,SEATTLE 38,47.653,-122.219,PSEI,WA,ind,0.040404
35199,SEATTLE 38,47.653,-122.219,PSEI,WA,rail,0.00065
35199,SEATTLE 38,47.653,-122.219,PSEI,WA,road,0.003206
35200,SEATTLE 39,47.6345,-122.263,BPAT,WA,bldg,0.236165
35200,SEATTLE 39,47.6345,-122.263,BPAT,WA,ind,0.064986
35200,SEATTLE 39,47.6345,-122.263,BPAT,WA,road,0.00205
35201,SEATTLE 40,47.7292,-122.322,BPAT,WA,bldg,0.248441
35201,SEATTLE 40,47.7292,-122.322,BPAT,WA,ind,0.068364
35201,SEATTLE 40,47.7292,-122.322,BPAT,WA,road,0.002156
35202,SEATTLE 41,47.625,-122.198,PSEI,WA,bldg,0.233832
35202,SEATTLE 41,47.625,-122.198,PSEI,WA,ind,0.042504
35202,SEATTLE 41,47.625,-122.198,PSEI,WA,rail,0.000684
35202,SEATTLE 41,47.625,-122.198,PSEI,WA,road,0.003373
35203,LYNNWOOD 3,47.8153,-122.367,PSEI,WA,bldg,0.182174
35203,LYNNWOOD 3,47.8153,-122.367,PSEI,WA,ind,0.033114
35203,LYNNWOOD 3,47.8153,-122.367,PSEI,WA,rail,0.000533
35203,LYNNWOOD 3,47.8153,-122.367,PSEI,WA,road,0.002628
35204,LYNNWOOD 4,47.8516,-122.336,BPAT,WA,bldg,0.193556
35204,LYNNWOOD 4,47.8516,-122.336,BPAT,WA,ind,0.053261
35204,LYNNWOOD 4,47.8516,-122.336,BPAT,WA,road,0.00168
35205,GRAHAM,47.0349,-122.184,BPAT,WA,bldg,0.390561
35205,GRAHAM,47.0349,-122.184,BPAT,WA,ind,0.107472
35205,GRAHAM,47.0349,-122.184,BPAT,WA,road,0.00339
35206,SEATTLE 42,47.5253,-122.244,PSEI,WA,bldg,0.233916
35206,SEATTLE 42,47.5253,-122.244,PSEI,WA,ind,0.04252
35206,SEATTLE 42,47.5253,-122.244,PSEI,WA,rail,0.000684
35206,SEATTLE 42,47.5253,-122.244,PSEI,WA,road,0.003374
35207,SEATTLE 43,47.4522,-122.208,PSEI,WA,bldg,0.216247
35207,SEATTLE 43,47.4522,-122.208,PSEI,WA,ind,0.039308
35207,SEATTLE 43,47.4522,-122.208,PSEI,WA,rail,0.000633
35207,SEATTLE 43,47.4522,-122.208,PSEI,WA,road,0.003119
35208,SEATTLE 44,47.507,-122.206,PSEI,WA,bldg,0.216247
35208,SEATTLE 44,47.507,-122.206,PSEI,WA,ind,0.039308
35208,SEATTLE 44,47.507,-122.206,PSEI,WA,rail,0.000633
35208,SEATTLE 44,47.507,-122.206,PSEI,WA,road,0.003119
35209,LYNNWOOD 5,47.8401,-122.23,PSEI,WA,bldg,0.151685
35209,LYNNWOOD 5,47.8401,-122.23,PSEI,WA,ind,0.027572
35209,LYNNWOOD 5,47.8401,-122.23,PSEI,WA,rail,0.000444
35209,LYNNWOOD 5,47.8401,-122.23,PSEI,WA,road,0.002188
35210,LYNNWOOD 6,47.8719,-122.262,PSEI,WA,bldg,0.151685
35210,LYNNWOOD 6,47.8719,-122.262,PSEI,WA,ind,0.027572
35210,LYNNWOOD 6,47.8719,-122.262,PSEI,WA,rail,0.000444
35210,LYNNWOOD 6,47.8719,-122.262,PSEI,WA,road,0.002188
35211,PUYALLUP 5,47.1506,-122.347,BPAT,WA,bldg,0.241676
35211,PUYALLUP 5,47.1506,-122.347,BPAT,WA,ind,0.066503
35211,PUYALLUP 5,47.1506,-122.347,BPAT,WA,road,0.002098
35212,AUBURN 1,47.368,-122.276,PSEI,WA,bldg,0.161468
35212,AUBURN 1,47.368,-122.276,PSEI,WA,ind,0.029351
35212,AUBURN 1,47.368,-122.276,PSEI,WA,rail,0.000472
35212,AUBURN 1,47.368,-122.276,PSEI,WA,road,0.002329
35213,AUBURN 2,47.2525,-122.333,BPAT,WA,bldg,0.171557
35213,AUBURN 2,47.2525,-122.333,BPAT,WA,ind,0.047208
35213,AUBURN 2,47.2525,-122.333,BPAT,WA,road,0.001489
35214,PUYALLUP 6,47.1096,-122.356,BPAT,WA,bldg,0.200859
35214,PUYALLUP 6,47.1096,-122.356,BPAT,WA,ind,0.055271
35214,PUYALLUP 6,47.1096,-122.356,BPAT,WA,road,0.001743
35215,PUYALLUP 7,47.2232,-122.322,PSEI,WA,bldg,0.189047
35215,PUYALLUP 7,47.2232,-122.322,PSEI,WA,ind,0.034364
35215,PUYALLUP 7,47.2232,-122.322,PSEI,WA,rail,0.000553
35215,PUYALLUP 7,47.2232,-122.322,PSEI,WA,road,0.002727
35216,EVERETT 1,47.8443,-122.275,PSEI,WA,bldg,0.199295
35216,EVERETT 1,47.8443,-122.275,PSEI,WA,ind,0.036226
35216,EVERETT 1,47.8443,-122.275,PSEI,WA,rail,0.000583
35216,EVERETT 1,47.8443,-122.275,PSEI,WA,road,0.002875
35217,EVERETT 2,47.9909,-122.175,PSEI,WA,bldg,0.199295
35217,EVERETT 2,47.9909,-122.175,PSEI,WA,ind,0.036226
35217,EVERETT 2,47.9909,-122.175,PSEI,WA,rail,0.000583
35217,EVERETT 2,47.9909,-122.175,PSEI,WA,road,0.002875
35218,KENT 1,47.3465,-122.284,PSEI,WA,bldg,0.171294
35218,KENT 1,47.3465,-122.284,PSEI,WA,ind,0.031137
35218,KENT 1,47.3465,-122.284,PSEI,WA,rail,0.000501
35218,KENT 1,47.3465,-122.284,PSEI,WA,road,0.002471
35219,KENT 2,47.4797,-122.334,BPAT,WA,bldg,0.181996
35219,KENT 2,47.4797,-122.334,BPAT,WA,ind,0.050081
35219,KENT 2,47.4797,-122.334,BPAT,WA,road,0.00158
35220,KENMORE,47.7533,-122.29,BPAT,WA,bldg,0.219587
35220,KENMORE,47.7533,-122.29,BPAT,WA,ind,0.060425
35220,KENMORE,47.7533,-122.29,BPAT,WA,road,0.001906
35221,SEATTLE 45,47.5762,-122.154,PSEI,WA,bldg,0.243826
35221,SEATTLE 45,47.5762,-122.154,PSEI,WA,ind,0.044321
35221,SEATTLE 45,47.5762,-122.154,PSEI,WA,rail,0.000713
35221,SEATTLE 45,47.5762,-122.154,PSEI,WA,road,0.003517
35222,WASHOUGAL,45.6682,-122.212,BPAT,WA,bldg,0.228189
35222,WASHOUGAL,45.6682,-122.212,BPAT,WA,ind,0.062792
35222,WASHOUGAL,45.6682,-122.212,BPAT,WA,road,0.001981
35223,MARYSVILLE 1,48.1583,-122.276,BPAT,WA,bldg,0.146152
35223,MARYSVILLE 1,48.1583,-122.276,BPAT,WA,ind,0.040217
35223,MARYSVILLE 1,48.1583,-122.276,BPAT,WA,road,0.001269
35224,MARYSVILLE 2,48.0128,-122.197,PSEI,WA,bldg,0.137558
35224,MARYSVILLE 2,48.0128,-122.197,PSEI,WA,ind,0.025004
35224,MARYSVILLE 2,48.0128,-122.197,PSEI,WA,rail,0.000402
35224,MARYSVILLE 2,48.0128,-122.197,PSEI,WA,road,0.001984
35225,MERCER ISLAND,47.6218,-122.269,BPAT,WA,bldg,0.244095
35225,MERCER ISLAND,47.6218,-122.269,BPAT,WA,ind,0.067169
35225,MERCER ISLAND,47.6218,-122.269,BPAT,WA,road,0.002119
35226,EVERETT 3,47.8893,-122.252,PSEI,WA,bldg,0.173824
35226,EVERETT 3,47.8893,-122.252,PSEI,WA,ind,0.031597
35226,EVERETT 3,47.8893,-122.252,PSEI,WA,rail,0.000509
35226,EVERETT 3,47.8893,-122.252,PSEI,WA,road,0.002507
35227,EVERETT 4,47.9502,-122.295,PSEI,WA,bldg,0.173824
35227,EVERETT 4,47.9502,-122.295,PSEI,WA,ind,0.031597
35227,EVERETT 4,47.9502,-122.295,PSEI,WA,rail,0.000509
35227,EVERETT 4,47.9502,-122.295,PSEI,WA,road,0.002507
35228,SUMNER,47.2663,-122.163,PSEI,WA,bldg,0.105888
35228,SUMNER,47.2663,-122.163,PSEI,WA,ind,0.019247
35228,SUMNER,47.2663,-122.163,PSEI,WA,rail,0.00031
35228,SUMNER,47.2663,-122.163,PSEI,WA,road,0.001527
35229,RENTON 1,47.5072,-122.157,PSEI,WA,bldg,0.107407
35229,RENTON 1,47.5072,-122.157,PSEI,WA,ind,0.019523
35229,RENTON 1,47.5072,-122.157,PSEI,WA,rail,0.000314
35229,RENTON 1,47.5072,-122.157,PSEI,WA,road,0.001549
35230,AUBURN 3,47.3545,-122.26,PSEI,WA,bldg,0.160161
35230,AUBURN 3,47.3545,-122.26,PSEI,WA,ind,0.029113
35230,AUBURN 3,47.3545,-122.26,PSEI,WA,rail,0.000469
35230,AUBURN 3,47.3545,-122.26,PSEI,WA,road,0.00231
35231,AUBURN 4,47.3152,-122.129,PSEI,WA,bldg,0.160161
35231,AUBURN 4,47.3152,-122.129,PSEI,WA,ind,0.029113
35231,AUBURN 4,47.3152,-122.129,PSEI,WA,rail,0.000469
35231,AUBURN 4,47.3152,-122.129,PSEI,WA,road,0.00231
35232,KIRKLAND 1,47.8022,-122.219,PSEI,WA,bldg,0.204482
35232,KIRKLAND 1,47.8022,-122.219,PSEI,WA,ind,0.037169
35232,KIRKLAND 1,47.8022,-122.219,PSEI,WA,rail,0.000598
35232,KIRKLAND 1,47.8022,-122.219,PSEI,WA,road,0.002949
35233,KIRKLAND 2,47.7388,-122.216,PSEI,WA,bldg,0.204482
35233,KIRKLAND 2,47.7388,-122.216,PSEI,WA,ind,0.037169
35233,KIRKLAND 2,47.7388,-122.216,PSEI,WA,rail,0.000598
35233,KIRKLAND 2,47.7388,-122.216,PSEI,WA,road,0.002949
35234,EVERETT 5,48.0627,-122.286,BPAT,WA,bldg,0.159056
35234,EVERETT 5,48.0627,-122.286,BPAT,WA,ind,0.043768
35234,EVERETT 5,48.0627,-122.286,BPAT,WA,road,0.001381
35235,EVERETT 6,47.958,-122.191,PSEI,WA,bldg,0.149703
35235,EVERETT 6,47.958,-122.191,PSEI,WA,ind,0.027212
35235,EVERETT 6,47.958,-122.191,PSEI,WA,rail,0.000438
35235,EVERETT 6,47.958,-122.191,PSEI,WA,road,0.002159
35236,BOTHELL 1,47.8138,-122.287,PSEI,WA,bldg,0.135239
35236,BOTHELL 1,47.8138,-122.287,PSEI,WA,ind,0.024583
35236,BOTHELL 1,47.8138,-122.287,PSEI,WA,rail,0.000396
35236,BOTHELL 1,47.8138,-122.287,PSEI,WA,road,0.001951
35237,BOTHELL 2,47.8688,-122.23,PSEI,WA,bldg,0.135239
35237,BOTHELL 2,47.8688,-122.23,PSEI,WA,ind,0.024583
35237,BOTHELL 2,47.8688,-122.23,PSEI,WA,rail,0.000396
35237,BOTHELL 2,47.8688,-122.23,PSEI,WA,road,0.001951
35238,BELLEVUE 1,47.5984,-122.191,PSEI,WA,bldg,0.141438
35238,BELLEVUE 1,47.5984,-122.191,PSEI,WA,ind,0.02571
35238,BELLEVUE 1,47.5984,-122.191,PSEI,WA,rail,0.000414
35238,BELLEVUE 1,47.5984,-122.191,PSEI,WA,road,0.00204
35239,BELLEVUE 2,47.537,-122.259,PSEI,WA,bldg,0.141438
35239,BELLEVUE 2,47.537,-122.259,PSEI,WA,ind,0.02571
35239,BELLEVUE 2,47.537,-122.259,PSEI,WA,rail,0.000414
35239,BELLEVUE 2,47.537,-122.259,PSEI,WA,road,0.00204
35240,BOTHELL 3,47.7109,-122.228,PSEI,WA,bldg,0.147805
35240,BOTHELL 3,47.7109,-122.228,PSEI,WA,ind,0.026867
35240,BOTHELL 3,47.7109,-122.228,PSEI,WA,rail,0.000432
35240,BOTHELL 3,47.7109,-122.228,PSEI,WA,road,0.002132
35241,BOTHELL 4,47.7242,-122.24,PSEI,WA,bldg,0.147805
35241,BOTHELL 4,47.7242,-122.24,PSEI,WA,ind,0.026867
35241,BOTHELL 4,47.7242,-122.24,PSEI,WA,rail,0.000432
35241,BOTHELL 4,47.7242,-122.24,PSEI,WA,road,0.002132
35242,RENTON 2,47.4854,-122.17,PSEI,WA,bldg,0.221687
35242,RENTON 2,47.4854,-122.17,PSEI,WA,ind,0.040297
35242,RENTON 2,47.4854,-122.17,PSEI,WA,rail,0.000649
35242,RENTON 2,47.4854,-122.17,PSEI,WA,road,0.003198
35243,BOTHELL 5,47.8217,-122.188,PSEI,WA,bldg,0.258754
35243,BOTHELL 5,47.8217,-122.188,PSEI,WA,ind,0.047034
35243,BOTHELL 5,47.8217,-122.188,PSEI,WA,rail,0.000757
35243,BOTHELL 5,47.8217,-122.188,PSEI,WA,road,0.003732
35244,BOTHELL 6,47.782,-122.104,PSEI,WA,bldg,0.258754
35244,BOTHELL 6,47.782,-122.104,PSEI,WA,ind,0.047034
35244,BOTHELL 6,47.782,-122.104,PSEI,WA,rail,0.000757
35244,BOTHELL 6,47.782,-122.104,PSEI,WA,road,0.003732
35245,KENT 3,47.3594,-122.271,PSEI,WA,bldg,0.170872
35245,KENT 3,47.3594,-122.271,PSEI,WA,ind,0.03106
35245,KENT 3,47.3594,-122.271,PSEI,WA,rail,0.0005
35245,KENT 3,47.3594,-122.271,PSEI,WA,road,0.002465
35246,KENT 4,47.349,-122.238,PSEI,WA,bldg,0.170872
35246,KENT 4,47.349,-122.238,PSEI,WA,ind,0.03106
35246,KENT 4,47.349,-122.238,PSEI,WA,rail,0.0005
35246,KENT 4,47.349,-122.238,PSEI,WA,road,0.002465
35247,KENT 5,47.3235,-122.223,PSEI,WA,bldg,0.185126
35247,KENT 5,47.3235,-122.223,PSEI,WA,ind,0.033651
35247,KENT 5,47.3235,-122.223,PSEI,WA,rail,0.000542
35247,KENT 5,47.3235,-122.223,PSEI,WA,road,0.00267
35248,KENT 6,47.3765,-122.219,PSEI,WA,bldg,0.185126
35248,KENT 6,47.3765,-122.219,PSEI,WA,ind,0.033651
35248,KENT 6,47.3765,-122.219,PSEI,WA,rail,0.000542
35248,KENT 6,47.3765,-122.219,PSEI,WA,road,0.00267
35249,KIRKLAND 3,47.7263,-122.156,PSEI,WA,bldg,0.173782
35249,KIRKLAND 3,47.7263,-122.156,PSEI,WA,ind,0.031589
35249,KIRKLAND 3,47.7263,-122.156,PSEI,WA,rail,0.000508
35249,KIRKLAND 3,47.7263,-122.156,PSEI,WA,road,0.002507
35250,KIRKLAND 4,47.7358,-122.095,PSEI,WA,bldg,0.173782
35250,KIRKLAND 4,47.7358,-122.095,PSEI,WA,ind,0.031589
35250,KIRKLAND 4,47.7358,-122.095,PSEI,WA,rail,0.000508
35250,KIRKLAND 4,47.7358,-122.095,PSEI,WA,road,0.002507
35251,RENTON 3,47.4739,-122.246,BPAT,WA,bldg,0.174693
35251,RENTON 3,47.4739,-122.246,BPAT,WA,ind,0.048071
35251,RENTON 3,47.4739,-122.246,BPAT,WA,road,0.001516
35252,RENTON 4,47.4626,-122.113,PSEI,WA,bldg,0.16442
35252,RENTON 4,47.4626,-122.113,PSEI,WA,ind,0.029887
35252,RENTON 4,47.4626,-122.113,PSEI,WA,rail,0.000481
35252,RENTON 4,47.4626,-122.113,PSEI,WA,road,0.002372
35253,EVERETT 7,47.8353,-122.089,PSEI,WA,bldg,0.262128
35253,EVERETT 7,47.8353,-122.089,PSEI,WA,ind,0.047648
35253,EVERETT 7,47.8353,-122.089,PSEI,WA,rail,0.000767
35253,EVERETT 7,47.8353,-122.089,PSEI,WA,road,0.003781
35254,EVERETT 8,47.8077,-122.202,PSEI,WA,bldg,0.262128
35254,EVERETT 8,47.8077,-122.202,PSEI,WA,ind,0.047648
35254,EVERETT 8,47.8077,-122.202,PSEI,WA,rail,0.000767
35254,EVERETT 8,47.8077,-122.202,PSEI,WA,road,0.003781
35255,BELLEVUE 3,47.6034,-122.206,PSEI,WA,bldg,0.179264
35255,BELLEVUE 3,47.6034,-122.206,PSEI,WA,ind,0.032585
35255,BELLEVUE 3,47.6034,-122.206,PSEI,WA,rail,0.000524
35255,BELLEVUE 3,47.6034,-122.206,PSEI,WA,road,0.002586
35256,BONNEY LAKE 1,47.145,-122.084,PSEI,WA,bldg,0.230922
35256,BONNEY LAKE 1,47.145,-122.084,PSEI,WA,ind,0.041975
35256,BONNEY LAKE 1,47.145,-122.084,PSEI,WA,rail,0.000676
35256,BONNEY LAKE 1,47.145,-122.084,PSEI,WA,road,0.003331
35257,BONNEY LAKE 2,47.116,-122.078,PSEI,WA,bldg,0.224217
35257,BONNEY LAKE 2,47.116,-122.078,PSEI,WA,ind,0.040757
35257,BONNEY LAKE 2,47.116,-122.078,PSEI,WA,rail,0.000656
35257,BONNEY LAKE 2,47.116,-122.078,PSEI,WA,road,0.003234
35258,EATONVILLE,46.8799,-122.16,BPAT,WA,bldg,0.128723
35258,EATONVILLE,46.8799,-122.16,BPAT,WA,ind,0.035421
35258,EATONVILLE,46.8799,-122.16,BPAT,WA,road,0.001117
35259,BELLEVUE 4,47.5212,-122.242,PSEI,WA,bldg,0.184029
35259,BELLEVUE 4,47.5212,-122.242,PSEI,WA,ind,0.033452
35259,BELLEVUE 4,47.5212,-122.242,PSEI,WA,rail,0.000538
35259,BELLEVUE 4,47.5212,-122.242,PSEI,WA,road,0.002654
35260,BELLEVUE 5,47.5196,-122.234,PSEI,WA,bldg,0.184029
35260,BELLEVUE 5,47.5196,-122.234,PSEI,WA,ind,0.033452
35260,BELLEVUE 5,47.5196,-122.234,PSEI,WA,rail,0.000538
35260,BELLEVUE 5,47.5196,-122.234,PSEI,WA,road,0.002654
35261,EVERETT 9,48.0135,-122.172,PSEI,WA,bldg,0.124317
35261,EVERETT 9,48.0135,-122.172,PSEI,WA,ind,0.022597
35261,EVERETT 9,48.0135,-122.172,PSEI,WA,rail,0.000364
35261,EVERETT 9,48.0135,-122.172,PSEI,WA,road,0.001793
35262,MARYSVILLE 3,48.0409,-122.104,PSEI,WA,bldg,0.232271
35262,MARYSVILLE 3,48.0409,-122.104,PSEI,WA,ind,0.042221
35262,MARYSVILLE 3,48.0409,-122.104,PSEI,WA,rail,0.00068
35262,MARYSVILLE 3,48.0409,-122.104,PSEI,WA,road,0.00335
35263,MARYSVILLE 4,48.0427,-122.17,PSEI,WA,bldg,0.232271
35263,MARYSVILLE 4,48.0427,-122.17,PSEI,WA,ind,0.042221
35263,MARYSVILLE 4,48.0427,-122.17,PSEI,WA,rail,0.00068
35263,MARYSVILLE 4,48.0427,-122.17,PSEI,WA,road,0.00335
35264,MOUNT VERNON 3,48.3909,-122.136,PSEI,WA,bldg,0.169944
35264,MOUNT VERNON 3,48.3909,-122.136,PSEI,WA,ind,0.030891
35264,MOUNT VERNON 3,48.3909,-122.136,PSEI,WA,rail,0.000497
35264,MOUNT VERNON 3,48.3909,-122.136,PSEI,WA,road,0.002451
35265,BELLEVUE 6,47.6734,-122.157,PSEI,WA,bldg,0.25188
35265,BELLEVUE 6,47.6734,-122.157,PSEI,WA,ind,0.045785
35265,BELLEVUE 6,47.6734,-122.157,PSEI,WA,rail,0.000737
35265,BELLEVUE 6,47.6734,-122.157,PSEI,WA,road,0.003633
35266,WOODINVILLE 1,47.8101,-122.194,PSEI,WA,bldg,0.225819
35266,WOODINVILLE 1,47.8101,-122.194,PSEI,WA,ind,0.041048
35266,WOODINVILLE 1,47.8101,-122.194,PSEI,WA,rail,0.000661
35266,WOODINVILLE 1,47.8101,-122.194,PSEI,WA,road,0.003257
35267,AUBURN 5,47.3361,-122.095,PSEI,WA,bldg,0.201487
35267,AUBURN 5,47.3361,-122.095,PSEI,WA,ind,0.036625
35267,AUBURN 5,47.3361,-122.095,PSEI,WA,rail,0.000589
35267,AUBURN 5,47.3361,-122.095,PSEI,WA,road,0.002906
35268,AUBURN 6,47.3826,-122.052,PSEI,WA,bldg,0.201487
35268,AUBURN 6,47.3826,-122.052,PSEI,WA,ind,0.036625
35268,AUBURN 6,47.3826,-122.052,PSEI,WA,rail,0.000589
35268,AUBURN 6,47.3826,-122.052,PSEI,WA,road,0.002906
35269,RENTON 5,47.486,-122.14,PSEI,WA,bldg,0.212241
35269,RENTON 5,47.486,-122.14,PSEI,WA,ind,0.03858
35269,RENTON 5,47.486,-122.14,PSEI,WA,rail,0.000621
35269,RENTON 5,47.486,-122.14,PSEI,WA,road,0.003061
35270,RENTON 6,47.5182,-122.211,PSEI,WA,bldg,0.212241
35270,RENTON 6,47.5182,-122.211,PSEI,WA,ind,0.03858
35270,RENTON 6,47.5182,-122.211,PSEI,WA,rail,0.000621
35270,RENTON 6,47.5182,-122.211,PSEI,WA,road,0.003061
35271,SEDRO WOOLLEY,48.5591,-122.061,PSEI,WA,bldg,0.248718
35271,SEDRO WOOLLEY,48.5591,-122.061,PSEI,WA,ind,0.04521
35271,SEDRO WOOLLEY,48.5591,-122.061,PSEI,WA,rail,0.000728
35271,SEDRO WOOLLEY,48.5591,-122.061,PSEI,WA,road,0.003588
35272,MAPLE FALLS,48.8663,-122.063,PSEI,WA,bldg,0.073629
35272,MAPLE FALLS,48.8663,-122.063,PSEI,WA,ind,0.013384
35272,MAPLE FALLS,48.8663,-122.063,PSEI,WA,rail,0.000215
35272,MAPLE FALLS,48.8663,-122.063,PSEI,WA,road,0.001062
35273,REDMOND 1,47.6987,-122.162,PSEI,WA,bldg,0.295737
35273,REDMOND 1,47.6987,-122.162,PSEI,WA,ind,0.053757
35273,REDMOND 1,47.6987,-122.162,PSEI,WA,rail,0.000865
35273,REDMOND 1,47.6987,-122.162,PSEI,WA,road,0.004266
35274,REDMOND 2,47.73,-122.177,PSEI,WA,bldg,0.295737
35274,REDMOND 2,47.73,-122.177,PSEI,WA,ind,0.053757
35274,REDMOND 2,47.73,-122.177,PSEI,WA,rail,0.000865
35274,REDMOND 2,47.73,-122.177,PSEI,WA,road,0.004266
35275,KENT 7,47.4375,-122.167,PSEI,WA,bldg,0.221012
35275,KENT 7,47.4375,-122.167,PSEI,WA,ind,0.040174
35275,KENT 7,47.4375,-122.167,PSEI,WA,rail,0.000647
35275,KENT 7,47.4375,-122.167,PSEI,WA,road,0.003188
35276,KENT 8,47.352,-122.053,PSEI,WA,bldg,0.271869
35276,KENT 8,47.352,-122.053,PSEI,WA,ind,0.049419
35276,KENT 8,47.352,-122.053,PSEI,WA,rail,0.000795
35276,KENT 8,47.352,-122.053,PSEI,WA,road,0.003921
35277,RENTON 7,47.5654,-122.136,PSEI,WA,bldg,0.174414
35277,RENTON 7,47.5654,-122.136,PSEI,WA,ind,0.031704
35277,RENTON 7,47.5654,-122.136,PSEI,WA,rail,0.00051
35277,RENTON 7,47.5654,-122.136,PSEI,WA,road,0.002516
35278,RENTON 8,47.5841,-122.044,PSEI,WA,bldg,0.177662
35278,RENTON 8,47.5841,-122.044,PSEI,WA,ind,0.032294
35278,RENTON 8,47.5841,-122.044,PSEI,WA,rail,0.00052
35278,RENTON 8,47.5841,-122.044,PSEI,WA,road,0.002563
35279,SNOHOMISH 1,47.7753,-122.023,PSEI,WA,bldg,0.14148
35279,SNOHOMISH 1,47.7753,-122.023,PSEI,WA,ind,0.025717
35279,SNOHOMISH 1,47.7753,-122.023,PSEI,WA,rail,0.000414
35279,SNOHOMISH 1,47.7753,-122.023,PSEI,WA,road,0.002041
35280,SNOHOMISH 2,47.7964,-122.179,PSEI,WA,bldg,0.14148
35280,SNOHOMISH 2,47.7964,-122.179,PSEI,WA,ind,0.025717
35280,SNOHOMISH 2,47.7964,-122.179,PSEI,WA,rail,0.000414
35280,SNOHOMISH 2,47.7964,-122.179,PSEI,WA,road,0.002041
35281,BELLEVUE 7,47.5722,-122.102,PSEI,WA,bldg,0.247073
35281,BELLEVUE 7,47.5722,-122.102,PSEI,WA,ind,0.044912
35281,BELLEVUE 7,47.5722,-122.102,PSEI,WA,rail,0.000723
35281,BELLEVUE 7,47.5722,-122.102,PSEI,WA,road,0.003564
35282,LAKE STEVENS 1,48.0716,-121.985,PSEI,WA,bldg,0.154468
35282,LAKE STEVENS 1,48.0716,-121.985,PSEI,WA,ind,0.028078
35282,LAKE STEVENS 1,48.0716,-121.985,PSEI,WA,rail,0.000452
35282,LAKE STEVENS 1,48.0716,-121.985,PSEI,WA,road,0.002228
35283,LAKE STEVENS 2,47.9546,-122.115,PSEI,WA,bldg,0.154468
35283,LAKE STEVENS 2,47.9546,-122.115,PSEI,WA,ind,0.028078
35283,LAKE STEVENS 2,47.9546,-122.115,PSEI,WA,rail,0.000452
35283,LAKE STEVENS 2,47.9546,-122.115,PSEI,WA,road,0.002228
35284,BUCKLEY,47.2107,-122.159,PSEI,WA,bldg,0.15801
35284,BUCKLEY,47.2107,-122.159,PSEI,WA,ind,0.028722
35284,BUCKLEY,47.2107,-122.159,PSEI,WA,rail,0.000462
35284,BUCKLEY,47.2107,-122.159,PSEI,WA,road,0.002279
35285,CARSON 1,45.7705,-122.041,BPAT,WA,bldg,0.03087
35285,CARSON 1,45.7705,-122.041,BPAT,WA,ind,0.008495
35285,CARSON 1,45.7705,-122.041,BPAT,WA,road,0.000268
35286,WOODINVILLE 2,47.7174,-122.023,PSEI,WA,bldg,0.137474
35286,WOODINVILLE 2,47.7174,-122.023,PSEI,WA,ind,0.024989
35286,WOODINVILLE 2,47.7174,-122.023,PSEI,WA,rail,0.000402
35286,WOODINVILLE 2,47.7174,-122.023,PSEI,WA,road,0.001983
35287,SAMMAMISH 1,47.6539,-122.083,PSEI,WA,bldg,0.130305
35287,SAMMAMISH 1,47.6539,-122.083,PSEI,WA,ind,0.023686
35287,SAMMAMISH 1,47.6539,-122.083,PSEI,WA,rail,0.000381
35287,SAMMAMISH 1,47.6539,-122.083,PSEI,WA,road,0.00188
35288,SAMMAMISH 2,47.6533,-122.066,PSEI,WA,bldg,0.130305
35288,SAMMAMISH 2,47.6533,-122.066,PSEI,WA,ind,0.023686
35288,SAMMAMISH 2,47.6533,-122.066,PSEI,WA,rail,0.000381
35288,SAMMAMISH 2,47.6533,-122.066,PSEI,WA,road,0.00188
35289,SAMMAMISH 3,47.53,-122.106,PSEI,WA,bldg,0.209668
35289,SAMMAMISH 3,47.53,-122.106,PSEI,WA,ind,0.038112
35289,SAMMAMISH 3,47.53,-122.106,PSEI,WA,rail,0.000613
35289,SAMMAMISH 3,47.53,-122.106,PSEI,WA,road,0.003024
35290,REDMOND 3,47.6984,-122.053,PSEI,WA,bldg,0.190102
35290,REDMOND 3,47.6984,-122.053,PSEI,WA,ind,0.034555
35290,REDMOND 3,47.6984,-122.053,PSEI,WA,rail,0.000556
35290,REDMOND 3,47.6984,-122.053,PSEI,WA,road,0.002742
35291,ISSAQUAH 1,47.5088,-122.045,PSEI,WA,bldg,0.246441
35291,ISSAQUAH 1,47.5088,-122.045,PSEI,WA,ind,0.044796
35291,ISSAQUAH 1,47.5088,-122.045,PSEI,WA,rail,0.000721
35291,ISSAQUAH 1,47.5088,-122.045,PSEI,WA,road,0.003555
35292,ISSAQUAH 2,47.4204,-121.999,PSEI,WA,bldg,0.132287
35292,ISSAQUAH 2,47.4204,-121.999,PSEI,WA,ind,0.024046
35292,ISSAQUAH 2,47.4204,-121.999,PSEI,WA,rail,0.000387
35292,ISSAQUAH 2,47.4204,-121.999,PSEI,WA,road,0.001908
35293,ISSAQUAH 3,47.5484,-122.021,PSEI,WA,bldg,0.132287
35293,ISSAQUAH 3,47.5484,-122.021,PSEI,WA,ind,0.024046
35293,ISSAQUAH 3,47.5484,-122.021,PSEI,WA,rail,0.000387
35293,ISSAQUAH 3,47.5484,-122.021,PSEI,WA,road,0.001908
35294,SNOHOMISH 3,47.8617,-121.976,PSEI,WA,bldg,0.165559
35294,SNOHOMISH 3,47.8617,-121.976,PSEI,WA,ind,0.030094
35294,SNOHOMISH 3,47.8617,-121.976,PSEI,WA,rail,0.000484
35294,SNOHOMISH 3,47.8617,-121.976,PSEI,WA,road,0.002388
35295,SNOHOMISH 4,47.8765,-122.083,PSEI,WA,bldg,0.165559
35295,SNOHOMISH 4,47.8765,-122.083,PSEI,WA,ind,0.030094
35295,SNOHOMISH 4,47.8765,-122.083,PSEI,WA,rail,0.000484
35295,SNOHOMISH 4,47.8765,-122.083,PSEI,WA,road,0.002388
35296,MAPLE VALLEY 1,47.3322,-121.972,PSEI,WA,bldg,0.190819
35296,MAPLE VALLEY 1,47.3322,-121.972,PSEI,WA,ind,0.034686
35296,MAPLE VALLEY 1,47.3322,-121.972,PSEI,WA,rail,0.000558
35296,MAPLE VALLEY 1,47.3322,-121.972,PSEI,WA,road,0.002752
35297,MAPLE VALLEY 2,47.5141,-122.052,PSEI,WA,bldg,0.157757
35297,MAPLE VALLEY 2,47.5141,-122.052,PSEI,WA,ind,0.028676
35297,MAPLE VALLEY 2,47.5141,-122.052,PSEI,WA,rail,0.000462
35297,MAPLE VALLEY 2,47.5141,-122.052,PSEI,WA,road,0.002276
35298,STEVENSON,45.6247,-122.022,BPAT,WA,bldg,0.04243
35298,STEVENSON,45.6247,-122.022,BPAT,WA,ind,0.011676
35298,STEVENSON,45.6247,-122.022,BPAT,WA,road,0.000368
35299,ARLINGTON 1,48.2871,-122.039,BPAT,WA,bldg,0.219453
35299,ARLINGTON 1,48.2871,-122.039,BPAT,WA,ind,0.060388
35299,ARLINGTON 1,48.2871,-122.039,BPAT,WA,road,0.001905
35300,ARLINGTON 2,48.1649,-121.877,BPAT,WA,bldg,0.219453
35300,ARLINGTON 2,48.1649,-121.877,BPAT,WA,ind,0.060388
35300,ARLINGTON 2,48.1649,-121.877,BPAT,WA,road,0.001905
35301,ENUMCLAW,47.1536,-121.891,PSEI,WA,bldg,0.219494
35301,ENUMCLAW,47.1536,-121.891,PSEI,WA,ind,0.039898
35301,ENUMCLAW,47.1536,-121.891,PSEI,WA,rail,0.000642
35301,ENUMCLAW,47.1536,-121.891,PSEI,WA,road,0.003166
35302,FALL CITY 1,47.6184,-121.816,PSEI,WA,bldg,0.057182
35302,FALL CITY 1,47.6184,-121.816,PSEI,WA,ind,0.010394
35302,FALL CITY 1,47.6184,-121.816,PSEI,WA,rail,0.000167
35302,FALL CITY 1,47.6184,-121.816,PSEI,WA,road,0.000825
35303,MONROE 1,47.8344,-121.804,BPAT,WA,bldg,0.15023
35303,MONROE 1,47.8344,-121.804,BPAT,WA,ind,0.041339
35303,MONROE 1,47.8344,-121.804,BPAT,WA,road,0.001304
35304,MONROE 2,47.9353,-121.822,PSEI,WA,bldg,0.141395
35304,MONROE 2,47.9353,-121.822,PSEI,WA,ind,0.025702
35304,MONROE 2,47.9353,-121.822,PSEI,WA,rail,0.000414
35304,MONROE 2,47.9353,-121.822,PSEI,WA,road,0.00204
35305,CARNATION,47.7267,-121.899,PSEI,WA,bldg,0.068484
35305,CARNATION,47.7267,-121.899,PSEI,WA,ind,0.012449
35305,CARNATION,47.7267,-121.899,PSEI,WA,rail,0.0002
35305,CARNATION,47.7267,-121.899,PSEI,WA,road,0.000988
35306,DUVALL,47.72,-121.79,PSEI,WA,bldg,0.108545
35306,DUVALL,47.72,-121.79,PSEI,WA,ind,0.019731
35306,DUVALL,47.72,-121.79,PSEI,WA,rail,0.000318
35306,DUVALL,47.72,-121.79,PSEI,WA,road,0.001566
35307,SNOQUALMIE,47.6707,-121.713,PSEI,WA,bldg,0.131486
35307,SNOQUALMIE,47.6707,-121.713,PSEI,WA,ind,0.0239
35307,SNOQUALMIE,47.6707,-121.713,PSEI,WA,rail,0.000385
35307,SNOQUALMIE,47.6707,-121.713,PSEI,WA,road,0.001897
35308,SULTAN 1,47.8719,-121.774,BPAT,WA,bldg,0.070926
35308,SULTAN 1,47.8719,-121.774,BPAT,WA,ind,0.019517
35308,SULTAN 1,47.8719,-121.774,BPAT,WA,road,0.000616
35309,GRANITE FALLS,48.0007,-121.598,BPAT,WA,bldg,0.094358
35309,GRANITE FALLS,48.0007,-121.598,BPAT,WA,ind,0.025965
35309,GRANITE FALLS,48.0007,-121.598,BPAT,WA,road,0.000819
35310,NORTH BEND 1,47.4476,-121.62,PSEI,WA,bldg,0.151601
35310,NORTH BEND 1,47.4476,-121.62,PSEI,WA,ind,0.027557
35310,NORTH BEND 1,47.4476,-121.62,PSEI,WA,rail,0.000444
35310,NORTH BEND 1,47.4476,-121.62,PSEI,WA,road,0.002187
35311,GOLD BAR,47.8387,-121.687,BPAT,WA,bldg,0.053631
35311,GOLD BAR,47.8387,-121.687,BPAT,WA,ind,0.014758
35311,GOLD BAR,47.8387,-121.687,BPAT,WA,road,0.000465
35312,WHITE SALMON,45.8583,-121.52,BPAT,WA,bldg,0.104574
35312,WHITE SALMON,45.8583,-121.52,BPAT,WA,ind,0.028776
35312,WHITE SALMON,45.8583,-121.52,BPAT,WA,road,0.000908
35313,DARRINGTON,48.2191,-121.308,BPAT,WA,bldg,0.022895
35313,DARRINGTON,48.2191,-121.308,BPAT,WA,ind,0.0063
35313,DARRINGTON,48.2191,-121.308,BPAT,WA,road,0.000199
35314,NACHES,46.8228,-121.284,BPAT,WA,bldg,0.056678
35314,NACHES,46.8228,-121.284,BPAT,WA,ind,0.015596
35314,NACHES,46.8228,-121.284,BPAT,WA,road,0.000492
35315,LYLE,45.6573,-121.134,BPAT,WA,bldg,0.036336
35315,LYLE,45.6573,-121.134,BPAT,WA,ind,0.009999
35315,LYLE,45.6573,-121.134,BPAT,WA,road,0.000315
35316,YAKIMA 1,46.52,-121.052,BPAT,WA,bldg,0.156099
35316,YAKIMA 1,46.52,-121.052,BPAT,WA,ind,0.042954
35316,YAKIMA 1,46.52,-121.052,BPAT,WA,road,0.001355
35317,CLE ELUM 1,47.2783,-120.851,PSEI,WA,bldg,0.098424
35317,CLE ELUM 1,47.2783,-120.851,PSEI,WA,ind,0.017891
35317,CLE ELUM 1,47.2783,-120.851,PSEI,WA,rail,0.000288
35317,CLE ELUM 1,47.2783,-120.851,PSEI,WA,road,0.00142
35318,LEAVENWORTH,47.8317,-120.899,CHPD,WA,bldg,0.179107
35318,LEAVENWORTH,47.8317,-120.899,CHPD,WA,ind,0.060916
35318,LEAVENWORTH,47.8317,-120.899,CHPD,WA,road,0.000647
35319,GOLDENDALE 1,45.9276,-120.717,BPAT,WA,bldg,0.076616
35319,GOLDENDALE 1,45.9276,-120.717,BPAT,WA,ind,0.021083
35319,GOLDENDALE 1,45.9276,-120.717,BPAT,WA,road,0.000665
35320,WHITE SWAN,46.292,-120.781,BPAT,WA,bldg,0.025046
35320,WHITE SWAN,46.292,-120.781,BPAT,WA,ind,0.006892
35320,WHITE SWAN,46.292,-120.781,BPAT,WA,road,0.000217
35321,YAKIMA 2,46.6481,-120.678,BPAT,WA,bldg,0.236075
35321,YAKIMA 2,46.6481,-120.678,BPAT,WA,ind,0.064962
35321,YAKIMA 2,46.6481,-120.678,BPAT,WA,road,0.002049
35322,YAKIMA 3,46.7045,-120.683,BPAT,WA,bldg,0.189478
35322,YAKIMA 3,46.7045,-120.683,BPAT,WA,ind,0.052139
35322,YAKIMA 3,46.7045,-120.683,BPAT,WA,road,0.001645
35323,SELAH,46.873,-120.727,BPAT,WA,bldg,0.182534
35323,SELAH,46.873,-120.727,BPAT,WA,ind,0.050229
35323,SELAH,46.873,-120.727,BPAT,WA,road,0.001584
35324,YAKIMA 4,46.5831,-120.469,BPAT,WA,bldg,0.249068
35324,YAKIMA 4,46.5831,-120.469,BPAT,WA,ind,0.068537
35324,YAKIMA 4,46.5831,-120.469,BPAT,WA,road,0.002162
35325,YAKIMA 5,46.6723,-120.47,BPAT,WA,bldg,0.249068
35325,YAKIMA 5,46.6723,-120.47,BPAT,WA,ind,0.068537
35325,YAKIMA 5,46.6723,-120.47,BPAT,WA,road,0.002162
35326,WAPATO,46.5432,-120.569,BPAT,WA,bldg,0.163178
35326,WAPATO,46.5432,-120.569,BPAT,WA,ind,0.044902
35326,WAPATO,46.5432,-120.569,BPAT,WA,road,0.001416
35327,CASHMERE,47.4854,-120.482,CHPD,WA,bldg,0.169854
35327,CASHMERE,47.4854,-120.482,CHPD,WA,ind,0.057769
35327,CASHMERE,47.4854,-120.482,CHPD,WA,road,0.000613
35328,ELLENSBURG 1,47.0315,-120.532,PSEI,WA,bldg,0.153034
35328,ELLENSBURG 1,47.0315,-120.532,PSEI,WA,ind,0.027817
35328,ELLENSBURG 1,47.0315,-120.532,PSEI,WA,rail,0.000448
35328,ELLENSBURG 1,47.0315,-120.532,PSEI,WA,road,0.002207
35329,ELLENSBURG 2,46.9945,-120.431,PSEI,WA,bldg,0.164336
35329,ELLENSBURG 2,46.9945,-120.431,PSEI,WA,ind,0.029872
35329,ELLENSBURG 2,46.9945,-120.431,PSEI,WA,rail,0.000481
35329,ELLENSBURG 2,46.9945,-120.431,PSEI,WA,road,0.00237
35330,YAKIMA 6,46.7656,-120.424,PSEI,WA,bldg,0.152655
35330,YAKIMA 6,46.7656,-120.424,PSEI,WA,ind,0.027749
35330,YAKIMA 6,46.7656,-120.424,PSEI,WA,rail,0.000447
35330,YAKIMA 6,46.7656,-120.424,PSEI,WA,road,0.002202
35331,YAKIMA 7,46.8168,-120.485,PSEI,WA,bldg,0.152655
35331,YAKIMA 7,46.8168,-120.485,PSEI,WA,ind,0.027749
35331,YAKIMA 7,46.8168,-120.485,PSEI,WA,rail,0.000447
35331,YAKIMA 7,46.8168,-120.485,PSEI,WA,road,0.002202
35332,CHELAN,48.0169,-120.332,CHPD,WA,bldg,0.135137
35332,CHELAN,48.0169,-120.332,CHPD,WA,ind,0.045961
35332,CHELAN,48.0169,-120.332,CHPD,WA,road,0.000488
35333,WENATCHEE 1,47.3425,-120.277,CHPD,WA,bldg,0.417378
35333,WENATCHEE 1,47.3425,-120.277,CHPD,WA,ind,0.141953
35333,WENATCHEE 1,47.3425,-120.277,CHPD,WA,road,0.001507
35334,WENATCHEE 2,47.4248,-120.327,CHPD,WA,bldg,0.417378
35334,WENATCHEE 2,47.4248,-120.327,CHPD,WA,ind,0.141953
35334,WENATCHEE 2,47.4248,-120.327,CHPD,WA,road,0.001507
35335,WINTHROP,48.5775,-120.412,DOPD,WA,bldg,0.069065
35335,WINTHROP,48.5775,-120.412,DOPD,WA,ind,0.001932
35335,WINTHROP,48.5775,-120.412,DOPD,WA,road,9.3e-05
35336,TOPPENISH,46.2344,-120.294,BPAT,WA,bldg,0.14221
35336,TOPPENISH,46.2344,-120.294,BPAT,WA,ind,0.039132
35336,TOPPENISH,46.2344,-120.294,BPAT,WA,road,0.001234
35337,TWISP,48.3329,-120.338,DOPD,WA,bldg,0.088519
35337,TWISP,48.3329,-120.338,DOPD,WA,ind,0.002477
35337,TWISP,48.3329,-120.338,DOPD,WA,road,0.000119
35338,ZILLAH,46.4421,-120.185,BPAT,WA,bldg,0.218064
35338,ZILLAH,46.4421,-120.185,BPAT,WA,ind,0.060005
35338,ZILLAH,46.4421,-120.185,BPAT,WA,road,0.001893
35339,EAST WENATCHEE 1,47.4908,-120.118,DOPD,WA,bldg,0.463389
35339,EAST WENATCHEE 1,47.4908,-120.118,DOPD,WA,ind,0.012965
35339,EAST WENATCHEE 1,47.4908,-120.118,DOPD,WA,road,0.000624
35340,EAST WENATCHEE 2,47.4767,-120.147,DOPD,WA,bldg,0.419008
35340,EAST WENATCHEE 2,47.4767,-120.147,DOPD,WA,ind,0.011723
35340,EAST WENATCHEE 2,47.4767,-120.147,DOPD,WA,road,0.000564
35341,MALAGA,47.2553,-120.165,BPAT,WA,bldg,0.039652
35341,MALAGA,47.2553,-120.165,BPAT,WA,ind,0.010911
35341,MALAGA,47.2553,-120.165,BPAT,WA,road,0.000344
35342,MANSON,47.9079,-120.041,CHPD,WA,bldg,0.14388
35342,MANSON,47.9079,-120.041,CHPD,WA,ind,0.048934
35342,MANSON,47.9079,-120.041,CHPD,WA,road,0.000519
35343,MABTON,46.1405,-120.097,BPAT,WA,bldg,0.045073
35343,MABTON,46.1405,-120.097,BPAT,WA,ind,0.012403
35343,MABTON,46.1405,-120.097,BPAT,WA,road,0.000391
35344,GRANDVIEW,46.2234,-119.973,BPAT,WA,bldg,0.163985
35344,GRANDVIEW,46.2234,-119.973,BPAT,WA,ind,0.045124
35344,GRANDVIEW,46.2234,-119.973,BPAT,WA,phase1,0.071711
35344,GRANDVIEW,46.2234,-119.973,BPAT,WA,road,0.001423
35345,QUINCY 1,47.1193,-119.794,GCPD,WA,bldg,0.638566
35345,QUINCY 1,47.1193,-119.794,GCPD,WA,ind,0.24963
35345,QUINCY 1,47.1193,-119.794,GCPD,WA,phase1,0.056133
35345,QUINCY 1,47.1193,-119.794,GCPD,WA,road,0.00045
35346,BREWSTER,48.0643,-119.69,DOPD,WA,bldg,0.142993
35346,BREWSTER,48.0643,-119.69,DOPD,WA,ind,0.004001
35346,BREWSTER,48.0643,-119.69,DOPD,WA,road,0.000192
35347,MATTAWA 1,46.7256,-119.625,GCPD,WA,bldg,0.463006
35347,MATTAWA 1,46.7256,-119.625,GCPD,WA,ind,0.180999
35347,MATTAWA 1,46.7256,-119.625,GCPD,WA,road,0.000327
35348,PROSSER,46.1752,-119.678,BPAT,WA,bldg,0.141851
35348,PROSSER,46.1752,-119.678,BPAT,WA,ind,0.039034
35348,PROSSER,46.1752,-119.678,BPAT,WA,phase1,0.013835
35348,PROSSER,46.1752,-119.678,BPAT,WA,road,0.001231
35349,ROYAL CITY,46.8538,-119.7,GCPD,WA,bldg,0.264932
35349,ROYAL CITY,46.8538,-119.7,GCPD,WA,ind,0.103568
35349,ROYAL CITY,46.8538,-119.7,GCPD,WA,road,0.000187
35350,SUNNYSIDE 1,46.5318,-119.56,BPAT,WA,bldg,0.236702
35350,SUNNYSIDE 1,46.5318,-119.56,BPAT,WA,ind,0.065134
35350,SUNNYSIDE 1,46.5318,-119.56,BPAT,WA,road,0.002054
35351,EPHRATA,47.4061,-119.534,GCPD,WA,bldg,0.603317
35351,EPHRATA,47.4061,-119.534,GCPD,WA,ind,0.23585
35351,EPHRATA,47.4061,-119.534,GCPD,WA,road,0.000426
35352,OKANOGAN,48.2962,-119.665,DOPD,WA,bldg,0.15807
35352,OKANOGAN,48.2962,-119.665,DOPD,WA,ind,0.004422
35352,OKANOGAN,48.2962,-119.665,DOPD,WA,road,0.000213
35353,BENTON CITY,46.3237,-119.53,BPAT,WA,bldg,0.098928
35353,BENTON CITY,46.3237,-119.53,BPAT,WA,ind,0.027223
35353,BENTON CITY,46.3237,-119.53,BPAT,WA,road,0.000859
35354,SOAP LAKE,47.4753,-119.519,GCPD,WA,bldg,0.310869
35354,SOAP LAKE,47.4753,-119.519,GCPD,WA,ind,0.121525
35354,SOAP LAKE,47.4753,-119.519,GCPD,WA,road,0.000219
35355,WEST RICHLAND,46.2844,-119.292,BPAT,WA,bldg,0.143061
35355,WEST RICHLAND,46.2844,-119.292,BPAT,WA,ind,0.039367
35355,WEST RICHLAND,46.2844,-119.292,BPAT,WA,road,0.001242
35356,MOSES LAKE 1,47.1599,-119.374,GCPD,WA,bldg,1.084061
35356,MOSES LAKE 1,47.1599,-119.374,GCPD,WA,ind,0.423783
35356,MOSES LAKE 1,47.1599,-119.374,GCPD,WA,phase1,0.045155
35356,MOSES LAKE 1,47.1599,-119.374,GCPD,WA,road,0.000765
35357,MOSES LAKE 2,47.2058,-119.293,GCPD,WA,bldg,1.101344
35357,MOSES LAKE 2,47.2058,-119.293,GCPD,WA,ind,0.43054
35357,MOSES LAKE 2,47.2058,-119.293,GCPD,WA,phase1,0.042155
35357,MOSES LAKE 2,47.2058,-119.293,GCPD,WA,road,0.000777
35358,RICHLAND 1,46.332,-119.296,BPAT,WA,bldg,0.229489
35358,RICHLAND 1,46.332,-119.296,BPAT,WA,ind,0.063149
35358,RICHLAND 1,46.332,-119.296,BPAT,WA,phase1,0.12386
35358,RICHLAND 1,46.332,-119.296,BPAT,WA,road,0.001992
35359,RICHLAND 2,46.3498,-119.264,BPAT,WA,bldg,0.145032
35359,RICHLAND 2,46.3498,-119.264,BPAT,WA,ind,0.039909
35359,RICHLAND 2,46.3498,-119.264,BPAT,WA,road,0.001259
35360,RICHLAND 3,46.1596,-119.357,BPAT,WA,bldg,0.148796
35360,RICHLAND 3,46.1596,-119.357,BPAT,WA,ind,0.040945
35360,RICHLAND 3,46.1596,-119.357,BPAT,WA,road,0.001291
35361,KENNEWICK 1,46.1784,-119.187,BPAT,WA,bldg,0.124243
35361,KENNEWICK 1,46.1784,-119.187,BPAT,WA,ind,0.034189
35361,KENNEWICK 1,46.1784,-119.187,BPAT,WA,road,0.001078
35362,OMAK,48.3025,-119.316,DOPD,WA,bldg,0.299847
35362,OMAK,48.3025,-119.316,DOPD,WA,ind,0.00839
35362,OMAK,48.3025,-119.316,DOPD,WA,road,0.000404
35363,TONASKET,48.6336,-119.347,DOPD,WA,bldg,0.187739
35363,TONASKET,48.6336,-119.347,DOPD,WA,ind,0.005253
35363,TONASKET,48.6336,-119.347,DOPD,WA,road,0.000253
35364,OROVILLE 1,48.9833,-119.219,DOPD,WA,bldg,0.142506
35364,OROVILLE 1,48.9833,-119.219,DOPD,WA,ind,0.003987
35364,OROVILLE 1,48.9833,-119.219,DOPD,WA,road,0.000192
35365,MESA 1,46.6475,-119.276,BPAT,WA,bldg,0.032707
35365,MESA 1,46.6475,-119.276,BPAT,WA,ind,0.009
35365,MESA 1,46.6475,-119.276,BPAT,WA,road,0.000284
35366,OTHELLO,46.9002,-119.148,BPAT,WA,bldg,0.180831
35366,OTHELLO,46.9002,-119.148,BPAT,WA,ind,0.04976
35366,OTHELLO,46.9002,-119.148,BPAT,WA,phase1,0.213245
35366,OTHELLO,46.9002,-119.148,BPAT,WA,road,0.00157
35367,KENNEWICK 2,46.1558,-119.146,BPAT,WA,bldg,0.262107
35367,KENNEWICK 2,46.1558,-119.146,BPAT,WA,ind,0.072125
35367,KENNEWICK 2,46.1558,-119.146,BPAT,WA,road,0.002275
35368,KENNEWICK 3,46.2059,-119.154,BPAT,WA,bldg,0.262107
35368,KENNEWICK 3,46.2059,-119.154,BPAT,WA,ind,0.072125
35368,KENNEWICK 3,46.2059,-119.154,BPAT,WA,road,0.002275
35369,KENNEWICK 4,46.119,-119.034,BPAT,WA,bldg,0.162775
35369,KENNEWICK 4,46.119,-119.034,BPAT,WA,ind,0.044792
35369,KENNEWICK 4,46.119,-119.034,BPAT,WA,road,0.001413
35370,KENNEWICK 5,46.1418,-119.034,BPAT,WA,bldg,0.160445
35370,KENNEWICK 5,46.1418,-119.034,BPAT,WA,ind,0.04415
35370,KENNEWICK 5,46.1418,-119.034,BPAT,WA,phase1,0.001553
35370,KENNEWICK 5,46.1418,-119.034,BPAT,WA,road,0.001393
35371,WARDEN,46.9803,-119.065,GCPD,WA,bldg,0.222861
35371,WARDEN,46.9803,-119.065,GCPD,WA,ind,0.087121
35371,WARDEN,46.9803,-119.065,GCPD,WA,road,0.000157
35372,PASCO 1,46.3067,-118.856,BPAT,WA,bldg,0.366636
35372,PASCO 1,46.3067,-118.856,BPAT,WA,ind,0.100889
35372,PASCO 1,46.3067,-118.856,BPAT,WA,road,0.003182
35373,PASCO 2,46.4504,-119.033,BPAT,WA,bldg,0.376403
35373,PASCO 2,46.4504,-119.033,BPAT,WA,ind,0.103576
35373,PASCO 2,46.4504,-119.033,BPAT,WA,road,0.003267
35374,COULEE DAM,48.0642,-118.908,DOPD,WA,bldg,0.231998
35374,COULEE DAM,48.0642,-118.908,DOPD,WA,ind,0.006491
35374,COULEE DAM,48.0642,-118.908,DOPD,WA,road,0.000312
35375,BURBANK 1,46.236,-118.973,BPAT,WA,bldg,0.039607
35375,BURBANK 1,46.236,-118.973,BPAT,WA,ind,0.010899
35375,BURBANK 1,46.236,-118.973,BPAT,WA,road,0.000344
35376,CONNELL,46.6152,-118.833,BPAT,WA,bldg,0.066445
35376,CONNELL,46.6152,-118.833,BPAT,WA,ind,0.018284
35376,CONNELL,46.6152,-118.833,BPAT,WA,phase1,0.050486
35376,CONNELL,46.6152,-118.833,BPAT,WA,road,0.000577
35377,REPUBLIC,48.5237,-118.725,AVA,WA,bldg,0.056482
35377,REPUBLIC,48.5237,-118.725,AVA,WA,ind,0.013942
35377,REPUBLIC,48.5237,-118.725,AVA,WA,road,0.0002
35378,COLLEGE PLACE,46.0608,-118.472,BPAT,WA,bldg,0.115192
35378,COLLEGE PLACE,46.0608,-118.472,BPAT,WA,ind,0.031698
35378,COLLEGE PLACE,46.0608,-118.472,BPAT,WA,road,0.001
35379,RITZVILLE,47.1453,-118.431,BPAT,WA,bldg,0.051704
35379,RITZVILLE,47.1453,-118.431,BPAT,WA,ind,0.014228
35379,RITZVILLE,47.1453,-118.431,BPAT,WA,road,0.000449
35380,DAVENPORT,47.603,-118.245,AVA,WA,bldg,0.097423
35380,DAVENPORT,47.603,-118.245,AVA,WA,ind,0.024047
35380,DAVENPORT,47.603,-118.245,AVA,WA,road,0.000345
35381,KETTLE FALLS 1,48.6381,-118.056,AVA,WA,bldg,0.08976
35381,KETTLE FALLS 1,48.6381,-118.056,AVA,WA,ind,0.022155
35381,KETTLE FALLS 1,48.6381,-118.056,AVA,WA,road,0.000318
35382,DAYTON 1,46.2473,-117.768,BPAT,WA,bldg,0.060576
35382,DAYTON 1,46.2473,-117.768,BPAT,WA,ind,0.016669
35382,DAYTON 1,46.2473,-117.768,BPAT,WA,road,0.000526
35383,SPRINGDALE,48.0408,-117.937,AVA,WA,bldg,0.064627
35383,SPRINGDALE,48.0408,-117.937,AVA,WA,ind,0.015952
35383,SPRINGDALE,48.0408,-117.937,AVA,WA,road,0.000229
35384,COLVILLE,48.5904,-117.782,AVA,WA,bldg,0.179841
35384,COLVILLE,48.5904,-117.782,AVA,WA,ind,0.044391
35384,COLVILLE,48.5904,-117.782,AVA,WA,road,0.000637
35385,MEDICAL LAKE,47.5223,-117.695,AVA,WA,bldg,0.236484
35385,MEDICAL LAKE,47.5223,-117.695,AVA,WA,ind,0.058372
35385,MEDICAL LAKE,47.5223,-117.695,AVA,WA,road,0.000838
35386,CHEWELAH,48.3264,-117.614,AVA,WA,bldg,0.117733
35386,CHEWELAH,48.3264,-117.614,AVA,WA,ind,0.02906
35386,CHEWELAH,48.3264,-117.614,AVA,WA,road,0.000417
35387,CHENEY,47.448,-117.595,AVA,WA,bldg,0.238413
35387,CHENEY,47.448,-117.595,AVA,WA,ind,0.058849
35387,CHENEY,47.448,-117.595,AVA,WA,road,0.000845
35388,NINE MILE FALLS 1,47.8176,-117.626,AVA,WA,bldg,0.141955
35388,NINE MILE FALLS 1,47.8176,-117.626,AVA,WA,ind,0.035039
35388,NINE MILE FALLS 1,47.8176,-117.626,AVA,WA,road,0.000503
35389,SPOKANE 1,47.6986,-117.566,AVA,WA,bldg,0.235198
35389,SPOKANE 1,47.6986,-117.566,AVA,WA,ind,0.058055
35389,SPOKANE 1,47.6986,-117.566,AVA,WA,road,0.000833
35390,DEER PARK,48.0336,-117.55,AVA,WA,bldg,0.202188
35390,DEER PARK,48.0336,-117.55,AVA,WA,ind,0.049907
35390,DEER PARK,48.0336,-117.55,AVA,WA,road,0.000716
35391,SPOKANE 2,47.7976,-117.431,AVA,WA,bldg,0.31633
35391,SPOKANE 2,47.7976,-117.431,AVA,WA,ind,0.078081
35391,SPOKANE 2,47.7976,-117.431,AVA,WA,road,0.001121
35392,SPOKANE 3,47.7576,-117.424,AVA,WA,bldg,0.31633
35392,SPOKANE 3,47.7576,-117.424,AVA,WA,ind,0.078081
35392,SPOKANE 3,47.7576,-117.424,AVA,WA,road,0.001121
35393,SPOKANE 4,47.6004,-117.414,AVA,WA,bldg,0.270941
35393,SPOKANE 4,47.6004,-117.414,AVA,WA,ind,0.066878
35393,SPOKANE 4,47.6004,-117.414,AVA,WA,road,0.00096
35394,SPOKANE 5,47.7045,-117.488,AVA,WA,bldg,0.270941
35394,SPOKANE 5,47.7045,-117.488,AVA,WA,ind,0.066878
35394,SPOKANE 5,47.7045,-117.488,AVA,WA,road,0.00096
35395,SPOKANE 6,47.7299,-117.375,AVA,WA,bldg,0.171589
35395,SPOKANE 6,47.7299,-117.375,AVA,WA,ind,0.042355
35395,SPOKANE 6,47.7299,-117.375,AVA,WA,road,0.000608
35396,SPOKANE 7,47.6011,-117.461,AVA,WA,bldg,0.086973
35396,SPOKANE 7,47.6011,-117.461,AVA,WA,ind,0.021468
35396,SPOKANE 7,47.6011,-117.461,AVA,WA,road,0.000308
35397,COLFAX 1,46.8793,-117.435,AVA,WA,bldg,0.06661
35397,COLFAX 1,46.8793,-117.435,AVA,WA,ind,0.016442
35397,COLFAX 1,46.8793,-117.435,AVA,WA,road,0.000236
35398,SPOKANE 8,47.8353,-117.428,AVA,WA,bldg,0.199722
35398,SPOKANE 8,47.8353,-117.428,AVA,WA,ind,0.049299
35398,SPOKANE 8,47.8353,-117.428,AVA,WA,road,0.000708
35399,SPOKANE 9,47.5865,-117.342,AVA,WA,bldg,0.259687
35399,SPOKANE 9,47.5865,-117.342,AVA,WA,ind,0.0641
35399,SPOKANE 9,47.5865,-117.342,AVA,WA,road,0.00092
35400,SPOKANE 10,47.6851,-117.361,AVA,WA,bldg,0.198383
35400,SPOKANE 10,47.6851,-117.361,AVA,WA,ind,0.048968
35400,SPOKANE 10,47.6851,-117.361,AVA,WA,road,0.000703
35401,SPOKANE 11,47.7601,-117.386,AVA,WA,bldg,0.198383
35401,SPOKANE 11,47.7601,-117.386,AVA,WA,ind,0.048968
35401,SPOKANE 11,47.7601,-117.386,AVA,WA,road,0.000703
35402,SPOKANE 12,47.6639,-117.367,AVA,WA,bldg,0.277532
35402,SPOKANE 12,47.6639,-117.367,AVA,WA,ind,0.068505
35402,SPOKANE 12,47.6639,-117.367,AVA,WA,road,0.000983
35403,COLBERT,47.8809,-117.31,AVA,WA,bldg,0.110284
35403,COLBERT,47.8809,-117.31,AVA,WA,ind,0.027222
35403,COLBERT,47.8809,-117.31,AVA,WA,road,0.000391
35404,SPOKANE 13,47.5957,-117.263,AVA,WA,bldg,0.188255
35404,SPOKANE 13,47.5957,-117.263,AVA,WA,ind,0.046468
35404,SPOKANE 13,47.5957,-117.263,AVA,WA,road,0.000667
35405,SPOKANE 14,47.5037,-117.321,AVA,WA,bldg,0.22941
35405,SPOKANE 14,47.5037,-117.321,AVA,WA,ind,0.056626
35405,SPOKANE 14,47.5037,-117.321,AVA,WA,road,0.000813
35406,SPOKANE 15,47.6871,-117.291,AVA,WA,bldg,0.24688
35406,SPOKANE 15,47.6871,-117.291,AVA,WA,ind,0.060938
35406,SPOKANE 15,47.6871,-117.291,AVA,WA,road,0.000875
35407,CHATTAROY,48.0173,-117.297,AVA,WA,bldg,0.062376
35407,CHATTAROY,48.0173,-117.297,AVA,WA,ind,0.015397
35407,CHATTAROY,48.0173,-117.297,AVA,WA,road,0.000221
35408,CLARKSTON 1,46.3546,-117.284,BPAT,WA,bldg,0.233297
35408,CLARKSTON 1,46.3546,-117.284,BPAT,WA,ind,0.064197
35408,CLARKSTON 1,46.3546,-117.284,BPAT,WA,road,0.002025
35409,SPOKANE 16,47.7636,-117.293,AVA,WA,bldg,0.224105
35409,SPOKANE 16,47.7636,-117.293,AVA,WA,ind,0.055317
35409,SPOKANE 16,47.7636,-117.293,AVA,WA,road,0.000794
35410,SPOKANE 17,47.5894,-117.303,AVA,WA,bldg,0.223783
35410,SPOKANE 17,47.5894,-117.303,AVA,WA,ind,0.055237
35410,SPOKANE 17,47.5894,-117.303,AVA,WA,road,0.000793
35411,SPOKANE 18,47.7083,-117.31,AVA,WA,bldg,0.223783
35411,SPOKANE 18,47.7083,-117.31,AVA,WA,ind,0.055237
35411,SPOKANE 18,47.7083,-117.31,AVA,WA,road,0.000793
35412,ELK,48.1135,-117.325,AVA,WA,bldg,0.050748
35412,ELK,48.1135,-117.325,AVA,WA,ind,0.012526
35412,ELK,48.1135,-117.325,AVA,WA,road,0.00018
35413,SPOKANE 19,47.7363,-117.258,AVA,WA,bldg,0.313329
35413,SPOKANE 19,47.7363,-117.258,AVA,WA,ind,0.077341
35413,SPOKANE 19,47.7363,-117.258,AVA,WA,road,0.00111
35414,PULLMAN 1,46.6533,-117.315,AVA,WA,bldg,0.20192
35414,PULLMAN 1,46.6533,-117.315,AVA,WA,ind,0.04984
35414,PULLMAN 1,46.6533,-117.315,AVA,WA,road,0.000715
35415,PULLMAN 2,46.6335,-117.171,AVA,WA,bldg,0.235358
35415,PULLMAN 2,46.6335,-117.171,AVA,WA,ind,0.058094
35415,PULLMAN 2,46.6335,-117.171,AVA,WA,road,0.000834
35416,VERADALE,47.6369,-117.195,AVA,WA,bldg,0.166873
35416,VERADALE,47.6369,-117.195,AVA,WA,ind,0.04119
35416,VERADALE,47.6369,-117.195,AVA,WA,road,0.000591
35417,NEWPORT 1,48.1673,-117.148,AVA,WA,bldg,0.104336
35417,NEWPORT 1,48.1673,-117.148,AVA,WA,ind,0.025754
35417,NEWPORT 1,48.1673,-117.148,AVA,WA,road,0.00037
35418,MEAD,47.9256,-117.139,AVA,WA,bldg,0.118001
35418,MEAD,47.9256,-117.139,AVA,WA,ind,0.029126
35418,MEAD,47.9256,-117.139,AVA,WA,road,0.000418
35419,OTIS ORCHARDS,47.7108,-117.218,AVA,WA,bldg,0.078453
35419,OTIS ORCHARDS,47.7108,-117.218,AVA,WA,ind,0.019365
35419,OTIS ORCHARDS,47.7108,-117.218,AVA,WA,road,0.000278
35420,GREENACRES,47.5149,-117.03,AVA,WA,bldg,0.17743
35420,GREENACRES,47.5149,-117.03,AVA,WA,ind,0.043796
35420,GREENACRES,47.5149,-117.03,AVA,WA,road,0.000629
35421,LIBERTY LAKE,47.6862,-117.088,AVA,WA,bldg,0.122181
35421,LIBERTY LAKE,47.6862,-117.088,AVA,WA,ind,0.030158
35421,LIBERTY LAKE,47.6862,-117.088,AVA,WA,road,0.000433
35422,NEWMAN LAKE,47.7501,-117.133,AVA,WA,bldg,0.067307
35422,NEWMAN LAKE,47.7501,-117.133,AVA,WA,ind,0.016613
35422,NEWMAN LAKE,47.7501,-117.133,AVA,WA,road,0.000238
35424,ROOSEVELT 1,45.8131,-120.347,BPAT,WA,bldg,0.003181
35424,ROOSEVELT 1,45.8131,-120.347,BPAT,WA,ind,0.000876
35424,ROOSEVELT 1,45.8131,-120.347,BPAT,WA,road,2.8e-05
35425,RANDLE,46.4661,-122.11,BPAT,WA,bldg,0.031094
35425,RANDLE,46.4661,-122.11,BPAT,WA,ind,0.008556
35425,RANDLE,46.4661,-122.11,BPAT,WA,road,0.00027
35426,CLE ELUM 2,47.1356,-120.687,PSEI,WA,bldg,0.005018
35426,CLE ELUM 2,47.1356,-120.687,PSEI,WA,ind,0.000912
35426,CLE ELUM 2,47.1356,-120.687,PSEI,WA,rail,1.5e-05
35426,CLE ELUM 2,47.1356,-120.687,PSEI,WA,road,7.2e-05
35427,GOLDENDALE 2,45.8797,-120.807,BPAT,WA,bldg,0.009678
35427,GOLDENDALE 2,45.8797,-120.807,BPAT,WA,ind,0.002663
35427,GOLDENDALE 2,45.8797,-120.807,BPAT,WA,road,8.4e-05
35428,WENATCHEE 3,47.5336,-120.295,CHPD,WA,bldg,0.001443
35428,WENATCHEE 3,47.5336,-120.295,CHPD,WA,ind,0.000491
35428,WENATCHEE 3,47.5336,-120.295,CHPD,WA,road,5e-06
35429,WENATCHEE 4,47.3461,-120.092,DOPD,WA,bldg,0.003769
35429,WENATCHEE 4,47.3461,-120.092,DOPD,WA,ind,0.000105
35429,WENATCHEE 4,47.3461,-120.092,DOPD,WA,road,5e-06
35433,COUGAR 1,46.0608,-122.202,BPAT,WA,bldg,0.001613
35433,COUGAR 1,46.0608,-122.202,BPAT,WA,ind,0.000444
35433,COUGAR 1,46.0608,-122.202,BPAT,WA,road,1.4e-05
35434,ELLENSBURG 3,46.9547,-120.182,BPAT,WA,bldg,0.001882
35434,ELLENSBURG 3,46.9547,-120.182,BPAT,WA,ind,0.000518
35434,ELLENSBURG 3,46.9547,-120.182,BPAT,WA,road,1.6e-05
35435,BRIDGEPORT,47.9951,-119.64,DOPD,WA,bldg,0.107123
35435,BRIDGEPORT,47.9951,-119.64,DOPD,WA,ind,0.002997
35435,BRIDGEPORT,47.9951,-119.64,DOPD,WA,road,0.000144
35436,SILVER CREEK 1,46.5035,-122.588,BPAT,WA,bldg,0.049061
35436,SILVER CREEK 1,46.5035,-122.588,BPAT,WA,ind,0.0135
35436,SILVER CREEK 1,46.5035,-122.588,BPAT,WA,road,0.000426
35437,CONCRETE 1,48.5478,-121.741,PSEI,WA,bldg,0.040736
35437,CONCRETE 1,48.5478,-121.741,PSEI,WA,ind,0.007405
35437,CONCRETE 1,48.5478,-121.741,PSEI,WA,rail,0.000119
35437,CONCRETE 1,48.5478,-121.741,PSEI,WA,road,0.000588
35438,CAMAS 3,45.5847,-122.406,BPAT,WA,phase1,0.035138
35439,DAYTON 2,46.4211,-118.027,BPAT,WA,bldg,0.024194
35439,DAYTON 2,46.4211,-118.027,BPAT,WA,ind,0.006658
35439,DAYTON 2,46.4211,-118.027,BPAT,WA,road,0.00021
35440,ROCKPORT 1,48.6981,-121.209,PSEI,WA,bldg,0.009783
35440,ROCKPORT 1,48.6981,-121.209,PSEI,WA,ind,0.001778
35440,ROCKPORT 1,48.6981,-121.209,PSEI,WA,rail,2.9e-05
35440,ROCKPORT 1,48.6981,-121.209,PSEI,WA,road,0.000141
35443,LONGVIEW 3,46.1039,-122.918,BPAT,WA,phase1,0.294375
35445,ROSALIA,47.1558,-117.364,AVA,WA,bldg,0.074273
35445,ROSALIA,47.1558,-117.364,AVA,WA,ind,0.018333
35445,ROSALIA,47.1558,-117.364,AVA,WA,road,0.000263
35446,ANACORTES 2,48.4708,-122.56,PSEI,WA,bldg,0.041832
35446,ANACORTES 2,48.4708,-122.56,PSEI,WA,ind,0.007604
35446,ANACORTES 2,48.4708,-122.56,PSEI,WA,rail,0.000122
35446,ANACORTES 2,48.4708,-122.56,PSEI,WA,road,0.000603
35451,AMBOY,45.9628,-122.335,BPAT,WA,bldg,0.010932
35451,AMBOY,45.9628,-122.335,BPAT,WA,ind,0.003009
35451,AMBOY,45.9628,-122.335,BPAT,WA,road,9.5e-05
35452,KETTLE FALLS 2,48.6203,-118.111,AVA,WA,bldg,0.015541
35452,KETTLE FALLS 2,48.6203,-118.111,AVA,WA,ind,0.003836
35452,KETTLE FALLS 2,48.6203,-118.111,AVA,WA,road,5.5e-05
35453,BICKLETON 1,45.9215,-120.236,BPAT,WA,bldg,0.00233
35453,BICKLETON 1,45.9215,-120.236,BPAT,WA,ind,0.000641
35453,BICKLETON 1,45.9215,-120.236,BPAT,WA,road,2e-05
35454,POMEROY 1,46.6595,-117.429,AVA,WA,bldg,0.029473
35454,POMEROY 1,46.6595,-117.429,AVA,WA,ind,0.007275
35454,POMEROY 1,46.6595,-117.429,AVA,WA,road,0.000104
35456,TACOMA 21,47.2661,-122.428,BPAT,WA,phase1,0.156877
35496,LONGVIEW 4,46.1236,-122.973,BPAT,WA,phase1,0.381593
35504,PASCO 3,46.3069,-119.114,BPAT,WA,phase1,0.066956
35505,TOUCHET,46.06,-118.917,BPAT,WA,phase1,0.13912
35509,BANDON,43.1141,-124.309,PACW,OR,bldg,0.221655
35509,BANDON,43.1141,-124.309,PACW,OR,ind,0.043292
35509,BANDON,43.1141,-124.309,PACW,OR,rail,0.000149
35509,BANDON,43.1141,-124.309,PACW,OR,road,0.000364
35510,PORT ORFORD,42.7958,-124.245,PACW,OR,bldg,0.069245
35510,PORT ORFORD,42.7958,-124.245,PACW,OR,ind,0.013524
35510,PORT ORFORD,42.7958,-124.245,PACW,OR,rail,4.7e-05
35510,PORT ORFORD,42.7958,-124.245,PACW,OR,road,0.000114
35511,GOLD BEACH,42.5352,-124.277,PACW,OR,bldg,0.145392
35511,GOLD BEACH,42.5352,-124.277,PACW,OR,ind,0.028396
35511,GOLD BEACH,42.5352,-124.277,PACW,OR,rail,9.8e-05
35511,GOLD BEACH,42.5352,-124.277,PACW,OR,road,0.000239
35512,NORTH BEND 4,43.5655,-124.119,PACW,OR,bldg,0.412079
35512,NORTH BEND 4,43.5655,-124.119,PACW,OR,ind,0.080484
35512,NORTH BEND 4,43.5655,-124.119,PACW,OR,rail,0.000277
35512,NORTH BEND 4,43.5655,-124.119,PACW,OR,road,0.000677
35513,BROOKINGS,42.1441,-124.125,PACW,OR,bldg,0.415706
35513,BROOKINGS,42.1441,-124.125,PACW,OR,ind,0.081193
35513,BROOKINGS,42.1441,-124.125,PACW,OR,rail,0.000279
35513,BROOKINGS,42.1441,-124.125,PACW,OR,road,0.000683
35514,COQUILLE,43.2667,-124.12,PACW,OR,bldg,0.191126
35514,COQUILLE,43.2667,-124.12,PACW,OR,ind,0.037329
35514,COQUILLE,43.2667,-124.12,PACW,OR,rail,0.000128
35514,COQUILLE,43.2667,-124.12,PACW,OR,road,0.000314
35515,COOS BAY 1,43.3603,-124.093,PACW,OR,bldg,0.385645
35515,COOS BAY 1,43.3603,-124.093,PACW,OR,ind,0.075321
35515,COOS BAY 1,43.3603,-124.093,PACW,OR,rail,0.000259
35515,COOS BAY 1,43.3603,-124.093,PACW,OR,road,0.000634
35516,COOS BAY 2,43.4329,-124.149,PACW,OR,bldg,0.44062
35516,COOS BAY 2,43.4329,-124.149,PACW,OR,ind,0.086058
35516,COOS BAY 2,43.4329,-124.149,PACW,OR,rail,0.000296
35516,COOS BAY 2,43.4329,-124.149,PACW,OR,road,0.000724
35517,FLORENCE 1,44.1582,-124.055,BPAT,OR,bldg,0.177829
35517,FLORENCE 1,44.1582,-124.055,BPAT,OR,ind,0.050685
35517,FLORENCE 1,44.1582,-124.055,BPAT,OR,road,0.001543
35518,NEWPORT 2,44.7568,-123.976,BPAT,OR,bldg,0.118239
35518,NEWPORT 2,44.7568,-123.976,BPAT,OR,ind,0.0337
35518,NEWPORT 2,44.7568,-123.976,BPAT,OR,road,0.001026
35519,MYRTLE POINT,43.1212,-123.912,PACW,OR,bldg,0.155802
35519,MYRTLE POINT,43.1212,-123.912,PACW,OR,ind,0.03043
35519,MYRTLE POINT,43.1212,-123.912,PACW,OR,rail,0.000105
35519,MYRTLE POINT,43.1212,-123.912,PACW,OR,road,0.000256
35520,LINCOLN CITY,44.8721,-124.042,BPAT,OR,bldg,0.140597
35520,LINCOLN CITY,44.8721,-124.042,BPAT,OR,ind,0.040073
35520,LINCOLN CITY,44.8721,-124.042,BPAT,OR,road,0.00122
35521,WARRENTON,46.2056,-123.962,BPAT,OR,bldg,0.078363
35521,WARRENTON,46.2056,-123.962,BPAT,OR,ind,0.022335
35521,WARRENTON,46.2056,-123.962,BPAT,OR,road,0.00068
35522,WALDPORT,44.4494,-123.879,BPAT,OR,bldg,0.074017
35522,WALDPORT,44.4494,-123.879,BPAT,OR,ind,0.021096
35522,WALDPORT,44.4494,-123.879,BPAT,OR,road,0.000642
35523,OTIS,45.1142,-123.883,BPAT,OR,bldg,0.052377
35523,OTIS,45.1142,-123.883,BPAT,OR,ind,0.014928
35523,OTIS,45.1142,-123.883,BPAT,OR,road,0.000455
35524,TOLEDO 1,44.7009,-123.977,BPAT,OR,bldg,0.08589
35524,TOLEDO 1,44.7009,-123.977,BPAT,OR,ind,0.024481
35524,TOLEDO 1,44.7009,-123.977,BPAT,OR,road,0.000745
35525,CLOVERDALE 1,45.3609,-123.787,BPAT,OR,bldg,0.032528
35525,CLOVERDALE 1,45.3609,-123.787,BPAT,OR,ind,0.009271
35525,CLOVERDALE 1,45.3609,-123.787,BPAT,OR,road,0.000282
35526,REEDSPORT,43.9044,-123.825,PACW,OR,bldg,0.193466
35526,REEDSPORT,43.9044,-123.825,PACW,OR,ind,0.037786
35526,REEDSPORT,43.9044,-123.825,PACW,OR,rail,0.00013
35526,REEDSPORT,43.9044,-123.825,PACW,OR,road,0.000318
35527,NEHALEM,45.6578,-123.914,BPAT,OR,bldg,0.103364
35527,NEHALEM,45.6578,-123.914,BPAT,OR,ind,0.029461
35527,NEHALEM,45.6578,-123.914,BPAT,OR,road,0.000897
35528,TILLAMOOK,45.5991,-123.728,BPAT,OR,bldg,0.141314
35528,TILLAMOOK,45.5991,-123.728,BPAT,OR,ind,0.040277
35528,TILLAMOOK,45.5991,-123.728,BPAT,OR,road,0.001227
35529,ASTORIA,46.2102,-123.675,BPAT,OR,bldg,0.181279
35529,ASTORIA,46.2102,-123.675,BPAT,OR,ind,0.051668
35529,ASTORIA,46.2102,-123.675,BPAT,OR,road,0.001573
35530,SEASIDE 1,45.9124,-123.496,BPAT,OR,bldg,0.107755
35530,SEASIDE 1,45.9124,-123.496,BPAT,OR,ind,0.030712
35530,SEASIDE 1,45.9124,-123.496,BPAT,OR,road,0.000935
35531,CAVE JUNCTION,42.0675,-123.56,PACW,OR,bldg,0.248441
35531,CAVE JUNCTION,42.0675,-123.56,PACW,OR,ind,0.048524
35531,CAVE JUNCTION,42.0675,-123.56,PACW,OR,rail,0.000167
35531,CAVE JUNCTION,42.0675,-123.56,PACW,OR,road,0.000408
35532,WILLAMINA,45.0801,-123.582,PGE,OR,bldg,0.035992
35532,WILLAMINA,45.0801,-123.582,PGE,OR,ind,0.017862
35532,WILLAMINA,45.0801,-123.582,PGE,OR,rail,2.4e-05
35532,WILLAMINA,45.0801,-123.582,PGE,OR,road,0.000639
35533,MERLIN,42.627,-123.609,PACW,OR,bldg,0.066789
35533,MERLIN,42.627,-123.609,PACW,OR,ind,0.013044
35533,MERLIN,42.627,-123.609,PACW,OR,rail,4.5e-05
35533,MERLIN,42.627,-123.609,PACW,OR,road,0.00011
35534,ROSEBURG 1,43.2085,-123.422,PACW,OR,bldg,0.450562
35534,ROSEBURG 1,43.2085,-123.422,PACW,OR,ind,0.088
35534,ROSEBURG 1,43.2085,-123.422,PACW,OR,rail,0.000303
35534,ROSEBURG 1,43.2085,-123.422,PACW,OR,road,0.000741
35535,ROSEBURG 2,43.2385,-123.435,PACW,OR,bldg,0.428455
35535,ROSEBURG 2,43.2385,-123.435,PACW,OR,ind,0.083682
35535,ROSEBURG 2,43.2385,-123.435,PACW,OR,rail,0.000288
35535,ROSEBURG 2,43.2385,-123.435,PACW,OR,road,0.000704
35536,WINSTON,43.119,-123.571,PACW,OR,bldg,0.25967
35536,WINSTON,43.119,-123.571,PACW,OR,ind,0.050716
35536,WINSTON,43.119,-123.571,PACW,OR,rail,0.000175
35536,WINSTON,43.119,-123.571,PACW,OR,road,0.000427
35537,PHILOMATH,44.6094,-123.535,BPAT,OR,bldg,0.093597
35537,PHILOMATH,44.6094,-123.535,BPAT,OR,ind,0.026677
35537,PHILOMATH,44.6094,-123.535,BPAT,OR,road,0.000812
35538,RIDDLE,42.8203,-123.445,PACW,OR,bldg,0.199548
35538,RIDDLE,42.8203,-123.445,PACW,OR,ind,0.038974
35538,RIDDLE,42.8203,-123.445,PACW,OR,rail,0.000134
35538,RIDDLE,42.8203,-123.445,PACW,OR,road,0.000328
35539,SHERIDAN 1,45.0786,-123.373,PGE,OR,bldg,0.063522
35539,SHERIDAN 1,45.0786,-123.373,PGE,OR,ind,0.031525
35539,SHERIDAN 1,45.0786,-123.373,PGE,OR,rail,4.3e-05
35539,SHERIDAN 1,45.0786,-123.373,PGE,OR,road,0.001128
35540,GRANTS PASS 1,42.4166,-123.314,PACW,OR,bldg,0.473254
35540,GRANTS PASS 1,42.4166,-123.314,PACW,OR,ind,0.092432
35540,GRANTS PASS 1,42.4166,-123.314,PACW,OR,rail,0.000318
35540,GRANTS PASS 1,42.4166,-123.314,PACW,OR,road,0.000778
35541,GRANTS PASS 2,42.4573,-123.449,PACW,OR,bldg,0.49384
35541,GRANTS PASS 2,42.4573,-123.449,PACW,OR,ind,0.096453
35541,GRANTS PASS 2,42.4573,-123.449,PACW,OR,rail,0.000332
35541,GRANTS PASS 2,42.4573,-123.449,PACW,OR,road,0.000812
35542,VENETA,43.9869,-123.338,BPAT,OR,bldg,0.090864
35542,VENETA,43.9869,-123.338,BPAT,OR,ind,0.025898
35542,VENETA,43.9869,-123.338,BPAT,OR,road,0.000789
35543,MONROE 3,44.2451,-123.451,BPAT,OR,bldg,0.061293
35543,MONROE 3,44.2451,-123.451,BPAT,OR,ind,0.017469
35543,MONROE 3,44.2451,-123.451,BPAT,OR,road,0.000532
35544,DALLAS,44.8767,-123.274,PGE,OR,bldg,0.151028
35544,DALLAS,44.8767,-123.274,PGE,OR,ind,0.074952
35544,DALLAS,44.8767,-123.274,PGE,OR,rail,0.000102
35544,DALLAS,44.8767,-123.274,PGE,OR,road,0.002681
35545,MONMOUTH,44.7378,-123.378,PGE,OR,bldg,0.087387
35545,MONMOUTH,44.7378,-123.378,PGE,OR,ind,0.043368
35545,MONMOUTH,44.7378,-123.378,PGE,OR,rail,5.9e-05
35545,MONMOUTH,44.7378,-123.378,PGE,OR,road,0.001551
35546,GRANTS PASS 3,42.555,-123.297,PACW,OR,bldg,0.480155
35546,GRANTS PASS 3,42.555,-123.297,PACW,OR,ind,0.09378
35546,GRANTS PASS 3,42.555,-123.297,PACW,OR,rail,0.000323
35546,GRANTS PASS 3,42.555,-123.297,PACW,OR,road,0.000789
35547,GRANTS PASS 4,42.5809,-123.379,PACW,OR,bldg,0.480155
35547,GRANTS PASS 4,42.5809,-123.379,PACW,OR,ind,0.09378
35547,GRANTS PASS 4,42.5809,-123.379,PACW,OR,rail,0.000323
35547,GRANTS PASS 4,42.5809,-123.379,PACW,OR,road,0.000789
35548,DRAIN,43.5903,-123.264,PACW,OR,bldg,0.144456
35548,DRAIN,43.5903,-123.264,PACW,OR,ind,0.028214
35548,DRAIN,43.5903,-123.264,PACW,OR,rail,9.7e-05
35548,DRAIN,43.5903,-123.264,PACW,OR,road,0.000237
35549,CORVALLIS 1,44.5588,-123.384,BPAT,OR,bldg,0.229847
35549,CORVALLIS 1,44.5588,-123.384,BPAT,OR,ind,0.065511
35549,CORVALLIS 1,44.5588,-123.384,BPAT,OR,road,0.001995
35550,MCMINNVILLE 1,45.2669,-123.212,PGE,OR,bldg,0.129219
35550,MCMINNVILLE 1,45.2669,-123.212,PGE,OR,ind,0.064129
35550,MCMINNVILLE 1,45.2669,-123.212,PGE,OR,rail,8.7e-05
35550,MCMINNVILLE 1,45.2669,-123.212,PGE,OR,road,0.002294
35551,MCMINNVILLE 2,45.1164,-123.219,PGE,OR,bldg,0.156332
35551,MCMINNVILLE 2,45.1164,-123.219,PGE,OR,ind,0.077585
35551,MCMINNVILLE 2,45.1164,-123.219,PGE,OR,rail,0.000106
35551,MCMINNVILLE 2,45.1164,-123.219,PGE,OR,road,0.002775
35552,JUNCTION CITY,44.2009,-123.303,BPAT,OR,bldg,0.131681
35552,JUNCTION CITY,44.2009,-123.303,BPAT,OR,ind,0.037532
35552,JUNCTION CITY,44.2009,-123.303,BPAT,OR,road,0.001143
35553,CLATSKANIE 1,46.114,-123.188,BPAT,OR,bldg,0.065415
35553,CLATSKANIE 1,46.114,-123.188,BPAT,OR,ind,0.018644
35553,CLATSKANIE 1,46.114,-123.188,BPAT,OR,road,0.000568
35554,CORVALLIS 2,44.7014,-123.324,BPAT,OR,bldg,0.248889
35554,CORVALLIS 2,44.7014,-123.324,BPAT,OR,ind,0.070938
35554,CORVALLIS 2,44.7014,-123.324,BPAT,OR,road,0.00216
35555,CORVALLIS 3,44.6189,-123.246,BPAT,OR,bldg,0.241004
35555,CORVALLIS 3,44.6189,-123.246,BPAT,OR,ind,0.06869
35555,CORVALLIS 3,44.6189,-123.246,BPAT,OR,road,0.002092
35556,ROSEBURG 3,43.3399,-123.262,PACW,OR,bldg,0.56098
35556,ROSEBURG 3,43.3399,-123.262,PACW,OR,ind,0.109565
35556,ROSEBURG 3,43.3399,-123.262,PACW,OR,rail,0.000377
35556,ROSEBURG 3,43.3399,-123.262,PACW,OR,road,0.000922
35557,VERNONIA,45.8409,-123.184,BPAT,OR,bldg,0.039338
35557,VERNONIA,45.8409,-123.184,BPAT,OR,ind,0.011212
35557,VERNONIA,45.8409,-123.184,BPAT,OR,road,0.000341
35558,EUGENE 1,44.086,-123.3,BPAT,OR,bldg,0.305657
35558,EUGENE 1,44.086,-123.3,BPAT,OR,ind,0.087118
35558,EUGENE 1,44.086,-123.3,BPAT,OR,road,0.002653
35559,EUGENE 2,43.9613,-123.22,BPAT,OR,bldg,0.270664
35559,EUGENE 2,43.9613,-123.22,BPAT,OR,ind,0.077144
35559,EUGENE 2,43.9613,-123.22,BPAT,OR,road,0.002349
35560,MYRTLE CREEK,42.9845,-123.278,PACW,OR,bldg,0.380849
35560,MYRTLE CREEK,42.9845,-123.278,PACW,OR,ind,0.074384
35560,MYRTLE CREEK,42.9845,-123.278,PACW,OR,rail,0.000256
35560,MYRTLE CREEK,42.9845,-123.278,PACW,OR,road,0.000626
35561,SUTHERLIN,43.4033,-123.245,PACW,OR,bldg,0.37734
35561,SUTHERLIN,43.4033,-123.245,PACW,OR,ind,0.073699
35561,SUTHERLIN,43.4033,-123.245,PACW,OR,rail,0.000254
35561,SUTHERLIN,43.4033,-123.245,PACW,OR,road,0.00062
35562,GASTON,45.4803,-123.247,PGE,OR,bldg,0.055954
35562,GASTON,45.4803,-123.247,PGE,OR,ind,0.027769
35562,GASTON,45.4803,-123.247,PGE,OR,rail,3.8e-05
35562,GASTON,45.4803,-123.247,PGE,OR,road,0.000993
35563,EUGENE 3,43.8513,-123.248,BPAT,OR,bldg,0.244185
35563,EUGENE 3,43.8513,-123.248,BPAT,OR,ind,0.069597
35563,EUGENE 3,43.8513,-123.248,BPAT,OR,road,0.002119
35564,EUGENE 4,44.0216,-123.263,BPAT,OR,bldg,0.240018
35564,EUGENE 4,44.0216,-123.263,BPAT,OR,ind,0.068409
35564,EUGENE 4,44.0216,-123.263,BPAT,OR,road,0.002083
35565,FOREST GROVE,45.4992,-123.078,PGE,OR,bldg,0.172361
35565,FOREST GROVE,45.4992,-123.078,PGE,OR,ind,0.08554
35565,FOREST GROVE,45.4992,-123.078,PGE,OR,rail,0.000117
35565,FOREST GROVE,45.4992,-123.078,PGE,OR,road,0.00306
35566,ALBANY 1,44.7405,-123.132,BPAT,OR,bldg,0.268066
35566,ALBANY 1,44.7405,-123.132,BPAT,OR,ind,0.076404
35566,ALBANY 1,44.7405,-123.132,BPAT,OR,road,0.002327
35567,ROGUE RIVER,42.5653,-123.223,PACW,OR,bldg,0.194167
35567,ROGUE RIVER,42.5653,-123.223,PACW,OR,ind,0.037923
35567,ROGUE RIVER,42.5653,-123.223,PACW,OR,rail,0.000131
35567,ROGUE RIVER,42.5653,-123.223,PACW,OR,road,0.000319
35568,INDEPENDENCE,44.89,-123.235,PGE,OR,bldg,0.073712
35568,INDEPENDENCE,44.89,-123.235,PGE,OR,ind,0.036582
35568,INDEPENDENCE,44.89,-123.235,PGE,OR,rail,5e-05
35568,INDEPENDENCE,44.89,-123.235,PGE,OR,road,0.001309
35569,EUGENE 5,44.1554,-123.156,BPAT,OR,bldg,0.173438
35569,EUGENE 5,44.1554,-123.156,BPAT,OR,ind,0.049433
35569,EUGENE 5,44.1554,-123.156,BPAT,OR,road,0.001505
35570,EUGENE 6,44.1049,-123.14,BPAT,OR,bldg,0.173438
35570,EUGENE 6,44.1049,-123.14,BPAT,OR,ind,0.049433
35570,EUGENE 6,44.1049,-123.14,BPAT,OR,road,0.001505
35571,BANKS,45.627,-123.19,PGE,OR,bldg,0.042636
35571,BANKS,45.627,-123.19,PGE,OR,ind,0.02116
35571,BANKS,45.627,-123.19,PGE,OR,rail,2.9e-05
35571,BANKS,45.627,-123.19,PGE,OR,road,0.000757
35572,SALEM 1,45.0728,-123.107,PGE,OR,bldg,0.101718
35572,SALEM 1,45.0728,-123.107,PGE,OR,ind,0.050481
35572,SALEM 1,45.0728,-123.107,PGE,OR,rail,6.9e-05
35572,SALEM 1,45.0728,-123.107,PGE,OR,road,0.001806
35573,SALEM 2,44.9707,-123.022,PGE,OR,bldg,0.101718
35573,SALEM 2,44.9707,-123.022,PGE,OR,ind,0.050481
35573,SALEM 2,44.9707,-123.022,PGE,OR,rail,6.9e-05
35573,SALEM 2,44.9707,-123.022,PGE,OR,road,0.001806
35574,SALEM 3,44.7515,-123.133,BPAT,OR,bldg,0.147093
35574,SALEM 3,44.7515,-123.133,BPAT,OR,ind,0.041924
35574,SALEM 3,44.7515,-123.133,BPAT,OR,road,0.001277
35575,SALEM 4,44.7599,-123.099,PGE,OR,bldg,0.097815
35575,SALEM 4,44.7599,-123.099,PGE,OR,ind,0.048544
35575,SALEM 4,44.7599,-123.099,PGE,OR,rail,6.6e-05
35575,SALEM 4,44.7599,-123.099,PGE,OR,road,0.001736
35576,EUGENE 7,44.1049,-122.986,BPAT,OR,bldg,0.217884
35576,EUGENE 7,44.1049,-122.986,BPAT,OR,ind,0.062101
35576,EUGENE 7,44.1049,-122.986,BPAT,OR,road,0.001891
35577,EUGENE 8,44.052,-123.101,BPAT,OR,bldg,0.217884
35577,EUGENE 8,44.052,-123.101,BPAT,OR,ind,0.062101
35577,EUGENE 8,44.052,-123.101,BPAT,OR,road,0.001891
35578,DAYTON 6,45.2576,-123.142,PGE,OR,bldg,0.060781
35578,DAYTON 6,45.2576,-123.142,PGE,OR,ind,0.030164
35578,DAYTON 6,45.2576,-123.142,PGE,OR,rail,4.1e-05
35578,DAYTON 6,45.2576,-123.142,PGE,OR,road,0.001079
35579,SALEM 5,44.8875,-123.074,PGE,OR,bldg,0.132764
35579,SALEM 5,44.8875,-123.074,PGE,OR,ind,0.065888
35579,SALEM 5,44.8875,-123.074,PGE,OR,rail,9e-05
35579,SALEM 5,44.8875,-123.074,PGE,OR,road,0.002357
35580,SALEM 6,44.9694,-123.159,PGE,OR,bldg,0.137978
35580,SALEM 6,44.9694,-123.159,PGE,OR,ind,0.068476
35580,SALEM 6,44.9694,-123.159,PGE,OR,rail,9.3e-05
35580,SALEM 6,44.9694,-123.159,PGE,OR,road,0.002449
35581,GOLD HILL,42.4264,-123.065,PACW,OR,bldg,0.129133
35581,GOLD HILL,42.4264,-123.065,PACW,OR,ind,0.025221
35581,GOLD HILL,42.4264,-123.065,PACW,OR,rail,8.7e-05
35581,GOLD HILL,42.4264,-123.065,PACW,OR,road,0.000212
35582,EUGENE 9,44.1243,-123.091,BPAT,OR,bldg,0.125946
35582,EUGENE 9,44.1243,-123.091,BPAT,OR,ind,0.035897
35582,EUGENE 9,44.1243,-123.091,BPAT,OR,road,0.001093
35583,JACKSONVILLE,42.0725,-123.083,PACW,OR,bldg,0.256044
35583,JACKSONVILLE,42.0725,-123.083,PACW,OR,ind,0.050009
35583,JACKSONVILLE,42.0725,-123.083,PACW,OR,rail,0.000172
35583,JACKSONVILLE,42.0725,-123.083,PACW,OR,road,0.000421
35584,HARRISBURG,44.2789,-123.049,BPAT,OR,bldg,0.051749
35584,HARRISBURG,44.2789,-123.049,BPAT,OR,ind,0.014749
35584,HARRISBURG,44.2789,-123.049,BPAT,OR,road,0.000449
35585,EUGENE 10,44.0002,-123.106,BPAT,OR,bldg,0.12496
35585,EUGENE 10,44.0002,-123.106,BPAT,OR,ind,0.035616
35585,EUGENE 10,44.0002,-123.106,BPAT,OR,road,0.001085
35586,CORNELIUS,45.5167,-123.003,PGE,OR,bldg,0.101212
35586,CORNELIUS,45.5167,-123.003,PGE,OR,ind,0.050229
35586,CORNELIUS,45.5167,-123.003,PGE,OR,rail,6.8e-05
35586,CORNELIUS,45.5167,-123.003,PGE,OR,road,0.001797
35587,CRESWELL,43.8105,-123.045,BPAT,OR,bldg,0.104484
35587,CRESWELL,43.8105,-123.045,BPAT,OR,ind,0.02978
35587,CRESWELL,43.8105,-123.045,BPAT,OR,road,0.000907
35588,JEFFERSON,44.7812,-123.052,PGE,OR,bldg,0.040074
35588,JEFFERSON,44.7812,-123.052,PGE,OR,ind,0.019888
35588,JEFFERSON,44.7812,-123.052,PGE,OR,rail,2.7e-05
35588,JEFFERSON,44.7812,-123.052,PGE,OR,road,0.000711
35589,SALEM 7,45.0186,-123.035,PGE,OR,bldg,0.138246
35589,SALEM 7,45.0186,-123.035,PGE,OR,ind,0.068609
35589,SALEM 7,45.0186,-123.035,PGE,OR,rail,9.4e-05
35589,SALEM 7,45.0186,-123.035,PGE,OR,road,0.002454
35590,SALEM 8,44.9338,-123.062,PGE,OR,bldg,0.138246
35590,SALEM 8,44.9338,-123.062,PGE,OR,ind,0.068609
35590,SALEM 8,44.9338,-123.062,PGE,OR,rail,9.4e-05
35590,SALEM 8,44.9338,-123.062,PGE,OR,road,0.002454
35591,NORTH PLAINS,45.699,-122.954,PGE,OR,bldg,0.028603
35591,NORTH PLAINS,45.699,-122.954,PGE,OR,ind,0.014195
35591,NORTH PLAINS,45.699,-122.954,PGE,OR,rail,1.9e-05
35591,NORTH PLAINS,45.699,-122.954,PGE,OR,road,0.000508
35592,ALBANY 2,44.6932,-123.068,BPAT,OR,bldg,0.183027
35592,ALBANY 2,44.6932,-123.068,BPAT,OR,ind,0.052166
35592,ALBANY 2,44.6932,-123.068,BPAT,OR,road,0.001589
35593,ALBANY 3,44.6757,-123.034,BPAT,OR,bldg,0.183027
35593,ALBANY 3,44.6757,-123.034,BPAT,OR,ind,0.052166
35593,ALBANY 3,44.6757,-123.034,BPAT,OR,road,0.001589
35594,GLIDE,43.2909,-122.941,PACW,OR,bldg,0.062695
35594,GLIDE,43.2909,-122.941,PACW,OR,ind,0.012245
35594,GLIDE,43.2909,-122.941,PACW,OR,rail,4.2e-05
35594,GLIDE,43.2909,-122.941,PACW,OR,road,0.000103
35595,COTTAGE GROVE,43.7481,-122.958,BPAT,OR,bldg,0.199156
35595,COTTAGE GROVE,43.7481,-122.958,BPAT,OR,ind,0.056763
35595,COTTAGE GROVE,43.7481,-122.958,BPAT,OR,road,0.001729
35596,SPRINGFIELD 1,44.1148,-122.98,BPAT,OR,bldg,0.19826
35596,SPRINGFIELD 1,44.1148,-122.98,BPAT,OR,ind,0.056508
35596,SPRINGFIELD 1,44.1148,-122.98,BPAT,OR,road,0.001721
35597,SPRINGFIELD 2,43.9963,-122.96,BPAT,OR,bldg,0.225546
35597,SPRINGFIELD 2,43.9963,-122.96,BPAT,OR,ind,0.064285
35597,SPRINGFIELD 2,43.9963,-122.96,BPAT,OR,road,0.001958
35598,SALEM 9,44.9005,-123.09,PGE,OR,bldg,0.19134
35598,SALEM 9,44.9005,-123.09,PGE,OR,ind,0.094959
35598,SALEM 9,44.9005,-123.09,PGE,OR,rail,0.000129
35598,SALEM 9,44.9005,-123.09,PGE,OR,road,0.003397
35599,SALEM 10,44.8689,-123.058,PGE,OR,bldg,0.19134
35599,SALEM 10,44.8689,-123.058,PGE,OR,ind,0.094959
35599,SALEM 10,44.8689,-123.058,PGE,OR,rail,0.000129
35599,SALEM 10,44.8689,-123.058,PGE,OR,road,0.003397
35600,NEWBERG 1,45.3382,-123.0,PGE,OR,bldg,0.153263
35600,NEWBERG 1,45.3382,-123.0,PGE,OR,ind,0.076062
35600,NEWBERG 1,45.3382,-123.0,PGE,OR,rail,0.000104
35600,NEWBERG 1,45.3382,-123.0,PGE,OR,road,0.002721
35601,NEWBERG 2,45.4173,-122.936,PGE,OR,bldg,0.101093
35601,NEWBERG 2,45.4173,-122.936,PGE,OR,ind,0.050171
35601,NEWBERG 2,45.4173,-122.936,PGE,OR,rail,6.8e-05
35601,NEWBERG 2,45.4173,-122.936,PGE,OR,road,0.001795
35602,RAINIER 2,46.0529,-123.051,BPAT,OR,bldg,0.071956
35602,RAINIER 2,46.0529,-123.051,BPAT,OR,ind,0.020509
35602,RAINIER 2,46.0529,-123.051,BPAT,OR,road,0.000625
35603,HILLSBORO 1,45.4409,-123.052,PGE,OR,bldg,0.159222
35603,HILLSBORO 1,45.4409,-123.052,PGE,OR,ind,0.079019
35603,HILLSBORO 1,45.4409,-123.052,PGE,OR,rail,0.000108
35603,HILLSBORO 1,45.4409,-123.052,PGE,OR,road,0.002827
35604,HILLSBORO 2,45.355,-122.963,PGE,OR,bldg,0.159222
35604,HILLSBORO 2,45.355,-122.963,PGE,OR,ind,0.079019
35604,HILLSBORO 2,45.355,-122.963,PGE,OR,rail,0.000108
35604,HILLSBORO 2,45.355,-122.963,PGE,OR,road,0.002827
35605,SCAPPOOSE,45.8141,-122.886,BPAT,OR,bldg,0.179532
35605,SCAPPOOSE,45.8141,-122.886,BPAT,OR,ind,0.05117
35605,SCAPPOOSE,45.8141,-122.886,BPAT,OR,phase1,0.076654
35605,SCAPPOOSE,45.8141,-122.886,BPAT,OR,road,0.001558
35606,GERVAIS,45.1923,-122.991,PGE,OR,bldg,0.036617
35606,GERVAIS,45.1923,-122.991,PGE,OR,ind,0.018173
35606,GERVAIS,45.1923,-122.991,PGE,OR,rail,2.5e-05
35606,GERVAIS,45.1923,-122.991,PGE,OR,road,0.00065
35607,CENTRAL POINT 1,42.358,-122.884,PACW,OR,bldg,0.388686
35607,CENTRAL POINT 1,42.358,-122.884,PACW,OR,ind,0.075915
35607,CENTRAL POINT 1,42.358,-122.884,PACW,OR,rail,0.000261
35607,CENTRAL POINT 1,42.358,-122.884,PACW,OR,road,0.000639
35608,CENTRAL POINT 2,42.3531,-123.03,PACW,OR,bldg,0.388686
35608,CENTRAL POINT 2,42.3531,-123.03,PACW,OR,ind,0.075915
35608,CENTRAL POINT 2,42.3531,-123.03,PACW,OR,rail,0.000261
35608,CENTRAL POINT 2,42.3531,-123.03,PACW,OR,road,0.000639
35609,SAINT HELENS,45.949,-122.972,BPAT,OR,bldg,0.188582
35609,SAINT HELENS,45.949,-122.972,BPAT,OR,ind,0.053749
35609,SAINT HELENS,45.949,-122.972,BPAT,OR,road,0.001637
35610,HILLSBORO 3,45.5182,-122.938,PGE,OR,bldg,0.172868
35610,HILLSBORO 3,45.5182,-122.938,PGE,OR,ind,0.085791
35610,HILLSBORO 3,45.5182,-122.938,PGE,OR,rail,0.000117
35610,HILLSBORO 3,45.5182,-122.938,PGE,OR,road,0.003069
35611,HILLSBORO 4,45.5012,-122.96,PGE,OR,bldg,0.172868
35611,HILLSBORO 4,45.5012,-122.96,PGE,OR,ind,0.085791
35611,HILLSBORO 4,45.5012,-122.96,PGE,OR,rail,0.000117
35611,HILLSBORO 4,45.5012,-122.96,PGE,OR,road,0.003069
35612,BROWNSVILLE,44.3853,-123.016,BPAT,OR,bldg,0.058201
35612,BROWNSVILLE,44.3853,-123.016,BPAT,OR,ind,0.016588
35612,BROWNSVILLE,44.3853,-123.016,BPAT,OR,phase1,0.044868
35612,BROWNSVILLE,44.3853,-123.016,BPAT,OR,road,0.000505
35613,TURNER,44.7395,-122.905,PGE,OR,bldg,0.037124
35613,TURNER,44.7395,-122.905,PGE,OR,ind,0.018424
35613,TURNER,44.7395,-122.905,PGE,OR,rail,2.5e-05
35613,TURNER,44.7395,-122.905,PGE,OR,road,0.000659
35614,SALEM 11,45.0701,-122.972,PGE,OR,bldg,0.143639
35614,SALEM 11,45.0701,-122.972,PGE,OR,ind,0.071286
35614,SALEM 11,45.0701,-122.972,PGE,OR,rail,9.7e-05
35614,SALEM 11,45.0701,-122.972,PGE,OR,road,0.00255
35615,SALEM 12,44.9877,-122.898,PGE,OR,bldg,0.143639
35615,SALEM 12,44.9877,-122.898,PGE,OR,ind,0.071286
35615,SALEM 12,44.9877,-122.898,PGE,OR,rail,9.7e-05
35615,SALEM 12,44.9877,-122.898,PGE,OR,road,0.00255
35616,WHITE CITY 1,42.518,-122.908,PACW,OR,bldg,0.295579
35616,WHITE CITY 1,42.518,-122.908,PACW,OR,ind,0.05773
35616,WHITE CITY 1,42.518,-122.908,PACW,OR,rail,0.000199
35616,WHITE CITY 1,42.518,-122.908,PACW,OR,road,0.000486
35617,SALEM 13,44.9415,-122.928,PGE,OR,bldg,0.174149
35617,SALEM 13,44.9415,-122.928,PGE,OR,ind,0.086427
35617,SALEM 13,44.9415,-122.928,PGE,OR,rail,0.000118
35617,SALEM 13,44.9415,-122.928,PGE,OR,road,0.003092
35618,MEDFORD 1,42.3427,-122.87,PACW,OR,bldg,0.591158
35618,MEDFORD 1,42.3427,-122.87,PACW,OR,ind,0.11546
35618,MEDFORD 1,42.3427,-122.87,PACW,OR,rail,0.000397
35618,MEDFORD 1,42.3427,-122.87,PACW,OR,road,0.000972
35619,MEDFORD 2,42.233,-122.943,PACW,OR,bldg,0.591158
35619,MEDFORD 2,42.233,-122.943,PACW,OR,ind,0.11546
35619,MEDFORD 2,42.233,-122.943,PACW,OR,rail,0.000397
35619,MEDFORD 2,42.233,-122.943,PACW,OR,road,0.000972
35620,BEAVERTON 1,45.3594,-122.914,PGE,OR,bldg,0.279592
35620,BEAVERTON 1,45.3594,-122.914,PGE,OR,ind,0.138756
35620,BEAVERTON 1,45.3594,-122.914,PGE,OR,rail,0.000189
35620,BEAVERTON 1,45.3594,-122.914,PGE,OR,road,0.004963
35621,BEAVERTON 2,45.4657,-122.837,PGE,OR,bldg,0.239369
35621,BEAVERTON 2,45.4657,-122.837,PGE,OR,ind,0.118794
35621,BEAVERTON 2,45.4657,-122.837,PGE,OR,rail,0.000162
35621,BEAVERTON 2,45.4657,-122.837,PGE,OR,road,0.004249
35622,SHERWOOD,45.4213,-122.884,PGE,OR,bldg,0.167862
35622,SHERWOOD,45.4213,-122.884,PGE,OR,ind,0.083307
35622,SHERWOOD,45.4213,-122.884,PGE,OR,rail,0.000114
35622,SHERWOOD,45.4213,-122.884,PGE,OR,road,0.00298
35623,BEAVERTON 3,45.5972,-122.8,PGE,OR,bldg,0.225366
35623,BEAVERTON 3,45.5972,-122.8,PGE,OR,ind,0.111845
35623,BEAVERTON 3,45.5972,-122.8,PGE,OR,rail,0.000152
35623,BEAVERTON 3,45.5972,-122.8,PGE,OR,road,0.004001
35624,BEAVERTON 4,45.6164,-122.813,PGE,OR,bldg,0.225366
35624,BEAVERTON 4,45.6164,-122.813,PGE,OR,ind,0.111845
35624,BEAVERTON 4,45.6164,-122.813,PGE,OR,rail,0.000152
35624,BEAVERTON 4,45.6164,-122.813,PGE,OR,road,0.004001
35625,AUMSVILLE,44.8785,-122.894,PGE,OR,bldg,0.047284
35625,AUMSVILLE,44.8785,-122.894,PGE,OR,ind,0.023466
35625,AUMSVILLE,44.8785,-122.894,PGE,OR,rail,3.2e-05
35625,AUMSVILLE,44.8785,-122.894,PGE,OR,road,0.000839
35626,SPRINGFIELD 3,44.1256,-122.883,BPAT,OR,bldg,0.198977
35626,SPRINGFIELD 3,44.1256,-122.883,BPAT,OR,ind,0.056712
35626,SPRINGFIELD 3,44.1256,-122.883,BPAT,OR,road,0.001727
35627,SPRINGFIELD 4,44.0649,-122.765,BPAT,OR,bldg,0.211791
35627,SPRINGFIELD 4,44.0649,-122.765,BPAT,OR,ind,0.060364
35627,SPRINGFIELD 4,44.0649,-122.765,BPAT,OR,road,0.001838
35628,DEXTER 1,43.8388,-122.834,BPAT,OR,bldg,0.040369
35628,DEXTER 1,43.8388,-122.834,BPAT,OR,ind,0.011506
35628,DEXTER 1,43.8388,-122.834,BPAT,OR,road,0.00035
35629,WOODBURN 1,45.2229,-122.734,PGE,OR,bldg,0.10297
35629,WOODBURN 1,45.2229,-122.734,PGE,OR,ind,0.051102
35629,WOODBURN 1,45.2229,-122.734,PGE,OR,rail,7e-05
35629,WOODBURN 1,45.2229,-122.734,PGE,OR,road,0.001828
35630,WOODBURN 2,45.1929,-122.878,PGE,OR,bldg,0.10297
35630,WOODBURN 2,45.1929,-122.878,PGE,OR,ind,0.051102
35630,WOODBURN 2,45.1929,-122.878,PGE,OR,rail,7e-05
35630,WOODBURN 2,45.1929,-122.878,PGE,OR,road,0.001828
35631,LEBANON 1,44.5034,-122.861,BPAT,OR,bldg,0.153859
35631,LEBANON 1,44.5034,-122.861,BPAT,OR,ind,0.043852
35631,LEBANON 1,44.5034,-122.861,BPAT,OR,road,0.001335
35632,LEBANON 2,44.5094,-122.913,BPAT,OR,bldg,0.153859
35632,LEBANON 2,44.5094,-122.913,BPAT,OR,ind,0.043852
35632,LEBANON 2,44.5094,-122.913,BPAT,OR,road,0.001335
35633,TALENT,42.1441,-122.735,PACW,OR,bldg,0.222591
35633,TALENT,42.1441,-122.735,PACW,OR,ind,0.043474
35633,TALENT,42.1441,-122.735,PACW,OR,rail,0.00015
35633,TALENT,42.1441,-122.735,PACW,OR,road,0.000366
35634,PHOENIX 1,42.1838,-122.722,PACW,OR,bldg,0.141649
35634,PHOENIX 1,42.1838,-122.722,PACW,OR,ind,0.027665
35634,PHOENIX 1,42.1838,-122.722,PACW,OR,rail,9.5e-05
35634,PHOENIX 1,42.1838,-122.722,PACW,OR,road,0.000233
35635,PORTLAND 1,45.5639,-122.844,PGE,OR,bldg,0.208144
35635,PORTLAND 1,45.5639,-122.844,PGE,OR,ind,0.103298
35635,PORTLAND 1,45.5639,-122.844,PGE,OR,rail,0.000141
35635,PORTLAND 1,45.5639,-122.844,PGE,OR,road,0.003695
35636,PORTLAND 2,45.6271,-122.898,PGE,OR,bldg,0.208144
35636,PORTLAND 2,45.6271,-122.898,PGE,OR,ind,0.103298
35636,PORTLAND 2,45.6271,-122.898,PGE,OR,rail,0.000141
35636,PORTLAND 2,45.6271,-122.898,PGE,OR,road,0.003695
35637,BEAVERTON 5,45.3733,-122.753,PGE,OR,bldg,0.103566
35637,BEAVERTON 5,45.3733,-122.753,PGE,OR,ind,0.051397
35637,BEAVERTON 5,45.3733,-122.753,PGE,OR,rail,7e-05
35637,BEAVERTON 5,45.3733,-122.753,PGE,OR,road,0.001839
35638,BEAVERTON 6,45.5193,-122.839,PGE,OR,bldg,0.103566
35638,BEAVERTON 6,45.5193,-122.839,PGE,OR,ind,0.051397
35638,BEAVERTON 6,45.5193,-122.839,PGE,OR,rail,7e-05
35638,BEAVERTON 6,45.5193,-122.839,PGE,OR,road,0.001839
35639,BEAVERTON 7,45.5864,-122.872,PGE,OR,bldg,0.178082
35639,BEAVERTON 7,45.5864,-122.872,PGE,OR,ind,0.088378
35639,BEAVERTON 7,45.5864,-122.872,PGE,OR,rail,0.00012
35639,BEAVERTON 7,45.5864,-122.872,PGE,OR,road,0.003161
35640,MEDFORD 3,42.276,-122.709,PACW,OR,bldg,0.623792
35640,MEDFORD 3,42.276,-122.709,PACW,OR,ind,0.121833
35640,MEDFORD 3,42.276,-122.709,PACW,OR,rail,0.000419
35640,MEDFORD 3,42.276,-122.709,PACW,OR,road,0.001025
35641,MEDFORD 4,42.4147,-122.775,PACW,OR,bldg,0.623792
35641,MEDFORD 4,42.4147,-122.775,PACW,OR,ind,0.121833
35641,MEDFORD 4,42.4147,-122.775,PACW,OR,rail,0.000419
35641,MEDFORD 4,42.4147,-122.775,PACW,OR,road,0.001025
35642,PORTLAND 3,45.4822,-122.886,PGE,OR,bldg,0.111282
35642,PORTLAND 3,45.4822,-122.886,PGE,OR,ind,0.055228
35642,PORTLAND 3,45.4822,-122.886,PGE,OR,rail,7.5e-05
35642,PORTLAND 3,45.4822,-122.886,PGE,OR,road,0.001975
35643,PORTLAND 4,45.4635,-122.823,PGE,OR,bldg,0.111282
35643,PORTLAND 4,45.4635,-122.823,PGE,OR,ind,0.055228
35643,PORTLAND 4,45.4635,-122.823,PGE,OR,rail,7.5e-05
35643,PORTLAND 4,45.4635,-122.823,PGE,OR,road,0.001975
35644,SHADY COVE,42.487,-122.763,PACW,OR,bldg,0.162001
35644,SHADY COVE,42.487,-122.763,PACW,OR,ind,0.031641
35644,SHADY COVE,42.487,-122.763,PACW,OR,rail,0.000109
35644,SHADY COVE,42.487,-122.763,PACW,OR,road,0.000266
35645,HUBBARD,45.1224,-122.838,PGE,OR,bldg,0.037333
35645,HUBBARD,45.1224,-122.838,PGE,OR,ind,0.018528
35645,HUBBARD,45.1224,-122.838,PGE,OR,rail,2.5e-05
35645,HUBBARD,45.1224,-122.838,PGE,OR,road,0.000663
35646,PORTLAND 5,45.4701,-122.767,PGE,OR,bldg,0.166968
35646,PORTLAND 5,45.4701,-122.767,PGE,OR,ind,0.082864
35646,PORTLAND 5,45.4701,-122.767,PGE,OR,rail,0.000113
35646,PORTLAND 5,45.4701,-122.767,PGE,OR,road,0.002964
35647,PORTLAND 6,45.4294,-122.816,PGE,OR,bldg,0.166968
35647,PORTLAND 6,45.4294,-122.816,PGE,OR,ind,0.082864
35647,PORTLAND 6,45.4294,-122.816,PGE,OR,rail,0.000113
35647,PORTLAND 6,45.4294,-122.816,PGE,OR,road,0.002964
35648,WILSONVILLE,45.2759,-122.709,PGE,OR,bldg,0.149866
35648,WILSONVILLE,45.2759,-122.709,PGE,OR,ind,0.074376
35648,WILSONVILLE,45.2759,-122.709,PGE,OR,rail,0.000101
35648,WILSONVILLE,45.2759,-122.709,PGE,OR,road,0.00266
35649,MOUNT ANGEL,45.0517,-122.688,PGE,OR,bldg,0.031016
35649,MOUNT ANGEL,45.0517,-122.688,PGE,OR,ind,0.015393
35649,MOUNT ANGEL,45.0517,-122.688,PGE,OR,rail,2.1e-05
35649,MOUNT ANGEL,45.0517,-122.688,PGE,OR,road,0.000551
35650,PORTLAND 7,45.5323,-122.731,PGE,OR,bldg,0.172868
35650,PORTLAND 7,45.5323,-122.731,PGE,OR,ind,0.085791
35650,PORTLAND 7,45.5323,-122.731,PGE,OR,rail,0.000117
35650,PORTLAND 7,45.5323,-122.731,PGE,OR,road,0.003069
35651,TUALATIN 1,45.3646,-122.717,PGE,OR,bldg,0.098083
35651,TUALATIN 1,45.3646,-122.717,PGE,OR,ind,0.048677
35651,TUALATIN 1,45.3646,-122.717,PGE,OR,rail,6.6e-05
35651,TUALATIN 1,45.3646,-122.717,PGE,OR,road,0.001741
35652,TUALATIN 2,45.432,-122.857,PGE,OR,bldg,0.098083
35652,TUALATIN 2,45.432,-122.857,PGE,OR,ind,0.048677
35652,TUALATIN 2,45.432,-122.857,PGE,OR,rail,6.6e-05
35652,TUALATIN 2,45.432,-122.857,PGE,OR,road,0.001741
35653,PORTLAND 8,45.5179,-122.66,PGE,OR,bldg,0.110985
35653,PORTLAND 8,45.5179,-122.66,PGE,OR,ind,0.055079
35653,PORTLAND 8,45.5179,-122.66,PGE,OR,rail,7.5e-05
35653,PORTLAND 8,45.5179,-122.66,PGE,OR,road,0.00197
35654,PORTLAND 9,45.6011,-122.713,PGE,OR,bldg,0.110985
35654,PORTLAND 9,45.6011,-122.713,PGE,OR,ind,0.055079
35654,PORTLAND 9,45.6011,-122.713,PGE,OR,rail,7.5e-05
35654,PORTLAND 9,45.6011,-122.713,PGE,OR,road,0.00197
35655,PORTLAND 10,45.4612,-122.741,PGE,OR,bldg,0.083156
35655,PORTLAND 10,45.4612,-122.741,PGE,OR,ind,0.041269
35655,PORTLAND 10,45.4612,-122.741,PGE,OR,rail,5.6e-05
35655,PORTLAND 10,45.4612,-122.741,PGE,OR,road,0.001476
35656,SWEET HOME,44.3595,-122.681,BPAT,OR,bldg,0.175768
35656,SWEET HOME,44.3595,-122.681,BPAT,OR,ind,0.050097
35656,SWEET HOME,44.3595,-122.681,BPAT,OR,road,0.001526
35657,PORTLAND 11,45.5637,-122.781,PGE,OR,bldg,0.132824
35657,PORTLAND 11,45.5637,-122.781,PGE,OR,ind,0.065918
35657,PORTLAND 11,45.5637,-122.781,PGE,OR,rail,9e-05
35657,PORTLAND 11,45.5637,-122.781,PGE,OR,road,0.002358
35658,LAKE OSWEGO 1,45.397,-122.789,PGE,OR,bldg,0.170991
35658,LAKE OSWEGO 1,45.397,-122.789,PGE,OR,ind,0.08486
35658,LAKE OSWEGO 1,45.397,-122.789,PGE,OR,rail,0.000116
35658,LAKE OSWEGO 1,45.397,-122.789,PGE,OR,road,0.003035
35659,STAYTON,44.702,-122.788,BPAT,OR,bldg,0.194721
35659,STAYTON,44.702,-122.788,BPAT,OR,ind,0.055499
35659,STAYTON,44.702,-122.788,BPAT,OR,road,0.00169
35660,SILVERTON,44.9164,-122.746,PGE,OR,bldg,0.105204
35660,SILVERTON,44.9164,-122.746,PGE,OR,ind,0.052211
35660,SILVERTON,44.9164,-122.746,PGE,OR,rail,7.1e-05
35660,SILVERTON,44.9164,-122.746,PGE,OR,road,0.001868
35661,PORTLAND 12,45.5781,-122.707,PGE,OR,bldg,0.112415
35661,PORTLAND 12,45.5781,-122.707,PGE,OR,ind,0.055789
35661,PORTLAND 12,45.5781,-122.707,PGE,OR,rail,7.6e-05
35661,PORTLAND 12,45.5781,-122.707,PGE,OR,road,0.001996
35662,PORTLAND 13,45.5821,-122.783,PGE,OR,bldg,0.112415
35662,PORTLAND 13,45.5821,-122.783,PGE,OR,ind,0.055789
35662,PORTLAND 13,45.5821,-122.783,PGE,OR,rail,7.6e-05
35662,PORTLAND 13,45.5821,-122.783,PGE,OR,road,0.001996
35663,PORTLAND 14,45.4389,-122.781,PGE,OR,bldg,0.138395
35663,PORTLAND 14,45.4389,-122.781,PGE,OR,ind,0.068684
35663,PORTLAND 14,45.4389,-122.781,PGE,OR,rail,9.4e-05
35663,PORTLAND 14,45.4389,-122.781,PGE,OR,road,0.002457
35664,PORTLAND 15,45.4942,-122.605,PGE,OR,bldg,0.249112
35664,PORTLAND 15,45.4942,-122.605,PGE,OR,ind,0.12363
35664,PORTLAND 15,45.4942,-122.605,PGE,OR,rail,0.000169
35664,PORTLAND 15,45.4942,-122.605,PGE,OR,road,0.004422
35665,PORTLAND 16,45.4157,-122.743,PGE,OR,bldg,0.101182
35665,PORTLAND 16,45.4157,-122.743,PGE,OR,ind,0.050215
35665,PORTLAND 16,45.4157,-122.743,PGE,OR,rail,6.8e-05
35665,PORTLAND 16,45.4157,-122.743,PGE,OR,road,0.001796
35666,PORTLAND 17,45.4804,-122.724,PGE,OR,bldg,0.106903
35666,PORTLAND 17,45.4804,-122.724,PGE,OR,ind,0.053054
35666,PORTLAND 17,45.4804,-122.724,PGE,OR,rail,7.2e-05
35666,PORTLAND 17,45.4804,-122.724,PGE,OR,road,0.001898
35667,LAKE OSWEGO 2,45.3764,-122.61,PGE,OR,bldg,0.135178
35667,LAKE OSWEGO 2,45.3764,-122.61,PGE,OR,ind,0.067086
35667,LAKE OSWEGO 2,45.3764,-122.61,PGE,OR,rail,9.1e-05
35667,LAKE OSWEGO 2,45.3764,-122.61,PGE,OR,road,0.0024
35668,WEST LINN 1,45.4451,-122.747,PGE,OR,bldg,0.101212
35668,WEST LINN 1,45.4451,-122.747,PGE,OR,ind,0.050229
35668,WEST LINN 1,45.4451,-122.747,PGE,OR,rail,6.8e-05
35668,WEST LINN 1,45.4451,-122.747,PGE,OR,road,0.001797
35669,WEST LINN 2,45.4277,-122.711,PGE,OR,bldg,0.101212
35669,WEST LINN 2,45.4277,-122.711,PGE,OR,ind,0.050229
35669,WEST LINN 2,45.4277,-122.711,PGE,OR,rail,6.8e-05
35669,WEST LINN 2,45.4277,-122.711,PGE,OR,road,0.001797
35670,CANBY,45.2832,-122.737,PGE,OR,bldg,0.162231
35670,CANBY,45.2832,-122.737,PGE,OR,ind,0.080512
35670,CANBY,45.2832,-122.737,PGE,OR,rail,0.00011
35670,CANBY,45.2832,-122.737,PGE,OR,road,0.00288
35671,EAGLE POINT,42.377,-122.635,PACW,OR,bldg,0.424361
35671,EAGLE POINT,42.377,-122.635,PACW,OR,ind,0.082882
35671,EAGLE POINT,42.377,-122.635,PACW,OR,rail,0.000285
35671,EAGLE POINT,42.377,-122.635,PACW,OR,road,0.000698
35672,PORTLAND 18,45.504,-122.696,PGE,OR,bldg,0.138574
35672,PORTLAND 18,45.504,-122.696,PGE,OR,ind,0.068772
35672,PORTLAND 18,45.504,-122.696,PGE,OR,rail,9.4e-05
35672,PORTLAND 18,45.504,-122.696,PGE,OR,road,0.00246
35673,PORTLAND 19,45.4669,-122.604,PGE,OR,bldg,0.138574
35673,PORTLAND 19,45.4669,-122.604,PGE,OR,ind,0.068772
35673,PORTLAND 19,45.4669,-122.604,PGE,OR,rail,9.4e-05
35673,PORTLAND 19,45.4669,-122.604,PGE,OR,road,0.00246
35674,PORTLAND 20,45.4399,-122.726,PGE,OR,bldg,0.082024
35674,PORTLAND 20,45.4399,-122.726,PGE,OR,ind,0.040707
35674,PORTLAND 20,45.4399,-122.726,PGE,OR,rail,5.5e-05
35674,PORTLAND 20,45.4399,-122.726,PGE,OR,road,0.001456
35675,PORTLAND 21,45.5869,-122.624,PGE,OR,bldg,0.20004
35675,PORTLAND 21,45.5869,-122.624,PGE,OR,ind,0.099276
35675,PORTLAND 21,45.5869,-122.624,PGE,OR,rail,0.000135
35675,PORTLAND 21,45.5869,-122.624,PGE,OR,road,0.003551
35676,PORTLAND 22,45.4518,-122.626,PGE,OR,bldg,0.170276
35676,PORTLAND 22,45.4518,-122.626,PGE,OR,ind,0.084505
35676,PORTLAND 22,45.4518,-122.626,PGE,OR,rail,0.000115
35676,PORTLAND 22,45.4518,-122.626,PGE,OR,road,0.003023
35677,PORTLAND 23,45.5764,-122.572,PGE,OR,bldg,0.111729
35677,PORTLAND 23,45.5764,-122.572,PGE,OR,ind,0.05545
35677,PORTLAND 23,45.5764,-122.572,PGE,OR,rail,7.6e-05
35677,PORTLAND 23,45.5764,-122.572,PGE,OR,road,0.001983
35678,PORTLAND 24,45.6788,-122.722,BPAT,OR,bldg,0.214076
35678,PORTLAND 24,45.6788,-122.722,BPAT,OR,ind,0.061016
35678,PORTLAND 24,45.6788,-122.722,BPAT,OR,road,0.001858
35679,PORTLAND 25,45.3561,-122.626,PGE,OR,bldg,0.125048
35679,PORTLAND 25,45.3561,-122.626,PGE,OR,ind,0.062059
35679,PORTLAND 25,45.3561,-122.626,PGE,OR,phase1,0.045278
35679,PORTLAND 25,45.3561,-122.626,PGE,OR,rail,8.5e-05
35679,PORTLAND 25,45.3561,-122.626,PGE,OR,road,0.00222
35680,PORTLAND 26,45.3694,-122.626,PGE,OR,bldg,0.125048
35680,PORTLAND 26,45.3694,-122.626,PGE,OR,ind,0.062059
35680,PORTLAND 26,45.3694,-122.626,PGE,OR,rail,8.5e-05
35680,PORTLAND 26,45.3694,-122.626,PGE,OR,road,0.00222
35681,PORTLAND 27,45.4963,-122.62,PGE,OR,bldg,0.110269
35681,PORTLAND 27,45.4963,-122.62,PGE,OR,ind,0.054724
35681,PORTLAND 27,45.4963,-122.62,PGE,OR,rail,7.5e-05
35681,PORTLAND 27,45.4963,-122.62,PGE,OR,road,0.001958
35682,PORTLAND 28,45.3213,-122.542,PGE,OR,bldg,0.110269
35682,PORTLAND 28,45.3213,-122.542,PGE,OR,ind,0.054724
35682,PORTLAND 28,45.3213,-122.542,PGE,OR,rail,7.5e-05
35682,PORTLAND 28,45.3213,-122.542,PGE,OR,road,0.001958
35683,PORTLAND 29,45.5749,-122.532,PGE,OR,bldg,0.104132
35683,PORTLAND 29,45.5749,-122.532,PGE,OR,ind,0.051679
35683,PORTLAND 29,45.5749,-122.532,PGE,OR,rail,7e-05
35683,PORTLAND 29,45.5749,-122.532,PGE,OR,road,0.001849
35684,PORTLAND 30,45.4899,-122.629,PGE,OR,bldg,0.117092
35684,PORTLAND 30,45.4899,-122.629,PGE,OR,ind,0.058111
35684,PORTLAND 30,45.4899,-122.629,PGE,OR,rail,7.9e-05
35684,PORTLAND 30,45.4899,-122.629,PGE,OR,road,0.002079
35685,PORTLAND 31,45.6262,-122.565,BPAT,OR,bldg,0.157085
35685,PORTLAND 31,45.6262,-122.565,BPAT,OR,ind,0.044772
35685,PORTLAND 31,45.6262,-122.565,BPAT,OR,road,0.001363
35686,PORTLAND 32,45.5726,-122.665,PGE,OR,bldg,0.10446
35686,PORTLAND 32,45.5726,-122.665,PGE,OR,ind,0.051841
35686,PORTLAND 32,45.5726,-122.665,PGE,OR,rail,7.1e-05
35686,PORTLAND 32,45.5726,-122.665,PGE,OR,road,0.001854
35687,PORTLAND 33,45.5661,-122.577,PGE,OR,bldg,0.170186
35687,PORTLAND 33,45.5661,-122.577,PGE,OR,ind,0.08446
35687,PORTLAND 33,45.5661,-122.577,PGE,OR,rail,0.000115
35687,PORTLAND 33,45.5661,-122.577,PGE,OR,road,0.003021
35688,PORTLAND 34,45.5151,-122.646,PGE,OR,bldg,0.170186
35688,PORTLAND 34,45.5151,-122.646,PGE,OR,ind,0.08446
35688,PORTLAND 34,45.5151,-122.646,PGE,OR,rail,0.000115
35688,PORTLAND 34,45.5151,-122.646,PGE,OR,road,0.003021
35689,GLADSTONE,45.2892,-122.515,PGE,OR,bldg,0.086732
35689,GLADSTONE,45.2892,-122.515,PGE,OR,ind,0.043043
35689,GLADSTONE,45.2892,-122.515,PGE,OR,rail,5.9e-05
35689,GLADSTONE,45.2892,-122.515,PGE,OR,road,0.00154
35690,ASHLAND,42.2276,-122.584,PACW,OR,bldg,0.686955
35690,ASHLAND,42.2276,-122.584,PACW,OR,ind,0.13417
35690,ASHLAND,42.2276,-122.584,PACW,OR,rail,0.000462
35690,ASHLAND,42.2276,-122.584,PACW,OR,road,0.001129
35691,PORTLAND 35,45.5498,-122.58,PGE,OR,bldg,0.101867
35691,PORTLAND 35,45.5498,-122.58,PGE,OR,ind,0.050555
35691,PORTLAND 35,45.5498,-122.58,PGE,OR,rail,6.9e-05
35691,PORTLAND 35,45.5498,-122.58,PGE,OR,road,0.001808
35692,PORTLAND 36,45.6494,-122.544,BPAT,OR,bldg,0.153187
35692,PORTLAND 36,45.6494,-122.544,BPAT,OR,ind,0.043661
35692,PORTLAND 36,45.6494,-122.544,BPAT,OR,road,0.00133
35693,MOLALLA,45.1696,-122.602,PGE,OR,bldg,0.108065
35693,MOLALLA,45.1696,-122.602,PGE,OR,ind,0.05363
35693,MOLALLA,45.1696,-122.602,PGE,OR,rail,7.3e-05
35693,MOLALLA,45.1696,-122.602,PGE,OR,road,0.001918
35694,PORTLAND 37,45.5992,-122.648,PGE,OR,bldg,0.11891
35694,PORTLAND 37,45.5992,-122.648,PGE,OR,ind,0.059013
35694,PORTLAND 37,45.5992,-122.648,PGE,OR,rail,8e-05
35694,PORTLAND 37,45.5992,-122.648,PGE,OR,road,0.002111
35695,PORTLAND 38,45.5115,-122.597,PGE,OR,bldg,0.119059
35695,PORTLAND 38,45.5115,-122.597,PGE,OR,ind,0.059087
35695,PORTLAND 38,45.5115,-122.597,PGE,OR,rail,8.1e-05
35695,PORTLAND 38,45.5115,-122.597,PGE,OR,road,0.002114
35696,PORTLAND 39,45.4499,-122.544,PGE,OR,bldg,0.119059
35696,PORTLAND 39,45.4499,-122.544,PGE,OR,ind,0.059087
35696,PORTLAND 39,45.4499,-122.544,PGE,OR,rail,8.1e-05
35696,PORTLAND 39,45.4499,-122.544,PGE,OR,road,0.002114
35697,CLACKAMAS,45.4465,-122.485,PGE,OR,bldg,0.139587
35697,CLACKAMAS,45.4465,-122.485,PGE,OR,ind,0.069275
35697,CLACKAMAS,45.4465,-122.485,PGE,OR,rail,9.4e-05
35697,CLACKAMAS,45.4465,-122.485,PGE,OR,road,0.002478
35698,OREGON CITY 1,45.2537,-122.569,PGE,OR,bldg,0.204539
35698,OREGON CITY 1,45.2537,-122.569,PGE,OR,ind,0.101509
35698,OREGON CITY 1,45.2537,-122.569,PGE,OR,rail,0.000138
35698,OREGON CITY 1,45.2537,-122.569,PGE,OR,road,0.003631
35699,OREGON CITY 2,45.3769,-122.622,PGE,OR,bldg,0.183623
35699,OREGON CITY 2,45.3769,-122.622,PGE,OR,ind,0.091129
35699,OREGON CITY 2,45.3769,-122.622,PGE,OR,rail,0.000124
35699,OREGON CITY 2,45.3769,-122.622,PGE,OR,road,0.00326
35700,HAPPY VALLEY 1,45.5198,-122.623,PGE,OR,bldg,0.092989
35700,HAPPY VALLEY 1,45.5198,-122.623,PGE,OR,ind,0.046148
35700,HAPPY VALLEY 1,45.5198,-122.623,PGE,OR,rail,6.3e-05
35700,HAPPY VALLEY 1,45.5198,-122.623,PGE,OR,road,0.001651
35701,HAPPY VALLEY 2,45.5405,-122.539,PGE,OR,bldg,0.092989
35701,HAPPY VALLEY 2,45.5405,-122.539,PGE,OR,ind,0.046148
35701,HAPPY VALLEY 2,45.5405,-122.539,PGE,OR,rail,6.3e-05
35701,HAPPY VALLEY 2,45.5405,-122.539,PGE,OR,road,0.001651
35702,PORTLAND 40,45.3912,-122.505,PGE,OR,bldg,0.131751
35702,PORTLAND 40,45.3912,-122.505,PGE,OR,ind,0.065386
35702,PORTLAND 40,45.3912,-122.505,PGE,OR,rail,8.9e-05
35702,PORTLAND 40,45.3912,-122.505,PGE,OR,road,0.002339
35703,PORTLAND 41,45.5391,-122.525,PGE,OR,bldg,0.131751
35703,PORTLAND 41,45.5391,-122.525,PGE,OR,ind,0.065386
35703,PORTLAND 41,45.5391,-122.525,PGE,OR,rail,8.9e-05
35703,PORTLAND 41,45.5391,-122.525,PGE,OR,road,0.002339
35704,PORTLAND 42,45.4955,-122.513,PGE,OR,bldg,0.14212
35704,PORTLAND 42,45.4955,-122.513,PGE,OR,ind,0.070532
35704,PORTLAND 42,45.4955,-122.513,PGE,OR,rail,9.6e-05
35704,PORTLAND 42,45.4955,-122.513,PGE,OR,road,0.002523
35705,PORTLAND 43,45.6203,-122.524,BPAT,OR,bldg,0.213718
35705,PORTLAND 43,45.6203,-122.524,BPAT,OR,ind,0.060914
35705,PORTLAND 43,45.6203,-122.524,BPAT,OR,road,0.001855
35706,PORTLAND 44,45.5273,-122.6,PGE,OR,bldg,0.140749
35706,PORTLAND 44,45.5273,-122.6,PGE,OR,ind,0.069852
35706,PORTLAND 44,45.5273,-122.6,PGE,OR,rail,9.5e-05
35706,PORTLAND 44,45.5273,-122.6,PGE,OR,road,0.002499
35707,PORTLAND 45,45.4829,-122.476,PGE,OR,bldg,0.140749
35707,PORTLAND 45,45.4829,-122.476,PGE,OR,ind,0.069852
35707,PORTLAND 45,45.4829,-122.476,PGE,OR,rail,9.5e-05
35707,PORTLAND 45,45.4829,-122.476,PGE,OR,road,0.002499
35708,BEAVERCREEK,45.2556,-122.467,PGE,OR,bldg,0.05226
35708,BEAVERCREEK,45.2556,-122.467,PGE,OR,ind,0.025936
35708,BEAVERCREEK,45.2556,-122.467,PGE,OR,rail,3.5e-05
35708,BEAVERCREEK,45.2556,-122.467,PGE,OR,road,0.000928
35709,DAMASCUS,45.4882,-122.351,PGE,OR,bldg,0.085719
35709,DAMASCUS,45.4882,-122.351,PGE,OR,ind,0.042541
35709,DAMASCUS,45.4882,-122.351,PGE,OR,rail,5.8e-05
35709,DAMASCUS,45.4882,-122.351,PGE,OR,road,0.001522
35710,FAIRVIEW 1,45.6415,-122.484,BPAT,OR,bldg,0.11013
35710,FAIRVIEW 1,45.6415,-122.484,BPAT,OR,ind,0.031389
35710,FAIRVIEW 1,45.6415,-122.484,BPAT,OR,road,0.000956
35711,GRESHAM 1,45.5671,-122.371,PGE,OR,bldg,0.131185
35711,GRESHAM 1,45.5671,-122.371,PGE,OR,ind,0.065105
35711,GRESHAM 1,45.5671,-122.371,PGE,OR,rail,8.9e-05
35711,GRESHAM 1,45.5671,-122.371,PGE,OR,road,0.002329
35712,GRESHAM 2,45.4673,-122.467,PGE,OR,bldg,0.131185
35712,GRESHAM 2,45.4673,-122.467,PGE,OR,ind,0.065105
35712,GRESHAM 2,45.4673,-122.467,PGE,OR,rail,8.9e-05
35712,GRESHAM 2,45.4673,-122.467,PGE,OR,road,0.002329
35713,LYONS 1,44.8281,-122.447,PGE,OR,bldg,0.043619
35713,LYONS 1,44.8281,-122.447,PGE,OR,ind,0.021647
35713,LYONS 1,44.8281,-122.447,PGE,OR,rail,3e-05
35713,LYONS 1,44.8281,-122.447,PGE,OR,road,0.000774
35714,GRESHAM 3,45.5013,-122.473,PGE,OR,bldg,0.146202
35714,GRESHAM 3,45.5013,-122.473,PGE,OR,ind,0.072557
35714,GRESHAM 3,45.5013,-122.473,PGE,OR,rail,9.9e-05
35714,GRESHAM 3,45.5013,-122.473,PGE,OR,road,0.002595
35715,GRESHAM 4,45.4232,-122.4,PGE,OR,bldg,0.172808
35715,GRESHAM 4,45.4232,-122.4,PGE,OR,ind,0.085761
35715,GRESHAM 4,45.4232,-122.4,PGE,OR,rail,0.000117
35715,GRESHAM 4,45.4232,-122.4,PGE,OR,road,0.003068
35716,OAKRIDGE,43.713,-122.308,BPAT,OR,bldg,0.049957
35716,OAKRIDGE,43.713,-122.308,BPAT,OR,ind,0.014238
35716,OAKRIDGE,43.713,-122.308,BPAT,OR,road,0.000434
35717,TROUTDALE,45.5688,-122.272,BPAT,OR,bldg,0.242079
35717,TROUTDALE,45.5688,-122.272,BPAT,OR,ind,0.068997
35717,TROUTDALE,45.5688,-122.272,BPAT,OR,road,0.002101
35718,BORING,45.5193,-122.272,PGE,OR,bldg,0.078121
35718,BORING,45.5193,-122.272,PGE,OR,ind,0.03877
35718,BORING,45.5193,-122.272,PGE,OR,rail,5.3e-05
35718,BORING,45.5193,-122.272,PGE,OR,road,0.001387
35719,ESTACADA 1,45.2504,-122.28,PGE,OR,bldg,0.070315
35719,ESTACADA 1,45.2504,-122.28,PGE,OR,ind,0.034896
35719,ESTACADA 1,45.2504,-122.28,PGE,OR,rail,4.8e-05
35719,ESTACADA 1,45.2504,-122.28,PGE,OR,road,0.001248
35720,SANDY 1,45.3824,-122.175,PGE,OR,bldg,0.14352
35720,SANDY 1,45.3824,-122.175,PGE,OR,ind,0.071226
35720,SANDY 1,45.3824,-122.175,PGE,OR,rail,9.7e-05
35720,SANDY 1,45.3824,-122.175,PGE,OR,road,0.002548
35721,KLAMATH FALLS 1,42.4035,-122.148,PACW,OR,bldg,0.632916
35721,KLAMATH FALLS 1,42.4035,-122.148,PACW,OR,ind,0.123615
35721,KLAMATH FALLS 1,42.4035,-122.148,PACW,OR,rail,0.000425
35721,KLAMATH FALLS 1,42.4035,-122.148,PACW,OR,road,0.00104
35722,SISTERS,44.4473,-121.98,BPAT,OR,bldg,0.069626
35722,SISTERS,44.4473,-121.98,BPAT,OR,ind,0.019845
35722,SISTERS,44.4473,-121.98,BPAT,OR,road,0.000604
35723,KLAMATH FALLS 2,42.2055,-121.628,PACW,OR,bldg,0.420033
35723,KLAMATH FALLS 2,42.2055,-121.628,PACW,OR,ind,0.082037
35723,KLAMATH FALLS 2,42.2055,-121.628,PACW,OR,rail,0.000282
35723,KLAMATH FALLS 2,42.2055,-121.628,PACW,OR,road,0.00069
35724,KLAMATH FALLS 3,42.0984,-121.734,PACW,OR,bldg,0.414419
35724,KLAMATH FALLS 3,42.0984,-121.734,PACW,OR,ind,0.080941
35724,KLAMATH FALLS 3,42.0984,-121.734,PACW,OR,rail,0.000279
35724,KLAMATH FALLS 3,42.0984,-121.734,PACW,OR,road,0.000681
35725,CHILOQUIN,43.0194,-121.631,PACW,OR,bldg,0.129133
35725,CHILOQUIN,43.0194,-121.631,PACW,OR,ind,0.025221
35725,CHILOQUIN,43.0194,-121.631,PACW,OR,rail,8.7e-05
35725,CHILOQUIN,43.0194,-121.631,PACW,OR,road,0.000212
35726,MOUNT HOOD PARKDALE,45.4636,-121.695,PGE,OR,bldg,0.042964
35726,MOUNT HOOD PARKDALE,45.4636,-121.695,PGE,OR,ind,0.021322
35726,MOUNT HOOD PARKDALE,45.4636,-121.695,PGE,OR,rail,2.9e-05
35726,MOUNT HOOD PARKDALE,45.4636,-121.695,PGE,OR,road,0.000763
35727,HOOD RIVER,45.7223,-121.549,PGE,OR,bldg,0.131394
35727,HOOD RIVER,45.7223,-121.549,PGE,OR,ind,0.065208
35727,HOOD RIVER,45.7223,-121.549,PGE,OR,rail,8.9e-05
35727,HOOD RIVER,45.7223,-121.549,PGE,OR,road,0.002333
35728,BEND 1,43.886,-121.495,BPAT,OR,bldg,0.062502
35728,BEND 1,43.886,-121.495,BPAT,OR,ind,0.017815
35728,BEND 1,43.886,-121.495,BPAT,OR,road,0.000542
35729,LA PINE,43.637,-121.371,BPAT,OR,bldg,0.125587
35729,LA PINE,43.637,-121.371,BPAT,OR,ind,0.035795
35729,LA PINE,43.637,-121.371,BPAT,OR,road,0.00109
35730,MALIN,42.0133,-121.524,PACW,OR,bldg,0.079305
35730,MALIN,42.0133,-121.524,PACW,OR,ind,0.01549
35730,MALIN,42.0133,-121.524,PACW,OR,rail,5.3e-05
35730,MALIN,42.0133,-121.524,PACW,OR,road,0.00013
35731,BONANZA,42.1897,-121.348,PACW,OR,bldg,0.105505
35731,BONANZA,42.1897,-121.348,PACW,OR,ind,0.020607
35731,BONANZA,42.1897,-121.348,PACW,OR,rail,7.1e-05
35731,BONANZA,42.1897,-121.348,PACW,OR,road,0.000173
35732,WARM SPRINGS,44.8021,-121.214,BPAT,OR,bldg,0.054482
35732,WARM SPRINGS,44.8021,-121.214,BPAT,OR,ind,0.015529
35732,WARM SPRINGS,44.8021,-121.214,BPAT,OR,road,0.000473
35733,BEND 2,44.0067,-121.302,BPAT,OR,bldg,0.218198
35733,BEND 2,44.0067,-121.302,BPAT,OR,ind,0.06219
35733,BEND 2,44.0067,-121.302,BPAT,OR,road,0.001894
35734,BEND 3,44.0749,-121.191,BPAT,OR,bldg,0.218198
35734,BEND 3,44.0749,-121.191,BPAT,OR,ind,0.06219
35734,BEND 3,44.0749,-121.191,BPAT,OR,road,0.001894
35735,TERREBONNE,44.3835,-121.256,BPAT,OR,bldg,0.072673
35735,TERREBONNE,44.3835,-121.256,BPAT,OR,ind,0.020713
35735,TERREBONNE,44.3835,-121.256,BPAT,OR,road,0.000631
35736,REDMOND 4,44.2071,-121.153,BPAT,OR,bldg,0.202068
35736,REDMOND 4,44.2071,-121.153,BPAT,OR,ind,0.057593
35736,REDMOND 4,44.2071,-121.153,BPAT,OR,road,0.001754
35737,REDMOND 5,44.2292,-121.221,BPAT,OR,bldg,0.180383
35737,REDMOND 5,44.2292,-121.221,BPAT,OR,ind,0.051412
35737,REDMOND 5,44.2292,-121.221,BPAT,OR,road,0.001566
35738,BEND 4,44.1983,-121.267,BPAT,OR,bldg,0.317171
35738,BEND 4,44.1983,-121.267,BPAT,OR,ind,0.0904
35738,BEND 4,44.1983,-121.267,BPAT,OR,road,0.002753
35739,BEND 5,44.16,-121.228,BPAT,OR,bldg,0.317171
35739,BEND 5,44.16,-121.228,BPAT,OR,ind,0.0904
35739,BEND 5,44.16,-121.228,BPAT,OR,road,0.002753
35740,THE DALLES 1,45.6311,-121.183,BPAT,OR,bldg,0.238405
35740,THE DALLES 1,45.6311,-121.183,BPAT,OR,ind,0.06795
35740,THE DALLES 1,45.6311,-121.183,BPAT,OR,road,0.002069
35741,MADRAS 1,44.5742,-120.989,BPAT,OR,bldg,0.13289
35741,MADRAS 1,44.5742,-120.989,BPAT,OR,ind,0.037876
35741,MADRAS 1,44.5742,-120.989,BPAT,OR,road,0.001153
35742,PRINEVILLE,44.1967,-120.661,BPAT,OR,bldg,0.201979
35742,PRINEVILLE,44.1967,-120.661,BPAT,OR,ind,0.057567
35742,PRINEVILLE,44.1967,-120.661,BPAT,OR,road,0.001753
35743,CHRISTMAS VALLEY,43.1784,-120.449,BPAT,OR,bldg,0.022537
35743,CHRISTMAS VALLEY,43.1784,-120.449,BPAT,OR,ind,0.006423
35743,CHRISTMAS VALLEY,43.1784,-120.449,BPAT,OR,road,0.000196
35744,LAKEVIEW,42.2839,-120.409,BPAT,OR,bldg,0.061427
35744,LAKEVIEW,42.2839,-120.409,BPAT,OR,ind,0.017508
35744,LAKEVIEW,42.2839,-120.409,BPAT,OR,road,0.000533
35745,BOARDMAN 1,45.8281,-119.975,BPAT,OR,bldg,0.044715
35745,BOARDMAN 1,45.8281,-119.975,BPAT,OR,ind,0.012745
35745,BOARDMAN 1,45.8281,-119.975,BPAT,OR,road,0.000388
35746,IRRIGON,45.8928,-119.585,BPAT,OR,bldg,0.040907
35746,IRRIGON,45.8928,-119.585,BPAT,OR,road,0.000355
35747,HEPPNER,45.3645,-119.454,BPAT,OR,bldg,0.021327
35747,HEPPNER,45.3645,-119.454,BPAT,OR,road,0.000185
35748,UMATILLA 1,45.9145,-119.451,BPAT,OR,bldg,0.083426
35748,UMATILLA 1,45.9145,-119.451,BPAT,OR,road,0.000724
35749,HERMISTON 1,45.7648,-119.197,BPAT,OR,bldg,0.147945
35749,HERMISTON 1,45.7648,-119.197,BPAT,OR,ind,0.042167
35749,HERMISTON 1,45.7648,-119.197,BPAT,OR,road,0.001284
35750,HERMISTON 2,45.8201,-119.225,BPAT,OR,bldg,0.164343
35750,HERMISTON 2,45.8201,-119.225,BPAT,OR,ind,0.046841
35750,HERMISTON 2,45.8201,-119.225,BPAT,OR,road,0.001426
35751,JOHN DAY,44.4751,-118.99,BPAT,OR,bldg,0.082351
35751,JOHN DAY,44.4751,-118.99,BPAT,OR,ind,0.023471
35751,JOHN DAY,44.4751,-118.99,BPAT,OR,road,0.000715
35752,BURNS 1,43.6553,-118.878,BPAT,OR,bldg,0.078811
35752,BURNS 1,43.6553,-118.878,BPAT,OR,ind,0.022463
35752,BURNS 1,43.6553,-118.878,BPAT,OR,road,0.000684
35753,PILOT ROCK,45.3753,-118.783,BPAT,OR,bldg,0.024329
35753,PILOT ROCK,45.3753,-118.783,BPAT,OR,ind,0.006934
35753,PILOT ROCK,45.3753,-118.783,BPAT,OR,road,0.000211
35754,PENDLETON,45.657,-118.889,BPAT,OR,bldg,0.240197
35754,PENDLETON,45.657,-118.889,BPAT,OR,ind,0.068461
35754,PENDLETON,45.657,-118.889,BPAT,OR,road,0.002085
35755,MILTON FREEWATER 1,45.8727,-118.277,BPAT,OR,bldg,0.153007
35755,MILTON FREEWATER 1,45.8727,-118.277,BPAT,OR,ind,0.04361
35755,MILTON FREEWATER 1,45.8727,-118.277,BPAT,OR,road,0.001328
35756,WALLA WALLA 1,46.178,-118.329,BPAT,OR,bldg,0.220752
35756,WALLA WALLA 1,46.178,-118.329,BPAT,OR,ind,0.062918
35756,WALLA WALLA 1,46.178,-118.329,BPAT,OR,road,0.001916
35757,WALLA WALLA 2,46.1518,-118.296,BPAT,OR,bldg,0.220752
35757,WALLA WALLA 2,46.1518,-118.296,BPAT,OR,ind,0.062918
35757,WALLA WALLA 2,46.1518,-118.296,BPAT,OR,road,0.001916
35758,LA GRANDE,45.3353,-118.2,BPAT,OR,bldg,0.196423
35758,LA GRANDE,45.3353,-118.2,BPAT,OR,ind,0.055984
35758,LA GRANDE,45.3353,-118.2,BPAT,OR,road,0.001705
35759,ELGIN,45.6436,-117.846,BPAT,OR,bldg,0.028272
35759,ELGIN,45.6436,-117.846,BPAT,OR,ind,0.008058
35759,ELGIN,45.6436,-117.846,BPAT,OR,road,0.000245
35760,BAKER CITY,44.8738,-117.705,BPAT,OR,bldg,0.143778
35760,BAKER CITY,44.8738,-117.705,BPAT,OR,ind,0.040979
35760,BAKER CITY,44.8738,-117.705,BPAT,OR,road,0.001248
35761,UNION 1,45.2283,-117.683,BPAT,OR,bldg,0.044446
35761,UNION 1,45.2283,-117.683,BPAT,OR,ind,0.012668
35761,UNION 1,45.2283,-117.683,BPAT,OR,road,0.000386
35762,VALE 1,44.1013,-117.297,IPCO,OR,bldg,0.07857
35762,VALE 1,44.1013,-117.297,IPCO,OR,ind,0.12085
35762,VALE 1,44.1013,-117.297,IPCO,OR,road,0.000197
35763,ENTERPRISE 1,45.6648,-117.293,BPAT,OR,bldg,0.053362
35763,ENTERPRISE 1,45.6648,-117.293,BPAT,OR,ind,0.015209
35763,ENTERPRISE 1,45.6648,-117.293,BPAT,OR,road,0.000463
35764,ONTARIO 1,44.0355,-117.032,IPCO,OR,bldg,0.278112
35764,ONTARIO 1,44.0355,-117.032,IPCO,OR,ind,0.427768
35764,ONTARIO 1,44.0355,-117.032,IPCO,OR,road,0.000696
35765,JOSEPH,45.4945,-116.946,BPAT,OR,bldg,0.021999
35765,JOSEPH,45.4945,-116.946,BPAT,OR,ind,0.00627
35765,JOSEPH,45.4945,-116.946,BPAT,OR,road,0.000191
35767,ARLINGTON 3,45.7119,-120.125,BPAT,OR,bldg,0.006945
35767,ARLINGTON 3,45.7119,-120.125,BPAT,OR,ind,0.001979
35767,ARLINGTON 3,45.7119,-120.125,BPAT,OR,road,6e-05
35768,KENO,42.0936,-122.07,PACW,OR,bldg,0.021873
35768,KENO,42.0936,-122.07,PACW,OR,ind,0.004272
35768,KENO,42.0936,-122.07,PACW,OR,rail,1.5e-05
35768,KENO,42.0936,-122.07,PACW,OR,road,3.6e-05
35770,HELIX 1,46.0128,-118.816,BPAT,OR,bldg,0.003898
35770,HELIX 1,46.0128,-118.816,BPAT,OR,ind,0.001111
35770,HELIX 1,46.0128,-118.816,BPAT,OR,road,3.4e-05
35771,ARLINGTON 4,45.6525,-120.21,BPAT,OR,bldg,0.00914
35771,ARLINGTON 4,45.6525,-120.21,BPAT,OR,ind,0.002605
35771,ARLINGTON 4,45.6525,-120.21,BPAT,OR,road,7.9e-05
35773,UNION 2,45.0852,-117.816,BPAT,OR,bldg,0.017832
35773,UNION 2,45.0852,-117.816,BPAT,OR,ind,0.005082
35773,UNION 2,45.0852,-117.816,BPAT,OR,road,0.000155
35774,WASCO 1,45.5836,-120.504,BPAT,OR,bldg,0.007258
35774,WASCO 1,45.5836,-120.504,BPAT,OR,ind,0.002069
35774,WASCO 1,45.5836,-120.504,BPAT,OR,road,6.3e-05
35775,LOWELL 1,44.7224,-122.251,PGE,OR,bldg,0.008879
35775,LOWELL 1,44.7224,-122.251,PGE,OR,ind,0.004406
35775,LOWELL 1,44.7224,-122.251,PGE,OR,rail,6e-06
35775,LOWELL 1,44.7224,-122.251,PGE,OR,road,0.000158
35776,NEWBERG 3,45.2879,-122.963,PGE,OR,bldg,0.005661
35776,NEWBERG 3,45.2879,-122.963,PGE,OR,ind,0.00281
35776,NEWBERG 3,45.2879,-122.963,PGE,OR,rail,4e-06
35776,NEWBERG 3,45.2879,-122.963,PGE,OR,road,0.0001
35777,THE DALLES 2,45.7164,-120.694,BPAT,OR,bldg,0.002912
35777,THE DALLES 2,45.7164,-120.694,BPAT,OR,ind,0.00083
35777,THE DALLES 2,45.7164,-120.694,BPAT,OR,road,2.5e-05
35779,CLATSKANIE 3,46.154,-123.407,BPAT,OR,phase1,0.409527
35780,LOWELL 2,43.7107,-122.424,BPAT,OR,bldg,0.006407
35780,LOWELL 2,43.7107,-122.424,BPAT,OR,ind,0.001826
35780,LOWELL 2,43.7107,-122.424,BPAT,OR,road,5.6e-05
35781,CONDON,45.2766,-120.279,BPAT,OR,bldg,0.022357
35781,CONDON,45.2766,-120.279,BPAT,OR,ind,0.006372
35781,CONDON,45.2766,-120.279,BPAT,OR,road,0.000194
35783,KLAMATH FALLS 4,42.1727,-121.814,PACW,OR,bldg,0.005965
35783,KLAMATH FALLS 4,42.1727,-121.814,PACW,OR,ind,0.001165
35783,KLAMATH FALLS 4,42.1727,-121.814,PACW,OR,rail,4e-06
35783,KLAMATH FALLS 4,42.1727,-121.814,PACW,OR,road,1e-05
35784,MADRAS 2,44.6058,-121.277,BPAT,OR,bldg,0.032663
35784,MADRAS 2,44.6058,-121.277,BPAT,OR,ind,0.009309
35784,MADRAS 2,44.6058,-121.277,BPAT,OR,road,0.000283
35785,MORO,45.52,-120.574,BPAT,OR,bldg,0.008782
35785,MORO,45.52,-120.574,BPAT,OR,ind,0.002503
35785,MORO,45.52,-120.574,BPAT,OR,road,7.6e-05
35786,LOWELL 3,44.1307,-122.244,BPAT,OR,bldg,0.0207
35786,LOWELL 3,44.1307,-122.244,BPAT,OR,ind,0.0059
35786,LOWELL 3,44.1307,-122.244,BPAT,OR,road,0.00018
35787,HERMISTON 4,45.8042,-119.37,BPAT,OR,phase1,0.083229
35788,OXBOW 1,44.9716,-116.835,IPCO,OR,bldg,0.015202
35788,OXBOW 1,44.9716,-116.835,IPCO,OR,ind,0.008235
35788,OXBOW 1,44.9716,-116.835,IPCO,OR,road,3.8e-05
35790,BOARDMAN 2,45.848,-119.674,BPAT,OR,bldg,0.005108
35790,BOARDMAN 2,45.848,-119.674,BPAT,OR,phase1,0.136498
35790,BOARDMAN 2,45.848,-119.674,BPAT,OR,road,4.4e-05
35792,SPRINGFIELD 5,44.0569,-122.956,BPAT,OR,phase1,0.129521
35794,TOLEDO 2,44.6119,-123.932,BPAT,OR,bldg,0.015682
35794,TOLEDO 2,44.6119,-123.932,BPAT,OR,ind,0.004469
35794,TOLEDO 2,44.6119,-123.932,BPAT,OR,phase1,0.18734
35794,TOLEDO 2,44.6119,-123.932,BPAT,OR,road,0.000136
35827,EUREKA 1,40.8174,-124.094,CISO-PGAE,CA,bldg,0.129273
35827,EUREKA 1,40.8174,-124.094,CISO-PGAE,CA,ind,0.047023
35827,EUREKA 1,40.8174,-124.094,CISO-PGAE,CA,rail,0.000887
35827,EUREKA 1,40.8174,-124.094,CISO-PGAE,CA,road,0.005305
35828,FORTUNA,40.6101,-124.205,CISO-PGAE,CA,bldg,0.140234
35828,FORTUNA,40.6101,-124.205,CISO-PGAE,CA,ind,0.051009
35828,FORTUNA,40.6101,-124.205,CISO-PGAE,CA,rail,0.000962
35828,FORTUNA,40.6101,-124.205,CISO-PGAE,CA,road,0.005754
35829,EUREKA 2,40.6799,-124.203,CISO-PGAE,CA,bldg,0.129214
35829,EUREKA 2,40.6799,-124.203,CISO-PGAE,CA,ind,0.047001
35829,EUREKA 2,40.6799,-124.203,CISO-PGAE,CA,rail,0.000886
35829,EUREKA 2,40.6799,-124.203,CISO-PGAE,CA,road,0.005302
35830,ARCATA,40.8106,-124.094,CISO-PGAE,CA,bldg,0.116284
35830,ARCATA,40.8106,-124.094,CISO-PGAE,CA,ind,0.042298
35830,ARCATA,40.8106,-124.094,CISO-PGAE,CA,rail,0.000798
35830,ARCATA,40.8106,-124.094,CISO-PGAE,CA,road,0.004772
35831,CRESCENT CITY,41.9152,-124.134,PACW,CA,bldg,0.602036
35831,CRESCENT CITY,41.9152,-124.134,PACW,CA,ind,0.095282
35831,CRESCENT CITY,41.9152,-124.134,PACW,CA,rail,0.000405
35831,CRESCENT CITY,41.9152,-124.134,PACW,CA,road,0.00099
35832,MCKINLEYVILLE,41.0489,-124.042,CISO-PGAE,CA,bldg,0.117195
35832,MCKINLEYVILLE,41.0489,-124.042,CISO-PGAE,CA,ind,0.042628
35832,MCKINLEYVILLE,41.0489,-124.042,CISO-PGAE,CA,rail,0.000804
35832,MCKINLEYVILLE,41.0489,-124.042,CISO-PGAE,CA,road,0.004809
35833,GARBERVILLE,40.0947,-123.749,CISO-PGAE,CA,bldg,0.049076
35833,GARBERVILLE,40.0947,-123.749,CISO-PGAE,CA,ind,0.017851
35833,GARBERVILLE,40.0947,-123.749,CISO-PGAE,CA,rail,0.000337
35833,GARBERVILLE,40.0947,-123.749,CISO-PGAE,CA,road,0.002014
35834,MENDOCINO,39.2883,-123.803,CISO-PGAE,CA,bldg,0.038203
35834,MENDOCINO,39.2883,-123.803,CISO-PGAE,CA,ind,0.013896
35834,MENDOCINO,39.2883,-123.803,CISO-PGAE,CA,rail,0.000262
35834,MENDOCINO,39.2883,-123.803,CISO-PGAE,CA,road,0.001568
35835,FORT BRAGG,39.4902,-123.661,CISO-PGAE,CA,bldg,0.079756
35835,FORT BRAGG,39.4902,-123.661,CISO-PGAE,CA,ind,0.029011
35835,FORT BRAGG,39.4902,-123.661,CISO-PGAE,CA,rail,0.000547
35835,FORT BRAGG,39.4902,-123.661,CISO-PGAE,CA,road,0.003273
35836,HOOPA,41.109,-123.696,CISO-PGAE,CA,bldg,0.040348
35836,HOOPA,41.109,-123.696,CISO-PGAE,CA,ind,0.014676
35836,HOOPA,41.109,-123.696,CISO-PGAE,CA,rail,0.000277
35836,HOOPA,41.109,-123.696,CISO-PGAE,CA,road,0.001656
35837,LAYTONVILLE,39.8453,-123.564,CISO-PGAE,CA,bldg,0.031091
35837,LAYTONVILLE,39.8453,-123.564,CISO-PGAE,CA,ind,0.01131
35837,LAYTONVILLE,39.8453,-123.564,CISO-PGAE,CA,rail,0.000213
35837,LAYTONVILLE,39.8453,-123.564,CISO-PGAE,CA,road,0.001276
35838,WILLITS,39.4429,-123.436,CISO-PGAE,CA,bldg,0.070529
35838,WILLITS,39.4429,-123.436,CISO-PGAE,CA,ind,0.025655
35838,WILLITS,39.4429,-123.436,CISO-PGAE,CA,rail,0.000484
35838,WILLITS,39.4429,-123.436,CISO-PGAE,CA,road,0.002894
35839,REDWOOD VALLEY,39.303,-123.21,CISO-PGAE,CA,bldg,0.031914
35839,REDWOOD VALLEY,39.303,-123.21,CISO-PGAE,CA,ind,0.011609
35839,REDWOOD VALLEY,39.303,-123.21,CISO-PGAE,CA,rail,0.000219
35839,REDWOOD VALLEY,39.303,-123.21,CISO-PGAE,CA,road,0.00131
35840,UKIAH 1,39.1828,-123.219,CISO-PGAE,CA,bldg,0.093274
35840,UKIAH 1,39.1828,-123.219,CISO-PGAE,CA,ind,0.033928
35840,UKIAH 1,39.1828,-123.219,CISO-PGAE,CA,rail,0.00064
35840,UKIAH 1,39.1828,-123.219,CISO-PGAE,CA,road,0.003827
35841,UKIAH 2,39.195,-123.244,CISO-PGAE,CA,bldg,0.089131
35841,UKIAH 2,39.195,-123.244,CISO-PGAE,CA,ind,0.03242
35841,UKIAH 2,39.195,-123.244,CISO-PGAE,CA,rail,0.000611
35841,UKIAH 2,39.195,-123.244,CISO-PGAE,CA,road,0.003657
35842,HAYFORK,40.5066,-123.289,CISO-PGAE,CA,bldg,0.022716
35842,HAYFORK,40.5066,-123.289,CISO-PGAE,CA,ind,0.008263
35842,HAYFORK,40.5066,-123.289,CISO-PGAE,CA,rail,0.000156
35842,HAYFORK,40.5066,-123.289,CISO-PGAE,CA,road,0.000932
35843,CLOVERDALE 2,38.7669,-123.143,CISO-PGAE,CA,bldg,0.068413
35843,CLOVERDALE 2,38.7669,-123.143,CISO-PGAE,CA,ind,0.024884
35843,CLOVERDALE 2,38.7669,-123.143,CISO-PGAE,CA,rail,0.000469
35843,CLOVERDALE 2,38.7669,-123.143,CISO-PGAE,CA,road,0.002807
35844,FORT JONES,41.6286,-122.992,PACW,CA,bldg,0.15007
35844,FORT JONES,41.6286,-122.992,PACW,CA,ind,0.023751
35844,FORT JONES,41.6286,-122.992,PACW,CA,rail,0.000101
35844,FORT JONES,41.6286,-122.992,PACW,CA,road,0.000247
35845,LAKEPORT,39.0165,-122.899,CISO-PGAE,CA,bldg,0.082078
35845,LAKEPORT,39.0165,-122.899,CISO-PGAE,CA,ind,0.029855
35845,LAKEPORT,39.0165,-122.899,CISO-PGAE,CA,rail,0.000563
35845,LAKEPORT,39.0165,-122.899,CISO-PGAE,CA,road,0.003368
35846,WEAVERVILLE,40.7654,-122.953,BANC,CA,bldg,0.049803
35846,WEAVERVILLE,40.7654,-122.953,BANC,CA,ind,0.009542
35846,WEAVERVILLE,40.7654,-122.953,BANC,CA,rail,9.1e-05
35846,WEAVERVILLE,40.7654,-122.953,BANC,CA,road,0.001077
35847,UPPER LAKE,39.307,-122.878,CISO-PGAE,CA,bldg,0.040348
35847,UPPER LAKE,39.307,-122.878,CISO-PGAE,CA,ind,0.014676
35847,UPPER LAKE,39.307,-122.878,CISO-PGAE,CA,rail,0.000277
35847,UPPER LAKE,39.307,-122.878,CISO-PGAE,CA,road,0.001656
35848,KELSEYVILLE,39.0076,-122.828,CISO-PGAE,CA,bldg,0.059303
35848,KELSEYVILLE,39.0076,-122.828,CISO-PGAE,CA,ind,0.021571
35848,KELSEYVILLE,39.0076,-122.828,CISO-PGAE,CA,rail,0.000407
35848,KELSEYVILLE,39.0076,-122.828,CISO-PGAE,CA,road,0.002433
35849,YREKA,41.6573,-122.583,PACW,CA,bldg,0.223643
35849,YREKA,41.6573,-122.583,PACW,CA,ind,0.035395
35849,YREKA,41.6573,-122.583,PACW,CA,rail,0.00015
35849,YREKA,41.6573,-122.583,PACW,CA,road,0.000368
35850,CLEARLAKE,38.9584,-122.62,CISO-PGAE,CA,bldg,0.103501
35850,CLEARLAKE,38.9584,-122.62,CISO-PGAE,CA,ind,0.037648
35850,CLEARLAKE,38.9584,-122.62,CISO-PGAE,CA,rail,0.00071
35850,CLEARLAKE,38.9584,-122.62,CISO-PGAE,CA,road,0.004247
35851,HIDDEN VALLEY LAKE,38.72,-122.636,CISO-PGAE,CA,bldg,0.047137
35851,HIDDEN VALLEY LAKE,38.72,-122.636,CISO-PGAE,CA,ind,0.017146
35851,HIDDEN VALLEY LAKE,38.72,-122.636,CISO-PGAE,CA,rail,0.000323
35851,HIDDEN VALLEY LAKE,38.72,-122.636,CISO-PGAE,CA,road,0.001934
35852,WEED,41.3756,-122.506,PACW,CA,bldg,0.150187
35852,WEED,41.3756,-122.506,PACW,CA,ind,0.023769
35852,WEED,41.3756,-122.506,PACW,CA,rail,0.000101
35852,WEED,41.3756,-122.506,PACW,CA,road,0.000247
35853,REDDING 1,40.5117,-122.446,CISO-PGAE,CA,bldg,0.089571
35853,REDDING 1,40.5117,-122.446,CISO-PGAE,CA,ind,0.03258
35853,REDDING 1,40.5117,-122.446,CISO-PGAE,CA,rail,0.000615
35853,REDDING 1,40.5117,-122.446,CISO-PGAE,CA,road,0.003676
35854,REDDING 2,40.5918,-122.41,BANC,CA,bldg,0.217996
35854,REDDING 2,40.5918,-122.41,BANC,CA,ind,0.041768
35854,REDDING 2,40.5918,-122.41,BANC,CA,rail,0.000398
35854,REDDING 2,40.5918,-122.41,BANC,CA,road,0.004716
35855,COTTONWOOD 1,40.36,-122.465,CISO-PGAE,CA,bldg,0.088719
35855,COTTONWOOD 1,40.36,-122.465,CISO-PGAE,CA,ind,0.032271
35855,COTTONWOOD 1,40.36,-122.465,CISO-PGAE,CA,rail,0.000609
35855,COTTONWOOD 1,40.36,-122.465,CISO-PGAE,CA,road,0.003641
35856,RED BLUFF 1,40.1428,-122.482,CISO-PGAE,CA,bldg,0.076083
35856,RED BLUFF 1,40.1428,-122.482,CISO-PGAE,CA,ind,0.027674
35856,RED BLUFF 1,40.1428,-122.482,CISO-PGAE,CA,rail,0.000522
35856,RED BLUFF 1,40.1428,-122.482,CISO-PGAE,CA,road,0.003122
35857,RED BLUFF 2,40.2226,-122.369,CISO-PGAE,CA,bldg,0.076083
35857,RED BLUFF 2,40.2226,-122.369,CISO-PGAE,CA,ind,0.027674
35857,RED BLUFF 2,40.2226,-122.369,CISO-PGAE,CA,rail,0.000522
35857,RED BLUFF 2,40.2226,-122.369,CISO-PGAE,CA,road,0.003122
35858,MOUNT SHASTA,41.2774,-122.306,PACW,CA,bldg,0.227971
35858,MOUNT SHASTA,41.2774,-122.306,PACW,CA,ind,0.03608
35858,MOUNT SHASTA,41.2774,-122.306,PACW,CA,rail,0.000153
35858,MOUNT SHASTA,41.2774,-122.306,PACW,CA,road,0.000375
35859,MONTAGUE,41.6615,-122.344,PACW,CA,bldg,0.113108
35859,MONTAGUE,41.6615,-122.344,PACW,CA,ind,0.017901
35859,MONTAGUE,41.6615,-122.344,PACW,CA,rail,7.6e-05
35859,MONTAGUE,41.6615,-122.344,PACW,CA,road,0.000186
35860,REDDING 3,40.5744,-122.398,BANC,CA,bldg,0.134348
35860,REDDING 3,40.5744,-122.398,BANC,CA,ind,0.025741
35860,REDDING 3,40.5744,-122.398,BANC,CA,rail,0.000245
35860,REDDING 3,40.5744,-122.398,BANC,CA,road,0.002906
35861,REDDING 4,40.4646,-122.378,CISO-PGAE,CA,bldg,0.088073
35861,REDDING 4,40.4646,-122.378,CISO-PGAE,CA,ind,0.032035
35861,REDDING 4,40.4646,-122.378,CISO-PGAE,CA,rail,0.000604
35861,REDDING 4,40.4646,-122.378,CISO-PGAE,CA,road,0.003614
35862,WILLIAMS 1,39.0748,-122.355,CISO-PGAE,CA,bldg,0.031973
35862,WILLIAMS 1,39.0748,-122.355,CISO-PGAE,CA,ind,0.01163
35862,WILLIAMS 1,39.0748,-122.355,CISO-PGAE,CA,rail,0.000219
35862,WILLIAMS 1,39.0748,-122.355,CISO-PGAE,CA,road,0.001312
35863,ANDERSON 1,40.5064,-122.323,CISO-PGAE,CA,bldg,0.12081
35863,ANDERSON 1,40.5064,-122.323,CISO-PGAE,CA,ind,0.043944
35863,ANDERSON 1,40.5064,-122.323,CISO-PGAE,CA,rail,0.000829
35863,ANDERSON 1,40.5064,-122.323,CISO-PGAE,CA,road,0.004957
35864,CORNING,39.8848,-122.366,CISO-PGAE,CA,bldg,0.104764
35864,CORNING,39.8848,-122.366,CISO-PGAE,CA,ind,0.038107
35864,CORNING,39.8848,-122.366,CISO-PGAE,CA,rail,0.000719
35864,CORNING,39.8848,-122.366,CISO-PGAE,CA,road,0.004299
35865,WILLOWS,39.5029,-122.188,CISO-PGAE,CA,bldg,0.051486
35865,WILLOWS,39.5029,-122.188,CISO-PGAE,CA,ind,0.018728
35865,WILLOWS,39.5029,-122.188,CISO-PGAE,CA,rail,0.000353
35865,WILLOWS,39.5029,-122.188,CISO-PGAE,CA,road,0.002113
35866,ORLAND,39.7027,-122.196,CISO-PGAE,CA,bldg,0.08196
35866,ORLAND,39.7027,-122.196,CISO-PGAE,CA,ind,0.029812
35866,ORLAND,39.7027,-122.196,CISO-PGAE,CA,rail,0.000562
35866,ORLAND,39.7027,-122.196,CISO-PGAE,CA,road,0.003363
35867,REDDING 5,40.6802,-122.291,CISO-PGAE,CA,bldg,0.117577
35867,REDDING 5,40.6802,-122.291,CISO-PGAE,CA,ind,0.042768
35867,REDDING 5,40.6802,-122.291,CISO-PGAE,CA,rail,0.000807
35867,REDDING 5,40.6802,-122.291,CISO-PGAE,CA,road,0.004825
35868,REDDING 6,40.7133,-122.256,CISO-PGAE,CA,bldg,0.129302
35868,REDDING 6,40.7133,-122.256,CISO-PGAE,CA,ind,0.047033
35868,REDDING 6,40.7133,-122.256,CISO-PGAE,CA,rail,0.000887
35868,REDDING 6,40.7133,-122.256,CISO-PGAE,CA,road,0.005306
35869,PALO CEDRO,40.5448,-122.113,CISO-PGAE,CA,bldg,0.027447
35869,PALO CEDRO,40.5448,-122.113,CISO-PGAE,CA,ind,0.009984
35869,PALO CEDRO,40.5448,-122.113,CISO-PGAE,CA,rail,0.000188
35869,PALO CEDRO,40.5448,-122.113,CISO-PGAE,CA,road,0.001126
35870,LOS MOLINOS,40.149,-122.048,CISO-PGAE,CA,bldg,0.025655
35870,LOS MOLINOS,40.149,-122.048,CISO-PGAE,CA,ind,0.009331
35870,LOS MOLINOS,40.149,-122.048,CISO-PGAE,CA,rail,0.000176
35870,LOS MOLINOS,40.149,-122.048,CISO-PGAE,CA,road,0.001053
35871,ESPARTO,38.6378,-122.011,CISO-PGAE,CA,bldg,0.03453
35871,ESPARTO,38.6378,-122.011,CISO-PGAE,CA,ind,0.01256
35871,ESPARTO,38.6378,-122.011,CISO-PGAE,CA,rail,0.000237
35871,ESPARTO,38.6378,-122.011,CISO-PGAE,CA,road,0.001417
35872,COLUSA,39.1751,-122.069,CISO-PGAE,CA,bldg,0.07141
35872,COLUSA,39.1751,-122.069,CISO-PGAE,CA,ind,0.025975
35872,COLUSA,39.1751,-122.069,CISO-PGAE,CA,phase1,0.269141
35872,COLUSA,39.1751,-122.069,CISO-PGAE,CA,rail,0.00049
35872,COLUSA,39.1751,-122.069,CISO-PGAE,CA,road,0.00293
35873,SHINGLETOWN,40.5596,-121.921,CISO-PGAE,CA,bldg,0.034618
35873,SHINGLETOWN,40.5596,-121.921,CISO-PGAE,CA,ind,0.012592
35873,SHINGLETOWN,40.5596,-121.921,CISO-PGAE,CA,rail,0.000237
35873,SHINGLETOWN,40.5596,-121.921,CISO-PGAE,CA,road,0.001421
35874,WOODLAND 2,38.7303,-121.776,CISO-PGAE,CA,bldg,0.114638
35874,WOODLAND 2,38.7303,-121.776,CISO-PGAE,CA,ind,0.041699
35874,WOODLAND 2,38.7303,-121.776,CISO-PGAE,CA,rail,0.000786
35874,WOODLAND 2,38.7303,-121.776,CISO-PGAE,CA,road,0.004704
35875,WOODLAND 3,38.7013,-121.79,CISO-PGAE,CA,bldg,0.100356
35875,WOODLAND 3,38.7013,-121.79,CISO-PGAE,CA,ind,0.036504
35875,WOODLAND 3,38.7013,-121.79,CISO-PGAE,CA,rail,0.000689
35875,WOODLAND 3,38.7013,-121.79,CISO-PGAE,CA,road,0.004118
35876,CHICO 1,39.7204,-121.939,CISO-PGAE,CA,bldg,0.110319
35876,CHICO 1,39.7204,-121.939,CISO-PGAE,CA,ind,0.040128
35876,CHICO 1,39.7204,-121.939,CISO-PGAE,CA,rail,0.000757
35876,CHICO 1,39.7204,-121.939,CISO-PGAE,CA,road,0.004527
35877,CHICO 2,39.6838,-121.779,CISO-PGAE,CA,bldg,0.096565
35877,CHICO 2,39.6838,-121.779,CISO-PGAE,CA,ind,0.035125
35877,CHICO 2,39.6838,-121.779,CISO-PGAE,CA,rail,0.000662
35877,CHICO 2,39.6838,-121.779,CISO-PGAE,CA,road,0.003963
35878,CHICO 3,39.7163,-121.846,CISO-PGAE,CA,bldg,0.099769
35878,CHICO 3,39.7163,-121.846,CISO-PGAE,CA,ind,0.03629
35878,CHICO 3,39.7163,-121.846,CISO-PGAE,CA,rail,0.000684
35878,CHICO 3,39.7163,-121.846,CISO-PGAE,CA,road,0.004094
35879,CHICO 4,39.6884,-121.926,CISO-PGAE,CA,bldg,0.104412
35879,CHICO 4,39.6884,-121.926,CISO-PGAE,CA,ind,0.037979
35879,CHICO 4,39.6884,-121.926,CISO-PGAE,CA,rail,0.000716
35879,CHICO 4,39.6884,-121.926,CISO-PGAE,CA,road,0.004285
35880,CHICO 5,39.8312,-121.876,CISO-PGAE,CA,bldg,0.084517
35880,CHICO 5,39.8312,-121.876,CISO-PGAE,CA,ind,0.030743
35880,CHICO 5,39.8312,-121.876,CISO-PGAE,CA,rail,0.00058
35880,CHICO 5,39.8312,-121.876,CISO-PGAE,CA,road,0.003468
35881,CHICO 6,39.8048,-121.777,CISO-PGAE,CA,bldg,0.084517
35881,CHICO 6,39.8048,-121.777,CISO-PGAE,CA,ind,0.030743
35881,CHICO 6,39.8048,-121.777,CISO-PGAE,CA,rail,0.00058
35881,CHICO 6,39.8048,-121.777,CISO-PGAE,CA,road,0.003468
35882,DAVIS 1,38.5482,-121.699,CISO-PGAE,CA,bldg,0.124395
35882,DAVIS 1,38.5482,-121.699,CISO-PGAE,CA,ind,0.045248
35882,DAVIS 1,38.5482,-121.699,CISO-PGAE,CA,rail,0.000853
35882,DAVIS 1,38.5482,-121.699,CISO-PGAE,CA,road,0.005105
35883,DAVIS 2,38.4852,-121.723,CISO-PGAE,CA,bldg,0.124395
35883,DAVIS 2,38.4852,-121.723,CISO-PGAE,CA,ind,0.045248
35883,DAVIS 2,38.4852,-121.723,CISO-PGAE,CA,rail,0.000853
35883,DAVIS 2,38.4852,-121.723,CISO-PGAE,CA,road,0.005105
35884,LIVE OAK,39.2733,-121.7,CISO-PGAE,CA,bldg,0.073732
35884,LIVE OAK,39.2733,-121.7,CISO-PGAE,CA,ind,0.026819
35884,LIVE OAK,39.2733,-121.7,CISO-PGAE,CA,rail,0.000506
35884,LIVE OAK,39.2733,-121.7,CISO-PGAE,CA,road,0.003026
35885,GRIDLEY,39.3856,-121.759,CISO-PGAE,CA,bldg,0.101414
35885,GRIDLEY,39.3856,-121.759,CISO-PGAE,CA,ind,0.036889
35885,GRIDLEY,39.3856,-121.759,CISO-PGAE,CA,rail,0.000696
35885,GRIDLEY,39.3856,-121.759,CISO-PGAE,CA,road,0.004162
35886,RIO VISTA 1,38.1281,-121.735,CISO-PGAE,CA,bldg,0.065739
35886,RIO VISTA 1,38.1281,-121.735,CISO-PGAE,CA,ind,0.023912
35886,RIO VISTA 1,38.1281,-121.735,CISO-PGAE,CA,rail,0.000451
35886,RIO VISTA 1,38.1281,-121.735,CISO-PGAE,CA,road,0.002698
35887,WOODLAND 4,38.7175,-121.709,CISO-PGAE,CA,bldg,0.115843
35887,WOODLAND 4,38.7175,-121.709,CISO-PGAE,CA,ind,0.042137
35887,WOODLAND 4,38.7175,-121.709,CISO-PGAE,CA,rail,0.000795
35887,WOODLAND 4,38.7175,-121.709,CISO-PGAE,CA,road,0.004754
35888,YUBA CITY 1,39.0517,-121.686,CISO-PGAE,CA,bldg,0.09539
35888,YUBA CITY 1,39.0517,-121.686,CISO-PGAE,CA,ind,0.034697
35888,YUBA CITY 1,39.0517,-121.686,CISO-PGAE,CA,rail,0.000654
35888,YUBA CITY 1,39.0517,-121.686,CISO-PGAE,CA,road,0.003914
35889,YUBA CITY 2,39.1727,-121.621,CISO-PGAE,CA,bldg,0.09539
35889,YUBA CITY 2,39.1727,-121.621,CISO-PGAE,CA,ind,0.034697
35889,YUBA CITY 2,39.1727,-121.621,CISO-PGAE,CA,rail,0.000654
35889,YUBA CITY 2,39.1727,-121.621,CISO-PGAE,CA,road,0.003914
35890,PARADISE 1,39.7733,-121.687,CISO-PGAE,CA,bldg,0.073614
35890,PARADISE 1,39.7733,-121.687,CISO-PGAE,CA,ind,0.026777
35890,PARADISE 1,39.7733,-121.687,CISO-PGAE,CA,rail,0.000505
35890,PARADISE 1,39.7733,-121.687,CISO-PGAE,CA,road,0.003021
35891,PARADISE 2,39.8079,-121.718,CISO-PGAE,CA,bldg,0.07285
35891,PARADISE 2,39.8079,-121.718,CISO-PGAE,CA,ind,0.026499
35891,PARADISE 2,39.8079,-121.718,CISO-PGAE,CA,rail,0.0005
35891,PARADISE 2,39.8079,-121.718,CISO-PGAE,CA,road,0.002989
35892,YUBA CITY 3,39.0471,-121.66,CISO-PGAE,CA,bldg,0.177468
35892,YUBA CITY 3,39.0471,-121.66,CISO-PGAE,CA,ind,0.064553
35892,YUBA CITY 3,39.0471,-121.66,CISO-PGAE,CA,rail,0.001218
35892,YUBA CITY 3,39.0471,-121.66,CISO-PGAE,CA,road,0.007282
35893,YUBA CITY 4,38.925,-121.507,CISO-PGAE,CA,bldg,0.11602
35893,YUBA CITY 4,38.925,-121.507,CISO-PGAE,CA,ind,0.042201
35893,YUBA CITY 4,38.925,-121.507,CISO-PGAE,CA,rail,0.000796
35893,YUBA CITY 4,38.925,-121.507,CISO-PGAE,CA,road,0.004761
35894,WEST SACRAMENTO 1,38.6493,-121.533,BANC,CA,bldg,0.140131
35894,WEST SACRAMENTO 1,38.6493,-121.533,BANC,CA,ind,0.026849
35894,WEST SACRAMENTO 1,38.6493,-121.533,BANC,CA,rail,0.000256
35894,WEST SACRAMENTO 1,38.6493,-121.533,BANC,CA,road,0.003032
35895,WEST SACRAMENTO 2,38.6259,-121.621,CISO-PGAE,CA,bldg,0.091864
35895,WEST SACRAMENTO 2,38.6259,-121.621,CISO-PGAE,CA,ind,0.033415
35895,WEST SACRAMENTO 2,38.6259,-121.621,CISO-PGAE,CA,rail,0.00063
35895,WEST SACRAMENTO 2,38.6259,-121.621,CISO-PGAE,CA,road,0.00377
35896,MAGALIA,39.8217,-121.566,CISO-PGAE,CA,bldg,0.071675
35896,MAGALIA,39.8217,-121.566,CISO-PGAE,CA,ind,0.026071
35896,MAGALIA,39.8217,-121.566,CISO-PGAE,CA,rail,0.000492
35896,MAGALIA,39.8217,-121.566,CISO-PGAE,CA,road,0.002941
35897,OROVILLE 2,39.5586,-121.483,CISO-PGAE,CA,bldg,0.107821
35897,OROVILLE 2,39.5586,-121.483,CISO-PGAE,CA,ind,0.039219
35897,OROVILLE 2,39.5586,-121.483,CISO-PGAE,CA,rail,0.00074
35897,OROVILLE 2,39.5586,-121.483,CISO-PGAE,CA,road,0.004424
35898,OLIVEHURST,38.9624,-121.515,CISO-PGAE,CA,bldg,0.070117
35898,OLIVEHURST,38.9624,-121.515,CISO-PGAE,CA,ind,0.025505
35898,OLIVEHURST,38.9624,-121.515,CISO-PGAE,CA,rail,0.000481
35898,OLIVEHURST,38.9624,-121.515,CISO-PGAE,CA,road,0.002877
35899,WEST SACRAMENTO 3,38.6493,-121.497,BANC,CA,bldg,0.1144
35899,WEST SACRAMENTO 3,38.6493,-121.497,BANC,CA,ind,0.021919
35899,WEST SACRAMENTO 3,38.6493,-121.497,BANC,CA,rail,0.000209
35899,WEST SACRAMENTO 3,38.6493,-121.497,BANC,CA,road,0.002475
35900,SACRAMENTO 1,38.5421,-121.455,BANC,CA,bldg,0.166714
35900,SACRAMENTO 1,38.5421,-121.455,BANC,CA,ind,0.031942
35900,SACRAMENTO 1,38.5421,-121.455,BANC,CA,rail,0.000304
35900,SACRAMENTO 1,38.5421,-121.455,BANC,CA,road,0.003607
35901,SACRAMENTO 2,38.458,-121.513,CISO-PGAE,CA,bldg,0.10929
35901,SACRAMENTO 2,38.458,-121.513,CISO-PGAE,CA,ind,0.039753
35901,SACRAMENTO 2,38.458,-121.513,CISO-PGAE,CA,rail,0.00075
35901,SACRAMENTO 2,38.458,-121.513,CISO-PGAE,CA,road,0.004485
35902,SACRAMENTO 3,38.6956,-121.476,BANC,CA,bldg,0.144972
35902,SACRAMENTO 3,38.6956,-121.476,BANC,CA,ind,0.027777
35902,SACRAMENTO 3,38.6956,-121.476,BANC,CA,rail,0.000264
35902,SACRAMENTO 3,38.6956,-121.476,BANC,CA,road,0.003136
35903,SACRAMENTO 4,38.6277,-121.531,BANC,CA,bldg,0.144972
35903,SACRAMENTO 4,38.6277,-121.531,BANC,CA,ind,0.027777
35903,SACRAMENTO 4,38.6277,-121.531,BANC,CA,rail,0.000264
35903,SACRAMENTO 4,38.6277,-121.531,BANC,CA,road,0.003136
35904,SACRAMENTO 5,38.631,-121.572,CISO-PGAE,CA,bldg,0.068501
35904,SACRAMENTO 5,38.631,-121.572,CISO-PGAE,CA,ind,0.024916
35904,SACRAMENTO 5,38.631,-121.572,CISO-PGAE,CA,rail,0.00047
35904,SACRAMENTO 5,38.631,-121.572,CISO-PGAE,CA,road,0.002811
35905,SACRAMENTO 6,38.6091,-121.511,BANC,CA,bldg,0.230503
35905,SACRAMENTO 6,38.6091,-121.511,BANC,CA,ind,0.044164
35905,SACRAMENTO 6,38.6091,-121.511,BANC,CA,rail,0.00042
35905,SACRAMENTO 6,38.6091,-121.511,BANC,CA,road,0.004987
35906,SACRAMENTO 7,38.6866,-121.521,BANC,CA,bldg,0.159586
35906,SACRAMENTO 7,38.6866,-121.521,BANC,CA,ind,0.030576
35906,SACRAMENTO 7,38.6866,-121.521,BANC,CA,rail,0.000291
35906,SACRAMENTO 7,38.6866,-121.521,BANC,CA,road,0.003452
35907,SACRAMENTO 8,38.6526,-121.459,BANC,CA,bldg,0.159855
35907,SACRAMENTO 8,38.6526,-121.459,BANC,CA,ind,0.030628
35907,SACRAMENTO 8,38.6526,-121.459,BANC,CA,rail,0.000292
35907,SACRAMENTO 8,38.6526,-121.459,BANC,CA,road,0.003458
35908,SACRAMENTO 9,38.4104,-121.491,BANC,CA,bldg,0.0962
35908,SACRAMENTO 9,38.4104,-121.491,BANC,CA,ind,0.018432
35908,SACRAMENTO 9,38.4104,-121.491,BANC,CA,rail,0.000175
35908,SACRAMENTO 9,38.4104,-121.491,BANC,CA,road,0.002081
35909,MARYSVILLE 5,39.2297,-121.436,CISO-PGAE,CA,bldg,0.082812
35909,MARYSVILLE 5,39.2297,-121.436,CISO-PGAE,CA,ind,0.030122
35909,MARYSVILLE 5,39.2297,-121.436,CISO-PGAE,CA,rail,0.000568
35909,MARYSVILLE 5,39.2297,-121.436,CISO-PGAE,CA,road,0.003398
35910,MARYSVILLE 6,39.1681,-121.458,CISO-PGAE,CA,bldg,0.082812
35910,MARYSVILLE 6,39.1681,-121.458,CISO-PGAE,CA,ind,0.030122
35910,MARYSVILLE 6,39.1681,-121.458,CISO-PGAE,CA,rail,0.000568
35910,MARYSVILLE 6,39.1681,-121.458,CISO-PGAE,CA,road,0.003398
35911,SACRAMENTO 10,38.5553,-121.524,CISO-PGAE,CA,bldg,0.180495
35911,SACRAMENTO 10,38.5553,-121.524,CISO-PGAE,CA,ind,0.065653
35911,SACRAMENTO 10,38.5553,-121.524,CISO-PGAE,CA,rail,0.001238
35911,SACRAMENTO 10,38.5553,-121.524,CISO-PGAE,CA,road,0.007407
35912,SACRAMENTO 11,38.5004,-121.447,BANC,CA,bldg,0.170838
35912,SACRAMENTO 11,38.5004,-121.447,BANC,CA,ind,0.032732
35912,SACRAMENTO 11,38.5004,-121.447,BANC,CA,rail,0.000312
35912,SACRAMENTO 11,38.5004,-121.447,BANC,CA,road,0.003696
35913,SACRAMENTO 12,38.6069,-121.546,BANC,CA,bldg,0.186976
35913,SACRAMENTO 12,38.6069,-121.546,BANC,CA,ind,0.035824
35913,SACRAMENTO 12,38.6069,-121.546,BANC,CA,rail,0.000341
35913,SACRAMENTO 12,38.6069,-121.546,BANC,CA,road,0.004045
35914,RIO LINDA,38.7621,-121.445,CISO-PGAE,CA,bldg,0.113345
35914,RIO LINDA,38.7621,-121.445,CISO-PGAE,CA,ind,0.041228
35914,RIO LINDA,38.7621,-121.445,CISO-PGAE,CA,rail,0.000778
35914,RIO LINDA,38.7621,-121.445,CISO-PGAE,CA,road,0.004651
35915,SACRAMENTO 13,38.6408,-121.424,BANC,CA,bldg,0.1092
35915,SACRAMENTO 13,38.6408,-121.424,BANC,CA,ind,0.020923
35915,SACRAMENTO 13,38.6408,-121.424,BANC,CA,rail,0.000199
35915,SACRAMENTO 13,38.6408,-121.424,BANC,CA,road,0.002362
35916,SACRAMENTO 14,38.5717,-121.532,CISO-PGAE,CA,bldg,0.130537
35916,SACRAMENTO 14,38.5717,-121.532,CISO-PGAE,CA,ind,0.047482
35916,SACRAMENTO 14,38.5717,-121.532,CISO-PGAE,CA,rail,0.000896
35916,SACRAMENTO 14,38.5717,-121.532,CISO-PGAE,CA,road,0.005357
35917,SACRAMENTO 15,38.6195,-121.52,BANC,CA,bldg,0.148334
35917,SACRAMENTO 15,38.6195,-121.52,BANC,CA,ind,0.028421
35917,SACRAMENTO 15,38.6195,-121.52,BANC,CA,rail,0.00027
35917,SACRAMENTO 15,38.6195,-121.52,BANC,CA,road,0.003209
35918,SACRAMENTO 16,38.6796,-121.414,BANC,CA,bldg,0.148334
35918,SACRAMENTO 16,38.6796,-121.414,BANC,CA,ind,0.028421
35918,SACRAMENTO 16,38.6796,-121.414,BANC,CA,rail,0.00027
35918,SACRAMENTO 16,38.6796,-121.414,BANC,CA,road,0.003209
35919,ELK GROVE 1,38.3981,-121.45,BANC,CA,bldg,0.243817
35919,ELK GROVE 1,38.3981,-121.45,BANC,CA,ind,0.046715
35919,ELK GROVE 1,38.3981,-121.45,BANC,CA,rail,0.000445
35919,ELK GROVE 1,38.3981,-121.45,BANC,CA,road,0.005275
35920,ELK GROVE 2,38.4722,-121.433,BANC,CA,bldg,0.246103
35920,ELK GROVE 2,38.4722,-121.433,BANC,CA,ind,0.047153
35920,ELK GROVE 2,38.4722,-121.433,BANC,CA,rail,0.000449
35920,ELK GROVE 2,38.4722,-121.433,BANC,CA,road,0.005324
35921,SACRAMENTO 17,38.5663,-121.435,BANC,CA,bldg,0.1391
35921,SACRAMENTO 17,38.5663,-121.435,BANC,CA,ind,0.026652
35921,SACRAMENTO 17,38.5663,-121.435,BANC,CA,rail,0.000254
35921,SACRAMENTO 17,38.5663,-121.435,BANC,CA,road,0.003009
35922,SACRAMENTO 18,38.5097,-121.53,BANC,CA,bldg,0.1391
35922,SACRAMENTO 18,38.5097,-121.53,BANC,CA,ind,0.026652
35922,SACRAMENTO 18,38.5097,-121.53,BANC,CA,rail,0.000254
35922,SACRAMENTO 18,38.5097,-121.53,BANC,CA,road,0.003009
35923,SACRAMENTO 19,38.3814,-121.534,CISO-PGAE,CA,bldg,0.20086
35923,SACRAMENTO 19,38.3814,-121.534,CISO-PGAE,CA,ind,0.073061
35923,SACRAMENTO 19,38.3814,-121.534,CISO-PGAE,CA,rail,0.001378
35923,SACRAMENTO 19,38.3814,-121.534,CISO-PGAE,CA,road,0.008242
35924,SACRAMENTO 20,38.4098,-121.445,BANC,CA,bldg,0.298506
35924,SACRAMENTO 20,38.4098,-121.445,BANC,CA,ind,0.057193
35924,SACRAMENTO 20,38.4098,-121.445,BANC,CA,rail,0.000544
35924,SACRAMENTO 20,38.4098,-121.445,BANC,CA,road,0.006458
35925,SACRAMENTO 21,38.5227,-121.358,BANC,CA,bldg,0.121931
35925,SACRAMENTO 21,38.5227,-121.358,BANC,CA,ind,0.023361
35925,SACRAMENTO 21,38.5227,-121.358,BANC,CA,rail,0.000222
35925,SACRAMENTO 21,38.5227,-121.358,BANC,CA,road,0.002638
35926,TULELAKE,41.6785,-121.418,PACW,CA,bldg,0.05287
35926,TULELAKE,41.6785,-121.418,PACW,CA,ind,0.008368
35926,TULELAKE,41.6785,-121.418,PACW,CA,rail,3.6e-05
35926,TULELAKE,41.6785,-121.418,PACW,CA,road,8.7e-05
35927,SACRAMENTO 22,38.5183,-121.43,BANC,CA,bldg,0.138293
35927,SACRAMENTO 22,38.5183,-121.43,BANC,CA,ind,0.026497
35927,SACRAMENTO 22,38.5183,-121.43,BANC,CA,rail,0.000252
35927,SACRAMENTO 22,38.5183,-121.43,BANC,CA,road,0.002992
35928,ELK GROVE 3,38.433,-121.516,BANC,CA,bldg,0.162276
35928,ELK GROVE 3,38.433,-121.516,BANC,CA,ind,0.031092
35928,ELK GROVE 3,38.433,-121.516,BANC,CA,rail,0.000296
35928,ELK GROVE 3,38.433,-121.516,BANC,CA,road,0.003511
35929,ELK GROVE 4,38.4065,-121.46,BANC,CA,bldg,0.162276
35929,ELK GROVE 4,38.4065,-121.46,BANC,CA,ind,0.031092
35929,ELK GROVE 4,38.4065,-121.46,BANC,CA,rail,0.000296
35929,ELK GROVE 4,38.4065,-121.46,BANC,CA,road,0.003511
35930,OROVILLE 3,39.4196,-121.49,CISO-PGAE,CA,bldg,0.084105
35930,OROVILLE 3,39.4196,-121.49,CISO-PGAE,CA,ind,0.030593
35930,OROVILLE 3,39.4196,-121.49,CISO-PGAE,CA,rail,0.000577
35930,OROVILLE 3,39.4196,-121.49,CISO-PGAE,CA,road,0.003451
35931,OROVILLE 4,39.4888,-121.482,CISO-PGAE,CA,bldg,0.081049
35931,OROVILLE 4,39.4888,-121.482,CISO-PGAE,CA,ind,0.029481
35931,OROVILLE 4,39.4888,-121.482,CISO-PGAE,CA,rail,0.000556
35931,OROVILLE 4,39.4888,-121.482,CISO-PGAE,CA,road,0.003326
35932,SACRAMENTO 23,38.5985,-121.475,BANC,CA,bldg,0.125427
35932,SACRAMENTO 23,38.5985,-121.475,BANC,CA,ind,0.024032
35932,SACRAMENTO 23,38.5985,-121.475,BANC,CA,rail,0.000229
35932,SACRAMENTO 23,38.5985,-121.475,BANC,CA,road,0.002713
35933,SACRAMENTO 24,38.5884,-121.434,BANC,CA,bldg,0.125427
35933,SACRAMENTO 24,38.5884,-121.434,BANC,CA,ind,0.024032
35933,SACRAMENTO 24,38.5884,-121.434,BANC,CA,rail,0.000229
35933,SACRAMENTO 24,38.5884,-121.434,BANC,CA,road,0.002713
35934,SACRAMENTO 25,38.5847,-121.34,BANC,CA,bldg,0.233462
35934,SACRAMENTO 25,38.5847,-121.34,BANC,CA,ind,0.044731
35934,SACRAMENTO 25,38.5847,-121.34,BANC,CA,rail,0.000426
35934,SACRAMENTO 25,38.5847,-121.34,BANC,CA,road,0.005051
35935,SACRAMENTO 26,38.5386,-121.34,BANC,CA,bldg,0.233462
35935,SACRAMENTO 26,38.5386,-121.34,BANC,CA,ind,0.044731
35935,SACRAMENTO 26,38.5386,-121.34,BANC,CA,rail,0.000426
35935,SACRAMENTO 26,38.5386,-121.34,BANC,CA,road,0.005051
35936,SACRAMENTO 27,38.7003,-121.441,BANC,CA,bldg,0.135379
35936,SACRAMENTO 27,38.7003,-121.441,BANC,CA,ind,0.025939
35936,SACRAMENTO 27,38.7003,-121.441,BANC,CA,rail,0.000247
35936,SACRAMENTO 27,38.7003,-121.441,BANC,CA,road,0.002929
35937,SACRAMENTO 28,38.7165,-121.452,BANC,CA,bldg,0.135379
35937,SACRAMENTO 28,38.7165,-121.452,BANC,CA,ind,0.025939
35937,SACRAMENTO 28,38.7165,-121.452,BANC,CA,rail,0.000247
35937,SACRAMENTO 28,38.7165,-121.452,BANC,CA,road,0.002929
35938,NORTH HIGHLANDS 1,38.633,-121.466,BANC,CA,bldg,0.123903
35938,NORTH HIGHLANDS 1,38.633,-121.466,BANC,CA,ind,0.02374
35938,NORTH HIGHLANDS 1,38.633,-121.466,BANC,CA,rail,0.000226
35938,NORTH HIGHLANDS 1,38.633,-121.466,BANC,CA,road,0.00268
35939,NORTH HIGHLANDS 2,38.6829,-121.454,BANC,CA,bldg,0.123903
35939,NORTH HIGHLANDS 2,38.6829,-121.454,BANC,CA,ind,0.02374
35939,NORTH HIGHLANDS 2,38.6829,-121.454,BANC,CA,rail,0.000226
35939,NORTH HIGHLANDS 2,38.6829,-121.454,BANC,CA,road,0.00268
35940,SACRAMENTO 29,38.5359,-121.475,BANC,CA,bldg,0.147796
35940,SACRAMENTO 29,38.5359,-121.475,BANC,CA,ind,0.028318
35940,SACRAMENTO 29,38.5359,-121.475,BANC,CA,rail,0.00027
35940,SACRAMENTO 29,38.5359,-121.475,BANC,CA,road,0.003197
35941,SACRAMENTO 30,38.6248,-121.281,BANC,CA,bldg,0.147796
35941,SACRAMENTO 30,38.6248,-121.281,BANC,CA,ind,0.028318
35941,SACRAMENTO 30,38.6248,-121.281,BANC,CA,rail,0.00027
35941,SACRAMENTO 30,38.6248,-121.281,BANC,CA,road,0.003197
35942,SACRAMENTO 31,38.5879,-121.348,BANC,CA,bldg,0.181103
35942,SACRAMENTO 31,38.5879,-121.348,BANC,CA,ind,0.034699
35942,SACRAMENTO 31,38.5879,-121.348,BANC,CA,rail,0.00033
35942,SACRAMENTO 31,38.5879,-121.348,BANC,CA,road,0.003918
35943,ROSEVILLE 1,38.7911,-121.274,BANC,CA,bldg,0.26
35943,ROSEVILLE 1,38.7911,-121.274,BANC,CA,ind,0.049815
35943,ROSEVILLE 1,38.7911,-121.274,BANC,CA,rail,0.000474
35943,ROSEVILLE 1,38.7911,-121.274,BANC,CA,road,0.005625
35944,ROSEVILLE 2,38.851,-121.338,CISO-PGAE,CA,bldg,0.149756
35944,ROSEVILLE 2,38.851,-121.338,CISO-PGAE,CA,ind,0.054473
35944,ROSEVILLE 2,38.851,-121.338,CISO-PGAE,CA,rail,0.001027
35944,ROSEVILLE 2,38.851,-121.338,CISO-PGAE,CA,road,0.006145
35945,ANTELOPE 1,38.6452,-121.343,BANC,CA,bldg,0.187693
35945,ANTELOPE 1,38.6452,-121.343,BANC,CA,ind,0.035962
35945,ANTELOPE 1,38.6452,-121.343,BANC,CA,rail,0.000342
35945,ANTELOPE 1,38.6452,-121.343,BANC,CA,road,0.00406
35946,ANTELOPE 2,38.6998,-121.374,BANC,CA,bldg,0.310072
35946,ANTELOPE 2,38.6998,-121.374,BANC,CA,ind,0.059409
35946,ANTELOPE 2,38.6998,-121.374,BANC,CA,rail,0.000565
35946,ANTELOPE 2,38.6998,-121.374,BANC,CA,road,0.006708
35947,SACRAMENTO 32,38.7417,-121.439,CISO-PGAE,CA,bldg,0.084135
35947,SACRAMENTO 32,38.7417,-121.439,CISO-PGAE,CA,ind,0.030603
35947,SACRAMENTO 32,38.7417,-121.439,CISO-PGAE,CA,rail,0.000577
35947,SACRAMENTO 32,38.7417,-121.439,CISO-PGAE,CA,road,0.003452
35948,SACRAMENTO 33,38.6239,-121.414,BANC,CA,bldg,0.156941
35948,SACRAMENTO 33,38.6239,-121.414,BANC,CA,ind,0.03007
35948,SACRAMENTO 33,38.6239,-121.414,BANC,CA,rail,0.000286
35948,SACRAMENTO 33,38.6239,-121.414,BANC,CA,road,0.003395
35949,CARMICHAEL 1,38.5373,-121.225,BANC,CA,bldg,0.239738
35949,CARMICHAEL 1,38.5373,-121.225,BANC,CA,ind,0.045933
35949,CARMICHAEL 1,38.5373,-121.225,BANC,CA,rail,0.000437
35949,CARMICHAEL 1,38.5373,-121.225,BANC,CA,road,0.005186
35950,CARMICHAEL 2,38.5893,-121.291,BANC,CA,bldg,0.239738
35950,CARMICHAEL 2,38.5893,-121.291,BANC,CA,ind,0.045933
35950,CARMICHAEL 2,38.5893,-121.291,BANC,CA,rail,0.000437
35950,CARMICHAEL 2,38.5893,-121.291,BANC,CA,road,0.005186
35951,SACRAMENTO 34,38.5109,-121.384,BANC,CA,bldg,0.163531
35951,SACRAMENTO 34,38.5109,-121.384,BANC,CA,ind,0.031332
35951,SACRAMENTO 34,38.5109,-121.384,BANC,CA,rail,0.000298
35951,SACRAMENTO 34,38.5109,-121.384,BANC,CA,road,0.003538
35952,SACRAMENTO 35,38.5709,-121.404,BANC,CA,bldg,0.199751
35952,SACRAMENTO 35,38.5709,-121.404,BANC,CA,ind,0.038272
35952,SACRAMENTO 35,38.5709,-121.404,BANC,CA,rail,0.000364
35952,SACRAMENTO 35,38.5709,-121.404,BANC,CA,road,0.004321
35953,ELK GROVE 5,38.3528,-121.375,BANC,CA,bldg,0.250093
35953,ELK GROVE 5,38.3528,-121.375,BANC,CA,ind,0.047918
35953,ELK GROVE 5,38.3528,-121.375,BANC,CA,rail,0.000456
35953,ELK GROVE 5,38.3528,-121.375,BANC,CA,road,0.00541
35954,ELK GROVE 6,38.5049,-121.257,BANC,CA,bldg,0.284924
35954,ELK GROVE 6,38.5049,-121.257,BANC,CA,ind,0.054591
35954,ELK GROVE 6,38.5049,-121.257,BANC,CA,rail,0.00052
35954,ELK GROVE 6,38.5049,-121.257,BANC,CA,road,0.006164
35955,LINCOLN 1,38.9214,-121.35,CISO-PGAE,CA,bldg,0.15963
35955,LINCOLN 1,38.9214,-121.35,CISO-PGAE,CA,ind,0.058064
35955,LINCOLN 1,38.9214,-121.35,CISO-PGAE,CA,rail,0.001095
35955,LINCOLN 1,38.9214,-121.35,CISO-PGAE,CA,road,0.00655
35956,LINCOLN 2,38.9162,-121.377,CISO-PGAE,CA,bldg,0.131742
35956,LINCOLN 2,38.9162,-121.377,CISO-PGAE,CA,ind,0.04792
35956,LINCOLN 2,38.9162,-121.377,CISO-PGAE,CA,rail,0.000904
35956,LINCOLN 2,38.9162,-121.377,CISO-PGAE,CA,road,0.005406
35957,CITRUS HEIGHTS 1,38.619,-121.321,BANC,CA,bldg,0.160662
35957,CITRUS HEIGHTS 1,38.619,-121.321,BANC,CA,ind,0.030783
35957,CITRUS HEIGHTS 1,38.619,-121.321,BANC,CA,rail,0.000293
35957,CITRUS HEIGHTS 1,38.619,-121.321,BANC,CA,road,0.003476
35958,CITRUS HEIGHTS 2,38.6678,-121.236,BANC,CA,bldg,0.160662
35958,CITRUS HEIGHTS 2,38.6678,-121.236,BANC,CA,ind,0.030783
35958,CITRUS HEIGHTS 2,38.6678,-121.236,BANC,CA,rail,0.000293
35958,CITRUS HEIGHTS 2,38.6678,-121.236,BANC,CA,road,0.003476
35959,ROSEVILLE 3,38.7239,-121.263,BANC,CA,bldg,0.166176
35959,ROSEVILLE 3,38.7239,-121.263,BANC,CA,ind,0.031839
35959,ROSEVILLE 3,38.7239,-121.263,BANC,CA,rail,0.000303
35959,ROSEVILLE 3,38.7239,-121.263,BANC,CA,road,0.003595
35960,ROSEVILLE 4,38.7651,-121.32,BANC,CA,bldg,0.166176
35960,ROSEVILLE 4,38.7651,-121.32,BANC,CA,ind,0.031839
35960,ROSEVILLE 4,38.7651,-121.32,BANC,CA,rail,0.000303
35960,ROSEVILLE 4,38.7651,-121.32,BANC,CA,road,0.003595
35961,RANCHO CORDOVA 1,38.6256,-121.228,BANC,CA,bldg,0.213738
35961,RANCHO CORDOVA 1,38.6256,-121.228,BANC,CA,ind,0.040952
35961,RANCHO CORDOVA 1,38.6256,-121.228,BANC,CA,rail,0.00039
35961,RANCHO CORDOVA 1,38.6256,-121.228,BANC,CA,road,0.004624
35962,RANCHO CORDOVA 2,38.5264,-121.287,BANC,CA,bldg,0.221269
35962,RANCHO CORDOVA 2,38.5264,-121.287,BANC,CA,ind,0.042395
35962,RANCHO CORDOVA 2,38.5264,-121.287,BANC,CA,rail,0.000403
35962,RANCHO CORDOVA 2,38.5264,-121.287,BANC,CA,road,0.004787
35963,ROCKLIN 1,38.8736,-121.206,CISO-PGAE,CA,bldg,0.089865
35963,ROCKLIN 1,38.8736,-121.206,CISO-PGAE,CA,ind,0.032688
35963,ROCKLIN 1,38.8736,-121.206,CISO-PGAE,CA,rail,0.000617
35963,ROCKLIN 1,38.8736,-121.206,CISO-PGAE,CA,road,0.003688
35964,ROCKLIN 2,38.8181,-121.203,CISO-PGAE,CA,bldg,0.089865
35964,ROCKLIN 2,38.8181,-121.203,CISO-PGAE,CA,ind,0.032688
35964,ROCKLIN 2,38.8181,-121.203,CISO-PGAE,CA,rail,0.000617
35964,ROCKLIN 2,38.8181,-121.203,CISO-PGAE,CA,road,0.003688
35965,CITRUS HEIGHTS 3,38.616,-121.212,BANC,CA,bldg,0.1781
35965,CITRUS HEIGHTS 3,38.616,-121.212,BANC,CA,ind,0.034124
35965,CITRUS HEIGHTS 3,38.616,-121.212,BANC,CA,rail,0.000325
35965,CITRUS HEIGHTS 3,38.616,-121.212,BANC,CA,road,0.003853
35966,CITRUS HEIGHTS 4,38.5994,-121.184,BANC,CA,bldg,0.1781
35966,CITRUS HEIGHTS 4,38.5994,-121.184,BANC,CA,ind,0.034124
35966,CITRUS HEIGHTS 4,38.5994,-121.184,BANC,CA,rail,0.000325
35966,CITRUS HEIGHTS 4,38.5994,-121.184,BANC,CA,road,0.003853
35967,GALT 1,38.2631,-121.212,BANC,CA,bldg,0.118076
35967,GALT 1,38.2631,-121.212,BANC,CA,ind,0.022623
35967,GALT 1,38.2631,-121.212,BANC,CA,rail,0.000215
35967,GALT 1,38.2631,-121.212,BANC,CA,road,0.002554
35968,GALT 2,38.2636,-121.302,BANC,CA,bldg,0.118076
35968,GALT 2,38.2636,-121.302,BANC,CA,ind,0.022623
35968,GALT 2,38.2636,-121.302,BANC,CA,rail,0.000215
35968,GALT 2,38.2636,-121.302,BANC,CA,road,0.002554
35969,FAIR OAKS 1,38.7437,-121.293,BANC,CA,bldg,0.162186
35969,FAIR OAKS 1,38.7437,-121.293,BANC,CA,ind,0.031075
35969,FAIR OAKS 1,38.7437,-121.293,BANC,CA,rail,0.000296
35969,FAIR OAKS 1,38.7437,-121.293,BANC,CA,road,0.003509
35970,FAIR OAKS 2,38.6945,-121.255,BANC,CA,bldg,0.289496
35970,FAIR OAKS 2,38.6945,-121.255,BANC,CA,ind,0.055467
35970,FAIR OAKS 2,38.6945,-121.255,BANC,CA,rail,0.000528
35970,FAIR OAKS 2,38.6945,-121.255,BANC,CA,road,0.006263
35971,ROSEVILLE 5,38.6755,-121.222,BANC,CA,bldg,0.120183
35971,ROSEVILLE 5,38.6755,-121.222,BANC,CA,ind,0.023027
35971,ROSEVILLE 5,38.6755,-121.222,BANC,CA,rail,0.000219
35971,ROSEVILLE 5,38.6755,-121.222,BANC,CA,road,0.0026
35972,ROSEVILLE 6,38.6793,-121.312,BANC,CA,bldg,0.120183
35972,ROSEVILLE 6,38.6793,-121.312,BANC,CA,ind,0.023027
35972,ROSEVILLE 6,38.6793,-121.312,BANC,CA,rail,0.000219
35972,ROSEVILLE 6,38.6793,-121.312,BANC,CA,road,0.0026
35973,ROCKLIN 3,38.8044,-121.324,BANC,CA,bldg,0.188276
35973,ROCKLIN 3,38.8044,-121.324,BANC,CA,ind,0.036074
35973,ROCKLIN 3,38.8044,-121.324,BANC,CA,rail,0.000343
35973,ROCKLIN 3,38.8044,-121.324,BANC,CA,road,0.004073
35974,ORANGEVALE,38.7272,-121.238,BANC,CA,bldg,0.12731
35974,ORANGEVALE,38.7272,-121.238,BANC,CA,ind,0.024393
35974,ORANGEVALE,38.7272,-121.238,BANC,CA,rail,0.000232
35974,ORANGEVALE,38.7272,-121.238,BANC,CA,road,0.002754
35975,WILTON,38.4956,-121.123,BANC,CA,bldg,0.122603
35975,WILTON,38.4956,-121.123,BANC,CA,ind,0.023491
35975,WILTON,38.4956,-121.123,BANC,CA,rail,0.000224
35975,WILTON,38.4956,-121.123,BANC,CA,road,0.002652
35976,PENN VALLEY,39.3091,-121.144,CISO-PGAE,CA,bldg,0.060067
35976,PENN VALLEY,39.3091,-121.144,CISO-PGAE,CA,ind,0.021849
35976,PENN VALLEY,39.3091,-121.144,CISO-PGAE,CA,rail,0.000412
35976,PENN VALLEY,39.3091,-121.144,CISO-PGAE,CA,road,0.002465
35977,RANCHO CORDOVA 3,38.629,-121.103,BANC,CA,bldg,0.062534
35977,RANCHO CORDOVA 3,38.629,-121.103,BANC,CA,ind,0.011981
35977,RANCHO CORDOVA 3,38.629,-121.103,BANC,CA,rail,0.000114
35977,RANCHO CORDOVA 3,38.629,-121.103,BANC,CA,road,0.001353
35978,GRANITE BAY,38.7531,-121.28,BANC,CA,bldg,0.173169
35978,GRANITE BAY,38.7531,-121.28,BANC,CA,ind,0.033179
35978,GRANITE BAY,38.7531,-121.28,BANC,CA,rail,0.000316
35978,GRANITE BAY,38.7531,-121.28,BANC,CA,road,0.003746
35979,LOOMIS,38.828,-121.085,CISO-PGAE,CA,bldg,0.065827
35979,LOOMIS,38.828,-121.085,CISO-PGAE,CA,ind,0.023944
35979,LOOMIS,38.828,-121.085,CISO-PGAE,CA,rail,0.000452
35979,LOOMIS,38.828,-121.085,CISO-PGAE,CA,road,0.002701
35980,FOLSOM 1,38.5952,-121.19,BANC,CA,bldg,0.2912
35980,FOLSOM 1,38.5952,-121.19,BANC,CA,ind,0.055794
35980,FOLSOM 1,38.5952,-121.19,BANC,CA,rail,0.000531
35980,FOLSOM 1,38.5952,-121.19,BANC,CA,road,0.0063
35981,FOLSOM 2,38.6938,-121.188,BANC,CA,bldg,0.2912
35981,FOLSOM 2,38.6938,-121.188,BANC,CA,ind,0.055794
35981,FOLSOM 2,38.6938,-121.188,BANC,CA,rail,0.000531
35981,FOLSOM 2,38.6938,-121.188,BANC,CA,road,0.0063
35982,GRASS VALLEY 1,39.1504,-121.041,CISO-PGAE,CA,bldg,0.171061
35982,GRASS VALLEY 1,39.1504,-121.041,CISO-PGAE,CA,ind,0.062222
35982,GRASS VALLEY 1,39.1504,-121.041,CISO-PGAE,CA,rail,0.001174
35982,GRASS VALLEY 1,39.1504,-121.041,CISO-PGAE,CA,road,0.007019
35983,AUBURN 7,38.9542,-121.06,CISO-PGAE,CA,bldg,0.116872
35983,AUBURN 7,38.9542,-121.06,CISO-PGAE,CA,ind,0.042512
35983,AUBURN 7,38.9542,-121.06,CISO-PGAE,CA,rail,0.000802
35983,AUBURN 7,38.9542,-121.06,CISO-PGAE,CA,road,0.004796
35984,AUBURN 8,39.014,-121.052,CISO-PGAE,CA,bldg,0.153312
35984,AUBURN 8,39.014,-121.052,CISO-PGAE,CA,ind,0.055766
35984,AUBURN 8,39.014,-121.052,CISO-PGAE,CA,rail,0.001052
35984,AUBURN 8,39.014,-121.052,CISO-PGAE,CA,road,0.006291
35985,EL DORADO HILLS 1,38.6882,-120.984,CISO-PGAE,CA,bldg,0.127863
35985,EL DORADO HILLS 1,38.6882,-120.984,CISO-PGAE,CA,ind,0.046509
35985,EL DORADO HILLS 1,38.6882,-120.984,CISO-PGAE,CA,rail,0.000877
35985,EL DORADO HILLS 1,38.6882,-120.984,CISO-PGAE,CA,road,0.005247
35986,EL DORADO HILLS 2,38.7059,-121.01,CISO-PGAE,CA,bldg,0.102619
35986,EL DORADO HILLS 2,38.7059,-121.01,CISO-PGAE,CA,ind,0.037327
35986,EL DORADO HILLS 2,38.7059,-121.01,CISO-PGAE,CA,rail,0.000704
35986,EL DORADO HILLS 2,38.7059,-121.01,CISO-PGAE,CA,road,0.004211
35987,WESTWOOD,40.3077,-120.947,PACW,CA,bldg,0.160247
35987,WESTWOOD,40.3077,-120.947,PACW,CA,ind,0.025362
35987,WESTWOOD,40.3077,-120.947,PACW,CA,rail,0.000108
35987,WESTWOOD,40.3077,-120.947,PACW,CA,road,0.000263
35988,GRASS VALLEY 2,39.2233,-120.973,CISO-PGAE,CA,bldg,0.06665
35988,GRASS VALLEY 2,39.2233,-120.973,CISO-PGAE,CA,ind,0.024243
35988,GRASS VALLEY 2,39.2233,-120.973,CISO-PGAE,CA,rail,0.000457
35988,GRASS VALLEY 2,39.2233,-120.973,CISO-PGAE,CA,road,0.002735
35989,SHINGLE SPRINGS 1,38.5932,-120.979,CISO-PGAE,CA,bldg,0.076994
35989,SHINGLE SPRINGS 1,38.5932,-120.979,CISO-PGAE,CA,ind,0.028006
35989,SHINGLE SPRINGS 1,38.5932,-120.979,CISO-PGAE,CA,rail,0.000528
35989,SHINGLE SPRINGS 1,38.5932,-120.979,CISO-PGAE,CA,road,0.003159
35990,SHINGLE SPRINGS 2,38.6252,-120.952,CISO-PGAE,CA,bldg,0.076994
35990,SHINGLE SPRINGS 2,38.6252,-120.952,CISO-PGAE,CA,ind,0.028006
35990,SHINGLE SPRINGS 2,38.6252,-120.952,CISO-PGAE,CA,rail,0.000528
35990,SHINGLE SPRINGS 2,38.6252,-120.952,CISO-PGAE,CA,road,0.003159
35991,NEVADA CITY,39.2704,-120.914,CISO-PGAE,CA,bldg,0.094361
35991,NEVADA CITY,39.2704,-120.914,CISO-PGAE,CA,ind,0.034323
35991,NEVADA CITY,39.2704,-120.914,CISO-PGAE,CA,rail,0.000647
35991,NEVADA CITY,39.2704,-120.914,CISO-PGAE,CA,road,0.003872
35992,QUINCY 2,40.0203,-120.933,CISO-PGAE,CA,bldg,0.03741
35992,QUINCY 2,40.0203,-120.933,CISO-PGAE,CA,ind,0.013608
35992,QUINCY 2,40.0203,-120.933,CISO-PGAE,CA,rail,0.000257
35992,QUINCY 2,40.0203,-120.933,CISO-PGAE,CA,road,0.001535
35993,COLFAX 2,39.0332,-120.881,CISO-PGAE,CA,bldg,0.051457
35993,COLFAX 2,39.0332,-120.881,CISO-PGAE,CA,ind,0.018717
35993,COLFAX 2,39.0332,-120.881,CISO-PGAE,CA,rail,0.000353
35993,COLFAX 2,39.0332,-120.881,CISO-PGAE,CA,road,0.002112
35994,FORESTHILL 1,38.9589,-120.875,CISO-PGAE,CA,bldg,0.032149
35994,FORESTHILL 1,38.9589,-120.875,CISO-PGAE,CA,ind,0.011694
35994,FORESTHILL 1,38.9589,-120.875,CISO-PGAE,CA,rail,0.000221
35994,FORESTHILL 1,38.9589,-120.875,CISO-PGAE,CA,road,0.001319
35995,PLACERVILLE 1,38.8271,-120.82,CISO-PGAE,CA,bldg,0.144554
35995,PLACERVILLE 1,38.8271,-120.82,CISO-PGAE,CA,ind,0.05258
35995,PLACERVILLE 1,38.8271,-120.82,CISO-PGAE,CA,rail,0.000992
35995,PLACERVILLE 1,38.8271,-120.82,CISO-PGAE,CA,road,0.005932
35996,PLACERVILLE 2,38.6378,-120.768,CISO-PGAE,CA,bldg,0.160982
35996,PLACERVILLE 2,38.6378,-120.768,CISO-PGAE,CA,ind,0.058556
35996,PLACERVILLE 2,38.6378,-120.768,CISO-PGAE,CA,rail,0.001104
35996,PLACERVILLE 2,38.6378,-120.768,CISO-PGAE,CA,road,0.006606
35997,SUSANVILLE,40.5989,-120.596,PACW,CA,bldg,0.504835
35997,SUSANVILLE,40.5989,-120.596,PACW,CA,ind,0.079898
35997,SUSANVILLE,40.5989,-120.596,PACW,CA,rail,0.000339
35997,SUSANVILLE,40.5989,-120.596,PACW,CA,road,0.00083
35998,ALTURAS,41.5381,-120.583,PACW,CA,bldg,0.185161
35998,ALTURAS,41.5381,-120.583,PACW,CA,ind,0.029304
35998,ALTURAS,41.5381,-120.583,PACW,CA,rail,0.000124
35998,ALTURAS,41.5381,-120.583,PACW,CA,road,0.000304
35999,POLLOCK PINES 1,38.7657,-120.445,CISO-PGAE,CA,bldg,0.052603
35999,POLLOCK PINES 1,38.7657,-120.445,CISO-PGAE,CA,ind,0.019134
35999,POLLOCK PINES 1,38.7657,-120.445,CISO-PGAE,CA,rail,0.000361
35999,POLLOCK PINES 1,38.7657,-120.445,CISO-PGAE,CA,road,0.002159
36000,JANESVILLE,40.3717,-120.575,PACW,CA,bldg,0.067842
36000,JANESVILLE,40.3717,-120.575,PACW,CA,ind,0.010737
36000,JANESVILLE,40.3717,-120.575,PACW,CA,rail,4.6e-05
36000,JANESVILLE,40.3717,-120.575,PACW,CA,road,0.000112
36001,PORTOLA,39.9166,-120.397,CISO-PGAE,CA,bldg,0.05704
36001,PORTOLA,39.9166,-120.397,CISO-PGAE,CA,ind,0.020748
36001,PORTOLA,39.9166,-120.397,CISO-PGAE,CA,rail,0.000391
36001,PORTOLA,39.9166,-120.397,CISO-PGAE,CA,road,0.002341
36002,TRUCKEE,39.2883,-120.188,CISO-PGAE,CA,bldg,0.163127
36002,TRUCKEE,39.2883,-120.188,CISO-PGAE,CA,ind,0.059337
36002,TRUCKEE,39.2883,-120.188,CISO-PGAE,CA,rail,0.001119
36002,TRUCKEE,39.2883,-120.188,CISO-PGAE,CA,road,0.006694
36003,SOUTH LAKE TAHOE 1,38.8533,-119.931,CISO-PGAE,CA,bldg,0.078786
36003,SOUTH LAKE TAHOE 1,38.8533,-119.931,CISO-PGAE,CA,ind,0.028658
36003,SOUTH LAKE TAHOE 1,38.8533,-119.931,CISO-PGAE,CA,rail,0.000541
36003,SOUTH LAKE TAHOE 1,38.8533,-119.931,CISO-PGAE,CA,road,0.003233
36004,SOUTH LAKE TAHOE 2,38.8675,-119.96,CISO-PGAE,CA,bldg,0.080226
36004,SOUTH LAKE TAHOE 2,38.8675,-119.96,CISO-PGAE,CA,ind,0.029182
36004,SOUTH LAKE TAHOE 2,38.8675,-119.96,CISO-PGAE,CA,rail,0.00055
36004,SOUTH LAKE TAHOE 2,38.8675,-119.96,CISO-PGAE,CA,road,0.003292
36005,POLLOCK PINES 2,38.9827,-120.325,CISO-PGAE,CA,bldg,0.022217
36005,POLLOCK PINES 2,38.9827,-120.325,CISO-PGAE,CA,ind,0.008081
36005,POLLOCK PINES 2,38.9827,-120.325,CISO-PGAE,CA,rail,0.000152
36005,POLLOCK PINES 2,38.9827,-120.325,CISO-PGAE,CA,road,0.000912
36007,BURNEY 1,40.8981,-121.804,CISO-PGAE,CA,bldg,0.005642
36007,BURNEY 1,40.8981,-121.804,CISO-PGAE,CA,ind,0.002053
36007,BURNEY 1,40.8981,-121.804,CISO-PGAE,CA,rail,3.9e-05
36007,BURNEY 1,40.8981,-121.804,CISO-PGAE,CA,road,0.000232
36009,MAXWELL,39.3661,-122.27,CISO-PGAE,CA,bldg,0.011167
36009,MAXWELL,39.3661,-122.27,CISO-PGAE,CA,ind,0.004062
36009,MAXWELL,39.3661,-122.27,CISO-PGAE,CA,rail,7.7e-05
36009,MAXWELL,39.3661,-122.27,CISO-PGAE,CA,road,0.000458
36012,CAMINO,38.7653,-120.787,CISO-PGAE,CA,bldg,0.042964
36012,CAMINO,38.7653,-120.787,CISO-PGAE,CA,ind,0.015627
36012,CAMINO,38.7653,-120.787,CISO-PGAE,CA,rail,0.000295
36012,CAMINO,38.7653,-120.787,CISO-PGAE,CA,road,0.001763
36013,MONTGOMERY CREEK 1,40.9923,-121.975,PACW,CA,bldg,0.008188
36013,MONTGOMERY CREEK 1,40.9923,-121.975,PACW,CA,ind,0.001296
36013,MONTGOMERY CREEK 1,40.9923,-121.975,PACW,CA,rail,6e-06
36013,MONTGOMERY CREEK 1,40.9923,-121.975,PACW,CA,road,1.3e-05
36014,BURNEY 2,40.9974,-121.748,CISO-PGAE,CA,bldg,0.039672
36014,BURNEY 2,40.9974,-121.748,CISO-PGAE,CA,ind,0.014431
36014,BURNEY 2,40.9974,-121.748,CISO-PGAE,CA,rail,0.000272
36014,BURNEY 2,40.9974,-121.748,CISO-PGAE,CA,road,0.001628
36017,YUBA CITY 5,39.0529,-121.696,CISO-PGAE,CA,bldg,0.004026
36017,YUBA CITY 5,39.0529,-121.696,CISO-PGAE,CA,ind,0.001464
36017,YUBA CITY 5,39.0529,-121.696,CISO-PGAE,CA,rail,2.8e-05
36017,YUBA CITY 5,39.0529,-121.696,CISO-PGAE,CA,road,0.000165
36020,AUBURN 9,38.8899,-121.099,CISO-PGAE,CA,bldg,0.007288
36020,AUBURN 9,38.8899,-121.099,CISO-PGAE,CA,ind,0.002651
36020,AUBURN 9,38.8899,-121.099,CISO-PGAE,CA,rail,5e-05
36020,AUBURN 9,38.8899,-121.099,CISO-PGAE,CA,road,0.000299
36023,REDDING 7,40.7973,-122.763,BANC,CA,bldg,0.017438
36023,REDDING 7,40.7973,-122.763,BANC,CA,ind,0.003341
36023,REDDING 7,40.7973,-122.763,BANC,CA,rail,3.2e-05
36023,REDDING 7,40.7973,-122.763,BANC,CA,road,0.000377
36025,ELK GROVE 7,38.4457,-121.462,BANC,CA,bldg,0.121931
36025,ELK GROVE 7,38.4457,-121.462,BANC,CA,ind,0.023361
36025,ELK GROVE 7,38.4457,-121.462,BANC,CA,rail,0.000222
36025,ELK GROVE 7,38.4457,-121.462,BANC,CA,road,0.002638
36027,WENDEL,40.3683,-120.265,PACW,CA,bldg,0.034272
36027,WENDEL,40.3683,-120.265,PACW,CA,ind,0.005425
36027,WENDEL,40.3683,-120.265,PACW,CA,rail,2.3e-05
36027,WENDEL,40.3683,-120.265,PACW,CA,road,5.6e-05
36029,MONTGOMERY CREEK 2,40.8475,-121.991,CISO-PGAE,CA,bldg,0.003321
36029,MONTGOMERY CREEK 2,40.8475,-121.991,CISO-PGAE,CA,ind,0.001208
36029,MONTGOMERY CREEK 2,40.8475,-121.991,CISO-PGAE,CA,rail,2.3e-05
36029,MONTGOMERY CREEK 2,40.8475,-121.991,CISO-PGAE,CA,road,0.000136
36030,BROWNS VALLEY,39.239,-121.27,CISO-PGAE,CA,bldg,0.04123
36030,BROWNS VALLEY,39.239,-121.27,CISO-PGAE,CA,ind,0.014998
36030,BROWNS VALLEY,39.239,-121.27,CISO-PGAE,CA,rail,0.000283
36030,BROWNS VALLEY,39.239,-121.27,CISO-PGAE,CA,road,0.001692
36031,MEADOW VALLEY 1,40.086,-121.149,CISO-PGAE,CA,bldg,0.000235
36031,MEADOW VALLEY 1,40.086,-121.149,CISO-PGAE,CA,ind,8.6e-05
36031,MEADOW VALLEY 1,40.086,-121.149,CISO-PGAE,CA,rail,2e-06
36031,MEADOW VALLEY 1,40.086,-121.149,CISO-PGAE,CA,road,1e-05
36032,STRAWBERRY VALLEY 4,39.7229,-121.47,CISO-PGAE,CA,bldg,0.007611
36032,STRAWBERRY VALLEY 4,39.7229,-121.47,CISO-PGAE,CA,ind,0.002768
36032,STRAWBERRY VALLEY 4,39.7229,-121.47,CISO-PGAE,CA,rail,5.2e-05
36032,STRAWBERRY VALLEY 4,39.7229,-121.47,CISO-PGAE,CA,road,0.000312
36033,FORBESTOWN 1,39.5538,-121.204,CISO-PGAE,CA,bldg,0.01581
36033,FORBESTOWN 1,39.5538,-121.204,CISO-PGAE,CA,ind,0.005751
36033,FORBESTOWN 1,39.5538,-121.204,CISO-PGAE,CA,rail,0.000108
36033,FORBESTOWN 1,39.5538,-121.204,CISO-PGAE,CA,road,0.000649
36034,MEADOW VALLEY 2,40.0855,-121.148,CISO-PGAE,CA,bldg,0.00094
36034,MEADOW VALLEY 2,40.0855,-121.148,CISO-PGAE,CA,ind,0.000342
36034,MEADOW VALLEY 2,40.0855,-121.148,CISO-PGAE,CA,rail,6e-06
36034,MEADOW VALLEY 2,40.0855,-121.148,CISO-PGAE,CA,road,3.9e-05
36035,REDDING 8,40.7175,-122.422,CISO-PGAE,CA,bldg,0.008317
36035,REDDING 8,40.7175,-122.422,CISO-PGAE,CA,ind,0.003025
36035,REDDING 8,40.7175,-122.422,CISO-PGAE,CA,rail,5.7e-05
36035,REDDING 8,40.7175,-122.422,CISO-PGAE,CA,road,0.000341
36037,WOODLAND 5,38.6905,-121.737,CISO-PGAE,CA,phase1,0.078196
36039,ALTA 1,39.2574,-120.767,CISO-PGAE,CA,bldg,0.003497
36039,ALTA 1,39.2574,-120.767,CISO-PGAE,CA,ind,0.001272
36039,ALTA 1,39.2574,-120.767,CISO-PGAE,CA,rail,2.4e-05
36039,ALTA 1,39.2574,-120.767,CISO-PGAE,CA,road,0.000144
36040,HORNBROOK,41.9757,-122.358,PACW,CA,bldg,0.047606
36040,HORNBROOK,41.9757,-122.358,PACW,CA,ind,0.007535
36040,HORNBROOK,41.9757,-122.358,PACW,CA,rail,3.2e-05
36040,HORNBROOK,41.9757,-122.358,PACW,CA,road,7.8e-05
36044,DUTCH FLAT,39.2184,-120.835,CISO-PGAE,CA,bldg,0.005201
36044,DUTCH FLAT,39.2184,-120.835,CISO-PGAE,CA,ind,0.001893
36044,DUTCH FLAT,39.2184,-120.835,CISO-PGAE,CA,rail,3.6e-05
36044,DUTCH FLAT,39.2184,-120.835,CISO-PGAE,CA,road,0.000213
36047,MIDDLETOWN 3,38.7881,-122.722,CISO-PGAE,CA,bldg,0.026654
36047,MIDDLETOWN 3,38.7881,-122.722,CISO-PGAE,CA,ind,0.009695
36047,MIDDLETOWN 3,38.7881,-122.722,CISO-PGAE,CA,rail,0.000183
36047,MIDDLETOWN 3,38.7881,-122.722,CISO-PGAE,CA,road,0.001094
36052,REDDING 9,40.6119,-122.446,CISO-PGAE,CA,bldg,0.003174
36052,REDDING 9,40.6119,-122.446,CISO-PGAE,CA,ind,0.001154
36052,REDDING 9,40.6119,-122.446,CISO-PGAE,CA,rail,2.2e-05
36052,REDDING 9,40.6119,-122.446,CISO-PGAE,CA,road,0.00013
36078,GUERNEVILLE,38.5535,-123.003,CISO-PGAE,CA,bldg,0.052661
36078,GUERNEVILLE,38.5535,-123.003,CISO-PGAE,CA,ind,0.019155
36078,GUERNEVILLE,38.5535,-123.003,CISO-PGAE,CA,rail,0.000361
36078,GUERNEVILLE,38.5535,-123.003,CISO-PGAE,CA,road,0.002161
36079,HEALDSBURG,38.6934,-122.891,CISO-PGAE,CA,bldg,0.099798
36079,HEALDSBURG,38.6934,-122.891,CISO-PGAE,CA,ind,0.0363
36079,HEALDSBURG,38.6934,-122.891,CISO-PGAE,CA,rail,0.000685
36079,HEALDSBURG,38.6934,-122.891,CISO-PGAE,CA,road,0.004095
36080,SEBASTOPOL 1,38.4176,-122.87,CISO-PGAE,CA,bldg,0.088278
36080,SEBASTOPOL 1,38.4176,-122.87,CISO-PGAE,CA,ind,0.032111
36080,SEBASTOPOL 1,38.4176,-122.87,CISO-PGAE,CA,rail,0.000606
36080,SEBASTOPOL 1,38.4176,-122.87,CISO-PGAE,CA,road,0.003622
36081,SEBASTOPOL 2,38.4122,-122.823,CISO-PGAE,CA,bldg,0.078698
36081,SEBASTOPOL 2,38.4122,-122.823,CISO-PGAE,CA,ind,0.028626
36081,SEBASTOPOL 2,38.4122,-122.823,CISO-PGAE,CA,rail,0.00054
36081,SEBASTOPOL 2,38.4122,-122.823,CISO-PGAE,CA,road,0.003229
36082,WINDSOR 1,38.5002,-122.814,CISO-PGAE,CA,bldg,0.075466
36082,WINDSOR 1,38.5002,-122.814,CISO-PGAE,CA,ind,0.02745
36082,WINDSOR 1,38.5002,-122.814,CISO-PGAE,CA,rail,0.000518
36082,WINDSOR 1,38.5002,-122.814,CISO-PGAE,CA,road,0.003097
36083,WINDSOR 2,38.5379,-122.76,CISO-PGAE,CA,bldg,0.075466
36083,WINDSOR 2,38.5379,-122.76,CISO-PGAE,CA,ind,0.02745
36083,WINDSOR 2,38.5379,-122.76,CISO-PGAE,CA,rail,0.000518
36083,WINDSOR 2,38.5379,-122.76,CISO-PGAE,CA,road,0.003097
36084,SANTA ROSA 1,38.5442,-122.844,CISO-PGAE,CA,bldg,0.1328
36084,SANTA ROSA 1,38.5442,-122.844,CISO-PGAE,CA,ind,0.048305
36084,SANTA ROSA 1,38.5442,-122.844,CISO-PGAE,CA,rail,0.000911
36084,SANTA ROSA 1,38.5442,-122.844,CISO-PGAE,CA,road,0.005449
36085,SANTA ROSA 2,38.4465,-122.784,CISO-PGAE,CA,bldg,0.0978
36085,SANTA ROSA 2,38.4465,-122.784,CISO-PGAE,CA,ind,0.035574
36085,SANTA ROSA 2,38.4465,-122.784,CISO-PGAE,CA,rail,0.000671
36085,SANTA ROSA 2,38.4465,-122.784,CISO-PGAE,CA,road,0.004013
36086,PETALUMA 1,38.1578,-122.69,CISO-PGAE,CA,bldg,0.091335
36086,PETALUMA 1,38.1578,-122.69,CISO-PGAE,CA,ind,0.033223
36086,PETALUMA 1,38.1578,-122.69,CISO-PGAE,CA,rail,0.000627
36086,PETALUMA 1,38.1578,-122.69,CISO-PGAE,CA,road,0.003748
36087,PETALUMA 2,38.2311,-122.748,CISO-PGAE,CA,bldg,0.153517
36087,PETALUMA 2,38.2311,-122.748,CISO-PGAE,CA,ind,0.055841
36087,PETALUMA 2,38.2311,-122.748,CISO-PGAE,CA,rail,0.001053
36087,PETALUMA 2,38.2311,-122.748,CISO-PGAE,CA,road,0.0063
36088,SANTA ROSA 3,38.4866,-122.666,CISO-PGAE,CA,bldg,0.119458
36088,SANTA ROSA 3,38.4866,-122.666,CISO-PGAE,CA,ind,0.043452
36088,SANTA ROSA 3,38.4866,-122.666,CISO-PGAE,CA,rail,0.00082
36088,SANTA ROSA 3,38.4866,-122.666,CISO-PGAE,CA,road,0.004902
36089,SANTA ROSA 4,38.4234,-122.812,CISO-PGAE,CA,bldg,0.119458
36089,SANTA ROSA 4,38.4234,-122.812,CISO-PGAE,CA,ind,0.043452
36089,SANTA ROSA 4,38.4234,-122.812,CISO-PGAE,CA,rail,0.00082
36089,SANTA ROSA 4,38.4234,-122.812,CISO-PGAE,CA,road,0.004902
36090,SANTA ROSA 5,38.405,-122.646,CISO-PGAE,CA,bldg,0.107409
36090,SANTA ROSA 5,38.405,-122.646,CISO-PGAE,CA,ind,0.039069
36090,SANTA ROSA 5,38.405,-122.646,CISO-PGAE,CA,rail,0.000737
36090,SANTA ROSA 5,38.405,-122.646,CISO-PGAE,CA,road,0.004408
36091,SANTA ROSA 6,38.4325,-122.782,CISO-PGAE,CA,bldg,0.104088
36091,SANTA ROSA 6,38.4325,-122.782,CISO-PGAE,CA,ind,0.037861
36091,SANTA ROSA 6,38.4325,-122.782,CISO-PGAE,CA,rail,0.000714
36091,SANTA ROSA 6,38.4325,-122.782,CISO-PGAE,CA,road,0.004271
36092,ROHNERT PARK 1,38.3053,-122.69,CISO-PGAE,CA,bldg,0.114168
36092,ROHNERT PARK 1,38.3053,-122.69,CISO-PGAE,CA,ind,0.041528
36092,ROHNERT PARK 1,38.3053,-122.69,CISO-PGAE,CA,rail,0.000783
36092,ROHNERT PARK 1,38.3053,-122.69,CISO-PGAE,CA,road,0.004685
36093,ROHNERT PARK 2,38.2513,-122.787,CISO-PGAE,CA,bldg,0.126246
36093,ROHNERT PARK 2,38.2513,-122.787,CISO-PGAE,CA,ind,0.045921
36093,ROHNERT PARK 2,38.2513,-122.787,CISO-PGAE,CA,rail,0.000866
36093,ROHNERT PARK 2,38.2513,-122.787,CISO-PGAE,CA,road,0.00518
36094,SANTA ROSA 7,38.486,-122.598,CISO-PGAE,CA,bldg,0.105146
36094,SANTA ROSA 7,38.486,-122.598,CISO-PGAE,CA,ind,0.038247
36094,SANTA ROSA 7,38.486,-122.598,CISO-PGAE,CA,rail,0.000721
36094,SANTA ROSA 7,38.486,-122.598,CISO-PGAE,CA,road,0.004315
36095,SANTA ROSA 8,38.4599,-122.748,CISO-PGAE,CA,bldg,0.105146
36095,SANTA ROSA 8,38.4599,-122.748,CISO-PGAE,CA,ind,0.038247
36095,SANTA ROSA 8,38.4599,-122.748,CISO-PGAE,CA,rail,0.000721
36095,SANTA ROSA 8,38.4599,-122.748,CISO-PGAE,CA,road,0.004315
36096,SANTA ROSA 9,38.4553,-122.617,CISO-PGAE,CA,bldg,0.113198
36096,SANTA ROSA 9,38.4553,-122.617,CISO-PGAE,CA,ind,0.041175
36096,SANTA ROSA 9,38.4553,-122.617,CISO-PGAE,CA,rail,0.000777
36096,SANTA ROSA 9,38.4553,-122.617,CISO-PGAE,CA,road,0.004645
36097,NOVATO 1,38.1225,-122.659,CISO-PGAE,CA,bldg,0.143173
36097,NOVATO 1,38.1225,-122.659,CISO-PGAE,CA,ind,0.052079
36097,NOVATO 1,38.1225,-122.659,CISO-PGAE,CA,rail,0.000982
36097,NOVATO 1,38.1225,-122.659,CISO-PGAE,CA,road,0.005875
36098,FAIRFAX,37.8646,-122.59,CISO-PGAE,CA,bldg,0.044962
36098,FAIRFAX,37.8646,-122.59,CISO-PGAE,CA,ind,0.016354
36098,FAIRFAX,37.8646,-122.59,CISO-PGAE,CA,rail,0.000308
36098,FAIRFAX,37.8646,-122.59,CISO-PGAE,CA,road,0.001845
36099,CALISTOGA,38.6502,-122.688,CISO-PGAE,CA,bldg,0.037292
36099,CALISTOGA,38.6502,-122.688,CISO-PGAE,CA,ind,0.013565
36099,CALISTOGA,38.6502,-122.688,CISO-PGAE,CA,rail,0.000256
36099,CALISTOGA,38.6502,-122.688,CISO-PGAE,CA,road,0.00153
36100,SANTA ROSA 10,38.4833,-122.523,CISO-PGAE,CA,bldg,0.080138
36100,SANTA ROSA 10,38.4833,-122.523,CISO-PGAE,CA,ind,0.02915
36100,SANTA ROSA 10,38.4833,-122.523,CISO-PGAE,CA,rail,0.00055
36100,SANTA ROSA 10,38.4833,-122.523,CISO-PGAE,CA,road,0.003288
36101,SANTA ROSA 11,38.5647,-122.566,CISO-PGAE,CA,bldg,0.07191
36101,SANTA ROSA 11,38.5647,-122.566,CISO-PGAE,CA,ind,0.026156
36101,SANTA ROSA 11,38.5647,-122.566,CISO-PGAE,CA,rail,0.000493
36101,SANTA ROSA 11,38.5647,-122.566,CISO-PGAE,CA,road,0.002951
36102,SAN ANSELMO,38.0033,-122.502,CISO-PGAE,CA,bldg,0.119546
36102,SAN ANSELMO,38.0033,-122.502,CISO-PGAE,CA,ind,0.043484
36102,SAN ANSELMO,38.0033,-122.502,CISO-PGAE,CA,rail,0.00082
36102,SAN ANSELMO,38.0033,-122.502,CISO-PGAE,CA,road,0.004906
36103,MILL VALLEY 1,37.9206,-122.559,CISO-PGAE,CA,bldg,0.087691
36103,MILL VALLEY 1,37.9206,-122.559,CISO-PGAE,CA,ind,0.031897
36103,MILL VALLEY 1,37.9206,-122.559,CISO-PGAE,CA,rail,0.000602
36103,MILL VALLEY 1,37.9206,-122.559,CISO-PGAE,CA,road,0.003598
36104,MILL VALLEY 2,37.8044,-122.481,CISO-PGAE,CA,bldg,0.080667
36104,MILL VALLEY 2,37.8044,-122.481,CISO-PGAE,CA,ind,0.029342
36104,MILL VALLEY 2,37.8044,-122.481,CISO-PGAE,CA,rail,0.000553
36104,MILL VALLEY 2,37.8044,-122.481,CISO-PGAE,CA,road,0.00331
36105,GREENBRAE,37.8825,-122.619,CISO-PGAE,CA,bldg,0.072116
36105,GREENBRAE,37.8825,-122.619,CISO-PGAE,CA,ind,0.026232
36105,GREENBRAE,37.8825,-122.619,CISO-PGAE,CA,rail,0.000495
36105,GREENBRAE,37.8825,-122.619,CISO-PGAE,CA,road,0.002959
36106,PETALUMA 3,38.2822,-122.616,CISO-PGAE,CA,bldg,0.098828
36106,PETALUMA 3,38.2822,-122.616,CISO-PGAE,CA,ind,0.035948
36106,PETALUMA 3,38.2822,-122.616,CISO-PGAE,CA,rail,0.000678
36106,PETALUMA 3,38.2822,-122.616,CISO-PGAE,CA,road,0.004055
36107,PETALUMA 4,38.1733,-122.61,CISO-PGAE,CA,bldg,0.098828
36107,PETALUMA 4,38.1733,-122.61,CISO-PGAE,CA,ind,0.035948
36107,PETALUMA 4,38.1733,-122.61,CISO-PGAE,CA,rail,0.000678
36107,PETALUMA 4,38.1733,-122.61,CISO-PGAE,CA,road,0.004055
36108,SAN RAFAEL 1,38.12,-122.581,CISO-PGAE,CA,bldg,0.076817
36108,SAN RAFAEL 1,38.12,-122.581,CISO-PGAE,CA,ind,0.027942
36108,SAN RAFAEL 1,38.12,-122.581,CISO-PGAE,CA,rail,0.000527
36108,SAN RAFAEL 1,38.12,-122.581,CISO-PGAE,CA,road,0.003152
36109,SAN RAFAEL 2,38.0002,-122.566,CISO-PGAE,CA,bldg,0.103765
36109,SAN RAFAEL 2,38.0002,-122.566,CISO-PGAE,CA,ind,0.037744
36109,SAN RAFAEL 2,38.0002,-122.566,CISO-PGAE,CA,rail,0.000712
36109,SAN RAFAEL 2,38.0002,-122.566,CISO-PGAE,CA,road,0.004258
36110,SAUSALITO,37.8399,-122.478,CISO-PGAE,CA,bldg,0.057363
36110,SAUSALITO,37.8399,-122.478,CISO-PGAE,CA,ind,0.020865
36110,SAUSALITO,37.8399,-122.478,CISO-PGAE,CA,rail,0.000394
36110,SAUSALITO,37.8399,-122.478,CISO-PGAE,CA,road,0.002354
36111,NOVATO 2,38.0754,-122.484,CISO-PGAE,CA,bldg,0.090806
36111,NOVATO 2,38.0754,-122.484,CISO-PGAE,CA,ind,0.03303
36111,NOVATO 2,38.0754,-122.484,CISO-PGAE,CA,rail,0.000623
36111,NOVATO 2,38.0754,-122.484,CISO-PGAE,CA,road,0.003726
36112,NOVATO 3,38.0612,-122.59,CISO-PGAE,CA,bldg,0.095302
36112,NOVATO 3,38.0612,-122.59,CISO-PGAE,CA,ind,0.034665
36112,NOVATO 3,38.0612,-122.59,CISO-PGAE,CA,rail,0.000654
36112,NOVATO 3,38.0612,-122.59,CISO-PGAE,CA,road,0.003911
36113,CORTE MADERA,37.9087,-122.581,CISO-PGAE,CA,bldg,0.048959
36113,CORTE MADERA,37.9087,-122.581,CISO-PGAE,CA,ind,0.017808
36113,CORTE MADERA,37.9087,-122.581,CISO-PGAE,CA,rail,0.000336
36113,CORTE MADERA,37.9087,-122.581,CISO-PGAE,CA,road,0.002009
36114,SAN RAFAEL 3,38.0173,-122.496,CISO-PGAE,CA,bldg,0.108849
36114,SAN RAFAEL 3,38.0173,-122.496,CISO-PGAE,CA,ind,0.039593
36114,SAN RAFAEL 3,38.0173,-122.496,CISO-PGAE,CA,rail,0.000747
36114,SAN RAFAEL 3,38.0173,-122.496,CISO-PGAE,CA,road,0.004467
36115,SAN RAFAEL 4,37.9802,-122.588,CISO-PGAE,CA,bldg,0.12272
36115,SAN RAFAEL 4,37.9802,-122.588,CISO-PGAE,CA,ind,0.044639
36115,SAN RAFAEL 4,37.9802,-122.588,CISO-PGAE,CA,rail,0.000842
36115,SAN RAFAEL 4,37.9802,-122.588,CISO-PGAE,CA,road,0.005036
36116,SAN FRANCISCO 1,37.8532,-122.437,CISO-PGAE,CA,bldg,0.108967
36116,SAN FRANCISCO 1,37.8532,-122.437,CISO-PGAE,CA,ind,0.039636
36116,SAN FRANCISCO 1,37.8532,-122.437,CISO-PGAE,CA,rail,0.000748
36116,SAN FRANCISCO 1,37.8532,-122.437,CISO-PGAE,CA,road,0.004471
36117,SAN FRANCISCO 2,37.6898,-122.498,CISO-PGAE,CA,bldg,0.108967
36117,SAN FRANCISCO 2,37.6898,-122.498,CISO-PGAE,CA,ind,0.039636
36117,SAN FRANCISCO 2,37.6898,-122.498,CISO-PGAE,CA,rail,0.000748
36117,SAN FRANCISCO 2,37.6898,-122.498,CISO-PGAE,CA,road,0.004471
36118,GLEN ELLEN,38.3427,-122.4,CISO-PGAE,CA,bldg,0.033295
36118,GLEN ELLEN,38.3427,-122.4,CISO-PGAE,CA,ind,0.012111
36118,GLEN ELLEN,38.3427,-122.4,CISO-PGAE,CA,rail,0.000228
36118,GLEN ELLEN,38.3427,-122.4,CISO-PGAE,CA,road,0.001366
36119,SAN FRANCISCO 3,37.7356,-122.508,CISO-PGAE,CA,bldg,0.18743
36119,SAN FRANCISCO 3,37.7356,-122.508,CISO-PGAE,CA,ind,0.068177
36119,SAN FRANCISCO 3,37.7356,-122.508,CISO-PGAE,CA,rail,0.001286
36119,SAN FRANCISCO 3,37.7356,-122.508,CISO-PGAE,CA,road,0.007691
36120,SAN FRANCISCO 4,37.8008,-122.416,CISO-PGAE,CA,bldg,0.115579
36120,SAN FRANCISCO 4,37.8008,-122.416,CISO-PGAE,CA,ind,0.042041
36120,SAN FRANCISCO 4,37.8008,-122.416,CISO-PGAE,CA,rail,0.000793
36120,SAN FRANCISCO 4,37.8008,-122.416,CISO-PGAE,CA,road,0.004743
36121,SAN FRANCISCO 5,37.6954,-122.499,CISO-PGAE,CA,bldg,0.148169
36121,SAN FRANCISCO 5,37.6954,-122.499,CISO-PGAE,CA,ind,0.053896
36121,SAN FRANCISCO 5,37.6954,-122.499,CISO-PGAE,CA,rail,0.001017
36121,SAN FRANCISCO 5,37.6954,-122.499,CISO-PGAE,CA,road,0.00608
36122,SAN FRANCISCO 6,37.8485,-122.559,CISO-PGAE,CA,bldg,0.148169
36122,SAN FRANCISCO 6,37.8485,-122.559,CISO-PGAE,CA,ind,0.053896
36122,SAN FRANCISCO 6,37.8485,-122.559,CISO-PGAE,CA,rail,0.001017
36122,SAN FRANCISCO 6,37.8485,-122.559,CISO-PGAE,CA,road,0.00608
36123,SAN FRANCISCO 7,37.7873,-122.507,CISO-PGAE,CA,bldg,0.074408
36123,SAN FRANCISCO 7,37.7873,-122.507,CISO-PGAE,CA,ind,0.027065
36123,SAN FRANCISCO 7,37.7873,-122.507,CISO-PGAE,CA,rail,0.00051
36123,SAN FRANCISCO 7,37.7873,-122.507,CISO-PGAE,CA,road,0.003053
36124,SAN FRANCISCO 8,37.7096,-122.442,CISO-PGAE,CA,bldg,0.074408
36124,SAN FRANCISCO 8,37.7096,-122.442,CISO-PGAE,CA,ind,0.027065
36124,SAN FRANCISCO 8,37.7096,-122.442,CISO-PGAE,CA,rail,0.00051
36124,SAN FRANCISCO 8,37.7096,-122.442,CISO-PGAE,CA,road,0.003053
36125,DALY CITY 1,37.7199,-122.421,CISO-PGAE,CA,bldg,0.161129
36125,DALY CITY 1,37.7199,-122.421,CISO-PGAE,CA,ind,0.058609
36125,DALY CITY 1,37.7199,-122.421,CISO-PGAE,CA,rail,0.001105
36125,DALY CITY 1,37.7199,-122.421,CISO-PGAE,CA,road,0.006612
36126,DALY CITY 2,37.6082,-122.41,CISO-PGAE,CA,bldg,0.161129
36126,DALY CITY 2,37.6082,-122.41,CISO-PGAE,CA,ind,0.058609
36126,DALY CITY 2,37.6082,-122.41,CISO-PGAE,CA,rail,0.001105
36126,DALY CITY 2,37.6082,-122.41,CISO-PGAE,CA,road,0.006612
36127,PACIFICA 1,37.6987,-122.449,CISO-PGAE,CA,bldg,0.098652
36127,PACIFICA 1,37.6987,-122.449,CISO-PGAE,CA,ind,0.035884
36127,PACIFICA 1,37.6987,-122.449,CISO-PGAE,CA,rail,0.000677
36127,PACIFICA 1,37.6987,-122.449,CISO-PGAE,CA,road,0.004048
36128,PACIFICA 2,37.5646,-122.516,CISO-PGAE,CA,bldg,0.114051
36128,PACIFICA 2,37.5646,-122.516,CISO-PGAE,CA,ind,0.041485
36128,PACIFICA 2,37.5646,-122.516,CISO-PGAE,CA,rail,0.000782
36128,PACIFICA 2,37.5646,-122.516,CISO-PGAE,CA,road,0.00468
36129,SONOMA 1,38.2561,-122.505,CISO-PGAE,CA,bldg,0.093597
36129,SONOMA 1,38.2561,-122.505,CISO-PGAE,CA,ind,0.034046
36129,SONOMA 1,38.2561,-122.505,CISO-PGAE,CA,rail,0.000642
36129,SONOMA 1,38.2561,-122.505,CISO-PGAE,CA,road,0.003841
36130,SONOMA 2,38.1977,-122.398,CISO-PGAE,CA,bldg,0.093597
36130,SONOMA 2,38.1977,-122.398,CISO-PGAE,CA,ind,0.034046
36130,SONOMA 2,38.1977,-122.398,CISO-PGAE,CA,rail,0.000642
36130,SONOMA 2,38.1977,-122.398,CISO-PGAE,CA,road,0.003841
36131,BELVEDERE TIBURON,37.962,-122.371,CISO-PGAE,CA,bldg,0.065974
36131,BELVEDERE TIBURON,37.962,-122.371,CISO-PGAE,CA,ind,0.023998
36131,BELVEDERE TIBURON,37.962,-122.371,CISO-PGAE,CA,rail,0.000453
36131,BELVEDERE TIBURON,37.962,-122.371,CISO-PGAE,CA,road,0.002707
36132,SAN FRANCISCO 9,37.7408,-122.418,CISO-PGAE,CA,bldg,0.158778
36132,SAN FRANCISCO 9,37.7408,-122.418,CISO-PGAE,CA,ind,0.057754
36132,SAN FRANCISCO 9,37.7408,-122.418,CISO-PGAE,CA,rail,0.001089
36132,SAN FRANCISCO 9,37.7408,-122.418,CISO-PGAE,CA,road,0.006515
36133,SAN FRANCISCO 10,37.7077,-122.429,CISO-PGAE,CA,bldg,0.101356
36133,SAN FRANCISCO 10,37.7077,-122.429,CISO-PGAE,CA,ind,0.036867
36133,SAN FRANCISCO 10,37.7077,-122.429,CISO-PGAE,CA,rail,0.000695
36133,SAN FRANCISCO 10,37.7077,-122.429,CISO-PGAE,CA,road,0.004159
36134,SAN FRANCISCO 11,37.6691,-122.428,CISO-PGAE,CA,bldg,0.102031
36134,SAN FRANCISCO 11,37.6691,-122.428,CISO-PGAE,CA,ind,0.037113
36134,SAN FRANCISCO 11,37.6691,-122.428,CISO-PGAE,CA,rail,0.0007
36134,SAN FRANCISCO 11,37.6691,-122.428,CISO-PGAE,CA,road,0.004187
36135,SAN FRANCISCO 12,37.7665,-122.507,CISO-PGAE,CA,bldg,0.188194
36135,SAN FRANCISCO 12,37.7665,-122.507,CISO-PGAE,CA,ind,0.068454
36135,SAN FRANCISCO 12,37.7665,-122.507,CISO-PGAE,CA,rail,0.001291
36135,SAN FRANCISCO 12,37.7665,-122.507,CISO-PGAE,CA,road,0.007722
36136,SAN FRANCISCO 13,37.8096,-122.405,CISO-PGAE,CA,bldg,0.103589
36136,SAN FRANCISCO 13,37.8096,-122.405,CISO-PGAE,CA,ind,0.03768
36136,SAN FRANCISCO 13,37.8096,-122.405,CISO-PGAE,CA,rail,0.000711
36136,SAN FRANCISCO 13,37.8096,-122.405,CISO-PGAE,CA,road,0.004251
36137,DALY CITY 3,37.7849,-122.407,CISO-PGAE,CA,bldg,0.146993
36137,DALY CITY 3,37.7849,-122.407,CISO-PGAE,CA,ind,0.053468
36137,DALY CITY 3,37.7849,-122.407,CISO-PGAE,CA,rail,0.001008
36137,DALY CITY 3,37.7849,-122.407,CISO-PGAE,CA,road,0.006032
36138,DALY CITY 4,37.6662,-122.479,CISO-PGAE,CA,bldg,0.232245
36138,DALY CITY 4,37.6662,-122.479,CISO-PGAE,CA,ind,0.084477
36138,DALY CITY 4,37.6662,-122.479,CISO-PGAE,CA,rail,0.001593
36138,DALY CITY 4,37.6662,-122.479,CISO-PGAE,CA,road,0.00953
36139,SAN FRANCISCO 14,37.7925,-122.446,CISO-PGAE,CA,bldg,0.139999
36139,SAN FRANCISCO 14,37.7925,-122.446,CISO-PGAE,CA,ind,0.050924
36139,SAN FRANCISCO 14,37.7925,-122.446,CISO-PGAE,CA,rail,0.00096
36139,SAN FRANCISCO 14,37.7925,-122.446,CISO-PGAE,CA,road,0.005745
36140,SAN FRANCISCO 15,37.7395,-122.377,CISO-PGAE,CA,bldg,0.139999
36140,SAN FRANCISCO 15,37.7395,-122.377,CISO-PGAE,CA,ind,0.050924
36140,SAN FRANCISCO 15,37.7395,-122.377,CISO-PGAE,CA,rail,0.00096
36140,SAN FRANCISCO 15,37.7395,-122.377,CISO-PGAE,CA,road,0.005745
36141,SAN FRANCISCO 16,37.6783,-122.449,CISO-PGAE,CA,bldg,0.139999
36141,SAN FRANCISCO 16,37.6783,-122.449,CISO-PGAE,CA,ind,0.050924
36141,SAN FRANCISCO 16,37.6783,-122.449,CISO-PGAE,CA,rail,0.00096
36141,SAN FRANCISCO 16,37.6783,-122.449,CISO-PGAE,CA,road,0.005745
36142,SAN FRANCISCO 17,37.831,-122.539,CISO-PGAE,CA,bldg,0.074702
36142,SAN FRANCISCO 17,37.831,-122.539,CISO-PGAE,CA,ind,0.027172
36142,SAN FRANCISCO 17,37.831,-122.539,CISO-PGAE,CA,rail,0.000512
36142,SAN FRANCISCO 17,37.831,-122.539,CISO-PGAE,CA,road,0.003065
36143,SAN FRANCISCO 18,37.8917,-122.455,CISO-PGAE,CA,bldg,0.158866
36143,SAN FRANCISCO 18,37.8917,-122.455,CISO-PGAE,CA,ind,0.057786
36143,SAN FRANCISCO 18,37.8917,-122.455,CISO-PGAE,CA,rail,0.00109
36143,SAN FRANCISCO 18,37.8917,-122.455,CISO-PGAE,CA,road,0.006519
36144,SAN FRANCISCO 19,37.877,-122.447,CISO-PGAE,CA,bldg,0.087338
36144,SAN FRANCISCO 19,37.877,-122.447,CISO-PGAE,CA,ind,0.031769
36144,SAN FRANCISCO 19,37.877,-122.447,CISO-PGAE,CA,rail,0.000599
36144,SAN FRANCISCO 19,37.877,-122.447,CISO-PGAE,CA,road,0.003584
36145,SAN FRANCISCO 20,37.8201,-122.372,CISO-PGAE,CA,bldg,0.311002
36145,SAN FRANCISCO 20,37.8201,-122.372,CISO-PGAE,CA,ind,0.113125
36145,SAN FRANCISCO 20,37.8201,-122.372,CISO-PGAE,CA,rail,0.002134
36145,SAN FRANCISCO 20,37.8201,-122.372,CISO-PGAE,CA,road,0.012762
36146,SAN FRANCISCO 21,37.8121,-122.368,CISO-PGAE,CA,bldg,0.082313
36146,SAN FRANCISCO 21,37.8121,-122.368,CISO-PGAE,CA,ind,0.02994
36146,SAN FRANCISCO 21,37.8121,-122.368,CISO-PGAE,CA,rail,0.000565
36146,SAN FRANCISCO 21,37.8121,-122.368,CISO-PGAE,CA,road,0.003378
36147,SAN BRUNO 1,37.6979,-122.391,CISO-PGAE,CA,bldg,0.10879
36147,SAN BRUNO 1,37.6979,-122.391,CISO-PGAE,CA,ind,0.039571
36147,SAN BRUNO 1,37.6979,-122.391,CISO-PGAE,CA,rail,0.000746
36147,SAN BRUNO 1,37.6979,-122.391,CISO-PGAE,CA,road,0.004464
36148,SAN BRUNO 2,37.6591,-122.375,CISO-PGAE,CA,bldg,0.10879
36148,SAN BRUNO 2,37.6591,-122.375,CISO-PGAE,CA,ind,0.039571
36148,SAN BRUNO 2,37.6591,-122.375,CISO-PGAE,CA,rail,0.000746
36148,SAN BRUNO 2,37.6591,-122.375,CISO-PGAE,CA,road,0.004464
36149,SAN FRANCISCO 22,37.8726,-122.31,CISO-PGAE,CA,bldg,0.250171
36149,SAN FRANCISCO 22,37.8726,-122.31,CISO-PGAE,CA,ind,0.090998
36149,SAN FRANCISCO 22,37.8726,-122.31,CISO-PGAE,CA,rail,0.001716
36149,SAN FRANCISCO 22,37.8726,-122.31,CISO-PGAE,CA,road,0.010266
36150,SAN FRANCISCO 23,37.7171,-122.361,CISO-PGAE,CA,bldg,0.235389
36150,SAN FRANCISCO 23,37.7171,-122.361,CISO-PGAE,CA,ind,0.085621
36150,SAN FRANCISCO 23,37.7171,-122.361,CISO-PGAE,CA,rail,0.001615
36150,SAN FRANCISCO 23,37.7171,-122.361,CISO-PGAE,CA,road,0.009659
36151,SOUTH SAN FRANCISCO 1,37.5661,-122.422,CISO-PGAE,CA,bldg,0.16921
36151,SOUTH SAN FRANCISCO 1,37.5661,-122.422,CISO-PGAE,CA,ind,0.061549
36151,SOUTH SAN FRANCISCO 1,37.5661,-122.422,CISO-PGAE,CA,rail,0.001161
36151,SOUTH SAN FRANCISCO 1,37.5661,-122.422,CISO-PGAE,CA,road,0.006943
36152,SOUTH SAN FRANCISCO 2,37.6081,-122.498,CISO-PGAE,CA,bldg,0.16921
36152,SOUTH SAN FRANCISCO 2,37.6081,-122.498,CISO-PGAE,CA,ind,0.061549
36152,SOUTH SAN FRANCISCO 2,37.6081,-122.498,CISO-PGAE,CA,rail,0.001161
36152,SOUTH SAN FRANCISCO 2,37.6081,-122.498,CISO-PGAE,CA,road,0.006943
36153,SAINT HELENA,38.5819,-122.339,CISO-PGAE,CA,bldg,0.068912
36153,SAINT HELENA,38.5819,-122.339,CISO-PGAE,CA,ind,0.025066
36153,SAINT HELENA,38.5819,-122.339,CISO-PGAE,CA,rail,0.000473
36153,SAINT HELENA,38.5819,-122.339,CISO-PGAE,CA,road,0.002828
36154,SAN FRANCISCO 24,37.7853,-122.317,CISO-PGAE,CA,bldg,0.255225
36154,SAN FRANCISCO 24,37.7853,-122.317,CISO-PGAE,CA,ind,0.092836
36154,SAN FRANCISCO 24,37.7853,-122.317,CISO-PGAE,CA,rail,0.001751
36154,SAN FRANCISCO 24,37.7853,-122.317,CISO-PGAE,CA,road,0.010473
36155,SAN FRANCISCO 25,37.6679,-122.496,CISO-PGAE,CA,bldg,0.183374
36155,SAN FRANCISCO 25,37.6679,-122.496,CISO-PGAE,CA,ind,0.066701
36155,SAN FRANCISCO 25,37.6679,-122.496,CISO-PGAE,CA,rail,0.001258
36155,SAN FRANCISCO 25,37.6679,-122.496,CISO-PGAE,CA,road,0.007525
36156,SAN FRANCISCO 26,37.7072,-122.395,CISO-PGAE,CA,bldg,0.107909
36156,SAN FRANCISCO 26,37.7072,-122.395,CISO-PGAE,CA,ind,0.039251
36156,SAN FRANCISCO 26,37.7072,-122.395,CISO-PGAE,CA,rail,0.00074
36156,SAN FRANCISCO 26,37.7072,-122.395,CISO-PGAE,CA,road,0.004428
36157,HALF MOON BAY,37.5305,-122.421,CISO-PGAE,CA,bldg,0.097447
36157,HALF MOON BAY,37.5305,-122.421,CISO-PGAE,CA,ind,0.035446
36157,HALF MOON BAY,37.5305,-122.421,CISO-PGAE,CA,rail,0.000669
36157,HALF MOON BAY,37.5305,-122.421,CISO-PGAE,CA,road,0.003999
36158,SAN FRANCISCO 27,37.8768,-122.506,CISO-PGAE,CA,bldg,0.069383
36158,SAN FRANCISCO 27,37.8768,-122.506,CISO-PGAE,CA,ind,0.025238
36158,SAN FRANCISCO 27,37.8768,-122.506,CISO-PGAE,CA,rail,0.000476
36158,SAN FRANCISCO 27,37.8768,-122.506,CISO-PGAE,CA,road,0.002847
36159,MILLBRAE,37.6224,-122.419,CISO-PGAE,CA,bldg,0.113904
36159,MILLBRAE,37.6224,-122.419,CISO-PGAE,CA,ind,0.041432
36159,MILLBRAE,37.6224,-122.419,CISO-PGAE,CA,rail,0.000781
36159,MILLBRAE,37.6224,-122.419,CISO-PGAE,CA,road,0.004674
36160,SAN FRANCISCO 28,37.753,-122.243,CISO-PGAE,CA,bldg,0.070352
36160,SAN FRANCISCO 28,37.753,-122.243,CISO-PGAE,CA,ind,0.025591
36160,SAN FRANCISCO 28,37.753,-122.243,CISO-PGAE,CA,rail,0.000483
36160,SAN FRANCISCO 28,37.753,-122.243,CISO-PGAE,CA,road,0.002887
36161,SAN FRANCISCO 29,37.7824,-122.384,CISO-PGAE,CA,bldg,0.162745
36161,SAN FRANCISCO 29,37.7824,-122.384,CISO-PGAE,CA,ind,0.059197
36161,SAN FRANCISCO 29,37.7824,-122.384,CISO-PGAE,CA,rail,0.001117
36161,SAN FRANCISCO 29,37.7824,-122.384,CISO-PGAE,CA,road,0.006678
36162,RICHMOND 1,37.9307,-122.404,CISO-PGAE,CA,bldg,0.077758
36162,RICHMOND 1,37.9307,-122.404,CISO-PGAE,CA,ind,0.028284
36162,RICHMOND 1,37.9307,-122.404,CISO-PGAE,CA,rail,0.000533
36162,RICHMOND 1,37.9307,-122.404,CISO-PGAE,CA,road,0.003191
36163,RICHMOND 2,37.8688,-122.301,CISO-PGAE,CA,bldg,0.077758
36163,RICHMOND 2,37.8688,-122.301,CISO-PGAE,CA,ind,0.028284
36163,RICHMOND 2,37.8688,-122.301,CISO-PGAE,CA,rail,0.000533
36163,RICHMOND 2,37.8688,-122.301,CISO-PGAE,CA,road,0.003191
36164,BURLINGAME 1,37.5991,-122.461,CISO-PGAE,CA,bldg,0.107732
36164,BURLINGAME 1,37.5991,-122.461,CISO-PGAE,CA,ind,0.039187
36164,BURLINGAME 1,37.5991,-122.461,CISO-PGAE,CA,rail,0.000739
36164,BURLINGAME 1,37.5991,-122.461,CISO-PGAE,CA,road,0.004421
36165,BURLINGAME 2,37.6337,-122.379,CISO-PGAE,CA,bldg,0.107732
36165,BURLINGAME 2,37.6337,-122.379,CISO-PGAE,CA,ind,0.039187
36165,BURLINGAME 2,37.6337,-122.379,CISO-PGAE,CA,rail,0.000739
36165,BURLINGAME 2,37.6337,-122.379,CISO-PGAE,CA,road,0.004421
36166,SAN MATEO 1,37.4816,-122.422,CISO-PGAE,CA,bldg,0.142938
36166,SAN MATEO 1,37.4816,-122.422,CISO-PGAE,CA,ind,0.051993
36166,SAN MATEO 1,37.4816,-122.422,CISO-PGAE,CA,rail,0.000981
36166,SAN MATEO 1,37.4816,-122.422,CISO-PGAE,CA,road,0.005865
36167,RICHMOND 3,37.8753,-122.263,CISO-PGAE,CA,bldg,0.176086
36167,RICHMOND 3,37.8753,-122.263,CISO-PGAE,CA,ind,0.06405
36167,RICHMOND 3,37.8753,-122.263,CISO-PGAE,CA,rail,0.001208
36167,RICHMOND 3,37.8753,-122.263,CISO-PGAE,CA,road,0.007226
36168,RICHMOND 4,37.8828,-122.31,CISO-PGAE,CA,bldg,0.26316
36168,RICHMOND 4,37.8828,-122.31,CISO-PGAE,CA,ind,0.095723
36168,RICHMOND 4,37.8828,-122.31,CISO-PGAE,CA,rail,0.001805
36168,RICHMOND 4,37.8828,-122.31,CISO-PGAE,CA,road,0.010799
36169,SAN PABLO 1,38.0316,-122.499,CISO-PGAE,CA,bldg,0.158307
36169,SAN PABLO 1,38.0316,-122.499,CISO-PGAE,CA,ind,0.057584
36169,SAN PABLO 1,38.0316,-122.499,CISO-PGAE,CA,rail,0.001086
36169,SAN PABLO 1,38.0316,-122.499,CISO-PGAE,CA,road,0.006496
36170,SAN PABLO 2,38.0283,-122.253,CISO-PGAE,CA,bldg,0.159365
36170,SAN PABLO 2,38.0283,-122.253,CISO-PGAE,CA,ind,0.057968
36170,SAN PABLO 2,38.0283,-122.253,CISO-PGAE,CA,rail,0.001093
36170,SAN PABLO 2,38.0283,-122.253,CISO-PGAE,CA,road,0.00654
36171,RICHMOND 5,38.0273,-122.279,CISO-PGAE,CA,bldg,0.072204
36171,RICHMOND 5,38.0273,-122.279,CISO-PGAE,CA,ind,0.026264
36171,RICHMOND 5,38.0273,-122.279,CISO-PGAE,CA,rail,0.000495
36171,RICHMOND 5,38.0273,-122.279,CISO-PGAE,CA,road,0.002963
36172,SAN MATEO 2,37.6415,-122.387,CISO-PGAE,CA,bldg,0.09107
36172,SAN MATEO 2,37.6415,-122.387,CISO-PGAE,CA,ind,0.033127
36172,SAN MATEO 2,37.6415,-122.387,CISO-PGAE,CA,rail,0.000625
36172,SAN MATEO 2,37.6415,-122.387,CISO-PGAE,CA,road,0.003737
36173,NAPA 1,38.2609,-122.37,CISO-PGAE,CA,bldg,0.07191
36173,NAPA 1,38.2609,-122.37,CISO-PGAE,CA,ind,0.026156
36173,NAPA 1,38.2609,-122.37,CISO-PGAE,CA,rail,0.000493
36173,NAPA 1,38.2609,-122.37,CISO-PGAE,CA,road,0.002951
36174,NAPA 2,38.1933,-122.271,CISO-PGAE,CA,bldg,0.07191
36174,NAPA 2,38.1933,-122.271,CISO-PGAE,CA,ind,0.026156
36174,NAPA 2,38.1933,-122.271,CISO-PGAE,CA,rail,0.000493
36174,NAPA 2,38.1933,-122.271,CISO-PGAE,CA,road,0.002951
36175,SAN MATEO 3,37.5829,-122.145,CISO-PGAE,CA,bldg,0.194101
36175,SAN MATEO 3,37.5829,-122.145,CISO-PGAE,CA,ind,0.070603
36175,SAN MATEO 3,37.5829,-122.145,CISO-PGAE,CA,rail,0.001332
36175,SAN MATEO 3,37.5829,-122.145,CISO-PGAE,CA,road,0.007965
36176,SAN MATEO 4,37.5506,-122.233,CISO-PGAE,CA,bldg,0.104853
36176,SAN MATEO 4,37.5506,-122.233,CISO-PGAE,CA,ind,0.038139
36176,SAN MATEO 4,37.5506,-122.233,CISO-PGAE,CA,rail,0.000719
36176,SAN MATEO 4,37.5506,-122.233,CISO-PGAE,CA,road,0.004303
36177,OAKLAND 1,37.7418,-122.377,CISO-PGAE,CA,bldg,0.233391
36177,OAKLAND 1,37.7418,-122.377,CISO-PGAE,CA,ind,0.084894
36177,OAKLAND 1,37.7418,-122.377,CISO-PGAE,CA,rail,0.001601
36177,OAKLAND 1,37.7418,-122.377,CISO-PGAE,CA,road,0.009577
36178,BELMONT,37.54,-122.296,CISO-PGAE,CA,bldg,0.069089
36178,BELMONT,37.54,-122.296,CISO-PGAE,CA,ind,0.02513
36178,BELMONT,37.54,-122.296,CISO-PGAE,CA,rail,0.000474
36178,BELMONT,37.54,-122.296,CISO-PGAE,CA,road,0.002835
36179,EL CERRITO,37.9356,-122.304,CISO-PGAE,CA,bldg,0.126305
36179,EL CERRITO,37.9356,-122.304,CISO-PGAE,CA,ind,0.045943
36179,EL CERRITO,37.9356,-122.304,CISO-PGAE,CA,rail,0.000867
36179,EL CERRITO,37.9356,-122.304,CISO-PGAE,CA,road,0.005183
36180,REDWOOD CITY 1,37.4127,-122.219,CISO-PGAE,CA,bldg,0.068442
36180,REDWOOD CITY 1,37.4127,-122.219,CISO-PGAE,CA,ind,0.024896
36180,REDWOOD CITY 1,37.4127,-122.219,CISO-PGAE,CA,rail,0.00047
36180,REDWOOD CITY 1,37.4127,-122.219,CISO-PGAE,CA,road,0.002809
36181,REDWOOD CITY 2,37.4168,-122.207,CISO-PGAE,CA,bldg,0.068442
36181,REDWOOD CITY 2,37.4168,-122.207,CISO-PGAE,CA,ind,0.024896
36181,REDWOOD CITY 2,37.4168,-122.207,CISO-PGAE,CA,rail,0.00047
36181,REDWOOD CITY 2,37.4168,-122.207,CISO-PGAE,CA,road,0.002809
36182,ALBANY 4,37.9305,-122.218,CISO-PGAE,CA,bldg,0.103765
36182,ALBANY 4,37.9305,-122.218,CISO-PGAE,CA,ind,0.037744
36182,ALBANY 4,37.9305,-122.218,CISO-PGAE,CA,rail,0.000712
36182,ALBANY 4,37.9305,-122.218,CISO-PGAE,CA,road,0.004258
36183,EMERYVILLE,37.8575,-122.247,CISO-PGAE,CA,bldg,0.136561
36183,EMERYVILLE,37.8575,-122.247,CISO-PGAE,CA,ind,0.049673
36183,EMERYVILLE,37.8575,-122.247,CISO-PGAE,CA,rail,0.000937
36183,EMERYVILLE,37.8575,-122.247,CISO-PGAE,CA,road,0.005604
36184,BERKELEY 1,37.9578,-122.348,CISO-PGAE,CA,bldg,0.084517
36184,BERKELEY 1,37.9578,-122.348,CISO-PGAE,CA,ind,0.030743
36184,BERKELEY 1,37.9578,-122.348,CISO-PGAE,CA,rail,0.00058
36184,BERKELEY 1,37.9578,-122.348,CISO-PGAE,CA,road,0.003468
36185,EL SOBRANTE 1,38.0016,-122.19,CISO-PGAE,CA,bldg,0.20277
36185,EL SOBRANTE 1,38.0016,-122.19,CISO-PGAE,CA,ind,0.073756
36185,EL SOBRANTE 1,38.0016,-122.19,CISO-PGAE,CA,rail,0.001391
36185,EL SOBRANTE 1,38.0016,-122.19,CISO-PGAE,CA,road,0.008321
36186,PINOLE,37.9755,-122.28,CISO-PGAE,CA,bldg,0.142674
36186,PINOLE,37.9755,-122.28,CISO-PGAE,CA,ind,0.051897
36186,PINOLE,37.9755,-122.28,CISO-PGAE,CA,rail,0.000979
36186,PINOLE,37.9755,-122.28,CISO-PGAE,CA,road,0.005855
36187,BERKELEY 2,37.9852,-122.332,CISO-PGAE,CA,bldg,0.061948
36187,BERKELEY 2,37.9852,-122.332,CISO-PGAE,CA,ind,0.022534
36187,BERKELEY 2,37.9852,-122.332,CISO-PGAE,CA,rail,0.000425
36187,BERKELEY 2,37.9852,-122.332,CISO-PGAE,CA,road,0.002542
36188,ALAMEDA 1,37.7312,-122.207,CISO-PGAE,CA,bldg,0.159248
36188,ALAMEDA 1,37.7312,-122.207,CISO-PGAE,CA,ind,0.057925
36188,ALAMEDA 1,37.7312,-122.207,CISO-PGAE,CA,rail,0.001093
36188,ALAMEDA 1,37.7312,-122.207,CISO-PGAE,CA,road,0.006535
36189,ALAMEDA 2,37.72,-122.195,CISO-PGAE,CA,bldg,0.159248
36189,ALAMEDA 2,37.72,-122.195,CISO-PGAE,CA,ind,0.057925
36189,ALAMEDA 2,37.72,-122.195,CISO-PGAE,CA,rail,0.001093
36189,ALAMEDA 2,37.72,-122.195,CISO-PGAE,CA,road,0.006535
36190,BERKELEY 3,37.9047,-122.263,CISO-PGAE,CA,bldg,0.10497
36190,BERKELEY 3,37.9047,-122.263,CISO-PGAE,CA,ind,0.038183
36190,BERKELEY 3,37.9047,-122.263,CISO-PGAE,CA,rail,0.00072
36190,BERKELEY 3,37.9047,-122.263,CISO-PGAE,CA,road,0.004307
36191,SAN CARLOS 1,37.5298,-122.209,CISO-PGAE,CA,bldg,0.077141
36191,SAN CARLOS 1,37.5298,-122.209,CISO-PGAE,CA,ind,0.028059
36191,SAN CARLOS 1,37.5298,-122.209,CISO-PGAE,CA,rail,0.000529
36191,SAN CARLOS 1,37.5298,-122.209,CISO-PGAE,CA,road,0.003165
36192,SAN CARLOS 2,37.4286,-122.309,CISO-PGAE,CA,bldg,0.077141
36192,SAN CARLOS 2,37.4286,-122.309,CISO-PGAE,CA,ind,0.028059
36192,SAN CARLOS 2,37.4286,-122.309,CISO-PGAE,CA,rail,0.000529
36192,SAN CARLOS 2,37.4286,-122.309,CISO-PGAE,CA,road,0.003165
36193,SAN MATEO 5,37.5426,-122.317,CISO-PGAE,CA,bldg,0.158014
36193,SAN MATEO 5,37.5426,-122.317,CISO-PGAE,CA,ind,0.057476
36193,SAN MATEO 5,37.5426,-122.317,CISO-PGAE,CA,rail,0.001084
36193,SAN MATEO 5,37.5426,-122.317,CISO-PGAE,CA,road,0.006484
36194,AMERICAN CANYON,38.2484,-122.279,CISO-PGAE,CA,bldg,0.104118
36194,AMERICAN CANYON,38.2484,-122.279,CISO-PGAE,CA,ind,0.037872
36194,AMERICAN CANYON,38.2484,-122.279,CISO-PGAE,CA,rail,0.000714
36194,AMERICAN CANYON,38.2484,-122.279,CISO-PGAE,CA,road,0.004272
36195,OAKLAND 2,37.9341,-122.254,CISO-PGAE,CA,bldg,0.108937
36195,OAKLAND 2,37.9341,-122.254,CISO-PGAE,CA,ind,0.039625
36195,OAKLAND 2,37.9341,-122.254,CISO-PGAE,CA,rail,0.000747
36195,OAKLAND 2,37.9341,-122.254,CISO-PGAE,CA,road,0.00447
36196,HERCULES,38.0198,-122.18,CISO-PGAE,CA,bldg,0.127451
36196,HERCULES,38.0198,-122.18,CISO-PGAE,CA,ind,0.04636
36196,HERCULES,38.0198,-122.18,CISO-PGAE,CA,rail,0.000874
36196,HERCULES,38.0198,-122.18,CISO-PGAE,CA,road,0.00523
36197,BERKELEY 4,37.8098,-122.166,CISO-PGAE,CA,bldg,0.058098
36197,BERKELEY 4,37.8098,-122.166,CISO-PGAE,CA,ind,0.021132
36197,BERKELEY 4,37.8098,-122.166,CISO-PGAE,CA,rail,0.000399
36197,BERKELEY 4,37.8098,-122.166,CISO-PGAE,CA,road,0.002384
36198,VALLEJO 1,38.1063,-122.177,CISO-PGAE,CA,bldg,0.11023
36198,VALLEJO 1,38.1063,-122.177,CISO-PGAE,CA,ind,0.040096
36198,VALLEJO 1,38.1063,-122.177,CISO-PGAE,CA,rail,0.000756
36198,VALLEJO 1,38.1063,-122.177,CISO-PGAE,CA,road,0.004523
36199,VALLEJO 2,38.1207,-122.204,CISO-PGAE,CA,bldg,0.093686
36199,VALLEJO 2,38.1207,-122.204,CISO-PGAE,CA,ind,0.034078
36199,VALLEJO 2,38.1207,-122.204,CISO-PGAE,CA,rail,0.000643
36199,VALLEJO 2,38.1207,-122.204,CISO-PGAE,CA,road,0.003844
36200,REDWOOD CITY 3,37.4904,-122.265,CISO-PGAE,CA,bldg,0.094655
36200,REDWOOD CITY 3,37.4904,-122.265,CISO-PGAE,CA,ind,0.034431
36200,REDWOOD CITY 3,37.4904,-122.265,CISO-PGAE,CA,rail,0.000649
36200,REDWOOD CITY 3,37.4904,-122.265,CISO-PGAE,CA,road,0.003884
36201,ALAMEDA 3,37.663,-122.161,CISO-PGAE,CA,bldg,0.071939
36201,ALAMEDA 3,37.663,-122.161,CISO-PGAE,CA,ind,0.026168
36201,ALAMEDA 3,37.663,-122.161,CISO-PGAE,CA,rail,0.000494
36201,ALAMEDA 3,37.663,-122.161,CISO-PGAE,CA,road,0.002952
36202,OAKLAND 3,37.8867,-122.25,CISO-PGAE,CA,bldg,0.096977
36202,OAKLAND 3,37.8867,-122.25,CISO-PGAE,CA,ind,0.035274
36202,OAKLAND 3,37.8867,-122.25,CISO-PGAE,CA,rail,0.000665
36202,OAKLAND 3,37.8867,-122.25,CISO-PGAE,CA,road,0.003979
36203,OAKLAND 4,37.7954,-122.232,CISO-PGAE,CA,bldg,0.102149
36203,OAKLAND 4,37.7954,-122.232,CISO-PGAE,CA,ind,0.037156
36203,OAKLAND 4,37.7954,-122.232,CISO-PGAE,CA,rail,0.000701
36203,OAKLAND 4,37.7954,-122.232,CISO-PGAE,CA,road,0.004192
36204,OAKLAND 5,37.7329,-122.143,CISO-PGAE,CA,bldg,0.077464
36204,OAKLAND 5,37.7329,-122.143,CISO-PGAE,CA,ind,0.028177
36204,OAKLAND 5,37.7329,-122.143,CISO-PGAE,CA,rail,0.000531
36204,OAKLAND 5,37.7329,-122.143,CISO-PGAE,CA,road,0.003179
36205,OAKLAND 6,37.717,-122.234,CISO-PGAE,CA,bldg,0.077464
36205,OAKLAND 6,37.717,-122.234,CISO-PGAE,CA,ind,0.028177
36205,OAKLAND 6,37.717,-122.234,CISO-PGAE,CA,rail,0.000531
36205,OAKLAND 6,37.717,-122.234,CISO-PGAE,CA,road,0.003179
36206,NAPA 3,38.3965,-122.281,CISO-PGAE,CA,bldg,0.176762
36206,NAPA 3,38.3965,-122.281,CISO-PGAE,CA,ind,0.064296
36206,NAPA 3,38.3965,-122.281,CISO-PGAE,CA,rail,0.001213
36206,NAPA 3,38.3965,-122.281,CISO-PGAE,CA,road,0.007253
36207,NAPA 4,38.3932,-122.157,CISO-PGAE,CA,bldg,0.176762
36207,NAPA 4,38.3932,-122.157,CISO-PGAE,CA,ind,0.064296
36207,NAPA 4,38.3932,-122.157,CISO-PGAE,CA,rail,0.001213
36207,NAPA 4,38.3932,-122.157,CISO-PGAE,CA,road,0.007253
36208,BERKELEY 5,37.9036,-122.277,CISO-PGAE,CA,bldg,0.067502
36208,BERKELEY 5,37.9036,-122.277,CISO-PGAE,CA,ind,0.024553
36208,BERKELEY 5,37.9036,-122.277,CISO-PGAE,CA,rail,0.000463
36208,BERKELEY 5,37.9036,-122.277,CISO-PGAE,CA,road,0.00277
36209,OAKLAND 7,37.8367,-122.201,CISO-PGAE,CA,bldg,0.084869
36209,OAKLAND 7,37.8367,-122.201,CISO-PGAE,CA,ind,0.030871
36209,OAKLAND 7,37.8367,-122.201,CISO-PGAE,CA,rail,0.000582
36209,OAKLAND 7,37.8367,-122.201,CISO-PGAE,CA,road,0.003483
36210,REDWOOD CITY 4,37.5549,-122.126,CISO-PGAE,CA,bldg,0.133358
36210,REDWOOD CITY 4,37.5549,-122.126,CISO-PGAE,CA,ind,0.048508
36210,REDWOOD CITY 4,37.5549,-122.126,CISO-PGAE,CA,rail,0.000915
36210,REDWOOD CITY 4,37.5549,-122.126,CISO-PGAE,CA,road,0.005472
36211,REDWOOD CITY 5,37.5399,-122.224,CISO-PGAE,CA,bldg,0.18693
36211,REDWOOD CITY 5,37.5399,-122.224,CISO-PGAE,CA,ind,0.067995
36211,REDWOOD CITY 5,37.5399,-122.224,CISO-PGAE,CA,rail,0.001282
36211,REDWOOD CITY 5,37.5399,-122.224,CISO-PGAE,CA,road,0.007671
36212,VALLEJO 3,38.1076,-122.267,CISO-PGAE,CA,bldg,0.079021
36212,VALLEJO 3,38.1076,-122.267,CISO-PGAE,CA,ind,0.028744
36212,VALLEJO 3,38.1076,-122.267,CISO-PGAE,CA,rail,0.000542
36212,VALLEJO 3,38.1076,-122.267,CISO-PGAE,CA,road,0.003243
36213,VALLEJO 4,38.1089,-122.283,CISO-PGAE,CA,bldg,0.08293
36213,VALLEJO 4,38.1089,-122.283,CISO-PGAE,CA,ind,0.030166
36213,VALLEJO 4,38.1089,-122.283,CISO-PGAE,CA,rail,0.000569
36213,VALLEJO 4,38.1089,-122.283,CISO-PGAE,CA,road,0.003403
36214,OAKLAND 8,37.7901,-122.282,CISO-PGAE,CA,bldg,0.133005
36214,OAKLAND 8,37.7901,-122.282,CISO-PGAE,CA,ind,0.048379
36214,OAKLAND 8,37.7901,-122.282,CISO-PGAE,CA,rail,0.000912
36214,OAKLAND 8,37.7901,-122.282,CISO-PGAE,CA,road,0.005458
36215,OAKLAND 9,37.7355,-122.226,CISO-PGAE,CA,bldg,0.133005
36215,OAKLAND 9,37.7355,-122.226,CISO-PGAE,CA,ind,0.048379
36215,OAKLAND 9,37.7355,-122.226,CISO-PGAE,CA,rail,0.000912
36215,OAKLAND 9,37.7355,-122.226,CISO-PGAE,CA,road,0.005458
36216,OAKLAND 10,37.7863,-122.305,CISO-PGAE,CA,bldg,0.1467
36216,OAKLAND 10,37.7863,-122.305,CISO-PGAE,CA,ind,0.053361
36216,OAKLAND 10,37.7863,-122.305,CISO-PGAE,CA,rail,0.001006
36216,OAKLAND 10,37.7863,-122.305,CISO-PGAE,CA,road,0.00602
36217,OAKLAND 11,37.7318,-122.108,CISO-PGAE,CA,bldg,0.074937
36217,OAKLAND 11,37.7318,-122.108,CISO-PGAE,CA,ind,0.027258
36217,OAKLAND 11,37.7318,-122.108,CISO-PGAE,CA,rail,0.000514
36217,OAKLAND 11,37.7318,-122.108,CISO-PGAE,CA,road,0.003075
36218,OAKLAND 12,37.8128,-122.119,CISO-PGAE,CA,bldg,0.074937
36218,OAKLAND 12,37.8128,-122.119,CISO-PGAE,CA,ind,0.027258
36218,OAKLAND 12,37.8128,-122.119,CISO-PGAE,CA,rail,0.000514
36218,OAKLAND 12,37.8128,-122.119,CISO-PGAE,CA,road,0.003075
36219,OAKLAND 13,37.8315,-122.211,CISO-PGAE,CA,bldg,0.096712
36219,OAKLAND 13,37.8315,-122.211,CISO-PGAE,CA,ind,0.035178
36219,OAKLAND 13,37.8315,-122.211,CISO-PGAE,CA,rail,0.000664
36219,OAKLAND 13,37.8315,-122.211,CISO-PGAE,CA,road,0.003969
36220,OAKLAND 14,37.8579,-122.132,CISO-PGAE,CA,bldg,0.096712
36220,OAKLAND 14,37.8579,-122.132,CISO-PGAE,CA,ind,0.035178
36220,OAKLAND 14,37.8579,-122.132,CISO-PGAE,CA,rail,0.000664
36220,OAKLAND 14,37.8579,-122.132,CISO-PGAE,CA,road,0.003969
36221,VALLEJO 5,38.1827,-122.15,CISO-PGAE,CA,bldg,0.140293
36221,VALLEJO 5,38.1827,-122.15,CISO-PGAE,CA,ind,0.051031
36221,VALLEJO 5,38.1827,-122.15,CISO-PGAE,CA,rail,0.000962
36221,VALLEJO 5,38.1827,-122.15,CISO-PGAE,CA,road,0.005757
36222,VALLEJO 6,38.2092,-122.179,CISO-PGAE,CA,bldg,0.140293
36222,VALLEJO 6,38.2092,-122.179,CISO-PGAE,CA,ind,0.051031
36222,VALLEJO 6,38.2092,-122.179,CISO-PGAE,CA,rail,0.000962
36222,VALLEJO 6,38.2092,-122.179,CISO-PGAE,CA,road,0.005757
36223,REDWOOD CITY 6,37.5908,-122.141,CISO-PGAE,CA,bldg,0.081843
36223,REDWOOD CITY 6,37.5908,-122.141,CISO-PGAE,CA,ind,0.02977
36223,REDWOOD CITY 6,37.5908,-122.141,CISO-PGAE,CA,rail,0.000561
36223,REDWOOD CITY 6,37.5908,-122.141,CISO-PGAE,CA,road,0.003358
36224,REDWOOD CITY 7,37.5157,-122.185,CISO-PGAE,CA,bldg,0.081843
36224,REDWOOD CITY 7,37.5157,-122.185,CISO-PGAE,CA,ind,0.02977
36224,REDWOOD CITY 7,37.5157,-122.185,CISO-PGAE,CA,rail,0.000561
36224,REDWOOD CITY 7,37.5157,-122.185,CISO-PGAE,CA,road,0.003358
36225,ORINDA,37.8711,-122.242,CISO-PGAE,CA,bldg,0.09348
36225,ORINDA,37.8711,-122.242,CISO-PGAE,CA,ind,0.034002
36225,ORINDA,37.8711,-122.242,CISO-PGAE,CA,rail,0.000641
36225,ORINDA,37.8711,-122.242,CISO-PGAE,CA,road,0.003836
36226,OAKLAND 15,37.7408,-122.081,CISO-PGAE,CA,bldg,0.083047
36226,OAKLAND 15,37.7408,-122.081,CISO-PGAE,CA,ind,0.030208
36226,OAKLAND 15,37.7408,-122.081,CISO-PGAE,CA,rail,0.00057
36226,OAKLAND 15,37.7408,-122.081,CISO-PGAE,CA,road,0.003408
36227,OAKLAND 16,37.6974,-122.204,CISO-PGAE,CA,bldg,0.162069
36227,OAKLAND 16,37.6974,-122.204,CISO-PGAE,CA,ind,0.058952
36227,OAKLAND 16,37.6974,-122.204,CISO-PGAE,CA,rail,0.001112
36227,OAKLAND 16,37.6974,-122.204,CISO-PGAE,CA,road,0.00665
36228,MENLO PARK 1,37.41,-122.093,CISO-PGAE,CA,bldg,0.107174
36228,MENLO PARK 1,37.41,-122.093,CISO-PGAE,CA,ind,0.038984
36228,MENLO PARK 1,37.41,-122.093,CISO-PGAE,CA,rail,0.000735
36228,MENLO PARK 1,37.41,-122.093,CISO-PGAE,CA,road,0.004398
36229,MENLO PARK 2,37.5458,-122.272,CISO-PGAE,CA,bldg,0.107174
36229,MENLO PARK 2,37.5458,-122.272,CISO-PGAE,CA,ind,0.038984
36229,MENLO PARK 2,37.5458,-122.272,CISO-PGAE,CA,rail,0.000735
36229,MENLO PARK 2,37.5458,-122.272,CISO-PGAE,CA,road,0.004398
36230,STANFORD 1,37.3226,-122.176,CISO-PGAE,CA,bldg,0.082665
36230,STANFORD 1,37.3226,-122.176,CISO-PGAE,CA,ind,0.030068
36230,STANFORD 1,37.3226,-122.176,CISO-PGAE,CA,rail,0.000567
36230,STANFORD 1,37.3226,-122.176,CISO-PGAE,CA,road,0.003392
36231,SAN LEANDRO 1,37.7133,-122.175,CISO-PGAE,CA,bldg,0.120486
36231,SAN LEANDRO 1,37.7133,-122.175,CISO-PGAE,CA,ind,0.043826
36231,SAN LEANDRO 1,37.7133,-122.175,CISO-PGAE,CA,rail,0.000827
36231,SAN LEANDRO 1,37.7133,-122.175,CISO-PGAE,CA,road,0.004944
36232,SAN LEANDRO 2,37.6983,-122.21,CISO-PGAE,CA,bldg,0.120486
36232,SAN LEANDRO 2,37.6983,-122.21,CISO-PGAE,CA,ind,0.043826
36232,SAN LEANDRO 2,37.6983,-122.21,CISO-PGAE,CA,rail,0.000827
36232,SAN LEANDRO 2,37.6983,-122.21,CISO-PGAE,CA,road,0.004944
36233,SAN LEANDRO 3,37.7188,-122.222,CISO-PGAE,CA,bldg,0.10882
36233,SAN LEANDRO 3,37.7188,-122.222,CISO-PGAE,CA,ind,0.039583
36233,SAN LEANDRO 3,37.7188,-122.222,CISO-PGAE,CA,rail,0.000747
36233,SAN LEANDRO 3,37.7188,-122.222,CISO-PGAE,CA,road,0.004465
36234,OAKLAND 17,37.8448,-122.132,CISO-PGAE,CA,bldg,0.103177
36234,OAKLAND 17,37.8448,-122.132,CISO-PGAE,CA,ind,0.03753
36234,OAKLAND 17,37.8448,-122.132,CISO-PGAE,CA,rail,0.000708
36234,OAKLAND 17,37.8448,-122.132,CISO-PGAE,CA,road,0.004234
36235,PALO ALTO 1,37.3536,-122.205,CISO-PGAE,CA,bldg,0.099151
36235,PALO ALTO 1,37.3536,-122.205,CISO-PGAE,CA,ind,0.036066
36235,PALO ALTO 1,37.3536,-122.205,CISO-PGAE,CA,rail,0.00068
36235,PALO ALTO 1,37.3536,-122.205,CISO-PGAE,CA,road,0.004069
36236,BOULDER CREEK,37.1513,-122.112,CISO-PGAE,CA,bldg,0.088631
36236,BOULDER CREEK,37.1513,-122.112,CISO-PGAE,CA,ind,0.032239
36236,BOULDER CREEK,37.1513,-122.112,CISO-PGAE,CA,rail,0.000608
36236,BOULDER CREEK,37.1513,-122.112,CISO-PGAE,CA,road,0.003637
36237,LOS ALTOS 1,37.329,-122.113,CISO-PGAE,CA,bldg,0.167858
36237,LOS ALTOS 1,37.329,-122.113,CISO-PGAE,CA,ind,0.061057
36237,LOS ALTOS 1,37.329,-122.113,CISO-PGAE,CA,rail,0.001152
36237,LOS ALTOS 1,37.329,-122.113,CISO-PGAE,CA,road,0.006888
36238,MARTINEZ 1,38.0655,-122.065,CISO-PGAE,CA,bldg,0.124483
36238,MARTINEZ 1,38.0655,-122.065,CISO-PGAE,CA,ind,0.04528
36238,MARTINEZ 1,38.0655,-122.065,CISO-PGAE,CA,rail,0.000854
36238,MARTINEZ 1,38.0655,-122.065,CISO-PGAE,CA,road,0.005108
36239,MARTINEZ 2,37.9634,-122.074,CISO-PGAE,CA,bldg,0.124483
36239,MARTINEZ 2,37.9634,-122.074,CISO-PGAE,CA,ind,0.04528
36239,MARTINEZ 2,37.9634,-122.074,CISO-PGAE,CA,rail,0.000854
36239,MARTINEZ 2,37.9634,-122.074,CISO-PGAE,CA,road,0.005108
36240,BENICIA 1,38.0706,-122.219,CISO-PGAE,CA,bldg,0.071645
36240,BENICIA 1,38.0706,-122.219,CISO-PGAE,CA,ind,0.02606
36240,BENICIA 1,38.0706,-122.219,CISO-PGAE,CA,rail,0.000492
36240,BENICIA 1,38.0706,-122.219,CISO-PGAE,CA,road,0.00294
36241,BENICIA 2,38.0003,-122.128,CISO-PGAE,CA,bldg,0.071645
36241,BENICIA 2,38.0003,-122.128,CISO-PGAE,CA,ind,0.02606
36241,BENICIA 2,38.0003,-122.128,CISO-PGAE,CA,rail,0.000492
36241,BENICIA 2,38.0003,-122.128,CISO-PGAE,CA,road,0.00294
36242,FAIRFIELD 1,38.3445,-122.04,CISO-PGAE,CA,bldg,0.096301
36242,FAIRFIELD 1,38.3445,-122.04,CISO-PGAE,CA,ind,0.035028
36242,FAIRFIELD 1,38.3445,-122.04,CISO-PGAE,CA,rail,0.000661
36242,FAIRFIELD 1,38.3445,-122.04,CISO-PGAE,CA,road,0.003952
36243,FAIRFIELD 2,38.2467,-122.164,CISO-PGAE,CA,bldg,0.096301
36243,FAIRFIELD 2,38.2467,-122.164,CISO-PGAE,CA,ind,0.035028
36243,FAIRFIELD 2,38.2467,-122.164,CISO-PGAE,CA,rail,0.000661
36243,FAIRFIELD 2,38.2467,-122.164,CISO-PGAE,CA,road,0.003952
36244,SAN LORENZO 1,37.7728,-122.109,CISO-PGAE,CA,bldg,0.071822
36244,SAN LORENZO 1,37.7728,-122.109,CISO-PGAE,CA,ind,0.026124
36244,SAN LORENZO 1,37.7728,-122.109,CISO-PGAE,CA,rail,0.000493
36244,SAN LORENZO 1,37.7728,-122.109,CISO-PGAE,CA,road,0.002947
36245,SAN LORENZO 2,37.6284,-122.051,CISO-PGAE,CA,bldg,0.071822
36245,SAN LORENZO 2,37.6284,-122.051,CISO-PGAE,CA,ind,0.026124
36245,SAN LORENZO 2,37.6284,-122.051,CISO-PGAE,CA,rail,0.000493
36245,SAN LORENZO 2,37.6284,-122.051,CISO-PGAE,CA,road,0.002947
36246,OAKLAND 18,37.8605,-122.21,CISO-PGAE,CA,bldg,0.123249
36246,OAKLAND 18,37.8605,-122.21,CISO-PGAE,CA,ind,0.044831
36246,OAKLAND 18,37.8605,-122.21,CISO-PGAE,CA,rail,0.000846
36246,OAKLAND 18,37.8605,-122.21,CISO-PGAE,CA,road,0.005057
36247,PALO ALTO 2,37.369,-122.13,CISO-PGAE,CA,bldg,0.089189
36247,PALO ALTO 2,37.369,-122.13,CISO-PGAE,CA,ind,0.032442
36247,PALO ALTO 2,37.369,-122.13,CISO-PGAE,CA,rail,0.000612
36247,PALO ALTO 2,37.369,-122.13,CISO-PGAE,CA,road,0.00366
36248,HAYWARD 1,37.6521,-122.103,CISO-PGAE,CA,bldg,0.078581
36248,HAYWARD 1,37.6521,-122.103,CISO-PGAE,CA,ind,0.028583
36248,HAYWARD 1,37.6521,-122.103,CISO-PGAE,CA,rail,0.000539
36248,HAYWARD 1,37.6521,-122.103,CISO-PGAE,CA,road,0.003225
36249,HAYWARD 2,37.5143,-122.206,CISO-PGAE,CA,bldg,0.078581
36249,HAYWARD 2,37.5143,-122.206,CISO-PGAE,CA,ind,0.028583
36249,HAYWARD 2,37.5143,-122.206,CISO-PGAE,CA,rail,0.000539
36249,HAYWARD 2,37.5143,-122.206,CISO-PGAE,CA,road,0.003225
36250,SAN LEANDRO 4,37.7789,-122.118,CISO-PGAE,CA,bldg,0.105764
36250,SAN LEANDRO 4,37.7789,-122.118,CISO-PGAE,CA,ind,0.038471
36250,SAN LEANDRO 4,37.7789,-122.118,CISO-PGAE,CA,rail,0.000726
36250,SAN LEANDRO 4,37.7789,-122.118,CISO-PGAE,CA,road,0.00434
36251,SAN LEANDRO 5,37.7417,-122.124,CISO-PGAE,CA,bldg,0.101973
36251,SAN LEANDRO 5,37.7417,-122.124,CISO-PGAE,CA,ind,0.037092
36251,SAN LEANDRO 5,37.7417,-122.124,CISO-PGAE,CA,rail,0.0007
36251,SAN LEANDRO 5,37.7417,-122.124,CISO-PGAE,CA,road,0.004184
36252,SANTA CRUZ 1,37.0109,-122.132,CISO-PGAE,CA,bldg,0.122661
36252,SANTA CRUZ 1,37.0109,-122.132,CISO-PGAE,CA,ind,0.044617
36252,SANTA CRUZ 1,37.0109,-122.132,CISO-PGAE,CA,rail,0.000842
36252,SANTA CRUZ 1,37.0109,-122.132,CISO-PGAE,CA,road,0.005033
36253,SANTA CRUZ 2,37.0447,-122.173,CISO-PGAE,CA,bldg,0.127069
36253,SANTA CRUZ 2,37.0447,-122.173,CISO-PGAE,CA,ind,0.04622
36253,SANTA CRUZ 2,37.0447,-122.173,CISO-PGAE,CA,rail,0.000872
36253,SANTA CRUZ 2,37.0447,-122.173,CISO-PGAE,CA,road,0.005214
36254,PALO ALTO 3,37.4838,-122.148,CISO-PGAE,CA,bldg,0.120251
36254,PALO ALTO 3,37.4838,-122.148,CISO-PGAE,CA,ind,0.04374
36254,PALO ALTO 3,37.4838,-122.148,CISO-PGAE,CA,rail,0.000825
36254,PALO ALTO 3,37.4838,-122.148,CISO-PGAE,CA,road,0.004934
36255,PALO ALTO 4,37.4902,-122.068,CISO-PGAE,CA,bldg,0.120251
36255,PALO ALTO 4,37.4902,-122.068,CISO-PGAE,CA,ind,0.04374
36255,PALO ALTO 4,37.4902,-122.068,CISO-PGAE,CA,rail,0.000825
36255,PALO ALTO 4,37.4902,-122.068,CISO-PGAE,CA,road,0.004934
36256,MORAGA,37.7767,-122.142,CISO-PGAE,CA,bldg,0.08055
36256,MORAGA,37.7767,-122.142,CISO-PGAE,CA,ind,0.029299
36256,MORAGA,37.7767,-122.142,CISO-PGAE,CA,rail,0.000553
36256,MORAGA,37.7767,-122.142,CISO-PGAE,CA,road,0.003305
36257,LAFAYETTE 1,37.847,-122.065,CISO-PGAE,CA,bldg,0.071058
36257,LAFAYETTE 1,37.847,-122.065,CISO-PGAE,CA,ind,0.025847
36257,LAFAYETTE 1,37.847,-122.065,CISO-PGAE,CA,rail,0.000487
36257,LAFAYETTE 1,37.847,-122.065,CISO-PGAE,CA,road,0.002916
36258,FREMONT 1,37.4542,-122.052,CISO-PGAE,CA,bldg,0.090306
36258,FREMONT 1,37.4542,-122.052,CISO-PGAE,CA,ind,0.032848
36258,FREMONT 1,37.4542,-122.052,CISO-PGAE,CA,rail,0.00062
36258,FREMONT 1,37.4542,-122.052,CISO-PGAE,CA,road,0.003706
36259,FREMONT 2,37.5197,-122.096,CISO-PGAE,CA,bldg,0.090306
36259,FREMONT 2,37.5197,-122.096,CISO-PGAE,CA,ind,0.032848
36259,FREMONT 2,37.5197,-122.096,CISO-PGAE,CA,rail,0.00062
36259,FREMONT 2,37.5197,-122.096,CISO-PGAE,CA,road,0.003706
36260,LOS ALTOS 2,37.2923,-122.019,CISO-PGAE,CA,bldg,0.1184
36260,LOS ALTOS 2,37.2923,-122.019,CISO-PGAE,CA,ind,0.043067
36260,LOS ALTOS 2,37.2923,-122.019,CISO-PGAE,CA,rail,0.000812
36260,LOS ALTOS 2,37.2923,-122.019,CISO-PGAE,CA,road,0.004859
36261,MOUNTAIN VIEW 1,37.3674,-122.11,CISO-PGAE,CA,bldg,0.087279
36261,MOUNTAIN VIEW 1,37.3674,-122.11,CISO-PGAE,CA,ind,0.031747
36261,MOUNTAIN VIEW 1,37.3674,-122.11,CISO-PGAE,CA,rail,0.000599
36261,MOUNTAIN VIEW 1,37.3674,-122.11,CISO-PGAE,CA,road,0.003581
36262,MOUNTAIN VIEW 2,37.3101,-122.137,CISO-PGAE,CA,bldg,0.087279
36262,MOUNTAIN VIEW 2,37.3101,-122.137,CISO-PGAE,CA,ind,0.031747
36262,MOUNTAIN VIEW 2,37.3101,-122.137,CISO-PGAE,CA,rail,0.000599
36262,MOUNTAIN VIEW 2,37.3101,-122.137,CISO-PGAE,CA,road,0.003581
36263,HAYWARD 3,37.6978,-122.146,CISO-PGAE,CA,bldg,0.163009
36263,HAYWARD 3,37.6978,-122.146,CISO-PGAE,CA,ind,0.059293
36263,HAYWARD 3,37.6978,-122.146,CISO-PGAE,CA,rail,0.001118
36263,HAYWARD 3,37.6978,-122.146,CISO-PGAE,CA,road,0.006689
36264,HAYWARD 4,37.6649,-122.015,CISO-PGAE,CA,bldg,0.163009
36264,HAYWARD 4,37.6649,-122.015,CISO-PGAE,CA,ind,0.059293
36264,HAYWARD 4,37.6649,-122.015,CISO-PGAE,CA,rail,0.001118
36264,HAYWARD 4,37.6649,-122.015,CISO-PGAE,CA,road,0.006689
36265,CUPERTINO 1,37.4055,-122.056,CISO-PGAE,CA,bldg,0.1606
36265,CUPERTINO 1,37.4055,-122.056,CISO-PGAE,CA,ind,0.058417
36265,CUPERTINO 1,37.4055,-122.056,CISO-PGAE,CA,rail,0.001102
36265,CUPERTINO 1,37.4055,-122.056,CISO-PGAE,CA,road,0.00659
36266,CUPERTINO 2,37.2992,-122.15,CISO-PGAE,CA,bldg,0.1606
36266,CUPERTINO 2,37.2992,-122.15,CISO-PGAE,CA,ind,0.058417
36266,CUPERTINO 2,37.2992,-122.15,CISO-PGAE,CA,rail,0.001102
36266,CUPERTINO 2,37.2992,-122.15,CISO-PGAE,CA,road,0.00659
36267,WINTERS,38.528,-122.032,CISO-PGAE,CA,bldg,0.04843
36267,WINTERS,38.528,-122.032,CISO-PGAE,CA,ind,0.017616
36267,WINTERS,38.528,-122.032,CISO-PGAE,CA,rail,0.000332
36267,WINTERS,38.528,-122.032,CISO-PGAE,CA,road,0.001987
36268,CASTRO VALLEY 1,37.7857,-122.032,CISO-PGAE,CA,bldg,0.111641
36268,CASTRO VALLEY 1,37.7857,-122.032,CISO-PGAE,CA,ind,0.040609
36268,CASTRO VALLEY 1,37.7857,-122.032,CISO-PGAE,CA,rail,0.000766
36268,CASTRO VALLEY 1,37.7857,-122.032,CISO-PGAE,CA,road,0.004581
36269,CASTRO VALLEY 2,37.7542,-122.099,CISO-PGAE,CA,bldg,0.214818
36269,CASTRO VALLEY 2,37.7542,-122.099,CISO-PGAE,CA,ind,0.078139
36269,CASTRO VALLEY 2,37.7542,-122.099,CISO-PGAE,CA,rail,0.001474
36269,CASTRO VALLEY 2,37.7542,-122.099,CISO-PGAE,CA,road,0.008815
36270,PLEASANT HILL 1,37.9213,-121.978,CISO-PGAE,CA,bldg,0.088778
36270,PLEASANT HILL 1,37.9213,-121.978,CISO-PGAE,CA,ind,0.032292
36270,PLEASANT HILL 1,37.9213,-121.978,CISO-PGAE,CA,rail,0.000609
36270,PLEASANT HILL 1,37.9213,-121.978,CISO-PGAE,CA,road,0.003643
36271,PLEASANT HILL 2,38.0147,-122.042,CISO-PGAE,CA,bldg,0.088778
36271,PLEASANT HILL 2,38.0147,-122.042,CISO-PGAE,CA,ind,0.032292
36271,PLEASANT HILL 2,38.0147,-122.042,CISO-PGAE,CA,rail,0.000609
36271,PLEASANT HILL 2,38.0147,-122.042,CISO-PGAE,CA,road,0.003643
36272,MOUNTAIN VIEW 3,37.3979,-122.153,CISO-PGAE,CA,bldg,0.070323
36272,MOUNTAIN VIEW 3,37.3979,-122.153,CISO-PGAE,CA,ind,0.025579
36272,MOUNTAIN VIEW 3,37.3979,-122.153,CISO-PGAE,CA,rail,0.000482
36272,MOUNTAIN VIEW 3,37.3979,-122.153,CISO-PGAE,CA,road,0.002886
36273,WALNUT CREEK 1,37.8727,-122.101,CISO-PGAE,CA,bldg,0.107262
36273,WALNUT CREEK 1,37.8727,-122.101,CISO-PGAE,CA,ind,0.039016
36273,WALNUT CREEK 1,37.8727,-122.101,CISO-PGAE,CA,rail,0.000736
36273,WALNUT CREEK 1,37.8727,-122.101,CISO-PGAE,CA,road,0.004401
36274,MOUNTAIN VIEW 4,37.4528,-122.105,CISO-PGAE,CA,bldg,0.074995
36274,MOUNTAIN VIEW 4,37.4528,-122.105,CISO-PGAE,CA,ind,0.027279
36274,MOUNTAIN VIEW 4,37.4528,-122.105,CISO-PGAE,CA,rail,0.000515
36274,MOUNTAIN VIEW 4,37.4528,-122.105,CISO-PGAE,CA,road,0.003077
36275,MOUNTAIN VIEW 5,37.4199,-122.039,CISO-PGAE,CA,bldg,0.074995
36275,MOUNTAIN VIEW 5,37.4199,-122.039,CISO-PGAE,CA,ind,0.027279
36275,MOUNTAIN VIEW 5,37.4199,-122.039,CISO-PGAE,CA,rail,0.000515
36275,MOUNTAIN VIEW 5,37.4199,-122.039,CISO-PGAE,CA,road,0.003077
36276,WALNUT CREEK 2,37.8134,-122.134,CISO-PGAE,CA,bldg,0.087984
36276,WALNUT CREEK 2,37.8134,-122.134,CISO-PGAE,CA,ind,0.032003
36276,WALNUT CREEK 2,37.8134,-122.134,CISO-PGAE,CA,rail,0.000604
36276,WALNUT CREEK 2,37.8134,-122.134,CISO-PGAE,CA,road,0.00361
36277,SANTA CRUZ 3,37.0632,-122.128,CISO-PGAE,CA,bldg,0.038791
36277,SANTA CRUZ 3,37.0632,-122.128,CISO-PGAE,CA,ind,0.01411
36277,SANTA CRUZ 3,37.0632,-122.128,CISO-PGAE,CA,rail,0.000266
36277,SANTA CRUZ 3,37.0632,-122.128,CISO-PGAE,CA,road,0.001592
36278,HAYWARD 5,37.5495,-122.089,CISO-PGAE,CA,bldg,0.193131
36278,HAYWARD 5,37.5495,-122.089,CISO-PGAE,CA,ind,0.07025
36278,HAYWARD 5,37.5495,-122.089,CISO-PGAE,CA,rail,0.001325
36278,HAYWARD 5,37.5495,-122.089,CISO-PGAE,CA,road,0.007925
36279,HAYWARD 6,37.6188,-122.085,CISO-PGAE,CA,bldg,0.193131
36279,HAYWARD 6,37.6188,-122.085,CISO-PGAE,CA,ind,0.07025
36279,HAYWARD 6,37.6188,-122.085,CISO-PGAE,CA,rail,0.001325
36279,HAYWARD 6,37.6188,-122.085,CISO-PGAE,CA,road,0.007925
36280,SARATOGA 1,37.2793,-121.987,CISO-PGAE,CA,bldg,0.08099
36280,SARATOGA 1,37.2793,-121.987,CISO-PGAE,CA,ind,0.029459
36280,SARATOGA 1,37.2793,-121.987,CISO-PGAE,CA,rail,0.000556
36280,SARATOGA 1,37.2793,-121.987,CISO-PGAE,CA,road,0.003323
36281,SARATOGA 2,37.2943,-122.076,CISO-PGAE,CA,bldg,0.08099
36281,SARATOGA 2,37.2943,-122.076,CISO-PGAE,CA,ind,0.029459
36281,SARATOGA 2,37.2943,-122.076,CISO-PGAE,CA,rail,0.000556
36281,SARATOGA 2,37.2943,-122.076,CISO-PGAE,CA,road,0.003323
36282,CONCORD 1,37.9864,-122.131,CISO-PGAE,CA,bldg,0.098417
36282,CONCORD 1,37.9864,-122.131,CISO-PGAE,CA,ind,0.035799
36282,CONCORD 1,37.9864,-122.131,CISO-PGAE,CA,rail,0.000675
36282,CONCORD 1,37.9864,-122.131,CISO-PGAE,CA,road,0.004039
36283,CONCORD 2,37.9138,-122.104,CISO-PGAE,CA,bldg,0.098417
36283,CONCORD 2,37.9138,-122.104,CISO-PGAE,CA,ind,0.035799
36283,CONCORD 2,37.9138,-122.104,CISO-PGAE,CA,rail,0.000675
36283,CONCORD 2,37.9138,-122.104,CISO-PGAE,CA,road,0.004039
36284,WALNUT CREEK 3,37.9384,-122.132,CISO-PGAE,CA,bldg,0.105999
36284,WALNUT CREEK 3,37.9384,-122.132,CISO-PGAE,CA,ind,0.038556
36284,WALNUT CREEK 3,37.9384,-122.132,CISO-PGAE,CA,rail,0.000727
36284,WALNUT CREEK 3,37.9384,-122.132,CISO-PGAE,CA,road,0.00435
36285,HAYWARD 7,37.5855,-122.081,CISO-PGAE,CA,bldg,0.067267
36285,HAYWARD 7,37.5855,-122.081,CISO-PGAE,CA,ind,0.024467
36285,HAYWARD 7,37.5855,-122.081,CISO-PGAE,CA,rail,0.000461
36285,HAYWARD 7,37.5855,-122.081,CISO-PGAE,CA,road,0.00276
36286,SUNNYVALE 1,37.3503,-122.01,CISO-PGAE,CA,bldg,0.143585
36286,SUNNYVALE 1,37.3503,-122.01,CISO-PGAE,CA,ind,0.052228
36286,SUNNYVALE 1,37.3503,-122.01,CISO-PGAE,CA,rail,0.000985
36286,SUNNYVALE 1,37.3503,-122.01,CISO-PGAE,CA,road,0.005892
36287,SUNNYVALE 2,37.3078,-122.073,CISO-PGAE,CA,bldg,0.143585
36287,SUNNYVALE 2,37.3078,-122.073,CISO-PGAE,CA,ind,0.052228
36287,SUNNYVALE 2,37.3078,-122.073,CISO-PGAE,CA,rail,0.000985
36287,SUNNYVALE 2,37.3078,-122.073,CISO-PGAE,CA,road,0.005892
36288,NEWARK 1,37.5209,-122.069,CISO-PGAE,CA,bldg,0.112611
36288,NEWARK 1,37.5209,-122.069,CISO-PGAE,CA,ind,0.040961
36288,NEWARK 1,37.5209,-122.069,CISO-PGAE,CA,rail,0.000773
36288,NEWARK 1,37.5209,-122.069,CISO-PGAE,CA,road,0.004621
36289,NEWARK 2,37.5547,-122.106,CISO-PGAE,CA,bldg,0.112611
36289,NEWARK 2,37.5547,-122.106,CISO-PGAE,CA,ind,0.040961
36289,NEWARK 2,37.5547,-122.106,CISO-PGAE,CA,rail,0.000773
36289,NEWARK 2,37.5547,-122.106,CISO-PGAE,CA,road,0.004621
36290,SUNNYVALE 3,37.2778,-121.94,CISO-PGAE,CA,bldg,0.12557
36290,SUNNYVALE 3,37.2778,-121.94,CISO-PGAE,CA,ind,0.045675
36290,SUNNYVALE 3,37.2778,-121.94,CISO-PGAE,CA,rail,0.000861
36290,SUNNYVALE 3,37.2778,-121.94,CISO-PGAE,CA,road,0.005153
36291,SUNNYVALE 4,37.3989,-121.936,CISO-PGAE,CA,bldg,0.120868
36291,SUNNYVALE 4,37.3989,-121.936,CISO-PGAE,CA,ind,0.043965
36291,SUNNYVALE 4,37.3989,-121.936,CISO-PGAE,CA,rail,0.000829
36291,SUNNYVALE 4,37.3989,-121.936,CISO-PGAE,CA,road,0.00496
36292,VACAVILLE 1,38.3834,-121.96,CISO-PGAE,CA,bldg,0.090923
36292,VACAVILLE 1,38.3834,-121.96,CISO-PGAE,CA,ind,0.033073
36292,VACAVILLE 1,38.3834,-121.96,CISO-PGAE,CA,rail,0.000624
36292,VACAVILLE 1,38.3834,-121.96,CISO-PGAE,CA,road,0.003731
36293,VACAVILLE 2,38.4075,-121.96,CISO-PGAE,CA,bldg,0.090923
36293,VACAVILLE 2,38.4075,-121.96,CISO-PGAE,CA,ind,0.033073
36293,VACAVILLE 2,38.4075,-121.96,CISO-PGAE,CA,rail,0.000624
36293,VACAVILLE 2,38.4075,-121.96,CISO-PGAE,CA,road,0.003731
36294,CONCORD 3,37.8997,-121.949,CISO-PGAE,CA,bldg,0.070822
36294,CONCORD 3,37.8997,-121.949,CISO-PGAE,CA,ind,0.025761
36294,CONCORD 3,37.8997,-121.949,CISO-PGAE,CA,rail,0.000486
36294,CONCORD 3,37.8997,-121.949,CISO-PGAE,CA,road,0.002906
36295,CONCORD 4,37.9783,-122.056,CISO-PGAE,CA,bldg,0.070822
36295,CONCORD 4,37.9783,-122.056,CISO-PGAE,CA,ind,0.025761
36295,CONCORD 4,37.9783,-122.056,CISO-PGAE,CA,rail,0.000486
36295,CONCORD 4,37.9783,-122.056,CISO-PGAE,CA,road,0.002906
36296,CASTRO VALLEY 3,37.7722,-122.042,CISO-PGAE,CA,bldg,0.076465
36296,CASTRO VALLEY 3,37.7722,-122.042,CISO-PGAE,CA,ind,0.027814
36296,CASTRO VALLEY 3,37.7722,-122.042,CISO-PGAE,CA,rail,0.000525
36296,CASTRO VALLEY 3,37.7722,-122.042,CISO-PGAE,CA,road,0.003138
36297,ALAMO 1,37.857,-121.974,CISO-PGAE,CA,bldg,0.078757
36297,ALAMO 1,37.857,-121.974,CISO-PGAE,CA,ind,0.028648
36297,ALAMO 1,37.857,-121.974,CISO-PGAE,CA,rail,0.00054
36297,ALAMO 1,37.857,-121.974,CISO-PGAE,CA,road,0.003232
36298,UNION CITY 1,37.6356,-121.942,CISO-PGAE,CA,bldg,0.183845
36298,UNION CITY 1,37.6356,-121.942,CISO-PGAE,CA,ind,0.066872
36298,UNION CITY 1,37.6356,-121.942,CISO-PGAE,CA,rail,0.001261
36298,UNION CITY 1,37.6356,-121.942,CISO-PGAE,CA,road,0.007544
36299,UNION CITY 2,37.6733,-121.923,CISO-PGAE,CA,bldg,0.188752
36299,UNION CITY 2,37.6733,-121.923,CISO-PGAE,CA,ind,0.068657
36299,UNION CITY 2,37.6733,-121.923,CISO-PGAE,CA,rail,0.001295
36299,UNION CITY 2,37.6733,-121.923,CISO-PGAE,CA,road,0.007745
36300,SUNNYVALE 5,37.2937,-122.045,CISO-PGAE,CA,bldg,0.112376
36300,SUNNYVALE 5,37.2937,-122.045,CISO-PGAE,CA,ind,0.040876
36300,SUNNYVALE 5,37.2937,-122.045,CISO-PGAE,CA,rail,0.000771
36300,SUNNYVALE 5,37.2937,-122.045,CISO-PGAE,CA,road,0.004611
36301,SUNNYVALE 6,37.4587,-121.917,CISO-PGAE,CA,bldg,0.101796
36301,SUNNYVALE 6,37.4587,-121.917,CISO-PGAE,CA,ind,0.037027
36301,SUNNYVALE 6,37.4587,-121.917,CISO-PGAE,CA,rail,0.000698
36301,SUNNYVALE 6,37.4587,-121.917,CISO-PGAE,CA,road,0.004177
36302,SCOTTS VALLEY,37.0795,-121.942,CISO-PGAE,CA,bldg,0.078022
36302,SCOTTS VALLEY,37.0795,-121.942,CISO-PGAE,CA,ind,0.02838
36302,SCOTTS VALLEY,37.0795,-121.942,CISO-PGAE,CA,rail,0.000535
36302,SCOTTS VALLEY,37.0795,-121.942,CISO-PGAE,CA,road,0.003202
36303,CONCORD 5,37.8908,-122.083,CISO-PGAE,CA,bldg,0.165889
36303,CONCORD 5,37.8908,-122.083,CISO-PGAE,CA,ind,0.060341
36303,CONCORD 5,37.8908,-122.083,CISO-PGAE,CA,rail,0.001138
36303,CONCORD 5,37.8908,-122.083,CISO-PGAE,CA,road,0.006807
36304,FAIRFIELD 3,38.3463,-121.97,CISO-PGAE,CA,bldg,0.203299
36304,FAIRFIELD 3,38.3463,-121.97,CISO-PGAE,CA,ind,0.073948
36304,FAIRFIELD 3,38.3463,-121.97,CISO-PGAE,CA,rail,0.001395
36304,FAIRFIELD 3,38.3463,-121.97,CISO-PGAE,CA,road,0.008342
36305,FAIRFIELD 4,38.1946,-122.023,CISO-PGAE,CA,bldg,0.183227
36305,FAIRFIELD 4,38.1946,-122.023,CISO-PGAE,CA,ind,0.066648
36305,FAIRFIELD 4,38.1946,-122.023,CISO-PGAE,CA,rail,0.001257
36305,FAIRFIELD 4,38.1946,-122.023,CISO-PGAE,CA,road,0.007519
36306,SAN JOSE 1,37.3912,-121.97,CISO-PGAE,CA,bldg,0.11408
36306,SAN JOSE 1,37.3912,-121.97,CISO-PGAE,CA,ind,0.041496
36306,SAN JOSE 1,37.3912,-121.97,CISO-PGAE,CA,rail,0.000783
36306,SAN JOSE 1,37.3912,-121.97,CISO-PGAE,CA,road,0.004681
36307,SAN JOSE 2,37.3199,-121.988,CISO-PGAE,CA,bldg,0.102413
36307,SAN JOSE 2,37.3199,-121.988,CISO-PGAE,CA,ind,0.037252
36307,SAN JOSE 2,37.3199,-121.988,CISO-PGAE,CA,rail,0.000703
36307,SAN JOSE 2,37.3199,-121.988,CISO-PGAE,CA,road,0.004203
36308,WALNUT CREEK 4,37.8256,-121.961,CISO-PGAE,CA,bldg,0.068295
36308,WALNUT CREEK 4,37.8256,-121.961,CISO-PGAE,CA,ind,0.024842
36308,WALNUT CREEK 4,37.8256,-121.961,CISO-PGAE,CA,rail,0.000469
36308,WALNUT CREEK 4,37.8256,-121.961,CISO-PGAE,CA,road,0.002802
36309,DANVILLE 1,37.7918,-121.992,CISO-PGAE,CA,bldg,0.082254
36309,DANVILLE 1,37.7918,-121.992,CISO-PGAE,CA,ind,0.02992
36309,DANVILLE 1,37.7918,-121.992,CISO-PGAE,CA,rail,0.000564
36309,DANVILLE 1,37.7918,-121.992,CISO-PGAE,CA,road,0.003375
36310,DANVILLE 2,37.8366,-121.907,CISO-PGAE,CA,bldg,0.082254
36310,DANVILLE 2,37.8366,-121.907,CISO-PGAE,CA,ind,0.02992
36310,DANVILLE 2,37.8366,-121.907,CISO-PGAE,CA,rail,0.000564
36310,DANVILLE 2,37.8366,-121.907,CISO-PGAE,CA,road,0.003375
36311,SANTA CRUZ 4,36.9777,-122.054,CISO-PGAE,CA,bldg,0.096272
36311,SANTA CRUZ 4,36.9777,-122.054,CISO-PGAE,CA,ind,0.035018
36311,SANTA CRUZ 4,36.9777,-122.054,CISO-PGAE,CA,rail,0.00066
36311,SANTA CRUZ 4,36.9777,-122.054,CISO-PGAE,CA,road,0.00395
36312,SANTA CRUZ 5,36.9251,-121.858,CISO-PGAE,CA,bldg,0.136297
36312,SANTA CRUZ 5,36.9251,-121.858,CISO-PGAE,CA,ind,0.049577
36312,SANTA CRUZ 5,36.9251,-121.858,CISO-PGAE,CA,rail,0.000935
36312,SANTA CRUZ 5,36.9251,-121.858,CISO-PGAE,CA,road,0.005593
36313,SAN JOSE 3,37.1906,-122.085,CISO-PGAE,CA,bldg,0.073585
36313,SAN JOSE 3,37.1906,-122.085,CISO-PGAE,CA,ind,0.026766
36313,SAN JOSE 3,37.1906,-122.085,CISO-PGAE,CA,rail,0.000505
36313,SAN JOSE 3,37.1906,-122.085,CISO-PGAE,CA,road,0.00302
36314,LOS GATOS 1,37.1191,-122.052,CISO-PGAE,CA,bldg,0.086544
36314,LOS GATOS 1,37.1191,-122.052,CISO-PGAE,CA,ind,0.03148
36314,LOS GATOS 1,37.1191,-122.052,CISO-PGAE,CA,rail,0.000594
36314,LOS GATOS 1,37.1191,-122.052,CISO-PGAE,CA,road,0.003551
36315,SANTA CLARA 1,37.4371,-122.013,CISO-PGAE,CA,bldg,0.143673
36315,SANTA CLARA 1,37.4371,-122.013,CISO-PGAE,CA,ind,0.05226
36315,SANTA CLARA 1,37.4371,-122.013,CISO-PGAE,CA,rail,0.000986
36315,SANTA CLARA 1,37.4371,-122.013,CISO-PGAE,CA,road,0.005896
36316,SANTA CLARA 2,37.2799,-121.997,CISO-PGAE,CA,bldg,0.143673
36316,SANTA CLARA 2,37.2799,-121.997,CISO-PGAE,CA,ind,0.05226
36316,SANTA CLARA 2,37.2799,-121.997,CISO-PGAE,CA,rail,0.000986
36316,SANTA CLARA 2,37.2799,-121.997,CISO-PGAE,CA,road,0.005896
36317,SANTA CRUZ 6,37.1069,-121.977,CISO-PGAE,CA,bldg,0.042905
36317,SANTA CRUZ 6,37.1069,-121.977,CISO-PGAE,CA,ind,0.015607
36317,SANTA CRUZ 6,37.1069,-121.977,CISO-PGAE,CA,rail,0.000294
36317,SANTA CRUZ 6,37.1069,-121.977,CISO-PGAE,CA,road,0.001761
36318,LOS GATOS 2,37.2282,-121.892,CISO-PGAE,CA,bldg,0.067649
36318,LOS GATOS 2,37.2282,-121.892,CISO-PGAE,CA,ind,0.024607
36318,LOS GATOS 2,37.2282,-121.892,CISO-PGAE,CA,rail,0.000464
36318,LOS GATOS 2,37.2282,-121.892,CISO-PGAE,CA,road,0.002776
36319,FREMONT 3,37.5271,-122.016,CISO-PGAE,CA,bldg,0.181934
36319,FREMONT 3,37.5271,-122.016,CISO-PGAE,CA,ind,0.066178
36319,FREMONT 3,37.5271,-122.016,CISO-PGAE,CA,rail,0.001248
36319,FREMONT 3,37.5271,-122.016,CISO-PGAE,CA,road,0.007466
36320,FREMONT 4,37.5664,-121.945,CISO-PGAE,CA,bldg,0.181934
36320,FREMONT 4,37.5664,-121.945,CISO-PGAE,CA,ind,0.066178
36320,FREMONT 4,37.5664,-121.945,CISO-PGAE,CA,rail,0.001248
36320,FREMONT 4,37.5664,-121.945,CISO-PGAE,CA,road,0.007466
36321,SAN RAMON 1,37.7209,-121.937,CISO-PGAE,CA,bldg,0.092187
36321,SAN RAMON 1,37.7209,-121.937,CISO-PGAE,CA,ind,0.033532
36321,SAN RAMON 1,37.7209,-121.937,CISO-PGAE,CA,rail,0.000632
36321,SAN RAMON 1,37.7209,-121.937,CISO-PGAE,CA,road,0.003783
36322,SAN RAMON 2,37.7542,-122.028,CISO-PGAE,CA,bldg,0.092187
36322,SAN RAMON 2,37.7542,-122.028,CISO-PGAE,CA,ind,0.033532
36322,SAN RAMON 2,37.7542,-122.028,CISO-PGAE,CA,rail,0.000632
36322,SAN RAMON 2,37.7542,-122.028,CISO-PGAE,CA,road,0.003783
36323,SANTA CLARA 3,37.3768,-122.009,CISO-PGAE,CA,bldg,0.123601
36323,SANTA CLARA 3,37.3768,-122.009,CISO-PGAE,CA,ind,0.044959
36323,SANTA CLARA 3,37.3768,-122.009,CISO-PGAE,CA,rail,0.000848
36323,SANTA CLARA 3,37.3768,-122.009,CISO-PGAE,CA,road,0.005072
36324,FREMONT 5,37.4224,-121.948,CISO-PGAE,CA,bldg,0.161716
36324,FREMONT 5,37.4224,-121.948,CISO-PGAE,CA,ind,0.058824
36324,FREMONT 5,37.4224,-121.948,CISO-PGAE,CA,rail,0.001109
36324,FREMONT 5,37.4224,-121.948,CISO-PGAE,CA,road,0.006636
36325,FREMONT 6,37.4457,-121.978,CISO-PGAE,CA,bldg,0.161716
36325,FREMONT 6,37.4457,-121.978,CISO-PGAE,CA,ind,0.058824
36325,FREMONT 6,37.4457,-121.978,CISO-PGAE,CA,rail,0.001109
36325,FREMONT 6,37.4457,-121.978,CISO-PGAE,CA,road,0.006636
36326,SAN JOSE 4,37.2977,-122.032,CISO-PGAE,CA,bldg,0.079521
36326,SAN JOSE 4,37.2977,-122.032,CISO-PGAE,CA,ind,0.028926
36326,SAN JOSE 4,37.2977,-122.032,CISO-PGAE,CA,rail,0.000546
36326,SAN JOSE 4,37.2977,-122.032,CISO-PGAE,CA,road,0.003263
36327,SAN JOSE 5,37.2308,-121.868,CISO-PGAE,CA,bldg,0.079521
36327,SAN JOSE 5,37.2308,-121.868,CISO-PGAE,CA,ind,0.028926
36327,SAN JOSE 5,37.2308,-121.868,CISO-PGAE,CA,rail,0.000546
36327,SAN JOSE 5,37.2308,-121.868,CISO-PGAE,CA,road,0.003263
36328,CONCORD 6,37.9498,-121.915,CISO-PGAE,CA,bldg,0.109084
36328,CONCORD 6,37.9498,-121.915,CISO-PGAE,CA,ind,0.039679
36328,CONCORD 6,37.9498,-121.915,CISO-PGAE,CA,rail,0.000748
36328,CONCORD 6,37.9498,-121.915,CISO-PGAE,CA,road,0.004476
36329,CONCORD 7,37.9843,-121.903,CISO-PGAE,CA,bldg,0.109084
36329,CONCORD 7,37.9843,-121.903,CISO-PGAE,CA,ind,0.039679
36329,CONCORD 7,37.9843,-121.903,CISO-PGAE,CA,rail,0.000748
36329,CONCORD 7,37.9843,-121.903,CISO-PGAE,CA,road,0.004476
36330,CAMPBELL 1,37.2439,-122.013,CISO-PGAE,CA,bldg,0.119693
36330,CAMPBELL 1,37.2439,-122.013,CISO-PGAE,CA,ind,0.043538
36330,CAMPBELL 1,37.2439,-122.013,CISO-PGAE,CA,rail,0.000821
36330,CAMPBELL 1,37.2439,-122.013,CISO-PGAE,CA,road,0.004912
36331,CAMPBELL 2,37.1935,-121.937,CISO-PGAE,CA,bldg,0.119693
36331,CAMPBELL 2,37.1935,-121.937,CISO-PGAE,CA,ind,0.043538
36331,CAMPBELL 2,37.1935,-121.937,CISO-PGAE,CA,rail,0.000821
36331,CAMPBELL 2,37.1935,-121.937,CISO-PGAE,CA,road,0.004912
36332,CAPITOLA,36.8856,-121.832,CISO-PGAE,CA,bldg,0.048341
36332,CAPITOLA,36.8856,-121.832,CISO-PGAE,CA,ind,0.017584
36332,CAPITOLA,36.8856,-121.832,CISO-PGAE,CA,rail,0.000332
36332,CAPITOLA,36.8856,-121.832,CISO-PGAE,CA,road,0.001984
36333,SANTA CLARA 4,37.4433,-122.041,CISO-PGAE,CA,bldg,0.095008
36333,SANTA CLARA 4,37.4433,-122.041,CISO-PGAE,CA,ind,0.034559
36333,SANTA CLARA 4,37.4433,-122.041,CISO-PGAE,CA,rail,0.000652
36333,SANTA CLARA 4,37.4433,-122.041,CISO-PGAE,CA,road,0.003899
36334,SANTA CLARA 5,37.4186,-121.975,CISO-PGAE,CA,bldg,0.095008
36334,SANTA CLARA 5,37.4186,-121.975,CISO-PGAE,CA,ind,0.034559
36334,SANTA CLARA 5,37.4186,-121.975,CISO-PGAE,CA,rail,0.000652
36334,SANTA CLARA 5,37.4186,-121.975,CISO-PGAE,CA,road,0.003899
36335,SAN JOSE 6,37.4173,-121.929,CISO-PGAE,CA,bldg,0.080755
36335,SAN JOSE 6,37.4173,-121.929,CISO-PGAE,CA,ind,0.029375
36335,SAN JOSE 6,37.4173,-121.929,CISO-PGAE,CA,rail,0.000554
36335,SAN JOSE 6,37.4173,-121.929,CISO-PGAE,CA,road,0.003314
36336,SAN JOSE 7,37.2312,-121.848,CISO-PGAE,CA,bldg,0.092128
36336,SAN JOSE 7,37.2312,-121.848,CISO-PGAE,CA,ind,0.033511
36336,SAN JOSE 7,37.2312,-121.848,CISO-PGAE,CA,rail,0.000632
36336,SAN JOSE 7,37.2312,-121.848,CISO-PGAE,CA,road,0.00378
36337,SOQUEL,37.1329,-121.848,CISO-PGAE,CA,bldg,0.053719
36337,SOQUEL,37.1329,-121.848,CISO-PGAE,CA,ind,0.01954
36337,SOQUEL,37.1329,-121.848,CISO-PGAE,CA,rail,0.000369
36337,SOQUEL,37.1329,-121.848,CISO-PGAE,CA,road,0.002204
36338,SUISUN CITY 1,38.1925,-121.863,CISO-PGAE,CA,bldg,0.07476
36338,SUISUN CITY 1,38.1925,-121.863,CISO-PGAE,CA,ind,0.027193
36338,SUISUN CITY 1,38.1925,-121.863,CISO-PGAE,CA,rail,0.000513
36338,SUISUN CITY 1,38.1925,-121.863,CISO-PGAE,CA,road,0.003068
36339,SUISUN CITY 2,38.1674,-122.017,CISO-PGAE,CA,bldg,0.07476
36339,SUISUN CITY 2,38.1674,-122.017,CISO-PGAE,CA,ind,0.027193
36339,SUISUN CITY 2,38.1674,-122.017,CISO-PGAE,CA,rail,0.000513
36339,SUISUN CITY 2,38.1674,-122.017,CISO-PGAE,CA,road,0.003068
36340,LOS GATOS 3,37.1548,-121.997,CISO-PGAE,CA,bldg,0.066356
36340,LOS GATOS 3,37.1548,-121.997,CISO-PGAE,CA,ind,0.024136
36340,LOS GATOS 3,37.1548,-121.997,CISO-PGAE,CA,rail,0.000455
36340,LOS GATOS 3,37.1548,-121.997,CISO-PGAE,CA,road,0.002723
36341,LOS GATOS 4,37.1432,-122.018,CISO-PGAE,CA,bldg,0.066356
36341,LOS GATOS 4,37.1432,-122.018,CISO-PGAE,CA,ind,0.024136
36341,LOS GATOS 4,37.1432,-122.018,CISO-PGAE,CA,rail,0.000455
36341,LOS GATOS 4,37.1432,-122.018,CISO-PGAE,CA,road,0.002723
36342,SAN JOSE 8,37.2088,-121.921,CISO-PGAE,CA,bldg,0.124512
36342,SAN JOSE 8,37.2088,-121.921,CISO-PGAE,CA,ind,0.04529
36342,SAN JOSE 8,37.2088,-121.921,CISO-PGAE,CA,rail,0.000854
36342,SAN JOSE 8,37.2088,-121.921,CISO-PGAE,CA,road,0.005109
36343,SAN JOSE 9,37.1585,-122.02,CISO-PGAE,CA,bldg,0.124512
36343,SAN JOSE 9,37.1585,-122.02,CISO-PGAE,CA,ind,0.04529
36343,SAN JOSE 9,37.1585,-122.02,CISO-PGAE,CA,rail,0.000854
36343,SAN JOSE 9,37.1585,-122.02,CISO-PGAE,CA,road,0.005109
36344,VACAVILLE 3,38.2959,-121.967,CISO-PGAE,CA,bldg,0.173001
36344,VACAVILLE 3,38.2959,-121.967,CISO-PGAE,CA,ind,0.062928
36344,VACAVILLE 3,38.2959,-121.967,CISO-PGAE,CA,rail,0.001187
36344,VACAVILLE 3,38.2959,-121.967,CISO-PGAE,CA,road,0.007099
36345,VACAVILLE 4,38.2348,-122.018,CISO-PGAE,CA,bldg,0.172178
36345,VACAVILLE 4,38.2348,-122.018,CISO-PGAE,CA,ind,0.062628
36345,VACAVILLE 4,38.2348,-122.018,CISO-PGAE,CA,rail,0.001181
36345,VACAVILLE 4,38.2348,-122.018,CISO-PGAE,CA,road,0.007065
36346,SAN JOSE 10,37.4224,-121.996,CISO-PGAE,CA,bldg,0.082107
36346,SAN JOSE 10,37.4224,-121.996,CISO-PGAE,CA,ind,0.029866
36346,SAN JOSE 10,37.4224,-121.996,CISO-PGAE,CA,rail,0.000563
36346,SAN JOSE 10,37.4224,-121.996,CISO-PGAE,CA,road,0.003369
36347,SAN JOSE 11,37.3871,-121.999,CISO-PGAE,CA,bldg,0.082107
36347,SAN JOSE 11,37.3871,-121.999,CISO-PGAE,CA,ind,0.029866
36347,SAN JOSE 11,37.3871,-121.999,CISO-PGAE,CA,rail,0.000563
36347,SAN JOSE 11,37.3871,-121.999,CISO-PGAE,CA,road,0.003369
36348,SAN RAMON 3,37.7239,-121.972,CISO-PGAE,CA,bldg,0.101914
36348,SAN RAMON 3,37.7239,-121.972,CISO-PGAE,CA,ind,0.037071
36348,SAN RAMON 3,37.7239,-121.972,CISO-PGAE,CA,rail,0.000699
36348,SAN RAMON 3,37.7239,-121.972,CISO-PGAE,CA,road,0.004182
36349,SAN RAMON 4,37.8552,-121.991,CISO-PGAE,CA,bldg,0.101914
36349,SAN RAMON 4,37.8552,-121.991,CISO-PGAE,CA,ind,0.037071
36349,SAN RAMON 4,37.8552,-121.991,CISO-PGAE,CA,rail,0.000699
36349,SAN RAMON 4,37.8552,-121.991,CISO-PGAE,CA,road,0.004182
36350,DUBLIN 1,37.7592,-121.947,CISO-PGAE,CA,bldg,0.126805
36350,DUBLIN 1,37.7592,-121.947,CISO-PGAE,CA,ind,0.046124
36350,DUBLIN 1,37.7592,-121.947,CISO-PGAE,CA,rail,0.00087
36350,DUBLIN 1,37.7592,-121.947,CISO-PGAE,CA,road,0.005203
36351,DUBLIN 2,37.6337,-121.974,CISO-PGAE,CA,bldg,0.121691
36351,DUBLIN 2,37.6337,-121.974,CISO-PGAE,CA,ind,0.044265
36351,DUBLIN 2,37.6337,-121.974,CISO-PGAE,CA,rail,0.000835
36351,DUBLIN 2,37.6337,-121.974,CISO-PGAE,CA,road,0.004994
36352,DANVILLE 3,37.7255,-121.934,CISO-PGAE,CA,bldg,0.118753
36352,DANVILLE 3,37.7255,-121.934,CISO-PGAE,CA,ind,0.043195
36352,DANVILLE 3,37.7255,-121.934,CISO-PGAE,CA,rail,0.000815
36352,DANVILLE 3,37.7255,-121.934,CISO-PGAE,CA,road,0.004873
36353,FREMONT 7,37.4532,-121.842,CISO-PGAE,CA,bldg,0.132329
36353,FREMONT 7,37.4532,-121.842,CISO-PGAE,CA,ind,0.048133
36353,FREMONT 7,37.4532,-121.842,CISO-PGAE,CA,rail,0.000908
36353,FREMONT 7,37.4532,-121.842,CISO-PGAE,CA,road,0.00543
36354,FREMONT 8,37.5121,-121.902,CISO-PGAE,CA,bldg,0.132329
36354,FREMONT 8,37.5121,-121.902,CISO-PGAE,CA,ind,0.048133
36354,FREMONT 8,37.5121,-121.902,CISO-PGAE,CA,rail,0.000908
36354,FREMONT 8,37.5121,-121.902,CISO-PGAE,CA,road,0.00543
36355,SAN JOSE 12,37.3183,-121.995,CISO-PGAE,CA,bldg,0.099063
36355,SAN JOSE 12,37.3183,-121.995,CISO-PGAE,CA,ind,0.036034
36355,SAN JOSE 12,37.3183,-121.995,CISO-PGAE,CA,rail,0.00068
36355,SAN JOSE 12,37.3183,-121.995,CISO-PGAE,CA,road,0.004065
36356,PITTSBURG 1,38.0335,-121.877,CISO-PGAE,CA,bldg,0.149227
36356,PITTSBURG 1,38.0335,-121.877,CISO-PGAE,CA,ind,0.05428
36356,PITTSBURG 1,38.0335,-121.877,CISO-PGAE,CA,rail,0.001024
36356,PITTSBURG 1,38.0335,-121.877,CISO-PGAE,CA,road,0.006123
36357,PITTSBURG 2,38.0778,-121.818,CISO-PGAE,CA,bldg,0.149227
36357,PITTSBURG 2,38.0778,-121.818,CISO-PGAE,CA,ind,0.05428
36357,PITTSBURG 2,38.0778,-121.818,CISO-PGAE,CA,rail,0.001024
36357,PITTSBURG 2,38.0778,-121.818,CISO-PGAE,CA,road,0.006123
36358,PITTSBURG 3,38.1064,-121.911,CISO-PGAE,CA,bldg,0.149815
36358,PITTSBURG 3,38.1064,-121.911,CISO-PGAE,CA,ind,0.054494
36358,PITTSBURG 3,38.1064,-121.911,CISO-PGAE,CA,rail,0.001028
36358,PITTSBURG 3,38.1064,-121.911,CISO-PGAE,CA,road,0.006148
36359,SAN JOSE 13,37.3319,-121.907,CISO-PGAE,CA,bldg,0.075554
36359,SAN JOSE 13,37.3319,-121.907,CISO-PGAE,CA,ind,0.027482
36359,SAN JOSE 13,37.3319,-121.907,CISO-PGAE,CA,rail,0.000518
36359,SAN JOSE 13,37.3319,-121.907,CISO-PGAE,CA,road,0.0031
36360,SAN JOSE 14,37.4076,-121.907,CISO-PGAE,CA,bldg,0.075554
36360,SAN JOSE 14,37.4076,-121.907,CISO-PGAE,CA,ind,0.027482
36360,SAN JOSE 14,37.4076,-121.907,CISO-PGAE,CA,rail,0.000518
36360,SAN JOSE 14,37.4076,-121.907,CISO-PGAE,CA,road,0.0031
36361,SAN JOSE 15,37.3045,-121.9,CISO-PGAE,CA,bldg,0.137384
36361,SAN JOSE 15,37.3045,-121.9,CISO-PGAE,CA,ind,0.049972
36361,SAN JOSE 15,37.3045,-121.9,CISO-PGAE,CA,rail,0.000943
36361,SAN JOSE 15,37.3045,-121.9,CISO-PGAE,CA,road,0.005638
36362,SAN JOSE 16,37.385,-121.922,CISO-PGAE,CA,bldg,0.148345
36362,SAN JOSE 16,37.385,-121.922,CISO-PGAE,CA,ind,0.05396
36362,SAN JOSE 16,37.385,-121.922,CISO-PGAE,CA,rail,0.001018
36362,SAN JOSE 16,37.385,-121.922,CISO-PGAE,CA,road,0.006087
36363,SAN JOSE 17,37.3275,-121.845,CISO-PGAE,CA,bldg,0.151637
36363,SAN JOSE 17,37.3275,-121.845,CISO-PGAE,CA,ind,0.055156
36363,SAN JOSE 17,37.3275,-121.845,CISO-PGAE,CA,rail,0.00104
36363,SAN JOSE 17,37.3275,-121.845,CISO-PGAE,CA,road,0.006222
36364,SAN JOSE 18,37.2357,-121.877,CISO-PGAE,CA,bldg,0.084458
36364,SAN JOSE 18,37.2357,-121.877,CISO-PGAE,CA,ind,0.030721
36364,SAN JOSE 18,37.2357,-121.877,CISO-PGAE,CA,rail,0.000579
36364,SAN JOSE 18,37.2357,-121.877,CISO-PGAE,CA,road,0.003466
36365,SAN JOSE 19,37.3207,-121.83,CISO-PGAE,CA,bldg,0.147904
36365,SAN JOSE 19,37.3207,-121.83,CISO-PGAE,CA,ind,0.0538
36365,SAN JOSE 19,37.3207,-121.83,CISO-PGAE,CA,rail,0.001015
36365,SAN JOSE 19,37.3207,-121.83,CISO-PGAE,CA,road,0.006069
36366,SAN JOSE 20,37.3318,-121.863,CISO-PGAE,CA,bldg,0.240062
36366,SAN JOSE 20,37.3318,-121.863,CISO-PGAE,CA,ind,0.087321
36366,SAN JOSE 20,37.3318,-121.863,CISO-PGAE,CA,rail,0.001647
36366,SAN JOSE 20,37.3318,-121.863,CISO-PGAE,CA,road,0.009851
36367,APTOS,36.9995,-121.819,CISO-PGAE,CA,bldg,0.126805
36367,APTOS,36.9995,-121.819,CISO-PGAE,CA,ind,0.046124
36367,APTOS,36.9995,-121.819,CISO-PGAE,CA,rail,0.00087
36367,APTOS,36.9995,-121.819,CISO-PGAE,CA,road,0.005203
36368,CLAYTON,37.895,-121.974,CISO-PGAE,CA,bldg,0.065503
36368,CLAYTON,37.895,-121.974,CISO-PGAE,CA,ind,0.023826
36368,CLAYTON,37.895,-121.974,CISO-PGAE,CA,rail,0.000449
36368,CLAYTON,37.895,-121.974,CISO-PGAE,CA,road,0.002688
36369,MILPITAS 1,37.4732,-121.821,CISO-PGAE,CA,bldg,0.177056
36369,MILPITAS 1,37.4732,-121.821,CISO-PGAE,CA,ind,0.064403
36369,MILPITAS 1,37.4732,-121.821,CISO-PGAE,CA,rail,0.001215
36369,MILPITAS 1,37.4732,-121.821,CISO-PGAE,CA,road,0.007265
36370,MILPITAS 2,37.5054,-121.876,CISO-PGAE,CA,bldg,0.177056
36370,MILPITAS 2,37.5054,-121.876,CISO-PGAE,CA,ind,0.064403
36370,MILPITAS 2,37.5054,-121.876,CISO-PGAE,CA,rail,0.001215
36370,MILPITAS 2,37.5054,-121.876,CISO-PGAE,CA,road,0.007265
36371,SAN JOSE 21,37.4182,-121.77,CISO-PGAE,CA,bldg,0.067179
36371,SAN JOSE 21,37.4182,-121.77,CISO-PGAE,CA,ind,0.024435
36371,SAN JOSE 21,37.4182,-121.77,CISO-PGAE,CA,rail,0.000461
36371,SAN JOSE 21,37.4182,-121.77,CISO-PGAE,CA,road,0.002757
36372,PLEASANTON 1,37.7035,-121.857,CISO-PGAE,CA,bldg,0.081578
36372,PLEASANTON 1,37.7035,-121.857,CISO-PGAE,CA,ind,0.029673
36372,PLEASANTON 1,37.7035,-121.857,CISO-PGAE,CA,rail,0.00056
36372,PLEASANTON 1,37.7035,-121.857,CISO-PGAE,CA,road,0.003348
36373,SAN JOSE 22,37.4215,-121.754,CISO-PGAE,CA,bldg,0.136208
36373,SAN JOSE 22,37.4215,-121.754,CISO-PGAE,CA,ind,0.049545
36373,SAN JOSE 22,37.4215,-121.754,CISO-PGAE,CA,rail,0.000934
36373,SAN JOSE 22,37.4215,-121.754,CISO-PGAE,CA,road,0.005589
36374,SAN JOSE 23,37.3773,-121.84,CISO-PGAE,CA,bldg,0.136208
36374,SAN JOSE 23,37.3773,-121.84,CISO-PGAE,CA,ind,0.049545
36374,SAN JOSE 23,37.3773,-121.84,CISO-PGAE,CA,rail,0.000934
36374,SAN JOSE 23,37.3773,-121.84,CISO-PGAE,CA,road,0.005589
36375,SAN JOSE 24,37.1801,-121.902,CISO-PGAE,CA,bldg,0.113698
36375,SAN JOSE 24,37.1801,-121.902,CISO-PGAE,CA,ind,0.041356
36375,SAN JOSE 24,37.1801,-121.902,CISO-PGAE,CA,rail,0.00078
36375,SAN JOSE 24,37.1801,-121.902,CISO-PGAE,CA,road,0.004666
36376,SAN JOSE 25,37.1855,-121.832,CISO-PGAE,CA,bldg,0.113698
36376,SAN JOSE 25,37.1855,-121.832,CISO-PGAE,CA,ind,0.041356
36376,SAN JOSE 25,37.1855,-121.832,CISO-PGAE,CA,rail,0.00078
36376,SAN JOSE 25,37.1855,-121.832,CISO-PGAE,CA,road,0.004666
36377,PLEASANTON 2,37.6998,-121.877,CISO-PGAE,CA,bldg,0.108144
36377,PLEASANTON 2,37.6998,-121.877,CISO-PGAE,CA,ind,0.039337
36377,PLEASANTON 2,37.6998,-121.877,CISO-PGAE,CA,rail,0.000742
36377,PLEASANTON 2,37.6998,-121.877,CISO-PGAE,CA,road,0.004438
36378,PLEASANTON 3,37.6989,-121.934,CISO-PGAE,CA,bldg,0.189693
36378,PLEASANTON 3,37.6989,-121.934,CISO-PGAE,CA,ind,0.069
36378,PLEASANTON 3,37.6989,-121.934,CISO-PGAE,CA,rail,0.001301
36378,PLEASANTON 3,37.6989,-121.934,CISO-PGAE,CA,road,0.007784
36379,SAN JOSE 26,37.2801,-121.81,CISO-PGAE,CA,bldg,0.099063
36379,SAN JOSE 26,37.2801,-121.81,CISO-PGAE,CA,ind,0.036034
36379,SAN JOSE 26,37.2801,-121.81,CISO-PGAE,CA,rail,0.00068
36379,SAN JOSE 26,37.2801,-121.81,CISO-PGAE,CA,road,0.004065
36380,SAN JOSE 27,37.2832,-121.82,CISO-PGAE,CA,bldg,0.099063
36380,SAN JOSE 27,37.2832,-121.82,CISO-PGAE,CA,ind,0.036034
36380,SAN JOSE 27,37.2832,-121.82,CISO-PGAE,CA,rail,0.00068
36380,SAN JOSE 27,37.2832,-121.82,CISO-PGAE,CA,road,0.004065
36381,SAN JOSE 28,37.3869,-121.854,CISO-PGAE,CA,bldg,0.14955
36381,SAN JOSE 28,37.3869,-121.854,CISO-PGAE,CA,ind,0.054397
36381,SAN JOSE 28,37.3869,-121.854,CISO-PGAE,CA,rail,0.001026
36381,SAN JOSE 28,37.3869,-121.854,CISO-PGAE,CA,road,0.006137
36382,SAN JOSE 29,37.4096,-121.921,CISO-PGAE,CA,bldg,0.14955
36382,SAN JOSE 29,37.4096,-121.921,CISO-PGAE,CA,ind,0.054397
36382,SAN JOSE 29,37.4096,-121.921,CISO-PGAE,CA,rail,0.001026
36382,SAN JOSE 29,37.4096,-121.921,CISO-PGAE,CA,road,0.006137
36383,SAN JOSE 30,37.1742,-121.737,CISO-PGAE,CA,bldg,0.165008
36383,SAN JOSE 30,37.1742,-121.737,CISO-PGAE,CA,ind,0.06002
36383,SAN JOSE 30,37.1742,-121.737,CISO-PGAE,CA,rail,0.001132
36383,SAN JOSE 30,37.1742,-121.737,CISO-PGAE,CA,road,0.006771
36384,SAN JOSE 31,37.179,-121.91,CISO-PGAE,CA,bldg,0.164596
36384,SAN JOSE 31,37.179,-121.91,CISO-PGAE,CA,ind,0.059871
36384,SAN JOSE 31,37.179,-121.91,CISO-PGAE,CA,rail,0.001129
36384,SAN JOSE 31,37.179,-121.91,CISO-PGAE,CA,road,0.006754
36385,SAN JOSE 32,37.3111,-121.832,CISO-PGAE,CA,bldg,0.154634
36385,SAN JOSE 32,37.3111,-121.832,CISO-PGAE,CA,ind,0.056247
36385,SAN JOSE 32,37.3111,-121.832,CISO-PGAE,CA,rail,0.001061
36385,SAN JOSE 32,37.3111,-121.832,CISO-PGAE,CA,road,0.006345
36386,SAN JOSE 33,37.253,-121.773,CISO-PGAE,CA,bldg,0.190339
36386,SAN JOSE 33,37.253,-121.773,CISO-PGAE,CA,ind,0.069235
36386,SAN JOSE 33,37.253,-121.773,CISO-PGAE,CA,rail,0.001306
36386,SAN JOSE 33,37.253,-121.773,CISO-PGAE,CA,road,0.007811
36387,ANTIOCH 1,37.9766,-121.768,CISO-PGAE,CA,bldg,0.165155
36387,ANTIOCH 1,37.9766,-121.768,CISO-PGAE,CA,ind,0.060074
36387,ANTIOCH 1,37.9766,-121.768,CISO-PGAE,CA,rail,0.001133
36387,ANTIOCH 1,37.9766,-121.768,CISO-PGAE,CA,road,0.006777
36388,ANTIOCH 2,37.9565,-121.861,CISO-PGAE,CA,bldg,0.165155
36388,ANTIOCH 2,37.9565,-121.861,CISO-PGAE,CA,ind,0.060074
36388,ANTIOCH 2,37.9565,-121.861,CISO-PGAE,CA,rail,0.001133
36388,ANTIOCH 2,37.9565,-121.861,CISO-PGAE,CA,road,0.006777
36389,SAN JOSE 34,37.2704,-121.874,CISO-PGAE,CA,bldg,0.099093
36389,SAN JOSE 34,37.2704,-121.874,CISO-PGAE,CA,ind,0.036044
36389,SAN JOSE 34,37.2704,-121.874,CISO-PGAE,CA,rail,0.00068
36389,SAN JOSE 34,37.2704,-121.874,CISO-PGAE,CA,road,0.004066
36390,SAN JOSE 35,37.2643,-121.887,CISO-PGAE,CA,bldg,0.099093
36390,SAN JOSE 35,37.2643,-121.887,CISO-PGAE,CA,ind,0.036044
36390,SAN JOSE 35,37.2643,-121.887,CISO-PGAE,CA,rail,0.00068
36390,SAN JOSE 35,37.2643,-121.887,CISO-PGAE,CA,road,0.004066
36391,SAN JOSE 36,37.4011,-121.857,CISO-PGAE,CA,bldg,0.162186
36391,SAN JOSE 36,37.4011,-121.857,CISO-PGAE,CA,ind,0.058994
36391,SAN JOSE 36,37.4011,-121.857,CISO-PGAE,CA,rail,0.001113
36391,SAN JOSE 36,37.4011,-121.857,CISO-PGAE,CA,road,0.006655
36392,SAN JOSE 37,37.3244,-121.796,CISO-PGAE,CA,bldg,0.162186
36392,SAN JOSE 37,37.3244,-121.796,CISO-PGAE,CA,ind,0.058994
36392,SAN JOSE 37,37.3244,-121.796,CISO-PGAE,CA,rail,0.001113
36392,SAN JOSE 37,37.3244,-121.796,CISO-PGAE,CA,road,0.006655
36393,SAN JOSE 38,37.2767,-121.849,CISO-PGAE,CA,bldg,0.05275
36393,SAN JOSE 38,37.2767,-121.849,CISO-PGAE,CA,ind,0.019187
36393,SAN JOSE 38,37.2767,-121.849,CISO-PGAE,CA,rail,0.000362
36393,SAN JOSE 38,37.2767,-121.849,CISO-PGAE,CA,road,0.002165
36394,SAN JOSE 39,37.3916,-121.684,CISO-PGAE,CA,bldg,0.121427
36394,SAN JOSE 39,37.3916,-121.684,CISO-PGAE,CA,ind,0.044168
36394,SAN JOSE 39,37.3916,-121.684,CISO-PGAE,CA,rail,0.000833
36394,SAN JOSE 39,37.3916,-121.684,CISO-PGAE,CA,road,0.004983
36395,SAN JOSE 40,37.2854,-121.866,CISO-PGAE,CA,bldg,0.120428
36395,SAN JOSE 40,37.2854,-121.866,CISO-PGAE,CA,ind,0.043804
36395,SAN JOSE 40,37.2854,-121.866,CISO-PGAE,CA,rail,0.000826
36395,SAN JOSE 40,37.2854,-121.866,CISO-PGAE,CA,road,0.004942
36396,ANTIOCH 3,37.8887,-121.792,CISO-PGAE,CA,bldg,0.106557
36396,ANTIOCH 3,37.8887,-121.792,CISO-PGAE,CA,ind,0.03876
36396,ANTIOCH 3,37.8887,-121.792,CISO-PGAE,CA,rail,0.000731
36396,ANTIOCH 3,37.8887,-121.792,CISO-PGAE,CA,road,0.004373
36397,ANTIOCH 4,38.0059,-121.711,CISO-PGAE,CA,bldg,0.108732
36397,ANTIOCH 4,38.0059,-121.711,CISO-PGAE,CA,ind,0.039551
36397,ANTIOCH 4,38.0059,-121.711,CISO-PGAE,CA,rail,0.000746
36397,ANTIOCH 4,38.0059,-121.711,CISO-PGAE,CA,road,0.004462
36398,DIXON,38.434,-121.768,CISO-PGAE,CA,bldg,0.115285
36398,DIXON,38.434,-121.768,CISO-PGAE,CA,ind,0.041935
36398,DIXON,38.434,-121.768,CISO-PGAE,CA,phase1,0.071616
36398,DIXON,38.434,-121.768,CISO-PGAE,CA,rail,0.000791
36398,DIXON,38.434,-121.768,CISO-PGAE,CA,road,0.004731
36399,LIVERMORE 1,37.6779,-121.756,CISO-PGAE,CA,bldg,0.097506
36399,LIVERMORE 1,37.6779,-121.756,CISO-PGAE,CA,ind,0.035467
36399,LIVERMORE 1,37.6779,-121.756,CISO-PGAE,CA,rail,0.000669
36399,LIVERMORE 1,37.6779,-121.756,CISO-PGAE,CA,road,0.004001
36400,LIVERMORE 2,37.7978,-121.661,CISO-PGAE,CA,bldg,0.097506
36400,LIVERMORE 2,37.7978,-121.661,CISO-PGAE,CA,ind,0.035467
36400,LIVERMORE 2,37.7978,-121.661,CISO-PGAE,CA,rail,0.000669
36400,LIVERMORE 2,37.7978,-121.661,CISO-PGAE,CA,road,0.004001
36401,SAN JOSE 41,37.3443,-121.748,CISO-PGAE,CA,bldg,0.106586
36401,SAN JOSE 41,37.3443,-121.748,CISO-PGAE,CA,ind,0.03877
36401,SAN JOSE 41,37.3443,-121.748,CISO-PGAE,CA,rail,0.000731
36401,SAN JOSE 41,37.3443,-121.748,CISO-PGAE,CA,road,0.004374
36402,SAN JOSE 42,37.4054,-121.829,CISO-PGAE,CA,bldg,0.106586
36402,SAN JOSE 42,37.4054,-121.829,CISO-PGAE,CA,ind,0.03877
36402,SAN JOSE 42,37.4054,-121.829,CISO-PGAE,CA,rail,0.000731
36402,SAN JOSE 42,37.4054,-121.829,CISO-PGAE,CA,road,0.004374
36403,SAN JOSE 43,37.3181,-121.775,CISO-PGAE,CA,bldg,0.099916
36403,SAN JOSE 43,37.3181,-121.775,CISO-PGAE,CA,ind,0.036344
36403,SAN JOSE 43,37.3181,-121.775,CISO-PGAE,CA,rail,0.000685
36403,SAN JOSE 43,37.3181,-121.775,CISO-PGAE,CA,road,0.0041
36404,OAKLEY 1,38.0142,-121.595,CISO-PGAE,CA,bldg,0.107879
36404,OAKLEY 1,38.0142,-121.595,CISO-PGAE,CA,ind,0.039241
36404,OAKLEY 1,38.0142,-121.595,CISO-PGAE,CA,rail,0.00074
36404,OAKLEY 1,38.0142,-121.595,CISO-PGAE,CA,road,0.004427
36405,OAKLEY 2,37.9558,-121.681,CISO-PGAE,CA,bldg,0.096565
36405,OAKLEY 2,37.9558,-121.681,CISO-PGAE,CA,ind,0.035125
36405,OAKLEY 2,37.9558,-121.681,CISO-PGAE,CA,rail,0.000662
36405,OAKLEY 2,37.9558,-121.681,CISO-PGAE,CA,road,0.003963
36406,SAN JOSE 44,37.3079,-121.762,CISO-PGAE,CA,bldg,0.106439
36406,SAN JOSE 44,37.3079,-121.762,CISO-PGAE,CA,ind,0.038716
36406,SAN JOSE 44,37.3079,-121.762,CISO-PGAE,CA,rail,0.00073
36406,SAN JOSE 44,37.3079,-121.762,CISO-PGAE,CA,road,0.004368
36407,DAVIS 3,38.6302,-121.684,CISO-PGAE,CA,bldg,0.072145
36407,DAVIS 3,38.6302,-121.684,CISO-PGAE,CA,ind,0.026242
36407,DAVIS 3,38.6302,-121.684,CISO-PGAE,CA,rail,0.000495
36407,DAVIS 3,38.6302,-121.684,CISO-PGAE,CA,road,0.00296
36408,DAVIS 4,38.5805,-121.652,CISO-PGAE,CA,bldg,0.072145
36408,DAVIS 4,38.5805,-121.652,CISO-PGAE,CA,ind,0.026242
36408,DAVIS 4,38.5805,-121.652,CISO-PGAE,CA,rail,0.000495
36408,DAVIS 4,38.5805,-121.652,CISO-PGAE,CA,road,0.00296
36409,BRENTWOOD 1,37.9848,-121.733,CISO-PGAE,CA,bldg,0.144407
36409,BRENTWOOD 1,37.9848,-121.733,CISO-PGAE,CA,ind,0.052528
36409,BRENTWOOD 1,37.9848,-121.733,CISO-PGAE,CA,rail,0.000991
36409,BRENTWOOD 1,37.9848,-121.733,CISO-PGAE,CA,road,0.005926
36410,BRENTWOOD 2,37.907,-121.621,CISO-PGAE,CA,bldg,0.144407
36410,BRENTWOOD 2,37.907,-121.621,CISO-PGAE,CA,ind,0.052528
36410,BRENTWOOD 2,37.907,-121.621,CISO-PGAE,CA,rail,0.000991
36410,BRENTWOOD 2,37.907,-121.621,CISO-PGAE,CA,road,0.005926
36411,TRACY 1,37.8092,-121.625,CISO-PGAE,CA,bldg,0.059861
36411,TRACY 1,37.8092,-121.625,CISO-PGAE,CA,ind,0.021774
36411,TRACY 1,37.8092,-121.625,CISO-PGAE,CA,rail,0.000411
36411,TRACY 1,37.8092,-121.625,CISO-PGAE,CA,road,0.002456
36412,SAN MARTIN,37.0315,-121.641,CISO-PGAE,CA,bldg,0.033942
36412,SAN MARTIN,37.0315,-121.641,CISO-PGAE,CA,ind,0.012346
36412,SAN MARTIN,37.0315,-121.641,CISO-PGAE,CA,rail,0.000233
36412,SAN MARTIN,37.0315,-121.641,CISO-PGAE,CA,road,0.001393
36413,MORGAN HILL 1,37.2472,-121.572,CISO-PGAE,CA,bldg,0.120545
36413,MORGAN HILL 1,37.2472,-121.572,CISO-PGAE,CA,ind,0.043848
36413,MORGAN HILL 1,37.2472,-121.572,CISO-PGAE,CA,rail,0.000827
36413,MORGAN HILL 1,37.2472,-121.572,CISO-PGAE,CA,road,0.004947
36414,MORGAN HILL 2,37.2718,-121.687,CISO-PGAE,CA,bldg,0.120545
36414,MORGAN HILL 2,37.2718,-121.687,CISO-PGAE,CA,ind,0.043848
36414,MORGAN HILL 2,37.2718,-121.687,CISO-PGAE,CA,rail,0.000827
36414,MORGAN HILL 2,37.2718,-121.687,CISO-PGAE,CA,road,0.004947
36415,DISCOVERY BAY,37.9058,-121.597,CISO-PGAE,CA,bldg,0.070911
36415,DISCOVERY BAY,37.9058,-121.597,CISO-PGAE,CA,ind,0.025793
36415,DISCOVERY BAY,37.9058,-121.597,CISO-PGAE,CA,rail,0.000486
36415,DISCOVERY BAY,37.9058,-121.597,CISO-PGAE,CA,road,0.00291
36416,LIVERMORE 3,37.4626,-121.495,CISO-PGAE,CA,bldg,0.124042
36416,LIVERMORE 3,37.4626,-121.495,CISO-PGAE,CA,ind,0.04512
36416,LIVERMORE 3,37.4626,-121.495,CISO-PGAE,CA,rail,0.000851
36416,LIVERMORE 3,37.4626,-121.495,CISO-PGAE,CA,road,0.00509
36417,LIVERMORE 4,37.5535,-121.485,CISO-PGAE,CA,bldg,0.124042
36417,LIVERMORE 4,37.5535,-121.485,CISO-PGAE,CA,ind,0.04512
36417,LIVERMORE 4,37.5535,-121.485,CISO-PGAE,CA,rail,0.000851
36417,LIVERMORE 4,37.5535,-121.485,CISO-PGAE,CA,road,0.00509
36418,GILROY 1,37.0895,-121.528,CISO-PGAE,CA,bldg,0.151666
36418,GILROY 1,37.0895,-121.528,CISO-PGAE,CA,ind,0.055168
36418,GILROY 1,37.0895,-121.528,CISO-PGAE,CA,rail,0.001041
36418,GILROY 1,37.0895,-121.528,CISO-PGAE,CA,road,0.006224
36419,GILROY 2,37.0264,-121.525,CISO-PGAE,CA,bldg,0.151666
36419,GILROY 2,37.0264,-121.525,CISO-PGAE,CA,ind,0.055168
36419,GILROY 2,37.0264,-121.525,CISO-PGAE,CA,rail,0.001041
36419,GILROY 2,37.0264,-121.525,CISO-PGAE,CA,road,0.006224
36420,TRACY 2,37.6598,-121.454,CISO-PGAE,CA,bldg,0.081725
36420,TRACY 2,37.6598,-121.454,CISO-PGAE,CA,ind,0.029727
36420,TRACY 2,37.6598,-121.454,CISO-PGAE,CA,rail,0.000561
36420,TRACY 2,37.6598,-121.454,CISO-PGAE,CA,road,0.003354
36421,TRACY 3,37.7452,-121.608,CISO-PGAE,CA,bldg,0.081725
36421,TRACY 3,37.7452,-121.608,CISO-PGAE,CA,ind,0.029727
36421,TRACY 3,37.7452,-121.608,CISO-PGAE,CA,rail,0.000561
36421,TRACY 3,37.7452,-121.608,CISO-PGAE,CA,road,0.003354
36422,STOCKTON 1,38.0766,-121.482,CISO-PGAE,CA,bldg,0.073761
36422,STOCKTON 1,38.0766,-121.482,CISO-PGAE,CA,ind,0.02683
36422,STOCKTON 1,38.0766,-121.482,CISO-PGAE,CA,rail,0.000506
36422,STOCKTON 1,38.0766,-121.482,CISO-PGAE,CA,road,0.003027
36423,STOCKTON 2,38.0725,-121.534,CISO-PGAE,CA,bldg,0.073761
36423,STOCKTON 2,38.0725,-121.534,CISO-PGAE,CA,ind,0.02683
36423,STOCKTON 2,38.0725,-121.534,CISO-PGAE,CA,rail,0.000506
36423,STOCKTON 2,38.0725,-121.534,CISO-PGAE,CA,road,0.003027
36432,GILROY 3,37.0001,-121.537,CISO-PGAE,CA,phase1,0.103634
36461,PACIFIC GROVE,36.6363,-121.937,CISO-PGAE,CA,bldg,0.103471
36461,PACIFIC GROVE,36.6363,-121.937,CISO-PGAE,CA,ind,0.037637
36461,PACIFIC GROVE,36.6363,-121.937,CISO-PGAE,CA,rail,0.00071
36461,PACIFIC GROVE,36.6363,-121.937,CISO-PGAE,CA,road,0.004246
36462,CARMEL,36.4807,-121.828,CISO-PGAE,CA,bldg,0.081225
36462,CARMEL,36.4807,-121.828,CISO-PGAE,CA,ind,0.029545
36462,CARMEL,36.4807,-121.828,CISO-PGAE,CA,rail,0.000557
36462,CARMEL,36.4807,-121.828,CISO-PGAE,CA,road,0.003333
36463,MONTEREY,36.53,-121.826,CISO-PGAE,CA,bldg,0.083606
36463,MONTEREY,36.53,-121.826,CISO-PGAE,CA,ind,0.030411
36463,MONTEREY,36.53,-121.826,CISO-PGAE,CA,rail,0.000574
36463,MONTEREY,36.53,-121.826,CISO-PGAE,CA,road,0.003431
36464,SEASIDE 2,36.5536,-121.785,CISO-PGAE,CA,bldg,0.171855
36464,SEASIDE 2,36.5536,-121.785,CISO-PGAE,CA,ind,0.062511
36464,SEASIDE 2,36.5536,-121.785,CISO-PGAE,CA,rail,0.001179
36464,SEASIDE 2,36.5536,-121.785,CISO-PGAE,CA,road,0.007052
36465,SEASIDE 3,36.6846,-121.736,CISO-PGAE,CA,bldg,0.08822
36465,SEASIDE 3,36.6846,-121.736,CISO-PGAE,CA,ind,0.032089
36465,SEASIDE 3,36.6846,-121.736,CISO-PGAE,CA,rail,0.000605
36465,SEASIDE 3,36.6846,-121.736,CISO-PGAE,CA,road,0.00362
36466,MARINA,36.749,-121.769,CISO-PGAE,CA,bldg,0.118517
36466,MARINA,36.749,-121.769,CISO-PGAE,CA,ind,0.04311
36466,MARINA,36.749,-121.769,CISO-PGAE,CA,rail,0.000813
36466,MARINA,36.749,-121.769,CISO-PGAE,CA,road,0.004863
36467,WATSONVILLE 1,36.8961,-121.692,CISO-PGAE,CA,bldg,0.145407
36467,WATSONVILLE 1,36.8961,-121.692,CISO-PGAE,CA,ind,0.052891
36467,WATSONVILLE 1,36.8961,-121.692,CISO-PGAE,CA,rail,0.000998
36467,WATSONVILLE 1,36.8961,-121.692,CISO-PGAE,CA,road,0.005967
36468,WATSONVILLE 2,37.0299,-121.692,CISO-PGAE,CA,bldg,0.145407
36468,WATSONVILLE 2,37.0299,-121.692,CISO-PGAE,CA,ind,0.052891
36468,WATSONVILLE 2,37.0299,-121.692,CISO-PGAE,CA,rail,0.000998
36468,WATSONVILLE 2,37.0299,-121.692,CISO-PGAE,CA,road,0.005967
36469,WATSONVILLE 3,36.9295,-121.748,CISO-PGAE,CA,bldg,0.152694
36469,WATSONVILLE 3,36.9295,-121.748,CISO-PGAE,CA,ind,0.055541
36469,WATSONVILLE 3,36.9295,-121.748,CISO-PGAE,CA,rail,0.001048
36469,WATSONVILLE 3,36.9295,-121.748,CISO-PGAE,CA,road,0.006266
36470,SALINAS 1,36.7674,-121.658,CISO-PGAE,CA,bldg,0.183903
36470,SALINAS 1,36.7674,-121.658,CISO-PGAE,CA,ind,0.066893
36470,SALINAS 1,36.7674,-121.658,CISO-PGAE,CA,rail,0.001262
36470,SALINAS 1,36.7674,-121.658,CISO-PGAE,CA,road,0.007546
36471,CARMEL VALLEY,36.3605,-121.586,CISO-PGAE,CA,bldg,0.040466
36471,CARMEL VALLEY,36.3605,-121.586,CISO-PGAE,CA,ind,0.014719
36471,CARMEL VALLEY,36.3605,-121.586,CISO-PGAE,CA,rail,0.000278
36471,CARMEL VALLEY,36.3605,-121.586,CISO-PGAE,CA,road,0.001661
36472,SALINAS 2,36.7599,-121.584,CISO-PGAE,CA,bldg,0.177997
36472,SALINAS 2,36.7599,-121.584,CISO-PGAE,CA,ind,0.064745
36472,SALINAS 2,36.7599,-121.584,CISO-PGAE,CA,rail,0.001221
36472,SALINAS 2,36.7599,-121.584,CISO-PGAE,CA,road,0.007304
36473,SALINAS 3,36.7165,-121.675,CISO-PGAE,CA,bldg,0.157249
36473,SALINAS 3,36.7165,-121.675,CISO-PGAE,CA,ind,0.057199
36473,SALINAS 3,36.7165,-121.675,CISO-PGAE,CA,rail,0.001079
36473,SALINAS 3,36.7165,-121.675,CISO-PGAE,CA,road,0.006453
36474,SALINAS 4,36.6483,-121.526,CISO-PGAE,CA,bldg,0.071058
36474,SALINAS 4,36.6483,-121.526,CISO-PGAE,CA,ind,0.025847
36474,SALINAS 4,36.6483,-121.526,CISO-PGAE,CA,rail,0.000487
36474,SALINAS 4,36.6483,-121.526,CISO-PGAE,CA,road,0.002916
36475,SALINAS 5,36.6851,-121.677,CISO-PGAE,CA,bldg,0.287198
36475,SALINAS 5,36.6851,-121.677,CISO-PGAE,CA,ind,0.104467
36475,SALINAS 5,36.6851,-121.677,CISO-PGAE,CA,rail,0.00197
36475,SALINAS 5,36.6851,-121.677,CISO-PGAE,CA,road,0.011785
36476,SALINAS 6,36.6784,-121.577,CISO-PGAE,CA,bldg,0.165125
36476,SALINAS 6,36.6784,-121.577,CISO-PGAE,CA,ind,0.060064
36476,SALINAS 6,36.6784,-121.577,CISO-PGAE,CA,rail,0.001133
36476,SALINAS 6,36.6784,-121.577,CISO-PGAE,CA,road,0.006776
36477,TRACY 5,37.751,-121.345,CISO-PGAE,CA,bldg,0.131859
36477,TRACY 5,37.751,-121.345,CISO-PGAE,CA,ind,0.047963
36477,TRACY 5,37.751,-121.345,CISO-PGAE,CA,rail,0.000905
36477,TRACY 5,37.751,-121.345,CISO-PGAE,CA,road,0.005411
36478,TRACY 6,37.7017,-121.358,CISO-PGAE,CA,bldg,0.131859
36478,TRACY 6,37.7017,-121.358,CISO-PGAE,CA,ind,0.047963
36478,TRACY 6,37.7017,-121.358,CISO-PGAE,CA,rail,0.000905
36478,TRACY 6,37.7017,-121.358,CISO-PGAE,CA,road,0.005411
36479,STOCKTON 3,38.0104,-121.513,CISO-PGAE,CA,bldg,0.172296
36479,STOCKTON 3,38.0104,-121.513,CISO-PGAE,CA,ind,0.062672
36479,STOCKTON 3,38.0104,-121.513,CISO-PGAE,CA,rail,0.001182
36479,STOCKTON 3,38.0104,-121.513,CISO-PGAE,CA,road,0.00707
36480,STOCKTON 4,37.8948,-121.465,CISO-PGAE,CA,bldg,0.171914
36480,STOCKTON 4,37.8948,-121.465,CISO-PGAE,CA,ind,0.062532
36480,STOCKTON 4,37.8948,-121.465,CISO-PGAE,CA,rail,0.001179
36480,STOCKTON 4,37.8948,-121.465,CISO-PGAE,CA,road,0.007054
36481,TRACY 7,37.7656,-121.39,CISO-PGAE,CA,bldg,0.083077
36481,TRACY 7,37.7656,-121.39,CISO-PGAE,CA,ind,0.030218
36481,TRACY 7,37.7656,-121.39,CISO-PGAE,CA,rail,0.00057
36481,TRACY 7,37.7656,-121.39,CISO-PGAE,CA,road,0.003409
36482,GREENFIELD,36.2857,-121.351,CISO-PGAE,CA,bldg,0.092804
36482,GREENFIELD,36.2857,-121.351,CISO-PGAE,CA,ind,0.033756
36482,GREENFIELD,36.2857,-121.351,CISO-PGAE,CA,rail,0.000637
36482,GREENFIELD,36.2857,-121.351,CISO-PGAE,CA,road,0.003808
36483,LODI 1,38.0833,-121.432,CISO-PGAE,CA,bldg,0.074584
36483,LODI 1,38.0833,-121.432,CISO-PGAE,CA,ind,0.027129
36483,LODI 1,38.0833,-121.432,CISO-PGAE,CA,rail,0.000512
36483,LODI 1,38.0833,-121.432,CISO-PGAE,CA,road,0.003061
36484,STOCKTON 5,38.0939,-121.289,CISO-PGAE,CA,bldg,0.17159
36484,STOCKTON 5,38.0939,-121.289,CISO-PGAE,CA,ind,0.062415
36484,STOCKTON 5,38.0939,-121.289,CISO-PGAE,CA,rail,0.001177
36484,STOCKTON 5,38.0939,-121.289,CISO-PGAE,CA,road,0.007041
36485,HOLLISTER 1,36.9,-121.392,CISO-PGAE,CA,bldg,0.130919
36485,HOLLISTER 1,36.9,-121.392,CISO-PGAE,CA,ind,0.04762
36485,HOLLISTER 1,36.9,-121.392,CISO-PGAE,CA,rail,0.000898
36485,HOLLISTER 1,36.9,-121.392,CISO-PGAE,CA,road,0.005372
36486,HOLLISTER 2,36.9003,-121.423,CISO-PGAE,CA,bldg,0.150579
36486,HOLLISTER 2,36.9003,-121.423,CISO-PGAE,CA,ind,0.054772
36486,HOLLISTER 2,36.9003,-121.423,CISO-PGAE,CA,rail,0.001033
36486,HOLLISTER 2,36.9003,-121.423,CISO-PGAE,CA,road,0.006179
36487,SOLEDAD 1,36.4644,-121.244,CISO-PGAE,CA,bldg,0.080461
36487,SOLEDAD 1,36.4644,-121.244,CISO-PGAE,CA,ind,0.029267
36487,SOLEDAD 1,36.4644,-121.244,CISO-PGAE,CA,rail,0.000552
36487,SOLEDAD 1,36.4644,-121.244,CISO-PGAE,CA,road,0.003302
36488,SOLEDAD 2,36.4459,-121.421,CISO-PGAE,CA,bldg,0.117783
36488,SOLEDAD 2,36.4459,-121.421,CISO-PGAE,CA,ind,0.042843
36488,SOLEDAD 2,36.4459,-121.421,CISO-PGAE,CA,rail,0.000808
36488,SOLEDAD 2,36.4459,-121.421,CISO-PGAE,CA,road,0.004833
36489,STOCKTON 6,37.8876,-121.371,CISO-PGAE,CA,bldg,0.083018
36489,STOCKTON 6,37.8876,-121.371,CISO-PGAE,CA,ind,0.030198
36489,STOCKTON 6,37.8876,-121.371,CISO-PGAE,CA,rail,0.00057
36489,STOCKTON 6,37.8876,-121.371,CISO-PGAE,CA,road,0.003407
36490,STOCKTON 7,38.058,-121.299,CISO-PGAE,CA,bldg,0.126863
36490,STOCKTON 7,38.058,-121.299,CISO-PGAE,CA,ind,0.046146
36490,STOCKTON 7,38.058,-121.299,CISO-PGAE,CA,rail,0.00087
36490,STOCKTON 7,38.058,-121.299,CISO-PGAE,CA,road,0.005206
36491,STOCKTON 8,38.032,-121.25,CISO-PGAE,CA,bldg,0.126863
36491,STOCKTON 8,38.032,-121.25,CISO-PGAE,CA,ind,0.046146
36491,STOCKTON 8,38.032,-121.25,CISO-PGAE,CA,rail,0.00087
36491,STOCKTON 8,38.032,-121.25,CISO-PGAE,CA,road,0.005206
36492,STOCKTON 9,38.0197,-121.374,CISO-PGAE,CA,bldg,0.073497
36492,STOCKTON 9,38.0197,-121.374,CISO-PGAE,CA,ind,0.026734
36492,STOCKTON 9,38.0197,-121.374,CISO-PGAE,CA,rail,0.000504
36492,STOCKTON 9,38.0197,-121.374,CISO-PGAE,CA,road,0.003016
36493,STOCKTON 10,37.9741,-121.389,CISO-PGAE,CA,bldg,0.081666
36493,STOCKTON 10,37.9741,-121.389,CISO-PGAE,CA,ind,0.029705
36493,STOCKTON 10,37.9741,-121.389,CISO-PGAE,CA,rail,0.00056
36493,STOCKTON 10,37.9741,-121.389,CISO-PGAE,CA,road,0.003351
36494,LATHROP 1,37.7662,-121.231,CISO-PGAE,CA,bldg,0.09445
36494,LATHROP 1,37.7662,-121.231,CISO-PGAE,CA,ind,0.034355
36494,LATHROP 1,37.7662,-121.231,CISO-PGAE,CA,rail,0.000648
36494,LATHROP 1,37.7662,-121.231,CISO-PGAE,CA,road,0.003876
36495,STOCKTON 11,37.9712,-121.242,CISO-PGAE,CA,bldg,0.203857
36495,STOCKTON 11,37.9712,-121.242,CISO-PGAE,CA,ind,0.074152
36495,STOCKTON 11,37.9712,-121.242,CISO-PGAE,CA,rail,0.001399
36495,STOCKTON 11,37.9712,-121.242,CISO-PGAE,CA,road,0.008365
36496,STOCKTON 12,37.9612,-121.287,CISO-PGAE,CA,bldg,0.103177
36496,STOCKTON 12,37.9612,-121.287,CISO-PGAE,CA,ind,0.03753
36496,STOCKTON 12,37.9612,-121.287,CISO-PGAE,CA,rail,0.000708
36496,STOCKTON 12,37.9612,-121.287,CISO-PGAE,CA,road,0.004234
36497,MANTECA 1,37.7075,-121.239,BANC,CA,bldg,0.12731
36497,MANTECA 1,37.7075,-121.239,BANC,CA,ind,0.024393
36497,MANTECA 1,37.7075,-121.239,BANC,CA,rail,0.000232
36497,MANTECA 1,37.7075,-121.239,BANC,CA,road,0.002754
36498,MANTECA 2,37.7304,-121.21,BANC,CA,bldg,0.12731
36498,MANTECA 2,37.7304,-121.21,BANC,CA,ind,0.024393
36498,MANTECA 2,37.7304,-121.21,BANC,CA,rail,0.000232
36498,MANTECA 2,37.7304,-121.21,BANC,CA,road,0.002754
36499,ACAMPO,38.1713,-121.285,CISO-PGAE,CA,bldg,0.076465
36499,ACAMPO,38.1713,-121.285,CISO-PGAE,CA,ind,0.027814
36499,ACAMPO,38.1713,-121.285,CISO-PGAE,CA,rail,0.000525
36499,ACAMPO,38.1713,-121.285,CISO-PGAE,CA,road,0.003138
36500,STOCKTON 13,38.0753,-121.238,CISO-PGAE,CA,bldg,0.133505
36500,STOCKTON 13,38.0753,-121.238,CISO-PGAE,CA,ind,0.048562
36500,STOCKTON 13,38.0753,-121.238,CISO-PGAE,CA,rail,0.000916
36500,STOCKTON 13,38.0753,-121.238,CISO-PGAE,CA,road,0.005478
36501,PATTERSON 1,37.5099,-121.182,TIDC,CA,bldg,0.071606
36501,PATTERSON 1,37.5099,-121.182,TIDC,CA,ind,0.02626
36501,PATTERSON 1,37.5099,-121.182,TIDC,CA,road,0.001063
36502,PATTERSON 2,37.3842,-121.23,TIDC,CA,bldg,0.073292
36502,PATTERSON 2,37.3842,-121.23,TIDC,CA,ind,0.026879
36502,PATTERSON 2,37.3842,-121.23,TIDC,CA,road,0.001088
36503,MANTECA 3,37.8343,-121.181,CISO-PGAE,CA,bldg,0.112875
36503,MANTECA 3,37.8343,-121.181,CISO-PGAE,CA,ind,0.041058
36503,MANTECA 3,37.8343,-121.181,CISO-PGAE,CA,rail,0.000774
36503,MANTECA 3,37.8343,-121.181,CISO-PGAE,CA,road,0.004632
36504,MANTECA 4,37.9052,-121.158,CISO-PGAE,CA,bldg,0.213555
36504,MANTECA 4,37.9052,-121.158,CISO-PGAE,CA,ind,0.07768
36504,MANTECA 4,37.9052,-121.158,CISO-PGAE,CA,rail,0.001465
36504,MANTECA 4,37.9052,-121.158,CISO-PGAE,CA,road,0.008763
36505,NEWMAN,37.2402,-121.12,CISO-PGAE,CA,bldg,0.061948
36505,NEWMAN,37.2402,-121.12,CISO-PGAE,CA,ind,0.022534
36505,NEWMAN,37.2402,-121.12,CISO-PGAE,CA,rail,0.000425
36505,NEWMAN,37.2402,-121.12,CISO-PGAE,CA,road,0.002542
36506,STOCKTON 14,38.0016,-121.178,CISO-PGAE,CA,bldg,0.145171
36506,STOCKTON 14,38.0016,-121.178,CISO-PGAE,CA,ind,0.052805
36506,STOCKTON 14,38.0016,-121.178,CISO-PGAE,CA,rail,0.000996
36506,STOCKTON 14,38.0016,-121.178,CISO-PGAE,CA,road,0.005957
36507,LODI 2,38.2028,-121.079,CISO-PGAE,CA,bldg,0.124748
36507,LODI 2,38.2028,-121.079,CISO-PGAE,CA,ind,0.045376
36507,LODI 2,38.2028,-121.079,CISO-PGAE,CA,rail,0.000856
36507,LODI 2,38.2028,-121.079,CISO-PGAE,CA,road,0.005119
36508,LODI 3,38.0958,-121.194,CISO-PGAE,CA,bldg,0.124748
36508,LODI 3,38.0958,-121.194,CISO-PGAE,CA,ind,0.045376
36508,LODI 3,38.0958,-121.194,CISO-PGAE,CA,rail,0.000856
36508,LODI 3,38.0958,-121.194,CISO-PGAE,CA,road,0.005119
36509,RIPON 1,37.6637,-121.061,BANC,CA,bldg,0.133765
36509,RIPON 1,37.6637,-121.061,BANC,CA,ind,0.02563
36509,RIPON 1,37.6637,-121.061,BANC,CA,rail,0.000244
36509,RIPON 1,37.6637,-121.061,BANC,CA,road,0.002894
36510,MODESTO 1,37.566,-121.051,TIDC,CA,bldg,0.082857
36510,MODESTO 1,37.566,-121.051,TIDC,CA,ind,0.030387
36510,MODESTO 1,37.566,-121.051,TIDC,CA,road,0.00123
36511,MODESTO 2,37.5942,-121.012,TIDC,CA,bldg,0.082857
36511,MODESTO 2,37.5942,-121.012,TIDC,CA,ind,0.030387
36511,MODESTO 2,37.5942,-121.012,TIDC,CA,road,0.00123
36512,MODESTO 3,37.6722,-120.939,BANC,CA,bldg,0.227186
36512,MODESTO 3,37.6722,-120.939,BANC,CA,ind,0.043529
36512,MODESTO 3,37.6722,-120.939,BANC,CA,phase1,0.127491
36512,MODESTO 3,37.6722,-120.939,BANC,CA,rail,0.000414
36512,MODESTO 3,37.6722,-120.939,BANC,CA,road,0.004915
36513,KING CITY 1,36.1709,-120.982,CISO-PGAE,CA,bldg,0.085516
36513,KING CITY 1,36.1709,-120.982,CISO-PGAE,CA,ind,0.031106
36513,KING CITY 1,36.1709,-120.982,CISO-PGAE,CA,rail,0.000587
36513,KING CITY 1,36.1709,-120.982,CISO-PGAE,CA,road,0.003509
36514,MODESTO 4,37.6933,-121.106,BANC,CA,bldg,0.205938
36514,MODESTO 4,37.6933,-121.106,BANC,CA,ind,0.039457
36514,MODESTO 4,37.6933,-121.106,BANC,CA,rail,0.000376
36514,MODESTO 4,37.6933,-121.106,BANC,CA,road,0.004455
36515,MODESTO 5,37.7633,-121.064,BANC,CA,bldg,0.31581
36515,MODESTO 5,37.7633,-121.064,BANC,CA,ind,0.060509
36515,MODESTO 5,37.7633,-121.064,BANC,CA,rail,0.000576
36515,MODESTO 5,37.7633,-121.064,BANC,CA,road,0.006832
36516,ESCALON,37.8722,-121.043,BANC,CA,bldg,0.103417
36516,ESCALON,37.8722,-121.043,BANC,CA,ind,0.019815
36516,ESCALON,37.8722,-121.043,BANC,CA,rail,0.000189
36516,ESCALON,37.8722,-121.043,BANC,CA,road,0.002237
36517,MODESTO 6,37.6809,-120.969,BANC,CA,bldg,0.187424
36517,MODESTO 6,37.6809,-120.969,BANC,CA,ind,0.03591
36517,MODESTO 6,37.6809,-120.969,BANC,CA,rail,0.000342
36517,MODESTO 6,37.6809,-120.969,BANC,CA,road,0.004055
36518,MODESTO 7,37.5601,-120.971,TIDC,CA,bldg,0.121553
36518,MODESTO 7,37.5601,-120.971,TIDC,CA,ind,0.044578
36518,MODESTO 7,37.5601,-120.971,TIDC,CA,road,0.001804
36519,IONE 3,38.2699,-120.933,CISO-PGAE,CA,bldg,0.065474
36519,IONE 3,38.2699,-120.933,CISO-PGAE,CA,ind,0.023816
36519,IONE 3,38.2699,-120.933,CISO-PGAE,CA,rail,0.000449
36519,IONE 3,38.2699,-120.933,CISO-PGAE,CA,road,0.002687
36520,CERES 1,37.5671,-120.903,TIDC,CA,bldg,0.111872
36520,CERES 1,37.5671,-120.903,TIDC,CA,ind,0.041027
36520,CERES 1,37.5671,-120.903,TIDC,CA,phase1,0.019109
36520,CERES 1,37.5671,-120.903,TIDC,CA,road,0.001661
36521,CERES 2,37.5294,-120.901,TIDC,CA,bldg,0.132775
36521,CERES 2,37.5294,-120.901,TIDC,CA,ind,0.048693
36521,CERES 2,37.5294,-120.901,TIDC,CA,road,0.001971
36522,MODESTO 8,37.6103,-120.916,TIDC,CA,bldg,0.213074
36522,MODESTO 8,37.6103,-120.916,TIDC,CA,ind,0.078142
36522,MODESTO 8,37.6103,-120.916,TIDC,CA,road,0.003163
36523,MODESTO 9,37.6335,-121.029,BANC,CA,bldg,0.337686
36523,MODESTO 9,37.6335,-121.029,BANC,CA,ind,0.0647
36523,MODESTO 9,37.6335,-121.029,BANC,CA,rail,0.000616
36523,MODESTO 9,37.6335,-121.029,BANC,CA,road,0.007305
36524,RIVERBANK,37.6311,-120.89,BANC,CA,bldg,0.186976
36524,RIVERBANK,37.6311,-120.89,BANC,CA,ind,0.035824
36524,RIVERBANK,37.6311,-120.89,BANC,CA,rail,0.000341
36524,RIVERBANK,37.6311,-120.89,BANC,CA,road,0.004045
36525,HILMAR,37.3453,-120.963,CISO-PGAE,CA,bldg,0.038732
36525,HILMAR,37.3453,-120.963,CISO-PGAE,CA,ind,0.014088
36525,HILMAR,37.3453,-120.963,CISO-PGAE,CA,rail,0.000266
36525,HILMAR,37.3453,-120.963,CISO-PGAE,CA,road,0.001589
36526,TURLOCK 1,37.5564,-120.879,TIDC,CA,bldg,0.107801
36526,TURLOCK 1,37.5564,-120.879,TIDC,CA,ind,0.039535
36526,TURLOCK 1,37.5564,-120.879,TIDC,CA,road,0.0016
36527,HUGHSON,37.5839,-120.786,TIDC,CA,bldg,0.059279
36527,HUGHSON,37.5839,-120.786,TIDC,CA,ind,0.02174
36527,HUGHSON,37.5839,-120.786,TIDC,CA,road,0.00088
36528,TURLOCK 2,37.4514,-120.841,TIDC,CA,bldg,0.094661
36528,TURLOCK 2,37.4514,-120.841,TIDC,CA,ind,0.034716
36528,TURLOCK 2,37.4514,-120.841,TIDC,CA,phase1,0.148913
36528,TURLOCK 2,37.4514,-120.841,TIDC,CA,road,0.001405
36529,TURLOCK 3,37.5233,-120.794,TIDC,CA,bldg,0.094661
36529,TURLOCK 3,37.5233,-120.794,TIDC,CA,ind,0.034716
36529,TURLOCK 3,37.5233,-120.794,TIDC,CA,road,0.001405
36530,VALLEY SPRINGS,38.1786,-120.862,CISO-PGAE,CA,bldg,0.081079
36530,VALLEY SPRINGS,38.1786,-120.862,CISO-PGAE,CA,ind,0.029491
36530,VALLEY SPRINGS,38.1786,-120.862,CISO-PGAE,CA,rail,0.000556
36530,VALLEY SPRINGS,38.1786,-120.862,CISO-PGAE,CA,road,0.003327
36531,LOS BANOS 1,37.0689,-120.831,CISO-PGAE,CA,bldg,0.10256
36531,LOS BANOS 1,37.0689,-120.831,CISO-PGAE,CA,ind,0.037306
36531,LOS BANOS 1,37.0689,-120.831,CISO-PGAE,CA,phase1,0.46219
36531,LOS BANOS 1,37.0689,-120.831,CISO-PGAE,CA,rail,0.000704
36531,LOS BANOS 1,37.0689,-120.831,CISO-PGAE,CA,road,0.004209
36532,LOS BANOS 2,37.1334,-120.846,CISO-PGAE,CA,bldg,0.113287
36532,LOS BANOS 2,37.1334,-120.846,CISO-PGAE,CA,ind,0.041208
36532,LOS BANOS 2,37.1334,-120.846,CISO-PGAE,CA,phase1,0.117176
36532,LOS BANOS 2,37.1334,-120.846,CISO-PGAE,CA,rail,0.000777
36532,LOS BANOS 2,37.1334,-120.846,CISO-PGAE,CA,road,0.004649
36533,DELHI,37.433,-120.756,TIDC,CA,bldg,0.068117
36533,DELHI,37.433,-120.756,TIDC,CA,ind,0.024981
36533,DELHI,37.433,-120.756,TIDC,CA,phase1,0.128048
36533,DELHI,37.433,-120.756,TIDC,CA,road,0.001011
36534,JACKSON 1,38.3929,-120.798,CISO-PGAE,CA,bldg,0.081843
36534,JACKSON 1,38.3929,-120.798,CISO-PGAE,CA,ind,0.02977
36534,JACKSON 1,38.3929,-120.798,CISO-PGAE,CA,rail,0.000561
36534,JACKSON 1,38.3929,-120.798,CISO-PGAE,CA,road,0.003358
36535,OAKDALE 1,37.7101,-120.672,BANC,CA,bldg,0.270444
36535,OAKDALE 1,37.7101,-120.672,BANC,CA,ind,0.051817
36535,OAKDALE 1,37.7101,-120.672,BANC,CA,rail,0.000493
36535,OAKDALE 1,37.7101,-120.672,BANC,CA,road,0.005851
36536,OAKDALE 2,37.871,-120.77,BANC,CA,bldg,0.159631
36536,OAKDALE 2,37.871,-120.77,BANC,CA,ind,0.030585
36536,OAKDALE 2,37.871,-120.77,BANC,CA,rail,0.000291
36536,OAKDALE 2,37.871,-120.77,BANC,CA,road,0.003453
36537,LIVINGSTON 1,37.3505,-120.693,TIDC,CA,bldg,0.082305
36537,LIVINGSTON 1,37.3505,-120.693,TIDC,CA,ind,0.030184
36537,LIVINGSTON 1,37.3505,-120.693,TIDC,CA,phase1,0.109806
36537,LIVINGSTON 1,37.3505,-120.693,TIDC,CA,road,0.001222
36538,ATWATER 1,37.4153,-120.583,TIDC,CA,bldg,0.101783
36538,ATWATER 1,37.4153,-120.583,TIDC,CA,ind,0.037327
36538,ATWATER 1,37.4153,-120.583,TIDC,CA,road,0.001511
36539,ATWATER 2,37.3318,-120.575,TIDC,CA,bldg,0.177605
36539,ATWATER 2,37.3318,-120.575,TIDC,CA,ind,0.065134
36539,ATWATER 2,37.3318,-120.575,TIDC,CA,road,0.002636
36540,ANGELS CAMP,38.1256,-120.682,CISO-PGAE,CA,bldg,0.04937
36540,ANGELS CAMP,38.1256,-120.682,CISO-PGAE,CA,ind,0.017958
36540,ANGELS CAMP,38.1256,-120.682,CISO-PGAE,CA,rail,0.000339
36540,ANGELS CAMP,38.1256,-120.682,CISO-PGAE,CA,road,0.002026
36541,DOS PALOS,37.102,-120.644,CISO-PGAE,CA,bldg,0.05754
36541,DOS PALOS,37.102,-120.644,CISO-PGAE,CA,ind,0.02093
36541,DOS PALOS,37.102,-120.644,CISO-PGAE,CA,rail,0.000395
36541,DOS PALOS,37.102,-120.644,CISO-PGAE,CA,road,0.002361
36542,WINTON,37.479,-120.488,CISO-PGAE,CA,bldg,0.075407
36542,WINTON,37.479,-120.488,CISO-PGAE,CA,ind,0.027428
36542,WINTON,37.479,-120.488,CISO-PGAE,CA,rail,0.000517
36542,WINTON,37.479,-120.488,CISO-PGAE,CA,road,0.003094
36543,FIREBAUGH 1,36.8692,-120.575,CISO-PGAE,CA,bldg,0.050692
36543,FIREBAUGH 1,36.8692,-120.575,CISO-PGAE,CA,ind,0.018439
36543,FIREBAUGH 1,36.8692,-120.575,CISO-PGAE,CA,phase1,0.056515
36543,FIREBAUGH 1,36.8692,-120.575,CISO-PGAE,CA,rail,0.000348
36543,FIREBAUGH 1,36.8692,-120.575,CISO-PGAE,CA,road,0.00208
36544,MERCED 1,37.216,-120.488,CISO-PGAE,CA,bldg,0.087191
36544,MERCED 1,37.216,-120.488,CISO-PGAE,CA,ind,0.031715
36544,MERCED 1,37.216,-120.488,CISO-PGAE,CA,rail,0.000598
36544,MERCED 1,37.216,-120.488,CISO-PGAE,CA,road,0.003578
36545,MERCED 2,37.147,-120.52,CISO-PGAE,CA,bldg,0.087191
36545,MERCED 2,37.147,-120.52,CISO-PGAE,CA,ind,0.031715
36545,MERCED 2,37.147,-120.52,CISO-PGAE,CA,rail,0.000598
36545,MERCED 2,37.147,-120.52,CISO-PGAE,CA,road,0.003578
36546,MERCED 3,37.4214,-120.542,CISO-PGAE,CA,bldg,0.081461
36546,MERCED 3,37.4214,-120.542,CISO-PGAE,CA,ind,0.029631
36546,MERCED 3,37.4214,-120.542,CISO-PGAE,CA,rail,0.000559
36546,MERCED 3,37.4214,-120.542,CISO-PGAE,CA,road,0.003343
36547,JAMESTOWN,37.931,-120.381,CISO-PGAE,CA,bldg,0.051868
36547,JAMESTOWN,37.931,-120.381,CISO-PGAE,CA,ind,0.018866
36547,JAMESTOWN,37.931,-120.381,CISO-PGAE,CA,rail,0.000356
36547,JAMESTOWN,37.931,-120.381,CISO-PGAE,CA,road,0.002128
36548,MENDOTA 1,36.6599,-120.349,CISO-PGAE,CA,bldg,0.062829
36548,MENDOTA 1,36.6599,-120.349,CISO-PGAE,CA,ind,0.022854
36548,MENDOTA 1,36.6599,-120.349,CISO-PGAE,CA,rail,0.000431
36548,MENDOTA 1,36.6599,-120.349,CISO-PGAE,CA,road,0.002578
36549,COALINGA 1,36.1514,-120.446,CISO-PGAE,CA,bldg,0.103177
36549,COALINGA 1,36.1514,-120.446,CISO-PGAE,CA,ind,0.03753
36549,COALINGA 1,36.1514,-120.446,CISO-PGAE,CA,rail,0.000708
36549,COALINGA 1,36.1514,-120.446,CISO-PGAE,CA,road,0.004234
36550,MERCED 4,37.3627,-120.442,CISO-PGAE,CA,bldg,0.089748
36550,MERCED 4,37.3627,-120.442,CISO-PGAE,CA,ind,0.032645
36550,MERCED 4,37.3627,-120.442,CISO-PGAE,CA,rail,0.000616
36550,MERCED 4,37.3627,-120.442,CISO-PGAE,CA,road,0.003683
36551,MERCED 5,37.3493,-120.518,CISO-PGAE,CA,bldg,0.089748
36551,MERCED 5,37.3493,-120.518,CISO-PGAE,CA,ind,0.032645
36551,MERCED 5,37.3493,-120.518,CISO-PGAE,CA,rail,0.000616
36551,MERCED 5,37.3493,-120.518,CISO-PGAE,CA,road,0.003683
36552,PIONEER 1,38.5813,-120.328,CISO-PGAE,CA,bldg,0.034118
36552,PIONEER 1,38.5813,-120.328,CISO-PGAE,CA,ind,0.01241
36552,PIONEER 1,38.5813,-120.328,CISO-PGAE,CA,rail,0.000234
36552,PIONEER 1,38.5813,-120.328,CISO-PGAE,CA,road,0.0014
36553,SONORA 1,38.0268,-120.29,CISO-PGAE,CA,bldg,0.129449
36553,SONORA 1,38.0268,-120.29,CISO-PGAE,CA,ind,0.047087
36553,SONORA 1,38.0268,-120.29,CISO-PGAE,CA,rail,0.000888
36553,SONORA 1,38.0268,-120.29,CISO-PGAE,CA,road,0.005312
36554,SONORA 2,38.0608,-120.348,CISO-PGAE,CA,bldg,0.12272
36554,SONORA 2,38.0608,-120.348,CISO-PGAE,CA,ind,0.044639
36554,SONORA 2,38.0608,-120.348,CISO-PGAE,CA,rail,0.000842
36554,SONORA 2,38.0608,-120.348,CISO-PGAE,CA,road,0.005036
36555,PLANADA,37.3172,-120.211,CISO-PGAE,CA,bldg,0.047048
36555,PLANADA,37.3172,-120.211,CISO-PGAE,CA,ind,0.017113
36555,PLANADA,37.3172,-120.211,CISO-PGAE,CA,rail,0.000323
36555,PLANADA,37.3172,-120.211,CISO-PGAE,CA,road,0.001931
36556,CHOWCHILLA 1,37.0082,-120.304,CISO-PGAE,CA,bldg,0.12607
36556,CHOWCHILLA 1,37.0082,-120.304,CISO-PGAE,CA,ind,0.045857
36556,CHOWCHILLA 1,37.0082,-120.304,CISO-PGAE,CA,rail,0.000865
36556,CHOWCHILLA 1,37.0082,-120.304,CISO-PGAE,CA,road,0.005173
36557,MADERA 1,36.9476,-120.184,CISO-PGAE,CA,bldg,0.099827
36557,MADERA 1,36.9476,-120.184,CISO-PGAE,CA,ind,0.036312
36557,MADERA 1,36.9476,-120.184,CISO-PGAE,CA,rail,0.000685
36557,MADERA 1,36.9476,-120.184,CISO-PGAE,CA,road,0.004096
36558,MADERA 2,36.8742,-120.259,CISO-PGAE,CA,bldg,0.099827
36558,MADERA 2,36.8742,-120.259,CISO-PGAE,CA,ind,0.036312
36558,MADERA 2,36.8742,-120.259,CISO-PGAE,CA,rail,0.000685
36558,MADERA 2,36.8742,-120.259,CISO-PGAE,CA,road,0.004096
36559,KERMAN,36.7735,-120.101,CISO-PGAE,CA,bldg,0.158307
36559,KERMAN,36.7735,-120.101,CISO-PGAE,CA,ind,0.057584
36559,KERMAN,36.7735,-120.101,CISO-PGAE,CA,rail,0.001086
36559,KERMAN,36.7735,-120.101,CISO-PGAE,CA,road,0.006496
36560,AVENAL 1,35.8727,-119.978,CISO-PGAE,CA,bldg,0.082136
36560,AVENAL 1,35.8727,-119.978,CISO-PGAE,CA,ind,0.029876
36560,AVENAL 1,35.8727,-119.978,CISO-PGAE,CA,rail,0.000564
36560,AVENAL 1,35.8727,-119.978,CISO-PGAE,CA,road,0.00337
36561,MADERA 3,36.9553,-120.018,CISO-PGAE,CA,bldg,0.129773
36561,MADERA 3,36.9553,-120.018,CISO-PGAE,CA,ind,0.047204
36561,MADERA 3,36.9553,-120.018,CISO-PGAE,CA,rail,0.00089
36561,MADERA 3,36.9553,-120.018,CISO-PGAE,CA,road,0.005325
36562,MADERA 4,36.9995,-120.014,CISO-PGAE,CA,bldg,0.129773
36562,MADERA 4,36.9995,-120.014,CISO-PGAE,CA,ind,0.047204
36562,MADERA 4,36.9995,-120.014,CISO-PGAE,CA,rail,0.00089
36562,MADERA 4,36.9995,-120.014,CISO-PGAE,CA,road,0.005325
36563,MARIPOSA,37.5083,-119.926,CISO-PGAE,CA,bldg,0.073879
36563,MARIPOSA,37.5083,-119.926,CISO-PGAE,CA,ind,0.026873
36563,MARIPOSA,37.5083,-119.926,CISO-PGAE,CA,rail,0.000507
36563,MARIPOSA,37.5083,-119.926,CISO-PGAE,CA,road,0.003032
36564,RIVERDALE,36.3951,-119.853,CISO-PGAE,CA,bldg,0.079639
36564,RIVERDALE,36.3951,-119.853,CISO-PGAE,CA,ind,0.028968
36564,RIVERDALE,36.3951,-119.853,CISO-PGAE,CA,rail,0.000546
36564,RIVERDALE,36.3951,-119.853,CISO-PGAE,CA,road,0.003268
36565,FRESNO 1,36.66,-119.939,CISO-PGAE,CA,bldg,0.108673
36565,FRESNO 1,36.66,-119.939,CISO-PGAE,CA,ind,0.039529
36565,FRESNO 1,36.66,-119.939,CISO-PGAE,CA,rail,0.000746
36565,FRESNO 1,36.66,-119.939,CISO-PGAE,CA,road,0.004459
36566,FRESNO 2,36.6301,-119.96,CISO-PGAE,CA,bldg,0.108673
36566,FRESNO 2,36.6301,-119.96,CISO-PGAE,CA,ind,0.039529
36566,FRESNO 2,36.6301,-119.96,CISO-PGAE,CA,rail,0.000746
36566,FRESNO 2,36.6301,-119.96,CISO-PGAE,CA,road,0.004459
36567,FRESNO 3,36.7342,-119.859,CISO-PGAE,CA,bldg,0.134798
36567,FRESNO 3,36.7342,-119.859,CISO-PGAE,CA,ind,0.049032
36567,FRESNO 3,36.7342,-119.859,CISO-PGAE,CA,rail,0.000925
36567,FRESNO 3,36.7342,-119.859,CISO-PGAE,CA,road,0.005531
36568,FRESNO 4,36.8879,-119.922,CISO-PGAE,CA,bldg,0.134798
36568,FRESNO 4,36.8879,-119.922,CISO-PGAE,CA,ind,0.049032
36568,FRESNO 4,36.8879,-119.922,CISO-PGAE,CA,rail,0.000925
36568,FRESNO 4,36.8879,-119.922,CISO-PGAE,CA,road,0.005531
36569,FRESNO 5,36.7128,-119.813,CISO-PGAE,CA,bldg,0.220255
36569,FRESNO 5,36.7128,-119.813,CISO-PGAE,CA,ind,0.080116
36569,FRESNO 5,36.7128,-119.813,CISO-PGAE,CA,rail,0.001511
36569,FRESNO 5,36.7128,-119.813,CISO-PGAE,CA,road,0.009038
36570,MADERA 5,37.0004,-119.855,CISO-PGAE,CA,bldg,0.062976
36570,MADERA 5,37.0004,-119.855,CISO-PGAE,CA,ind,0.022907
36570,MADERA 5,37.0004,-119.855,CISO-PGAE,CA,rail,0.000432
36570,MADERA 5,37.0004,-119.855,CISO-PGAE,CA,road,0.002584
36571,FRESNO 6,36.923,-119.908,CISO-PGAE,CA,bldg,0.097153
36571,FRESNO 6,36.923,-119.908,CISO-PGAE,CA,ind,0.035339
36571,FRESNO 6,36.923,-119.908,CISO-PGAE,CA,rail,0.000667
36571,FRESNO 6,36.923,-119.908,CISO-PGAE,CA,road,0.003987
36572,FRESNO 7,36.8929,-119.747,CISO-PGAE,CA,bldg,0.194218
36572,FRESNO 7,36.8929,-119.747,CISO-PGAE,CA,ind,0.070645
36572,FRESNO 7,36.8929,-119.747,CISO-PGAE,CA,rail,0.001332
36572,FRESNO 7,36.8929,-119.747,CISO-PGAE,CA,road,0.00797
36573,LEMOORE 1,36.2039,-119.924,CISO-PGAE,CA,bldg,0.14429
36573,LEMOORE 1,36.2039,-119.924,CISO-PGAE,CA,ind,0.052484
36573,LEMOORE 1,36.2039,-119.924,CISO-PGAE,CA,rail,0.00099
36573,LEMOORE 1,36.2039,-119.924,CISO-PGAE,CA,road,0.005921
36574,LEMOORE 2,36.2092,-119.748,CISO-PGAE,CA,bldg,0.098946
36574,LEMOORE 2,36.2092,-119.748,CISO-PGAE,CA,ind,0.035991
36574,LEMOORE 2,36.2092,-119.748,CISO-PGAE,CA,rail,0.000679
36574,LEMOORE 2,36.2092,-119.748,CISO-PGAE,CA,road,0.00406
36575,FRESNO 8,36.7659,-119.895,CISO-PGAE,CA,bldg,0.097065
36575,FRESNO 8,36.7659,-119.895,CISO-PGAE,CA,ind,0.035307
36575,FRESNO 8,36.7659,-119.895,CISO-PGAE,CA,rail,0.000666
36575,FRESNO 8,36.7659,-119.895,CISO-PGAE,CA,road,0.003983
36576,FRESNO 9,36.8209,-119.837,CISO-PGAE,CA,bldg,0.071822
36576,FRESNO 9,36.8209,-119.837,CISO-PGAE,CA,ind,0.026124
36576,FRESNO 9,36.8209,-119.837,CISO-PGAE,CA,rail,0.000493
36576,FRESNO 9,36.8209,-119.837,CISO-PGAE,CA,road,0.002947
36577,FRESNO 10,36.7572,-119.834,CISO-PGAE,CA,bldg,0.156103
36577,FRESNO 10,36.7572,-119.834,CISO-PGAE,CA,ind,0.056781
36577,FRESNO 10,36.7572,-119.834,CISO-PGAE,CA,rail,0.001071
36577,FRESNO 10,36.7572,-119.834,CISO-PGAE,CA,road,0.006406
36578,FRESNO 11,36.7122,-119.749,CISO-PGAE,CA,bldg,0.107644
36578,FRESNO 11,36.7122,-119.749,CISO-PGAE,CA,ind,0.039155
36578,FRESNO 11,36.7122,-119.749,CISO-PGAE,CA,rail,0.000739
36578,FRESNO 11,36.7122,-119.749,CISO-PGAE,CA,road,0.004417
36579,FRESNO 12,36.7383,-119.788,CISO-PGAE,CA,bldg,0.144466
36579,FRESNO 12,36.7383,-119.788,CISO-PGAE,CA,ind,0.052548
36579,FRESNO 12,36.7383,-119.788,CISO-PGAE,CA,phase1,0.063768
36579,FRESNO 12,36.7383,-119.788,CISO-PGAE,CA,rail,0.000991
36579,FRESNO 12,36.7383,-119.788,CISO-PGAE,CA,road,0.005928
36580,FRESNO 13,36.8076,-119.749,CISO-PGAE,CA,bldg,0.119517
36580,FRESNO 13,36.8076,-119.749,CISO-PGAE,CA,ind,0.043473
36580,FRESNO 13,36.8076,-119.749,CISO-PGAE,CA,rail,0.00082
36580,FRESNO 13,36.8076,-119.749,CISO-PGAE,CA,road,0.004904
36581,FRESNO 14,36.825,-119.759,CISO-PGAE,CA,bldg,0.185784
36581,FRESNO 14,36.825,-119.759,CISO-PGAE,CA,ind,0.067578
36581,FRESNO 14,36.825,-119.759,CISO-PGAE,CA,rail,0.001275
36581,FRESNO 14,36.825,-119.759,CISO-PGAE,CA,road,0.007624
36582,FRESNO 15,36.7775,-119.724,CISO-PGAE,CA,bldg,0.159747
36582,FRESNO 15,36.7775,-119.724,CISO-PGAE,CA,ind,0.058107
36582,FRESNO 15,36.7775,-119.724,CISO-PGAE,CA,rail,0.001096
36582,FRESNO 15,36.7775,-119.724,CISO-PGAE,CA,road,0.006555
36583,FRESNO 16,36.9936,-119.671,CISO-PGAE,CA,bldg,0.052573
36583,FRESNO 16,36.9936,-119.671,CISO-PGAE,CA,ind,0.019123
36583,FRESNO 16,36.9936,-119.671,CISO-PGAE,CA,rail,0.000361
36583,FRESNO 16,36.9936,-119.671,CISO-PGAE,CA,road,0.002157
36584,FRESNO 17,36.7532,-119.704,CISO-PGAE,CA,bldg,0.128568
36584,FRESNO 17,36.7532,-119.704,CISO-PGAE,CA,ind,0.046765
36584,FRESNO 17,36.7532,-119.704,CISO-PGAE,CA,rail,0.000882
36584,FRESNO 17,36.7532,-119.704,CISO-PGAE,CA,road,0.005276
36585,FRESNO 18,36.7816,-119.678,CISO-PGAE,CA,bldg,0.128568
36585,FRESNO 18,36.7816,-119.678,CISO-PGAE,CA,ind,0.046765
36585,FRESNO 18,36.7816,-119.678,CISO-PGAE,CA,rail,0.000882
36585,FRESNO 18,36.7816,-119.678,CISO-PGAE,CA,road,0.005276
36586,COARSEGOLD,37.2601,-119.841,CISO-PGAE,CA,bldg,0.079962
36586,COARSEGOLD,37.2601,-119.841,CISO-PGAE,CA,ind,0.029086
36586,COARSEGOLD,37.2601,-119.841,CISO-PGAE,CA,rail,0.000549
36586,COARSEGOLD,37.2601,-119.841,CISO-PGAE,CA,road,0.003281
36587,FRESNO 19,36.562,-119.775,CISO-PGAE,CA,bldg,0.161951
36587,FRESNO 19,36.562,-119.775,CISO-PGAE,CA,ind,0.058908
36587,FRESNO 19,36.562,-119.775,CISO-PGAE,CA,rail,0.001111
36587,FRESNO 19,36.562,-119.775,CISO-PGAE,CA,road,0.006646
36588,CLOVIS 1,36.7416,-119.627,CISO-PGAE,CA,bldg,0.107409
36588,CLOVIS 1,36.7416,-119.627,CISO-PGAE,CA,ind,0.039069
36588,CLOVIS 1,36.7416,-119.627,CISO-PGAE,CA,rail,0.000737
36588,CLOVIS 1,36.7416,-119.627,CISO-PGAE,CA,road,0.004408
36589,CLOVIS 2,36.7501,-119.727,CISO-PGAE,CA,bldg,0.199243
36589,CLOVIS 2,36.7501,-119.727,CISO-PGAE,CA,ind,0.072474
36589,CLOVIS 2,36.7501,-119.727,CISO-PGAE,CA,rail,0.001367
36589,CLOVIS 2,36.7501,-119.727,CISO-PGAE,CA,road,0.008176
36590,FRESNO 20,36.6905,-119.583,CISO-PGAE,CA,bldg,0.189957
36590,FRESNO 20,36.6905,-119.583,CISO-PGAE,CA,ind,0.069096
36590,FRESNO 20,36.6905,-119.583,CISO-PGAE,CA,rail,0.001303
36590,FRESNO 20,36.6905,-119.583,CISO-PGAE,CA,road,0.007795
36591,FRESNO 21,36.7117,-119.662,CISO-PGAE,CA,bldg,0.189957
36591,FRESNO 21,36.7117,-119.662,CISO-PGAE,CA,ind,0.069096
36591,FRESNO 21,36.7117,-119.662,CISO-PGAE,CA,rail,0.001303
36591,FRESNO 21,36.7117,-119.662,CISO-PGAE,CA,road,0.007795
36592,CLOVIS 3,36.8394,-119.612,CISO-PGAE,CA,bldg,0.120633
36592,CLOVIS 3,36.8394,-119.612,CISO-PGAE,CA,ind,0.04388
36592,CLOVIS 3,36.8394,-119.612,CISO-PGAE,CA,rail,0.000828
36592,CLOVIS 3,36.8394,-119.612,CISO-PGAE,CA,road,0.00495
36593,CLOVIS 4,36.8334,-119.675,CISO-PGAE,CA,bldg,0.120633
36593,CLOVIS 4,36.8334,-119.675,CISO-PGAE,CA,ind,0.04388
36593,CLOVIS 4,36.8334,-119.675,CISO-PGAE,CA,rail,0.000828
36593,CLOVIS 4,36.8334,-119.675,CISO-PGAE,CA,road,0.00495
36594,SELMA 1,36.4606,-119.64,CISO-PGAE,CA,bldg,0.079962
36594,SELMA 1,36.4606,-119.64,CISO-PGAE,CA,ind,0.029086
36594,SELMA 1,36.4606,-119.64,CISO-PGAE,CA,rail,0.000549
36594,SELMA 1,36.4606,-119.64,CISO-PGAE,CA,road,0.003281
36595,SELMA 2,36.5038,-119.546,CISO-PGAE,CA,bldg,0.079962
36595,SELMA 2,36.5038,-119.546,CISO-PGAE,CA,ind,0.029086
36595,SELMA 2,36.5038,-119.546,CISO-PGAE,CA,rail,0.000549
36595,SELMA 2,36.5038,-119.546,CISO-PGAE,CA,road,0.003281
36596,OAKHURST,37.4433,-119.558,CISO-PGAE,CA,bldg,0.054336
36596,OAKHURST,37.4433,-119.558,CISO-PGAE,CA,ind,0.019764
36596,OAKHURST,37.4433,-119.558,CISO-PGAE,CA,rail,0.000373
36596,OAKHURST,37.4433,-119.558,CISO-PGAE,CA,road,0.00223
36597,HANFORD 1,36.3078,-119.642,CISO-SCE,CA,bldg,0.197289
36597,HANFORD 1,36.3078,-119.642,CISO-SCE,CA,ind,0.028703
36597,HANFORD 1,36.3078,-119.642,CISO-SCE,CA,rail,1.8e-05
36597,HANFORD 1,36.3078,-119.642,CISO-SCE,CA,road,0.006445
36598,HANFORD 2,36.196,-119.596,CISO-PGAE,CA,bldg,0.172619
36598,HANFORD 2,36.196,-119.596,CISO-PGAE,CA,ind,0.062789
36598,HANFORD 2,36.196,-119.596,CISO-PGAE,CA,rail,0.001184
36598,HANFORD 2,36.196,-119.596,CISO-PGAE,CA,road,0.007083
36599,CLOVIS 5,36.8576,-119.659,CISO-PGAE,CA,bldg,0.076612
36599,CLOVIS 5,36.8576,-119.659,CISO-PGAE,CA,ind,0.027867
36599,CLOVIS 5,36.8576,-119.659,CISO-PGAE,CA,rail,0.000526
36599,CLOVIS 5,36.8576,-119.659,CISO-PGAE,CA,road,0.003144
36600,CLOVIS 6,36.8795,-119.536,CISO-PGAE,CA,bldg,0.105881
36600,CLOVIS 6,36.8795,-119.536,CISO-PGAE,CA,ind,0.038514
36600,CLOVIS 6,36.8795,-119.536,CISO-PGAE,CA,rail,0.000726
36600,CLOVIS 6,36.8795,-119.536,CISO-PGAE,CA,road,0.004345
36601,CORCORAN 1,36.0666,-119.473,CISO-SCE,CA,bldg,0.157657
36601,CORCORAN 1,36.0666,-119.473,CISO-SCE,CA,ind,0.022937
36601,CORCORAN 1,36.0666,-119.473,CISO-SCE,CA,rail,1.4e-05
36601,CORCORAN 1,36.0666,-119.473,CISO-SCE,CA,road,0.00515
36602,KINGSBURG,36.4081,-119.489,CISO-PGAE,CA,bldg,0.084311
36602,KINGSBURG,36.4081,-119.489,CISO-PGAE,CA,ind,0.030667
36602,KINGSBURG,36.4081,-119.489,CISO-PGAE,CA,rail,0.000578
36602,KINGSBURG,36.4081,-119.489,CISO-PGAE,CA,road,0.00346
36603,SANGER 1,36.8276,-119.427,CISO-PGAE,CA,bldg,0.106351
36603,SANGER 1,36.8276,-119.427,CISO-PGAE,CA,ind,0.038684
36603,SANGER 1,36.8276,-119.427,CISO-PGAE,CA,rail,0.00073
36603,SANGER 1,36.8276,-119.427,CISO-PGAE,CA,road,0.004364
36604,SANGER 2,36.7816,-119.44,CISO-PGAE,CA,bldg,0.092569
36604,SANGER 2,36.7816,-119.44,CISO-PGAE,CA,ind,0.033672
36604,SANGER 2,36.7816,-119.44,CISO-PGAE,CA,rail,0.000635
36604,SANGER 2,36.7816,-119.44,CISO-PGAE,CA,road,0.003799
36605,REEDLEY 1,36.628,-119.487,CISO-PGAE,CA,bldg,0.078757
36605,REEDLEY 1,36.628,-119.487,CISO-PGAE,CA,ind,0.028648
36605,REEDLEY 1,36.628,-119.487,CISO-PGAE,CA,rail,0.00054
36605,REEDLEY 1,36.628,-119.487,CISO-PGAE,CA,road,0.003232
36606,REEDLEY 2,36.7548,-119.467,CISO-PGAE,CA,bldg,0.078757
36606,REEDLEY 2,36.7548,-119.467,CISO-PGAE,CA,ind,0.028648
36606,REEDLEY 2,36.7548,-119.467,CISO-PGAE,CA,rail,0.00054
36606,REEDLEY 2,36.7548,-119.467,CISO-PGAE,CA,road,0.003232
36607,DINUBA,36.4671,-119.373,CISO-PGAE,CA,bldg,0.153253
36607,DINUBA,36.4671,-119.373,CISO-PGAE,CA,ind,0.055745
36607,DINUBA,36.4671,-119.373,CISO-PGAE,CA,rail,0.001051
36607,DINUBA,36.4671,-119.373,CISO-PGAE,CA,road,0.006289
36608,VISALIA 1,36.2134,-119.297,CISO-SCE,CA,bldg,0.152988
36608,VISALIA 1,36.2134,-119.297,CISO-SCE,CA,ind,0.022258
36608,VISALIA 1,36.2134,-119.297,CISO-SCE,CA,phase1,0.237757
36608,VISALIA 1,36.2134,-119.297,CISO-SCE,CA,rail,1.4e-05
36608,VISALIA 1,36.2134,-119.297,CISO-SCE,CA,road,0.004998
36609,VISALIA 2,36.3171,-119.35,CISO-SCE,CA,bldg,0.312728
36609,VISALIA 2,36.3171,-119.35,CISO-SCE,CA,ind,0.045497
36609,VISALIA 2,36.3171,-119.35,CISO-SCE,CA,phase1,0.128459
36609,VISALIA 2,36.3171,-119.35,CISO-SCE,CA,rail,2.8e-05
36609,VISALIA 2,36.3171,-119.35,CISO-SCE,CA,road,0.010216
36610,VISALIA 3,36.4597,-119.277,CISO-SCE,CA,bldg,0.196282
36610,VISALIA 3,36.4597,-119.277,CISO-SCE,CA,ind,0.028556
36610,VISALIA 3,36.4597,-119.277,CISO-SCE,CA,rail,1.8e-05
36610,VISALIA 3,36.4597,-119.277,CISO-SCE,CA,road,0.006412
36611,TULARE 1,36.255,-119.353,CISO-SCE,CA,bldg,0.210758
36611,TULARE 1,36.255,-119.353,CISO-SCE,CA,ind,0.030662
36611,TULARE 1,36.255,-119.353,CISO-SCE,CA,rail,1.9e-05
36611,TULARE 1,36.255,-119.353,CISO-SCE,CA,road,0.006885
36612,TULARE 2,36.1974,-119.399,CISO-SCE,CA,bldg,0.210758
36612,TULARE 2,36.1974,-119.399,CISO-SCE,CA,ind,0.030662
36612,TULARE 2,36.1974,-119.399,CISO-SCE,CA,rail,1.9e-05
36612,TULARE 2,36.1974,-119.399,CISO-SCE,CA,road,0.006885
36613,PIXLEY,36.0354,-119.312,CISO-SCE,CA,bldg,0.056426
36613,PIXLEY,36.0354,-119.312,CISO-SCE,CA,ind,0.008209
36613,PIXLEY,36.0354,-119.312,CISO-SCE,CA,phase1,0.093136
36613,PIXLEY,36.0354,-119.312,CISO-SCE,CA,rail,5e-06
36613,PIXLEY,36.0354,-119.312,CISO-SCE,CA,road,0.001843
36614,ORANGE COVE,36.602,-119.238,CISO-PGAE,CA,bldg,0.059509
36614,ORANGE COVE,36.602,-119.238,CISO-PGAE,CA,ind,0.021646
36614,ORANGE COVE,36.602,-119.238,CISO-PGAE,CA,rail,0.000408
36614,ORANGE COVE,36.602,-119.238,CISO-PGAE,CA,road,0.002442
36615,EARLIMART,35.9218,-119.367,CISO-SCE,CA,bldg,0.061632
36615,EARLIMART,35.9218,-119.367,CISO-SCE,CA,ind,0.008967
36615,EARLIMART,35.9218,-119.367,CISO-SCE,CA,rail,6e-06
36615,EARLIMART,35.9218,-119.367,CISO-SCE,CA,road,0.002013
36616,VISALIA 4,36.3111,-119.247,CISO-SCE,CA,bldg,0.117991
36616,VISALIA 4,36.3111,-119.247,CISO-SCE,CA,ind,0.017166
36616,VISALIA 4,36.3111,-119.247,CISO-SCE,CA,rail,1.1e-05
36616,VISALIA 4,36.3111,-119.247,CISO-SCE,CA,road,0.003854
36617,VISALIA 5,36.4155,-119.225,CISO-SCE,CA,bldg,0.117991
36617,VISALIA 5,36.4155,-119.225,CISO-SCE,CA,ind,0.017166
36617,VISALIA 5,36.4155,-119.225,CISO-SCE,CA,rail,1.1e-05
36617,VISALIA 5,36.4155,-119.225,CISO-SCE,CA,road,0.003854
36618,FARMERSVILLE,36.2954,-119.181,CISO-SCE,CA,bldg,0.064117
36618,FARMERSVILLE,36.2954,-119.181,CISO-SCE,CA,ind,0.009328
36618,FARMERSVILLE,36.2954,-119.181,CISO-SCE,CA,rail,6e-06
36618,FARMERSVILLE,36.2954,-119.181,CISO-SCE,CA,road,0.002094
36619,OROSI,36.6895,-119.136,CISO-PGAE,CA,bldg,0.085986
36619,OROSI,36.6895,-119.136,CISO-PGAE,CA,ind,0.031276
36619,OROSI,36.6895,-119.136,CISO-PGAE,CA,rail,0.00059
36619,OROSI,36.6895,-119.136,CISO-PGAE,CA,road,0.003528
36620,WOODLAKE,36.4704,-119.129,CISO-PGAE,CA,bldg,0.07861
36620,WOODLAKE,36.4704,-119.129,CISO-PGAE,CA,ind,0.028594
36620,WOODLAKE,36.4704,-119.129,CISO-PGAE,CA,rail,0.000539
36620,WOODLAKE,36.4704,-119.129,CISO-PGAE,CA,road,0.003226
36621,LINDSAY,36.1823,-119.158,CISO-SCE,CA,bldg,0.155407
36621,LINDSAY,36.1823,-119.158,CISO-SCE,CA,ind,0.02261
36621,LINDSAY,36.1823,-119.158,CISO-SCE,CA,rail,1.4e-05
36621,LINDSAY,36.1823,-119.158,CISO-SCE,CA,road,0.005077
36622,EXETER,36.3551,-119.04,CISO-SCE,CA,bldg,0.104119
36622,EXETER,36.3551,-119.04,CISO-SCE,CA,ind,0.015148
36622,EXETER,36.3551,-119.04,CISO-SCE,CA,rail,9e-06
36622,EXETER,36.3551,-119.04,CISO-SCE,CA,road,0.003401
36623,PORTERVILLE 1,35.9018,-118.907,CISO-SCE,CA,bldg,0.178682
36623,PORTERVILLE 1,35.9018,-118.907,CISO-SCE,CA,ind,0.025996
36623,PORTERVILLE 1,35.9018,-118.907,CISO-SCE,CA,rail,1.6e-05
36623,PORTERVILLE 1,35.9018,-118.907,CISO-SCE,CA,road,0.005837
36624,PORTERVILLE 2,36.0746,-118.922,CISO-SCE,CA,bldg,0.17351
36624,PORTERVILLE 2,36.0746,-118.922,CISO-SCE,CA,ind,0.025244
36624,PORTERVILLE 2,36.0746,-118.922,CISO-SCE,CA,rail,1.6e-05
36624,PORTERVILLE 2,36.0746,-118.922,CISO-SCE,CA,road,0.005668
36625,PORTERVILLE 3,36.044,-118.911,CISO-SCE,CA,bldg,0.187079
36625,PORTERVILLE 3,36.044,-118.911,CISO-SCE,CA,ind,0.027217
36625,PORTERVILLE 3,36.044,-118.911,CISO-SCE,CA,rail,1.7e-05
36625,PORTERVILLE 3,36.044,-118.911,CISO-SCE,CA,road,0.006111
36626,MAMMOTH LAKES,37.5827,-118.781,CISO-SCE,CA,bldg,0.064386
36626,MAMMOTH LAKES,37.5827,-118.781,CISO-SCE,CA,ind,0.009367
36626,MAMMOTH LAKES,37.5827,-118.781,CISO-SCE,CA,rail,6e-06
36626,MAMMOTH LAKES,37.5827,-118.781,CISO-SCE,CA,road,0.002103
36627,BISHOP 1,37.5771,-118.32,CISO-SCE,CA,bldg,0.087964
36627,BISHOP 1,37.5771,-118.32,CISO-SCE,CA,ind,0.012798
36627,BISHOP 1,37.5771,-118.32,CISO-SCE,CA,rail,8e-06
36627,BISHOP 1,37.5771,-118.32,CISO-SCE,CA,road,0.002873
36628,PAHRUMP 1,36.3461,-115.969,CISO-VEA,CA,bldg,0.137705
36628,PAHRUMP 1,36.3461,-115.969,CISO-VEA,CA,ind,0.027794
36628,PAHRUMP 1,36.3461,-115.969,CISO-VEA,CA,road,0.000937
36629,PAHRUMP 2,36.0157,-115.878,CISO-VEA,CA,bldg,0.10473
36629,PAHRUMP 2,36.0157,-115.878,CISO-VEA,CA,ind,0.021139
36629,PAHRUMP 2,36.0157,-115.878,CISO-VEA,CA,road,0.000713
36631,LODI 4,38.0881,-121.387,CISO-PGAE,CA,bldg,0.104441
36631,LODI 4,38.0881,-121.387,CISO-PGAE,CA,ind,0.03799
36631,LODI 4,38.0881,-121.387,CISO-PGAE,CA,rail,0.000717
36631,LODI 4,38.0881,-121.387,CISO-PGAE,CA,road,0.004286
36632,PINECREST,38.2467,-120.034,CISO-PGAE,CA,bldg,0.038938
36632,PINECREST,38.2467,-120.034,CISO-PGAE,CA,ind,0.014163
36632,PINECREST,38.2467,-120.034,CISO-PGAE,CA,rail,0.000267
36632,PINECREST,38.2467,-120.034,CISO-PGAE,CA,road,0.001598
36633,JACKSON 2,38.331,-120.67,CISO-PGAE,CA,bldg,0.037057
36633,JACKSON 2,38.331,-120.67,CISO-PGAE,CA,ind,0.013479
36633,JACKSON 2,38.331,-120.67,CISO-PGAE,CA,rail,0.000254
36633,JACKSON 2,38.331,-120.67,CISO-PGAE,CA,road,0.001521
36634,MERCED 6,37.8094,-120.299,CISO-PGAE,CA,bldg,0.014311
36634,MERCED 6,37.8094,-120.299,CISO-PGAE,CA,ind,0.005206
36634,MERCED 6,37.8094,-120.299,CISO-PGAE,CA,rail,9.8e-05
36634,MERCED 6,37.8094,-120.299,CISO-PGAE,CA,road,0.000587
36635,LEMOORE 4,36.2478,-119.834,CISO-PGAE,CA,phase1,0.101683
36636,SAN JOAQUIN 1,36.6514,-120.583,CISO-PGAE,CA,bldg,0.003379
36636,SAN JOAQUIN 1,36.6514,-120.583,CISO-PGAE,CA,ind,0.00123
36636,SAN JOAQUIN 1,36.6514,-120.583,CISO-PGAE,CA,rail,2.3e-05
36636,SAN JOAQUIN 1,36.6514,-120.583,CISO-PGAE,CA,road,0.000139
36637,AUBERRY 1,37.0718,-119.558,CISO-PGAE,CA,bldg,0.0072
36637,AUBERRY 1,37.0718,-119.558,CISO-PGAE,CA,ind,0.002619
36637,AUBERRY 1,37.0718,-119.558,CISO-PGAE,CA,rail,4.9e-05
36637,AUBERRY 1,37.0718,-119.558,CISO-PGAE,CA,road,0.000295
36639,ALPAUGH,35.8983,-119.435,CISO-PGAE,CA,bldg,0.007141
36639,ALPAUGH,35.8983,-119.435,CISO-PGAE,CA,ind,0.002598
36639,ALPAUGH,35.8983,-119.435,CISO-PGAE,CA,rail,4.9e-05
36639,ALPAUGH,35.8983,-119.435,CISO-PGAE,CA,road,0.000293
36640,NORTH FORK 1,37.139,-119.49,CISO-PGAE,CA,bldg,0.01678
36640,NORTH FORK 1,37.139,-119.49,CISO-PGAE,CA,ind,0.006104
36640,NORTH FORK 1,37.139,-119.49,CISO-PGAE,CA,rail,0.000115
36640,NORTH FORK 1,37.139,-119.49,CISO-PGAE,CA,road,0.000689
36641,FRESNO 22,36.8882,-119.159,CISO-PGAE,CA,bldg,0.002469
36641,FRESNO 22,36.8882,-119.159,CISO-PGAE,CA,ind,0.000898
36641,FRESNO 22,36.8882,-119.159,CISO-PGAE,CA,rail,1.7e-05
36641,FRESNO 22,36.8882,-119.159,CISO-PGAE,CA,road,0.000101
36644,AVENAL 2,35.9831,-120.11,CISO-PGAE,CA,bldg,0.008934
36644,AVENAL 2,35.9831,-120.11,CISO-PGAE,CA,ind,0.003249
36644,AVENAL 2,35.9831,-120.11,CISO-PGAE,CA,rail,6.1e-05
36644,AVENAL 2,35.9831,-120.11,CISO-PGAE,CA,road,0.000367
36645,SAN ARDO 1,35.9359,-120.841,CISO-PGAE,CA,bldg,0.031326
36645,SAN ARDO 1,35.9359,-120.841,CISO-PGAE,CA,ind,0.011394
36645,SAN ARDO 1,35.9359,-120.841,CISO-PGAE,CA,rail,0.000215
36645,SAN ARDO 1,35.9359,-120.841,CISO-PGAE,CA,road,0.001285
36647,FRESNO 23,36.9274,-119.02,CISO-PGAE,CA,bldg,0.005672
36647,FRESNO 23,36.9274,-119.02,CISO-PGAE,CA,ind,0.002063
36647,FRESNO 23,36.9274,-119.02,CISO-PGAE,CA,rail,3.9e-05
36647,FRESNO 23,36.9274,-119.02,CISO-PGAE,CA,road,0.000233
36648,BIG CREEK 1,37.2042,-119.24,CISO-SCE,CA,bldg,0.004803
36648,BIG CREEK 1,37.2042,-119.24,CISO-SCE,CA,ind,0.000699
36648,BIG CREEK 1,37.2042,-119.24,CISO-SCE,CA,rail,0.0
36648,BIG CREEK 1,37.2042,-119.24,CISO-SCE,CA,road,0.000157
36649,KING CITY 2,36.225,-121.128,CISO-PGAE,CA,bldg,0.002674
36649,KING CITY 2,36.225,-121.128,CISO-PGAE,CA,ind,0.000973
36649,KING CITY 2,36.225,-121.128,CISO-PGAE,CA,rail,1.8e-05
36649,KING CITY 2,36.225,-121.128,CISO-PGAE,CA,road,0.00011
36650,INYOKERN 2,36.0372,-117.798,CISO-SCE,CA,bldg,0.029657
36650,INYOKERN 2,36.0372,-117.798,CISO-SCE,CA,ind,0.004315
36650,INYOKERN 2,36.0372,-117.798,CISO-SCE,CA,rail,3e-06
36650,INYOKERN 2,36.0372,-117.798,CISO-SCE,CA,road,0.000969
36653,RIPON 2,37.7315,-121.116,BANC,CA,bldg,0.124755
36653,RIPON 2,37.7315,-121.116,BANC,CA,ind,0.023903
36653,RIPON 2,37.7315,-121.116,BANC,CA,rail,0.000227
36653,RIPON 2,37.7315,-121.116,BANC,CA,road,0.002699
36654,SANGER 3,36.6842,-119.552,CISO-PGAE,CA,bldg,0.083136
36654,SANGER 3,36.6842,-119.552,CISO-PGAE,CA,ind,0.03024
36654,SANGER 3,36.6842,-119.552,CISO-PGAE,CA,rail,0.00057
36654,SANGER 3,36.6842,-119.552,CISO-PGAE,CA,road,0.003411
36655,GROVELAND 2,37.8777,-119.953,CISO-PGAE,CA,bldg,0.022628
36655,GROVELAND 2,37.8777,-119.953,CISO-PGAE,CA,ind,0.008231
36655,GROVELAND 2,37.8777,-119.953,CISO-PGAE,CA,rail,0.000155
36655,GROVELAND 2,37.8777,-119.953,CISO-PGAE,CA,road,0.000929
36656,MODESTO 11,37.6294,-120.931,BANC,CA,phase1,0.042982
36657,TURLOCK 4,37.4903,-120.904,TIDC,CA,bldg,0.107801
36657,TURLOCK 4,37.4903,-120.904,TIDC,CA,ind,0.039535
36657,TURLOCK 4,37.4903,-120.904,TIDC,CA,road,0.0016
36658,BIG CREEK 2,37.2096,-119.329,CISO-SCE,CA,bldg,0.004064
36658,BIG CREEK 2,37.2096,-119.329,CISO-SCE,CA,ind,0.000591
36658,BIG CREEK 2,37.2096,-119.329,CISO-SCE,CA,rail,0.0
36658,BIG CREEK 2,37.2096,-119.329,CISO-SCE,CA,road,0.000133
36659,GUSTINE,37.0692,-121.077,CISO-PGAE,CA,bldg,0.047313
36659,GUSTINE,37.0692,-121.077,CISO-PGAE,CA,ind,0.01721
36659,GUSTINE,37.0692,-121.077,CISO-PGAE,CA,rail,0.000325
36659,GUSTINE,37.0692,-121.077,CISO-PGAE,CA,road,0.001941
36660,CORCORAN 2,36.1383,-119.573,CISO-PGAE,CA,phase1,0.049552
36661,BISHOP 3,37.4379,-118.557,CISO-SCE,CA,bldg,0.010647
36661,BISHOP 3,37.4379,-118.557,CISO-SCE,CA,ind,0.001549
36661,BISHOP 3,37.4379,-118.557,CISO-SCE,CA,rail,1e-06
36661,BISHOP 3,37.4379,-118.557,CISO-SCE,CA,road,0.000348
36662,TRANQUILLITY,36.6175,-120.291,CISO-PGAE,CA,bldg,0.036528
36662,TRANQUILLITY,36.6175,-120.291,CISO-PGAE,CA,ind,0.013287
36662,TRANQUILLITY,36.6175,-120.291,CISO-PGAE,CA,rail,0.000251
36662,TRANQUILLITY,36.6175,-120.291,CISO-PGAE,CA,road,0.001499
36663,PIONEER 2,38.4493,-120.493,CISO-PGAE,CA,bldg,0.021981
36663,PIONEER 2,38.4493,-120.493,CISO-PGAE,CA,ind,0.007995
36663,PIONEER 2,38.4493,-120.493,CISO-PGAE,CA,rail,0.000151
36663,PIONEER 2,38.4493,-120.493,CISO-PGAE,CA,road,0.000902
36666,INYOKERN 3,36.0019,-117.789,CISO-SCE,CA,bldg,0.000403
36666,INYOKERN 3,36.0019,-117.789,CISO-SCE,CA,ind,5.9e-05
36666,INYOKERN 3,36.0019,-117.789,CISO-SCE,CA,rail,0.0
36666,INYOKERN 3,36.0019,-117.789,CISO-SCE,CA,road,1.3e-05
36668,STOCKTON 15,37.9436,-121.33,CISO-PGAE,CA,bldg,0.0345
36668,STOCKTON 15,37.9436,-121.33,CISO-PGAE,CA,ind,0.01255
36668,STOCKTON 15,37.9436,-121.33,CISO-PGAE,CA,rail,0.000237
36668,STOCKTON 15,37.9436,-121.33,CISO-PGAE,CA,road,0.001416
36671,SAN JOAQUIN 2,36.617,-120.1,CISO-PGAE,CA,bldg,0.000647
36671,SAN JOAQUIN 2,36.617,-120.1,CISO-PGAE,CA,ind,0.000235
36671,SAN JOAQUIN 2,36.617,-120.1,CISO-PGAE,CA,phase1,0.004471
36671,SAN JOAQUIN 2,36.617,-120.1,CISO-PGAE,CA,rail,4e-06
36671,SAN JOAQUIN 2,36.617,-120.1,CISO-PGAE,CA,road,2.7e-05
36672,LATHROP 2,37.8062,-121.277,CISO-PGAE,CA,bldg,0.023128
36672,LATHROP 2,37.8062,-121.277,CISO-PGAE,CA,ind,0.008413
36672,LATHROP 2,37.8062,-121.277,CISO-PGAE,CA,rail,0.000159
36672,LATHROP 2,37.8062,-121.277,CISO-PGAE,CA,road,0.000949
36673,KING CITY 3,36.2248,-121.125,CISO-PGAE,CA,bldg,0.003144
36673,KING CITY 3,36.2248,-121.125,CISO-PGAE,CA,ind,0.001144
36673,KING CITY 3,36.2248,-121.125,CISO-PGAE,CA,rail,2.2e-05
36673,KING CITY 3,36.2248,-121.125,CISO-PGAE,CA,road,0.000129
36674,FRESNO 24,36.6697,-119.74,CISO-PGAE,CA,bldg,0.038673
36674,FRESNO 24,36.6697,-119.74,CISO-PGAE,CA,ind,0.014067
36674,FRESNO 24,36.6697,-119.74,CISO-PGAE,CA,rail,0.000265
36674,FRESNO 24,36.6697,-119.74,CISO-PGAE,CA,road,0.001587
36680,HANFORD 3,36.2701,-119.648,CISO-PGAE,CA,phase1,0.053827
36683,HURON,36.1381,-120.076,CISO-PGAE,CA,phase1,0.134598
36684,MENDOTA 2,36.7559,-120.365,CISO-PGAE,CA,phase1,0.070191
36685,TURLOCK 5,37.4878,-120.896,TIDC,CA,phase1,0.067146
36691,MODESTO 12,37.6526,-121.02,BANC,CA,phase1,0.121348
36699,CAMBRIA,35.6409,-121.014,CISO-PGAE,CA,bldg,0.036175
36699,CAMBRIA,35.6409,-121.014,CISO-PGAE,CA,ind,0.013159
36699,CAMBRIA,35.6409,-121.014,CISO-PGAE,CA,rail,0.000248
36699,CAMBRIA,35.6409,-121.014,CISO-PGAE,CA,road,0.001484
36700,LOS OSOS,35.3714,-120.785,CISO-PGAE,CA,bldg,0.091452
36700,LOS OSOS,35.3714,-120.785,CISO-PGAE,CA,ind,0.033265
36700,LOS OSOS,35.3714,-120.785,CISO-PGAE,CA,rail,0.000627
36700,LOS OSOS,35.3714,-120.785,CISO-PGAE,CA,road,0.003753
36701,MORRO BAY,35.335,-120.865,CISO-PGAE,CA,bldg,0.057069
36701,MORRO BAY,35.335,-120.865,CISO-PGAE,CA,ind,0.020759
36701,MORRO BAY,35.335,-120.865,CISO-PGAE,CA,rail,0.000392
36701,MORRO BAY,35.335,-120.865,CISO-PGAE,CA,road,0.002342
36702,TEMPLETON,35.4525,-120.695,CISO-PGAE,CA,bldg,0.04843
36702,TEMPLETON,35.4525,-120.695,CISO-PGAE,CA,ind,0.017616
36702,TEMPLETON,35.4525,-120.695,CISO-PGAE,CA,rail,0.000332
36702,TEMPLETON,35.4525,-120.695,CISO-PGAE,CA,road,0.001987
36703,SAN LUIS OBISPO 1,35.3388,-120.702,CISO-PGAE,CA,bldg,0.093744
36703,SAN LUIS OBISPO 1,35.3388,-120.702,CISO-PGAE,CA,ind,0.034099
36703,SAN LUIS OBISPO 1,35.3388,-120.702,CISO-PGAE,CA,rail,0.000643
36703,SAN LUIS OBISPO 1,35.3388,-120.702,CISO-PGAE,CA,road,0.003847
36704,SAN LUIS OBISPO 2,35.2842,-120.828,CISO-PGAE,CA,bldg,0.093744
36704,SAN LUIS OBISPO 2,35.2842,-120.828,CISO-PGAE,CA,ind,0.034099
36704,SAN LUIS OBISPO 2,35.2842,-120.828,CISO-PGAE,CA,rail,0.000643
36704,SAN LUIS OBISPO 2,35.2842,-120.828,CISO-PGAE,CA,road,0.003847
36705,PASO ROBLES 1,35.6762,-120.739,CISO-PGAE,CA,bldg,0.115608
36705,PASO ROBLES 1,35.6762,-120.739,CISO-PGAE,CA,ind,0.042051
36705,PASO ROBLES 1,35.6762,-120.739,CISO-PGAE,CA,rail,0.000793
36705,PASO ROBLES 1,35.6762,-120.739,CISO-PGAE,CA,road,0.004744
36706,PASO ROBLES 2,35.7329,-120.797,CISO-PGAE,CA,bldg,0.115608
36706,PASO ROBLES 2,35.7329,-120.797,CISO-PGAE,CA,ind,0.042051
36706,PASO ROBLES 2,35.7329,-120.797,CISO-PGAE,CA,rail,0.000793
36706,PASO ROBLES 2,35.7329,-120.797,CISO-PGAE,CA,road,0.004744
36707,ATASCADERO 1,35.4843,-120.678,CISO-PGAE,CA,bldg,0.090306
36707,ATASCADERO 1,35.4843,-120.678,CISO-PGAE,CA,ind,0.032848
36707,ATASCADERO 1,35.4843,-120.678,CISO-PGAE,CA,rail,0.00062
36707,ATASCADERO 1,35.4843,-120.678,CISO-PGAE,CA,road,0.003706
36708,ATASCADERO 2,35.3832,-120.638,CISO-PGAE,CA,bldg,0.082989
36708,ATASCADERO 2,35.3832,-120.638,CISO-PGAE,CA,ind,0.030186
36708,ATASCADERO 2,35.3832,-120.638,CISO-PGAE,CA,rail,0.000569
36708,ATASCADERO 2,35.3832,-120.638,CISO-PGAE,CA,road,0.003405
36709,PISMO BEACH,35.2159,-120.734,CISO-PGAE,CA,bldg,0.047166
36709,PISMO BEACH,35.2159,-120.734,CISO-PGAE,CA,ind,0.017156
36709,PISMO BEACH,35.2159,-120.734,CISO-PGAE,CA,rail,0.000324
36709,PISMO BEACH,35.2159,-120.734,CISO-PGAE,CA,road,0.001935
36710,GROVER BEACH,35.1181,-120.635,CISO-PGAE,CA,bldg,0.069618
36710,GROVER BEACH,35.1181,-120.635,CISO-PGAE,CA,ind,0.025323
36710,GROVER BEACH,35.1181,-120.635,CISO-PGAE,CA,rail,0.000478
36710,GROVER BEACH,35.1181,-120.635,CISO-PGAE,CA,road,0.002857
36711,SAN LUIS OBISPO 3,35.3037,-120.525,CISO-PGAE,CA,bldg,0.074143
36711,SAN LUIS OBISPO 3,35.3037,-120.525,CISO-PGAE,CA,ind,0.026969
36711,SAN LUIS OBISPO 3,35.3037,-120.525,CISO-PGAE,CA,rail,0.000509
36711,SAN LUIS OBISPO 3,35.3037,-120.525,CISO-PGAE,CA,road,0.003042
36712,SAN LUIS OBISPO 4,35.2568,-120.704,CISO-PGAE,CA,bldg,0.074143
36712,SAN LUIS OBISPO 4,35.2568,-120.704,CISO-PGAE,CA,ind,0.026969
36712,SAN LUIS OBISPO 4,35.2568,-120.704,CISO-PGAE,CA,rail,0.000509
36712,SAN LUIS OBISPO 4,35.2568,-120.704,CISO-PGAE,CA,road,0.003042
36713,GUADALUPE,34.9303,-120.663,CISO-PGAE,CA,bldg,0.037615
36713,GUADALUPE,34.9303,-120.663,CISO-PGAE,CA,ind,0.013682
36713,GUADALUPE,34.9303,-120.663,CISO-PGAE,CA,rail,0.000258
36713,GUADALUPE,34.9303,-120.663,CISO-PGAE,CA,road,0.001544
36714,NIPOMO,34.9734,-120.408,CISO-PGAE,CA,bldg,0.101796
36714,NIPOMO,34.9734,-120.408,CISO-PGAE,CA,ind,0.037027
36714,NIPOMO,34.9734,-120.408,CISO-PGAE,CA,rail,0.000698
36714,NIPOMO,34.9734,-120.408,CISO-PGAE,CA,road,0.004177
36715,SANTA MARIA 1,34.8923,-120.454,CISO-PGAE,CA,bldg,0.146611
36715,SANTA MARIA 1,34.8923,-120.454,CISO-PGAE,CA,ind,0.053329
36715,SANTA MARIA 1,34.8923,-120.454,CISO-PGAE,CA,rail,0.001006
36715,SANTA MARIA 1,34.8923,-120.454,CISO-PGAE,CA,road,0.006016
36716,SANTA MARIA 2,35.0167,-120.569,CISO-PGAE,CA,bldg,0.18455
36716,SANTA MARIA 2,35.0167,-120.569,CISO-PGAE,CA,ind,0.067129
36716,SANTA MARIA 2,35.0167,-120.569,CISO-PGAE,CA,rail,0.001266
36716,SANTA MARIA 2,35.0167,-120.569,CISO-PGAE,CA,road,0.007573
36717,ARROYO GRANDE 1,35.2396,-120.462,CISO-PGAE,CA,bldg,0.090482
36717,ARROYO GRANDE 1,35.2396,-120.462,CISO-PGAE,CA,ind,0.032912
36717,ARROYO GRANDE 1,35.2396,-120.462,CISO-PGAE,CA,rail,0.000621
36717,ARROYO GRANDE 1,35.2396,-120.462,CISO-PGAE,CA,road,0.003713
36718,ARROYO GRANDE 2,35.1073,-120.56,CISO-PGAE,CA,bldg,0.075142
36718,ARROYO GRANDE 2,35.1073,-120.56,CISO-PGAE,CA,ind,0.027332
36718,ARROYO GRANDE 2,35.1073,-120.56,CISO-PGAE,CA,rail,0.000516
36718,ARROYO GRANDE 2,35.1073,-120.56,CISO-PGAE,CA,road,0.003083
36719,SANTA MARIA 3,34.854,-120.448,CISO-PGAE,CA,bldg,0.128715
36719,SANTA MARIA 3,34.854,-120.448,CISO-PGAE,CA,ind,0.046819
36719,SANTA MARIA 3,34.854,-120.448,CISO-PGAE,CA,rail,0.000883
36719,SANTA MARIA 3,34.854,-120.448,CISO-PGAE,CA,road,0.005282
36720,SANTA MARIA 4,34.8488,-120.363,CISO-PGAE,CA,bldg,0.11026
36720,SANTA MARIA 4,34.8488,-120.363,CISO-PGAE,CA,ind,0.040106
36720,SANTA MARIA 4,34.8488,-120.363,CISO-PGAE,CA,rail,0.000756
36720,SANTA MARIA 4,34.8488,-120.363,CISO-PGAE,CA,road,0.004524
36721,LOMPOC 1,34.6861,-120.458,CISO-PGAE,CA,bldg,0.142879
36721,LOMPOC 1,34.6861,-120.458,CISO-PGAE,CA,ind,0.051971
36721,LOMPOC 1,34.6861,-120.458,CISO-PGAE,CA,rail,0.00098
36721,LOMPOC 1,34.6861,-120.458,CISO-PGAE,CA,road,0.005863
36722,LOMPOC 2,34.5066,-120.451,CISO-PGAE,CA,bldg,0.142879
36722,LOMPOC 2,34.5066,-120.451,CISO-PGAE,CA,ind,0.051971
36722,LOMPOC 2,34.5066,-120.451,CISO-PGAE,CA,rail,0.00098
36722,LOMPOC 2,34.5066,-120.451,CISO-PGAE,CA,road,0.005863
36723,SANTA MARIA 5,34.8784,-120.176,CISO-PGAE,CA,bldg,0.096389
36723,SANTA MARIA 5,34.8784,-120.176,CISO-PGAE,CA,ind,0.03506
36723,SANTA MARIA 5,34.8784,-120.176,CISO-PGAE,CA,rail,0.000661
36723,SANTA MARIA 5,34.8784,-120.176,CISO-PGAE,CA,road,0.003955
36724,SANTA MARIA 6,35.0095,-120.159,CISO-PGAE,CA,bldg,0.10068
36724,SANTA MARIA 6,35.0095,-120.159,CISO-PGAE,CA,ind,0.036622
36724,SANTA MARIA 6,35.0095,-120.159,CISO-PGAE,CA,rail,0.000691
36724,SANTA MARIA 6,35.0095,-120.159,CISO-PGAE,CA,road,0.004131
36725,BUELLTON,34.5569,-120.285,CISO-PGAE,CA,bldg,0.029122
36725,BUELLTON,34.5569,-120.285,CISO-PGAE,CA,ind,0.010593
36725,BUELLTON,34.5569,-120.285,CISO-PGAE,CA,rail,0.0002
36725,BUELLTON,34.5569,-120.285,CISO-PGAE,CA,road,0.001195
36726,SOLVANG,34.6148,-120.125,CISO-PGAE,CA,bldg,0.079139
36726,SOLVANG,34.6148,-120.125,CISO-PGAE,CA,ind,0.028786
36726,SOLVANG,34.6148,-120.125,CISO-PGAE,CA,rail,0.000543
36726,SOLVANG,34.6148,-120.125,CISO-PGAE,CA,road,0.003247
36727,GOLETA 1,34.5191,-120.155,CISO-PGAE,CA,bldg,0.140763
36727,GOLETA 1,34.5191,-120.155,CISO-PGAE,CA,ind,0.051202
36727,GOLETA 1,34.5191,-120.155,CISO-PGAE,CA,rail,0.000966
36727,GOLETA 1,34.5191,-120.155,CISO-PGAE,CA,road,0.005776
36728,GOLETA 2,34.4793,-120.103,CISO-SCE,CA,bldg,0.160881
36728,GOLETA 2,34.4793,-120.103,CISO-SCE,CA,ind,0.023406
36728,GOLETA 2,34.4793,-120.103,CISO-SCE,CA,rail,1.4e-05
36728,GOLETA 2,34.4793,-120.103,CISO-SCE,CA,road,0.005255
36729,SANTA BARBARA 1,34.3787,-119.483,CISO-SCE,CA,bldg,0.105026
36729,SANTA BARBARA 1,34.3787,-119.483,CISO-SCE,CA,ind,0.01528
36729,SANTA BARBARA 1,34.3787,-119.483,CISO-SCE,CA,rail,9e-06
36729,SANTA BARBARA 1,34.3787,-119.483,CISO-SCE,CA,road,0.003431
36730,SANTA BARBARA 2,34.6128,-119.779,CISO-PGAE,CA,bldg,0.139353
36730,SANTA BARBARA 2,34.6128,-119.779,CISO-PGAE,CA,ind,0.050689
36730,SANTA BARBARA 2,34.6128,-119.779,CISO-PGAE,CA,rail,0.000956
36730,SANTA BARBARA 2,34.6128,-119.779,CISO-PGAE,CA,road,0.005718
36731,SANTA BARBARA 3,34.5299,-119.703,CISO-SCE,CA,bldg,0.101735
36731,SANTA BARBARA 3,34.5299,-119.703,CISO-SCE,CA,ind,0.014801
36731,SANTA BARBARA 3,34.5299,-119.703,CISO-SCE,CA,rail,9e-06
36731,SANTA BARBARA 3,34.5299,-119.703,CISO-SCE,CA,road,0.003323
36732,SANTA BARBARA 4,34.3637,-119.447,CISO-SCE,CA,bldg,0.095756
36732,SANTA BARBARA 4,34.3637,-119.447,CISO-SCE,CA,ind,0.013931
36732,SANTA BARBARA 4,34.3637,-119.447,CISO-SCE,CA,rail,9e-06
36732,SANTA BARBARA 4,34.3637,-119.447,CISO-SCE,CA,road,0.003128
36733,SANTA BARBARA 5,34.489,-119.805,CISO-SCE,CA,bldg,0.095756
36733,SANTA BARBARA 5,34.489,-119.805,CISO-SCE,CA,ind,0.013931
36733,SANTA BARBARA 5,34.489,-119.805,CISO-SCE,CA,rail,9e-06
36733,SANTA BARBARA 5,34.489,-119.805,CISO-SCE,CA,road,0.003128
36734,SANTA BARBARA 6,34.4782,-119.771,CISO-SCE,CA,bldg,0.122424
36734,SANTA BARBARA 6,34.4782,-119.771,CISO-SCE,CA,ind,0.017811
36734,SANTA BARBARA 6,34.4782,-119.771,CISO-SCE,CA,rail,1.1e-05
36734,SANTA BARBARA 6,34.4782,-119.771,CISO-SCE,CA,road,0.003999
36735,SANTA BARBARA 7,34.48,-119.714,CISO-SCE,CA,bldg,0.072581
36735,SANTA BARBARA 7,34.48,-119.714,CISO-SCE,CA,ind,0.01056
36735,SANTA BARBARA 7,34.48,-119.714,CISO-SCE,CA,rail,7e-06
36735,SANTA BARBARA 7,34.48,-119.714,CISO-SCE,CA,road,0.002371
36736,CARPINTERIA,34.3453,-119.42,CISO-SCE,CA,bldg,0.16293
36736,CARPINTERIA,34.3453,-119.42,CISO-SCE,CA,ind,0.023704
36736,CARPINTERIA,34.3453,-119.42,CISO-SCE,CA,rail,1.5e-05
36736,CARPINTERIA,34.3453,-119.42,CISO-SCE,CA,road,0.005322
36737,WASCO 5,35.5996,-119.417,CISO-PGAE,CA,bldg,0.071822
36737,WASCO 5,35.5996,-119.417,CISO-PGAE,CA,ind,0.026124
36737,WASCO 5,35.5996,-119.417,CISO-PGAE,CA,rail,0.000493
36737,WASCO 5,35.5996,-119.417,CISO-PGAE,CA,road,0.002947
36738,WASCO 6,35.5698,-119.505,CISO-PGAE,CA,bldg,0.071822
36738,WASCO 6,35.5698,-119.505,CISO-PGAE,CA,ind,0.026124
36738,WASCO 6,35.5698,-119.505,CISO-PGAE,CA,rail,0.000493
36738,WASCO 6,35.5698,-119.505,CISO-PGAE,CA,road,0.002947
36739,TAFT 1,35.1919,-119.511,CISO-PGAE,CA,bldg,0.091775
36739,TAFT 1,35.1919,-119.511,CISO-PGAE,CA,ind,0.033383
36739,TAFT 1,35.1919,-119.511,CISO-PGAE,CA,rail,0.00063
36739,TAFT 1,35.1919,-119.511,CISO-PGAE,CA,road,0.003766
36740,OJAI,34.4951,-119.371,CISO-SCE,CA,bldg,0.124473
36740,OJAI,34.4951,-119.371,CISO-SCE,CA,ind,0.018109
36740,OJAI,34.4951,-119.371,CISO-SCE,CA,rail,1.1e-05
36740,OJAI,34.4951,-119.371,CISO-SCE,CA,road,0.004066
36741,OAK VIEW,34.3826,-119.292,CISO-SCE,CA,bldg,0.036912
36741,OAK VIEW,34.3826,-119.292,CISO-SCE,CA,ind,0.00537
36741,OAK VIEW,34.3826,-119.292,CISO-SCE,CA,rail,3e-06
36741,OAK VIEW,34.3826,-119.292,CISO-SCE,CA,road,0.001206
36742,SHAFTER,35.5082,-119.257,CISO-PGAE,CA,bldg,0.115755
36742,SHAFTER,35.5082,-119.257,CISO-PGAE,CA,ind,0.042105
36742,SHAFTER,35.5082,-119.257,CISO-PGAE,CA,rail,0.000794
36742,SHAFTER,35.5082,-119.257,CISO-PGAE,CA,road,0.00475
36743,BAKERSFIELD 1,35.3019,-119.268,CISO-PGAE,CA,bldg,0.119311
36743,BAKERSFIELD 1,35.3019,-119.268,CISO-PGAE,CA,ind,0.043399
36743,BAKERSFIELD 1,35.3019,-119.268,CISO-PGAE,CA,phase1,0.049906
36743,BAKERSFIELD 1,35.3019,-119.268,CISO-PGAE,CA,rail,0.000819
36743,BAKERSFIELD 1,35.3019,-119.268,CISO-PGAE,CA,road,0.004896
36744,MARICOPA 1,34.6734,-119.312,CISO-SCE,CA,bldg,0.025257
36744,MARICOPA 1,34.6734,-119.312,CISO-SCE,CA,ind,0.003675
36744,MARICOPA 1,34.6734,-119.312,CISO-SCE,CA,rail,2e-06
36744,MARICOPA 1,34.6734,-119.312,CISO-SCE,CA,road,0.000825
36745,OXNARD 1,34.1858,-119.204,CISO-SCE,CA,bldg,0.083833
36745,OXNARD 1,34.1858,-119.204,CISO-SCE,CA,ind,0.012197
36745,OXNARD 1,34.1858,-119.204,CISO-SCE,CA,rail,8e-06
36745,OXNARD 1,34.1858,-119.204,CISO-SCE,CA,road,0.002739
36746,VENTURA 1,34.2869,-119.248,CISO-SCE,CA,bldg,0.152585
36746,VENTURA 1,34.2869,-119.248,CISO-SCE,CA,ind,0.022199
36746,VENTURA 1,34.2869,-119.248,CISO-SCE,CA,rail,1.4e-05
36746,VENTURA 1,34.2869,-119.248,CISO-SCE,CA,road,0.004984
36747,VENTURA 2,34.3485,-119.211,CISO-SCE,CA,bldg,0.152585
36747,VENTURA 2,34.3485,-119.211,CISO-SCE,CA,ind,0.022199
36747,VENTURA 2,34.3485,-119.211,CISO-SCE,CA,rail,1.4e-05
36747,VENTURA 2,34.3485,-119.211,CISO-SCE,CA,road,0.004984
36748,DELANO 1,35.8515,-119.11,CISO-SCE,CA,bldg,0.168237
36748,DELANO 1,35.8515,-119.11,CISO-SCE,CA,ind,0.024476
36748,DELANO 1,35.8515,-119.11,CISO-SCE,CA,rail,1.5e-05
36748,DELANO 1,35.8515,-119.11,CISO-SCE,CA,road,0.005496
36749,DELANO 2,35.8753,-119.178,CISO-SCE,CA,bldg,0.168237
36749,DELANO 2,35.8753,-119.178,CISO-SCE,CA,ind,0.024476
36749,DELANO 2,35.8753,-119.178,CISO-SCE,CA,rail,1.5e-05
36749,DELANO 2,35.8753,-119.178,CISO-SCE,CA,road,0.005496
36750,MC FARLAND,35.6315,-119.263,CISO-PGAE,CA,bldg,0.071528
36750,MC FARLAND,35.6315,-119.263,CISO-PGAE,CA,ind,0.026018
36750,MC FARLAND,35.6315,-119.263,CISO-PGAE,CA,rail,0.000491
36750,MC FARLAND,35.6315,-119.263,CISO-PGAE,CA,road,0.002935
36751,OXNARD 2,34.1774,-119.238,CISO-SCE,CA,bldg,0.126018
36751,OXNARD 2,34.1774,-119.238,CISO-SCE,CA,ind,0.018334
36751,OXNARD 2,34.1774,-119.238,CISO-SCE,CA,rail,1.1e-05
36751,OXNARD 2,34.1774,-119.238,CISO-SCE,CA,road,0.004117
36752,OXNARD 3,34.2473,-119.134,CISO-SCE,CA,bldg,0.126018
36752,OXNARD 3,34.2473,-119.134,CISO-SCE,CA,ind,0.018334
36752,OXNARD 3,34.2473,-119.134,CISO-SCE,CA,rail,1.1e-05
36752,OXNARD 3,34.2473,-119.134,CISO-SCE,CA,road,0.004117
36753,BAKERSFIELD 2,35.1005,-119.094,CISO-PGAE,CA,bldg,0.107997
36753,BAKERSFIELD 2,35.1005,-119.094,CISO-PGAE,CA,ind,0.039283
36753,BAKERSFIELD 2,35.1005,-119.094,CISO-PGAE,CA,rail,0.000741
36753,BAKERSFIELD 2,35.1005,-119.094,CISO-PGAE,CA,road,0.004432
36754,BAKERSFIELD 3,35.2628,-119.078,CISO-PGAE,CA,bldg,0.107997
36754,BAKERSFIELD 3,35.2628,-119.078,CISO-PGAE,CA,ind,0.039283
36754,BAKERSFIELD 3,35.2628,-119.078,CISO-PGAE,CA,rail,0.000741
36754,BAKERSFIELD 3,35.2628,-119.078,CISO-PGAE,CA,road,0.004432
36755,OXNARD 4,34.1053,-119.138,CISO-SCE,CA,bldg,0.263288
36755,OXNARD 4,34.1053,-119.138,CISO-SCE,CA,ind,0.038305
36755,OXNARD 4,34.1053,-119.138,CISO-SCE,CA,rail,2.4e-05
36755,OXNARD 4,34.1053,-119.138,CISO-SCE,CA,road,0.008601
36756,OXNARD 5,34.2648,-119.23,CISO-SCE,CA,bldg,0.179455
36756,OXNARD 5,34.2648,-119.23,CISO-SCE,CA,ind,0.026108
36756,OXNARD 5,34.2648,-119.23,CISO-SCE,CA,rail,1.6e-05
36756,OXNARD 5,34.2648,-119.23,CISO-SCE,CA,road,0.005862
36757,VENTURA 3,34.2577,-119.156,CISO-SCE,CA,bldg,0.088098
36757,VENTURA 3,34.2577,-119.156,CISO-SCE,CA,ind,0.012817
36757,VENTURA 3,34.2577,-119.156,CISO-SCE,CA,rail,8e-06
36757,VENTURA 3,34.2577,-119.156,CISO-SCE,CA,road,0.002878
36758,VENTURA 4,34.3372,-119.097,CISO-SCE,CA,bldg,0.106873
36758,VENTURA 4,34.3372,-119.097,CISO-SCE,CA,ind,0.015549
36758,VENTURA 4,34.3372,-119.097,CISO-SCE,CA,rail,1e-05
36758,VENTURA 4,34.3372,-119.097,CISO-SCE,CA,road,0.003491
36759,OXNARD 6,34.2333,-119.048,CISO-SCE,CA,bldg,0.166725
36759,OXNARD 6,34.2333,-119.048,CISO-SCE,CA,ind,0.024256
36759,OXNARD 6,34.2333,-119.048,CISO-SCE,CA,rail,1.5e-05
36759,OXNARD 6,34.2333,-119.048,CISO-SCE,CA,road,0.005446
36760,OXNARD 7,34.2022,-119.054,CISO-SCE,CA,bldg,0.166725
36760,OXNARD 7,34.2022,-119.054,CISO-SCE,CA,ind,0.024256
36760,OXNARD 7,34.2022,-119.054,CISO-SCE,CA,rail,1.5e-05
36760,OXNARD 7,34.2022,-119.054,CISO-SCE,CA,road,0.005446
36761,OXNARD 8,34.1429,-119.162,CISO-SCE,CA,bldg,0.166725
36761,OXNARD 8,34.1429,-119.162,CISO-SCE,CA,ind,0.024256
36761,OXNARD 8,34.1429,-119.162,CISO-SCE,CA,rail,1.5e-05
36761,OXNARD 8,34.1429,-119.162,CISO-SCE,CA,road,0.005446
36762,BAKERSFIELD 4,35.3406,-119.093,CISO-PGAE,CA,bldg,0.214848
36762,BAKERSFIELD 4,35.3406,-119.093,CISO-PGAE,CA,ind,0.078149
36762,BAKERSFIELD 4,35.3406,-119.093,CISO-PGAE,CA,rail,0.001474
36762,BAKERSFIELD 4,35.3406,-119.093,CISO-PGAE,CA,road,0.008816
36763,BAKERSFIELD 5,35.303,-119.139,CISO-PGAE,CA,bldg,0.150079
36763,BAKERSFIELD 5,35.303,-119.139,CISO-PGAE,CA,ind,0.054591
36763,BAKERSFIELD 5,35.303,-119.139,CISO-PGAE,CA,rail,0.00103
36763,BAKERSFIELD 5,35.303,-119.139,CISO-PGAE,CA,road,0.006158
36764,PORT HUENEME,34.0396,-118.898,CISO-SCE,CA,bldg,0.142912
36764,PORT HUENEME,34.0396,-118.898,CISO-SCE,CA,ind,0.020792
36764,PORT HUENEME,34.0396,-118.898,CISO-SCE,CA,rail,1.3e-05
36764,PORT HUENEME,34.0396,-118.898,CISO-SCE,CA,road,0.004668
36765,SANTA PAULA 1,34.3705,-119.144,CISO-SCE,CA,bldg,0.099182
36765,SANTA PAULA 1,34.3705,-119.144,CISO-SCE,CA,ind,0.01443
36765,SANTA PAULA 1,34.3705,-119.144,CISO-SCE,CA,rail,9e-06
36765,SANTA PAULA 1,34.3705,-119.144,CISO-SCE,CA,road,0.00324
36766,SANTA PAULA 2,34.3312,-119.149,CISO-SCE,CA,bldg,0.099182
36766,SANTA PAULA 2,34.3312,-119.149,CISO-SCE,CA,ind,0.01443
36766,SANTA PAULA 2,34.3312,-119.149,CISO-SCE,CA,rail,9e-06
36766,SANTA PAULA 2,34.3312,-119.149,CISO-SCE,CA,road,0.00324
36767,CAMARILLO 1,34.2395,-119.158,CISO-SCE,CA,bldg,0.131694
36767,CAMARILLO 1,34.2395,-119.158,CISO-SCE,CA,ind,0.01916
36767,CAMARILLO 1,34.2395,-119.158,CISO-SCE,CA,rail,1.2e-05
36767,CAMARILLO 1,34.2395,-119.158,CISO-SCE,CA,road,0.004302
36768,CAMARILLO 2,34.2574,-119.0,CISO-SCE,CA,bldg,0.129679
36768,CAMARILLO 2,34.2574,-119.0,CISO-SCE,CA,ind,0.018867
36768,CAMARILLO 2,34.2574,-119.0,CISO-SCE,CA,rail,1.2e-05
36768,CAMARILLO 2,34.2574,-119.0,CISO-SCE,CA,road,0.004236
36769,BAKERSFIELD 6,35.4288,-119.039,CISO-PGAE,CA,bldg,0.154487
36769,BAKERSFIELD 6,35.4288,-119.039,CISO-PGAE,CA,ind,0.056194
36769,BAKERSFIELD 6,35.4288,-119.039,CISO-PGAE,CA,rail,0.00106
36769,BAKERSFIELD 6,35.4288,-119.039,CISO-PGAE,CA,road,0.006339
36770,BAKERSFIELD 7,35.3578,-118.978,CISO-PGAE,CA,bldg,0.154487
36770,BAKERSFIELD 7,35.3578,-118.978,CISO-PGAE,CA,ind,0.056194
36770,BAKERSFIELD 7,35.3578,-118.978,CISO-PGAE,CA,rail,0.00106
36770,BAKERSFIELD 7,35.3578,-118.978,CISO-PGAE,CA,road,0.006339
36771,BAKERSFIELD 8,35.1659,-118.968,CISO-PGAE,CA,bldg,0.115197
36771,BAKERSFIELD 8,35.1659,-118.968,CISO-PGAE,CA,ind,0.041902
36771,BAKERSFIELD 8,35.1659,-118.968,CISO-PGAE,CA,rail,0.00079
36771,BAKERSFIELD 8,35.1659,-118.968,CISO-PGAE,CA,road,0.004727
36772,BAKERSFIELD 9,35.1216,-119.02,CISO-PGAE,CA,bldg,0.115197
36772,BAKERSFIELD 9,35.1216,-119.02,CISO-PGAE,CA,ind,0.041902
36772,BAKERSFIELD 9,35.1216,-119.02,CISO-PGAE,CA,rail,0.00079
36772,BAKERSFIELD 9,35.1216,-119.02,CISO-PGAE,CA,road,0.004727
36773,FRAZIER PARK,34.8136,-118.993,CISO-SCE,CA,bldg,0.053638
36773,FRAZIER PARK,34.8136,-118.993,CISO-SCE,CA,ind,0.007804
36773,FRAZIER PARK,34.8136,-118.993,CISO-SCE,CA,rail,5e-06
36773,FRAZIER PARK,34.8136,-118.993,CISO-SCE,CA,road,0.001752
36774,BAKERSFIELD 10,35.3557,-119.03,CISO-PGAE,CA,bldg,0.128891
36774,BAKERSFIELD 10,35.3557,-119.03,CISO-PGAE,CA,ind,0.046883
36774,BAKERSFIELD 10,35.3557,-119.03,CISO-PGAE,CA,rail,0.000884
36774,BAKERSFIELD 10,35.3557,-119.03,CISO-PGAE,CA,road,0.005289
36775,BAKERSFIELD 11,35.3247,-118.935,CISO-PGAE,CA,bldg,0.128891
36775,BAKERSFIELD 11,35.3247,-118.935,CISO-PGAE,CA,ind,0.046883
36775,BAKERSFIELD 11,35.3247,-118.935,CISO-PGAE,CA,rail,0.000884
36775,BAKERSFIELD 11,35.3247,-118.935,CISO-PGAE,CA,road,0.005289
36776,CAMARILLO 3,34.1607,-119.01,CISO-SCE,CA,bldg,0.104657
36776,CAMARILLO 3,34.1607,-119.01,CISO-SCE,CA,ind,0.015226
36776,CAMARILLO 3,34.1607,-119.01,CISO-SCE,CA,rail,9e-06
36776,CAMARILLO 3,34.1607,-119.01,CISO-SCE,CA,road,0.003419
36777,CAMARILLO 4,34.1525,-118.921,CISO-SCE,CA,bldg,0.104657
36777,CAMARILLO 4,34.1525,-118.921,CISO-SCE,CA,ind,0.015226
36777,CAMARILLO 4,34.1525,-118.921,CISO-SCE,CA,rail,9e-06
36777,CAMARILLO 4,34.1525,-118.921,CISO-SCE,CA,road,0.003419
36778,BAKERSFIELD 12,35.3044,-118.982,CISO-PGAE,CA,bldg,0.099445
36778,BAKERSFIELD 12,35.3044,-118.982,CISO-PGAE,CA,ind,0.036172
36778,BAKERSFIELD 12,35.3044,-118.982,CISO-PGAE,CA,rail,0.000682
36778,BAKERSFIELD 12,35.3044,-118.982,CISO-PGAE,CA,road,0.004081
36779,BAKERSFIELD 13,35.358,-119.055,CISO-PGAE,CA,bldg,0.099445
36779,BAKERSFIELD 13,35.358,-119.055,CISO-PGAE,CA,ind,0.036172
36779,BAKERSFIELD 13,35.358,-119.055,CISO-PGAE,CA,rail,0.000682
36779,BAKERSFIELD 13,35.358,-119.055,CISO-PGAE,CA,road,0.004081
36780,NEWBURY PARK 1,34.1861,-118.961,CISO-SCE,CA,bldg,0.133844
36780,NEWBURY PARK 1,34.1861,-118.961,CISO-SCE,CA,ind,0.019472
36780,NEWBURY PARK 1,34.1861,-118.961,CISO-SCE,CA,rail,1.2e-05
36780,NEWBURY PARK 1,34.1861,-118.961,CISO-SCE,CA,road,0.004372
36781,NEWBURY PARK 2,34.1158,-118.977,CISO-SCE,CA,bldg,0.133844
36781,NEWBURY PARK 2,34.1158,-118.977,CISO-SCE,CA,ind,0.019472
36781,NEWBURY PARK 2,34.1158,-118.977,CISO-SCE,CA,rail,1.2e-05
36781,NEWBURY PARK 2,34.1158,-118.977,CISO-SCE,CA,road,0.004372
36782,BAKERSFIELD 14,35.303,-118.946,CISO-PGAE,CA,bldg,0.14573
36782,BAKERSFIELD 14,35.303,-118.946,CISO-PGAE,CA,ind,0.053008
36782,BAKERSFIELD 14,35.303,-118.946,CISO-PGAE,CA,rail,0.001
36782,BAKERSFIELD 14,35.303,-118.946,CISO-PGAE,CA,road,0.00598
36783,BAKERSFIELD 15,35.1617,-118.88,CISO-PGAE,CA,bldg,0.14573
36783,BAKERSFIELD 15,35.1617,-118.88,CISO-PGAE,CA,ind,0.053008
36783,BAKERSFIELD 15,35.1617,-118.88,CISO-PGAE,CA,rail,0.001
36783,BAKERSFIELD 15,35.1617,-118.88,CISO-PGAE,CA,road,0.00598
36784,BAKERSFIELD 16,35.1511,-119.011,CISO-PGAE,CA,bldg,0.14573
36784,BAKERSFIELD 16,35.1511,-119.011,CISO-PGAE,CA,ind,0.053008
36784,BAKERSFIELD 16,35.1511,-119.011,CISO-PGAE,CA,rail,0.001
36784,BAKERSFIELD 16,35.1511,-119.011,CISO-PGAE,CA,road,0.00598
36785,LAMONT,35.3531,-118.896,CISO-PGAE,CA,bldg,0.09251
36785,LAMONT,35.3531,-118.896,CISO-PGAE,CA,ind,0.03365
36785,LAMONT,35.3531,-118.896,CISO-PGAE,CA,rail,0.000635
36785,LAMONT,35.3531,-118.896,CISO-PGAE,CA,road,0.003796
36786,MOORPARK 1,34.3396,-118.944,CISO-SCE,CA,bldg,0.110098
36786,MOORPARK 1,34.3396,-118.944,CISO-SCE,CA,ind,0.016018
36786,MOORPARK 1,34.3396,-118.944,CISO-SCE,CA,rail,1e-05
36786,MOORPARK 1,34.3396,-118.944,CISO-SCE,CA,road,0.003596
36787,MOORPARK 2,34.379,-118.923,CISO-SCE,CA,bldg,0.110098
36787,MOORPARK 2,34.379,-118.923,CISO-SCE,CA,ind,0.016018
36787,MOORPARK 2,34.379,-118.923,CISO-SCE,CA,rail,1e-05
36787,MOORPARK 2,34.379,-118.923,CISO-SCE,CA,road,0.003596
36788,FILLMORE 1,34.4147,-118.983,CISO-SCE,CA,bldg,0.104791
36788,FILLMORE 1,34.4147,-118.983,CISO-SCE,CA,ind,0.015246
36788,FILLMORE 1,34.4147,-118.983,CISO-SCE,CA,rail,9e-06
36788,FILLMORE 1,34.4147,-118.983,CISO-SCE,CA,road,0.003423
36789,WESTLAKE VILLAGE,34.0901,-118.923,CISO-SCE,CA,bldg,0.123566
36789,WESTLAKE VILLAGE,34.0901,-118.923,CISO-SCE,CA,ind,0.017977
36789,WESTLAKE VILLAGE,34.0901,-118.923,CISO-SCE,CA,rail,1.1e-05
36789,WESTLAKE VILLAGE,34.0901,-118.923,CISO-SCE,CA,road,0.004036
36790,THOUSAND OAKS 1,34.1701,-118.804,CISO-SCE,CA,bldg,0.128168
36790,THOUSAND OAKS 1,34.1701,-118.804,CISO-SCE,CA,ind,0.018647
36790,THOUSAND OAKS 1,34.1701,-118.804,CISO-SCE,CA,rail,1.2e-05
36790,THOUSAND OAKS 1,34.1701,-118.804,CISO-SCE,CA,road,0.004187
36791,THOUSAND OAKS 2,34.1153,-118.796,CISO-SCE,CA,bldg,0.128168
36791,THOUSAND OAKS 2,34.1153,-118.796,CISO-SCE,CA,ind,0.018647
36791,THOUSAND OAKS 2,34.1153,-118.796,CISO-SCE,CA,rail,1.2e-05
36791,THOUSAND OAKS 2,34.1153,-118.796,CISO-SCE,CA,road,0.004187
36792,MALIBU,33.9891,-118.477,CISO-SCE,CA,bldg,0.109527
36792,MALIBU,33.9891,-118.477,CISO-SCE,CA,ind,0.00415
36792,MALIBU,33.9891,-118.477,CISO-SCE,CA,rail,1e-05
36792,MALIBU,33.9891,-118.477,CISO-SCE,CA,road,0.003578
36793,ARVIN,35.1537,-118.845,CISO-PGAE,CA,bldg,0.110759
36793,ARVIN,35.1537,-118.845,CISO-PGAE,CA,ind,0.040288
36793,ARVIN,35.1537,-118.845,CISO-PGAE,CA,rail,0.00076
36793,ARVIN,35.1537,-118.845,CISO-PGAE,CA,road,0.004545
36794,THOUSAND OAKS 3,34.2776,-118.894,CISO-SCE,CA,bldg,0.108956
36794,THOUSAND OAKS 3,34.2776,-118.894,CISO-SCE,CA,ind,0.015852
36794,THOUSAND OAKS 3,34.2776,-118.894,CISO-SCE,CA,rail,1e-05
36794,THOUSAND OAKS 3,34.2776,-118.894,CISO-SCE,CA,road,0.003559
36795,THOUSAND OAKS 4,34.2483,-118.726,CISO-SCE,CA,bldg,0.108956
36795,THOUSAND OAKS 4,34.2483,-118.726,CISO-SCE,CA,ind,0.015852
36795,THOUSAND OAKS 4,34.2483,-118.726,CISO-SCE,CA,rail,1e-05
36795,THOUSAND OAKS 4,34.2483,-118.726,CISO-SCE,CA,road,0.003559
36796,BAKERSFIELD 17,35.583,-118.794,CISO-SCE,CA,bldg,0.15853
36796,BAKERSFIELD 17,35.583,-118.794,CISO-SCE,CA,ind,0.023064
36796,BAKERSFIELD 17,35.583,-118.794,CISO-SCE,CA,rail,1.4e-05
36796,BAKERSFIELD 17,35.583,-118.794,CISO-SCE,CA,road,0.005179
36797,BAKERSFIELD 18,35.6351,-118.742,CISO-SCE,CA,bldg,0.160243
36797,BAKERSFIELD 18,35.6351,-118.742,CISO-SCE,CA,ind,0.023313
36797,BAKERSFIELD 18,35.6351,-118.742,CISO-SCE,CA,rail,1.4e-05
36797,BAKERSFIELD 18,35.6351,-118.742,CISO-SCE,CA,road,0.005235
36798,BAKERSFIELD 19,35.4092,-118.76,CISO-PGAE,CA,bldg,0.171943
36798,BAKERSFIELD 19,35.4092,-118.76,CISO-PGAE,CA,ind,0.062543
36798,BAKERSFIELD 19,35.4092,-118.76,CISO-PGAE,CA,rail,0.00118
36798,BAKERSFIELD 19,35.4092,-118.76,CISO-PGAE,CA,road,0.007056
36799,BAKERSFIELD 20,35.4572,-118.775,CISO-SCE,CA,bldg,0.195241
36799,BAKERSFIELD 20,35.4572,-118.775,CISO-SCE,CA,ind,0.028405
36799,BAKERSFIELD 20,35.4572,-118.775,CISO-SCE,CA,rail,1.8e-05
36799,BAKERSFIELD 20,35.4572,-118.775,CISO-SCE,CA,road,0.006378
36800,SIMI VALLEY 1,34.2174,-118.742,CISO-SCE,CA,bldg,0.219188
36800,SIMI VALLEY 1,34.2174,-118.742,CISO-SCE,CA,ind,0.031889
36800,SIMI VALLEY 1,34.2174,-118.742,CISO-SCE,CA,rail,2e-05
36800,SIMI VALLEY 1,34.2174,-118.742,CISO-SCE,CA,road,0.00716
36801,SIMI VALLEY 2,34.258,-118.735,CISO-SCE,CA,bldg,0.219188
36801,SIMI VALLEY 2,34.258,-118.735,CISO-SCE,CA,ind,0.031889
36801,SIMI VALLEY 2,34.258,-118.735,CISO-SCE,CA,rail,2e-05
36801,SIMI VALLEY 2,34.258,-118.735,CISO-SCE,CA,road,0.00716
36802,OAK PARK,34.086,-118.781,CISO-SCE,CA,bldg,0.083497
36802,OAK PARK,34.086,-118.781,CISO-SCE,CA,ind,0.012148
36802,OAK PARK,34.086,-118.781,CISO-SCE,CA,rail,7e-06
36802,OAK PARK,34.086,-118.781,CISO-SCE,CA,road,0.002728
36803,AGOURA HILLS 1,34.1528,-118.847,CISO-SCE,CA,bldg,0.077048
36803,AGOURA HILLS 1,34.1528,-118.847,CISO-SCE,CA,ind,0.011209
36803,AGOURA HILLS 1,34.1528,-118.847,CISO-SCE,CA,rail,7e-06
36803,AGOURA HILLS 1,34.1528,-118.847,CISO-SCE,CA,road,0.002517
36804,AGOURA HILLS 2,34.0605,-118.81,CISO-SCE,CA,bldg,0.077048
36804,AGOURA HILLS 2,34.0605,-118.81,CISO-SCE,CA,ind,0.011209
36804,AGOURA HILLS 2,34.0605,-118.81,CISO-SCE,CA,rail,7e-06
36804,AGOURA HILLS 2,34.0605,-118.81,CISO-SCE,CA,road,0.002517
36805,CASTAIC 1,34.4648,-118.63,CISO-SCE,CA,bldg,0.090248
36805,CASTAIC 1,34.4648,-118.63,CISO-SCE,CA,ind,0.01313
36805,CASTAIC 1,34.4648,-118.63,CISO-SCE,CA,rail,8e-06
36805,CASTAIC 1,34.4648,-118.63,CISO-SCE,CA,road,0.002948
36806,CASTAIC 2,34.6039,-118.682,CISO-SCE,CA,bldg,0.090248
36806,CASTAIC 2,34.6039,-118.682,CISO-SCE,CA,ind,0.01313
36806,CASTAIC 2,34.6039,-118.682,CISO-SCE,CA,rail,8e-06
36806,CASTAIC 2,34.6039,-118.682,CISO-SCE,CA,road,0.002948
36807,SIMI VALLEY 3,34.3543,-118.75,CISO-SCE,CA,bldg,0.176633
36807,SIMI VALLEY 3,34.3543,-118.75,CISO-SCE,CA,ind,0.025698
36807,SIMI VALLEY 3,34.3543,-118.75,CISO-SCE,CA,rail,1.6e-05
36807,SIMI VALLEY 3,34.3543,-118.75,CISO-SCE,CA,road,0.00577
36808,SIMI VALLEY 4,34.3744,-118.634,CISO-SCE,CA,bldg,0.251163
36808,SIMI VALLEY 4,34.3744,-118.634,CISO-SCE,CA,ind,0.036541
36808,SIMI VALLEY 4,34.3744,-118.634,CISO-SCE,CA,rail,2.3e-05
36808,SIMI VALLEY 4,34.3744,-118.634,CISO-SCE,CA,road,0.008205
36809,CALABASAS 1,34.1162,-118.726,CISO-SCE,CA,bldg,0.07772
36809,CALABASAS 1,34.1162,-118.726,CISO-SCE,CA,ind,0.011307
36809,CALABASAS 1,34.1162,-118.726,CISO-SCE,CA,rail,7e-06
36809,CALABASAS 1,34.1162,-118.726,CISO-SCE,CA,road,0.002539
36810,CALABASAS 2,34.1727,-118.702,CISO-SCE,CA,bldg,0.077955
36810,CALABASAS 2,34.1727,-118.702,CISO-SCE,CA,ind,0.011342
36810,CALABASAS 2,34.1727,-118.702,CISO-SCE,CA,rail,7e-06
36810,CALABASAS 2,34.1727,-118.702,CISO-SCE,CA,road,0.002547
36811,WEST HILLS,34.1597,-118.668,CISO-SCE,CA,bldg,0.14795
36811,WEST HILLS,34.1597,-118.668,CISO-SCE,CA,ind,0.021525
36811,WEST HILLS,34.1597,-118.668,CISO-SCE,CA,rail,1.3e-05
36811,WEST HILLS,34.1597,-118.668,CISO-SCE,CA,road,0.004833
36812,STEVENSON RANCH,34.4015,-118.548,CISO-SCE,CA,bldg,0.121853
36812,STEVENSON RANCH,34.4015,-118.548,CISO-SCE,CA,ind,0.017728
36812,STEVENSON RANCH,34.4015,-118.548,CISO-SCE,CA,rail,1.1e-05
36812,STEVENSON RANCH,34.4015,-118.548,CISO-SCE,CA,road,0.00398
36813,VALENCIA 1,34.4604,-118.673,CISO-SCE,CA,bldg,0.098544
36813,VALENCIA 1,34.4604,-118.673,CISO-SCE,CA,ind,0.014337
36813,VALENCIA 1,34.4604,-118.673,CISO-SCE,CA,rail,9e-06
36813,VALENCIA 1,34.4604,-118.673,CISO-SCE,CA,road,0.003219
36814,VALENCIA 2,34.3417,-118.619,CISO-SCE,CA,bldg,0.098544
36814,VALENCIA 2,34.3417,-118.619,CISO-SCE,CA,ind,0.014337
36814,VALENCIA 2,34.3417,-118.619,CISO-SCE,CA,rail,9e-06
36814,VALENCIA 2,34.3417,-118.619,CISO-SCE,CA,road,0.003219
36815,CANOGA PARK 1,34.184,-118.562,LDWP,CA,bldg,0.155041
36815,CANOGA PARK 1,34.184,-118.562,LDWP,CA,ind,0.006871
36815,CANOGA PARK 1,34.184,-118.562,LDWP,CA,rail,0.000817
36815,CANOGA PARK 1,34.184,-118.562,LDWP,CA,road,0.005204
36816,CANOGA PARK 2,34.2382,-118.703,CISO-SCE,CA,bldg,0.233026
36816,CANOGA PARK 2,34.2382,-118.703,CISO-SCE,CA,ind,0.033902
36816,CANOGA PARK 2,34.2382,-118.703,CISO-SCE,CA,rail,2.1e-05
36816,CANOGA PARK 2,34.2382,-118.703,CISO-SCE,CA,road,0.007612
36817,WOODLAND HILLS 1,34.1886,-118.587,LDWP,CA,bldg,0.121913
36817,WOODLAND HILLS 1,34.1886,-118.587,LDWP,CA,ind,0.005403
36817,WOODLAND HILLS 1,34.1886,-118.587,LDWP,CA,rail,0.000642
36817,WOODLAND HILLS 1,34.1886,-118.587,LDWP,CA,road,0.004092
36818,WOODLAND HILLS 2,34.1473,-118.697,CISO-SCE,CA,bldg,0.119401
36818,WOODLAND HILLS 2,34.1473,-118.697,CISO-SCE,CA,ind,0.017372
36818,WOODLAND HILLS 2,34.1473,-118.697,CISO-SCE,CA,rail,1.1e-05
36818,WOODLAND HILLS 2,34.1473,-118.697,CISO-SCE,CA,road,0.0039
36819,CHATSWORTH 1,34.3871,-118.528,CISO-SCE,CA,bldg,0.110501
36819,CHATSWORTH 1,34.3871,-118.528,CISO-SCE,CA,ind,0.016076
36819,CHATSWORTH 1,34.3871,-118.528,CISO-SCE,CA,rail,1e-05
36819,CHATSWORTH 1,34.3871,-118.528,CISO-SCE,CA,road,0.00361
36820,CHATSWORTH 2,34.3895,-118.635,CISO-SCE,CA,bldg,0.110501
36820,CHATSWORTH 2,34.3895,-118.635,CISO-SCE,CA,ind,0.016076
36820,CHATSWORTH 2,34.3895,-118.635,CISO-SCE,CA,rail,1e-05
36820,CHATSWORTH 2,34.3895,-118.635,CISO-SCE,CA,road,0.00361
36821,CANOGA PARK 3,34.1347,-118.554,LDWP,CA,bldg,0.082887
36821,CANOGA PARK 3,34.1347,-118.554,LDWP,CA,ind,0.003674
36821,CANOGA PARK 3,34.1347,-118.554,LDWP,CA,rail,0.000437
36821,CANOGA PARK 3,34.1347,-118.554,LDWP,CA,road,0.002782
36822,WOODLAND HILLS 3,34.0947,-118.531,LDWP,CA,bldg,0.079801
36822,WOODLAND HILLS 3,34.0947,-118.531,LDWP,CA,ind,0.003537
36822,WOODLAND HILLS 3,34.0947,-118.531,LDWP,CA,rail,0.00042
36822,WOODLAND HILLS 3,34.0947,-118.531,LDWP,CA,road,0.002679
36823,WOODLAND HILLS 4,34.1412,-118.628,CISO-SCE,CA,bldg,0.078157
36823,WOODLAND HILLS 4,34.1412,-118.628,CISO-SCE,CA,ind,0.011371
36823,WOODLAND HILLS 4,34.1412,-118.628,CISO-SCE,CA,rail,7e-06
36823,WOODLAND HILLS 4,34.1412,-118.628,CISO-SCE,CA,road,0.002553
36824,WINNETKA 1,34.2046,-118.67,CISO-SCE,CA,bldg,0.136195
36824,WINNETKA 1,34.2046,-118.67,CISO-SCE,CA,ind,0.019814
36824,WINNETKA 1,34.2046,-118.67,CISO-SCE,CA,rail,1.2e-05
36824,WINNETKA 1,34.2046,-118.67,CISO-SCE,CA,road,0.004449
36825,WINNETKA 2,34.2716,-118.619,LDWP,CA,bldg,0.155761
36825,WINNETKA 2,34.2716,-118.619,LDWP,CA,ind,0.006903
36825,WINNETKA 2,34.2716,-118.619,LDWP,CA,rail,0.00082
36825,WINNETKA 2,34.2716,-118.619,LDWP,CA,road,0.005229
36826,PORTER RANCH 1,34.2995,-118.644,CISO-SCE,CA,bldg,0.101903
36826,PORTER RANCH 1,34.2995,-118.644,CISO-SCE,CA,ind,0.014826
36826,PORTER RANCH 1,34.2995,-118.644,CISO-SCE,CA,rail,9e-06
36826,PORTER RANCH 1,34.2995,-118.644,CISO-SCE,CA,road,0.003329
36827,PORTER RANCH 2,34.3558,-118.533,CISO-SCE,CA,bldg,0.101903
36827,PORTER RANCH 2,34.3558,-118.533,CISO-SCE,CA,ind,0.014826
36827,PORTER RANCH 2,34.3558,-118.533,CISO-SCE,CA,rail,9e-06
36827,PORTER RANCH 2,34.3558,-118.533,CISO-SCE,CA,road,0.003329
36828,NORTHRIDGE 1,34.1432,-118.517,LDWP,CA,bldg,0.085391
36828,NORTHRIDGE 1,34.1432,-118.517,LDWP,CA,ind,0.003785
36828,NORTHRIDGE 1,34.1432,-118.517,LDWP,CA,rail,0.00045
36828,NORTHRIDGE 1,34.1432,-118.517,LDWP,CA,road,0.002866
36829,TARZANA 1,34.1652,-118.517,LDWP,CA,bldg,0.090912
36829,TARZANA 1,34.1652,-118.517,LDWP,CA,ind,0.004029
36829,TARZANA 1,34.1652,-118.517,LDWP,CA,rail,0.000479
36829,TARZANA 1,34.1652,-118.517,LDWP,CA,road,0.003052
36830,TARZANA 2,34.0945,-118.646,CISO-SCE,CA,bldg,0.089039
36830,TARZANA 2,34.0945,-118.646,CISO-SCE,CA,ind,0.012954
36830,TARZANA 2,34.0945,-118.646,CISO-SCE,CA,rail,8e-06
36830,TARZANA 2,34.0945,-118.646,CISO-SCE,CA,road,0.002909
36831,PACIFIC PALISADES,34.1763,-118.547,LDWP,CA,bldg,0.141872
36831,PACIFIC PALISADES,34.1763,-118.547,LDWP,CA,ind,0.006288
36831,PACIFIC PALISADES,34.1763,-118.547,LDWP,CA,rail,0.000747
36831,PACIFIC PALISADES,34.1763,-118.547,LDWP,CA,road,0.004762
36832,RESEDA 1,34.2424,-118.593,LDWP,CA,bldg,0.229526
36832,RESEDA 1,34.2424,-118.593,LDWP,CA,ind,0.010172
36832,RESEDA 1,34.2424,-118.593,LDWP,CA,rail,0.001209
36832,RESEDA 1,34.2424,-118.593,LDWP,CA,road,0.007705
36833,RESEDA 2,34.1927,-118.508,LDWP,CA,bldg,0.268827
36833,RESEDA 2,34.1927,-118.508,LDWP,CA,ind,0.011914
36833,RESEDA 2,34.1927,-118.508,LDWP,CA,rail,0.001416
36833,RESEDA 2,34.1927,-118.508,LDWP,CA,road,0.009024
36834,NORTHRIDGE 2,34.1654,-118.434,LDWP,CA,bldg,0.195713
36834,NORTHRIDGE 2,34.1654,-118.434,LDWP,CA,ind,0.008674
36834,NORTHRIDGE 2,34.1654,-118.434,LDWP,CA,rail,0.001031
36834,NORTHRIDGE 2,34.1654,-118.434,LDWP,CA,road,0.00657
36835,NORTHRIDGE 3,34.1727,-118.504,LDWP,CA,bldg,0.157921
36835,NORTHRIDGE 3,34.1727,-118.504,LDWP,CA,ind,0.006999
36835,NORTHRIDGE 3,34.1727,-118.504,LDWP,CA,rail,0.000832
36835,NORTHRIDGE 3,34.1727,-118.504,LDWP,CA,road,0.005301
36836,ENCINO 1,34.2028,-118.469,LDWP,CA,bldg,0.083024
36836,ENCINO 1,34.2028,-118.469,LDWP,CA,ind,0.00368
36836,ENCINO 1,34.2028,-118.469,LDWP,CA,rail,0.000437
36836,ENCINO 1,34.2028,-118.469,LDWP,CA,road,0.002787
36837,ENCINO 2,34.1114,-118.583,CISO-SCE,CA,bldg,0.081314
36837,ENCINO 2,34.1114,-118.583,CISO-SCE,CA,ind,0.01183
36837,ENCINO 2,34.1114,-118.583,CISO-SCE,CA,rail,7e-06
36837,ENCINO 2,34.1114,-118.583,CISO-SCE,CA,road,0.002656
36838,GRANADA HILLS 1,34.2482,-118.445,LDWP,CA,bldg,0.159705
36838,GRANADA HILLS 1,34.2482,-118.445,LDWP,CA,ind,0.007078
36838,GRANADA HILLS 1,34.2482,-118.445,LDWP,CA,rail,0.000841
36838,GRANADA HILLS 1,34.2482,-118.445,LDWP,CA,road,0.005361
36839,GRANADA HILLS 2,34.3861,-118.575,CISO-SCE,CA,bldg,0.243236
36839,GRANADA HILLS 2,34.3861,-118.575,CISO-SCE,CA,ind,0.035388
36839,GRANADA HILLS 2,34.3861,-118.575,CISO-SCE,CA,rail,2.2e-05
36839,GRANADA HILLS 2,34.3861,-118.575,CISO-SCE,CA,road,0.007946
36840,SANTA CLARITA 1,34.4106,-118.586,CISO-SCE,CA,bldg,0.100794
36840,SANTA CLARITA 1,34.4106,-118.586,CISO-SCE,CA,ind,0.014664
36840,SANTA CLARITA 1,34.4106,-118.586,CISO-SCE,CA,rail,9e-06
36840,SANTA CLARITA 1,34.4106,-118.586,CISO-SCE,CA,road,0.003293
36841,SANTA CLARITA 2,34.3715,-118.417,CISO-SCE,CA,bldg,0.100794
36841,SANTA CLARITA 2,34.3715,-118.417,CISO-SCE,CA,ind,0.014664
36841,SANTA CLARITA 2,34.3715,-118.417,CISO-SCE,CA,rail,9e-06
36841,SANTA CLARITA 2,34.3715,-118.417,CISO-SCE,CA,road,0.003293
36842,TEHACHAPI 1,35.1698,-118.593,CISO-SCE,CA,bldg,0.107747
36842,TEHACHAPI 1,35.1698,-118.593,CISO-SCE,CA,ind,0.015676
36842,TEHACHAPI 1,35.1698,-118.593,CISO-SCE,CA,rail,1e-05
36842,TEHACHAPI 1,35.1698,-118.593,CISO-SCE,CA,road,0.00352
36843,TEHACHAPI 2,35.1708,-118.426,CISO-SCE,CA,bldg,0.10469
36843,TEHACHAPI 2,35.1708,-118.426,CISO-SCE,CA,ind,0.015231
36843,TEHACHAPI 2,35.1708,-118.426,CISO-SCE,CA,rail,9e-06
36843,TEHACHAPI 2,35.1708,-118.426,CISO-SCE,CA,road,0.00342
36844,SANTA MONICA 1,33.9551,-118.405,LDWP,CA,bldg,0.151371
36844,SANTA MONICA 1,33.9551,-118.405,LDWP,CA,ind,0.006709
36844,SANTA MONICA 1,33.9551,-118.405,LDWP,CA,rail,0.000797
36844,SANTA MONICA 1,33.9551,-118.405,LDWP,CA,road,0.005081
36845,LOS ANGELES 1,34.1202,-118.47,LDWP,CA,bldg,0.109499
36845,LOS ANGELES 1,34.1202,-118.47,LDWP,CA,ind,0.004853
36845,LOS ANGELES 1,34.1202,-118.47,LDWP,CA,rail,0.000577
36845,LOS ANGELES 1,34.1202,-118.47,LDWP,CA,road,0.003676
36846,LOS ANGELES 2,34.0935,-118.57,LDWP,CA,bldg,0.109499
36846,LOS ANGELES 2,34.0935,-118.57,LDWP,CA,ind,0.004853
36846,LOS ANGELES 2,34.0935,-118.57,LDWP,CA,rail,0.000577
36846,LOS ANGELES 2,34.0935,-118.57,LDWP,CA,road,0.003676
36847,VAN NUYS 1,34.2502,-118.498,LDWP,CA,bldg,0.159122
36847,VAN NUYS 1,34.2502,-118.498,LDWP,CA,ind,0.007052
36847,VAN NUYS 1,34.2502,-118.498,LDWP,CA,rail,0.000838
36847,VAN NUYS 1,34.2502,-118.498,LDWP,CA,road,0.005341
36848,VAN NUYS 2,34.2928,-118.434,CISO-SCE,CA,bldg,0.155843
36848,VAN NUYS 2,34.2928,-118.434,CISO-SCE,CA,ind,0.022673
36848,VAN NUYS 2,34.2928,-118.434,CISO-SCE,CA,rail,1.4e-05
36848,VAN NUYS 2,34.2928,-118.434,CISO-SCE,CA,road,0.005091
36849,NEWHALL 1,34.2719,-118.45,LDWP,CA,bldg,0.107647
36849,NEWHALL 1,34.2719,-118.45,LDWP,CA,ind,0.004771
36849,NEWHALL 1,34.2719,-118.45,LDWP,CA,rail,0.000567
36849,NEWHALL 1,34.2719,-118.45,LDWP,CA,road,0.003614
36850,NEWHALL 2,34.3571,-118.453,CISO-SCE,CA,bldg,0.105429
36850,NEWHALL 2,34.3571,-118.453,CISO-SCE,CA,ind,0.015339
36850,NEWHALL 2,34.3571,-118.453,CISO-SCE,CA,rail,9e-06
36850,NEWHALL 2,34.3571,-118.453,CISO-SCE,CA,road,0.003444
36851,NORTH HILLS 1,34.3141,-118.557,CISO-SCE,CA,bldg,0.182142
36851,NORTH HILLS 1,34.3141,-118.557,CISO-SCE,CA,ind,0.026499
36851,NORTH HILLS 1,34.3141,-118.557,CISO-SCE,CA,rail,1.6e-05
36851,NORTH HILLS 1,34.3141,-118.557,CISO-SCE,CA,road,0.00595
36852,NORTH HILLS 2,34.198,-118.568,LDWP,CA,bldg,0.185973
36852,NORTH HILLS 2,34.198,-118.568,LDWP,CA,ind,0.008242
36852,NORTH HILLS 2,34.198,-118.568,LDWP,CA,rail,0.000979
36852,NORTH HILLS 2,34.198,-118.568,LDWP,CA,road,0.006243
36853,SANTA MONICA 2,34.1254,-118.412,LDWP,CA,bldg,0.131858
36853,SANTA MONICA 2,34.1254,-118.412,LDWP,CA,ind,0.005844
36853,SANTA MONICA 2,34.1254,-118.412,LDWP,CA,rail,0.000694
36853,SANTA MONICA 2,34.1254,-118.412,LDWP,CA,road,0.004426
36854,SANTA MONICA 3,33.9912,-118.395,CISO-SCE,CA,bldg,0.162796
36854,SANTA MONICA 3,33.9912,-118.395,CISO-SCE,CA,ind,0.023685
36854,SANTA MONICA 3,33.9912,-118.395,CISO-SCE,CA,rail,1.5e-05
36854,SANTA MONICA 3,33.9912,-118.395,CISO-SCE,CA,road,0.005318
36855,VENICE 1,33.9269,-118.401,CISO-SCE,CA,bldg,0.11873
36855,VENICE 1,33.9269,-118.401,CISO-SCE,CA,ind,0.017273
36855,VENICE 1,33.9269,-118.401,CISO-SCE,CA,rail,1.1e-05
36855,VENICE 1,33.9269,-118.401,CISO-SCE,CA,road,0.003878
36856,VENICE 2,34.0234,-118.514,LDWP,CA,bldg,0.087483
36856,VENICE 2,34.0234,-118.514,LDWP,CA,ind,0.014887
36856,VENICE 2,34.0234,-118.514,LDWP,CA,rail,0.000461
36856,VENICE 2,34.0234,-118.514,LDWP,CA,road,0.002937
36857,SHERMAN OAKS 1,34.2041,-118.369,LDWP,CA,bldg,0.144959
36857,SHERMAN OAKS 1,34.2041,-118.369,LDWP,CA,ind,0.006424
36857,SHERMAN OAKS 1,34.2041,-118.369,LDWP,CA,rail,0.000763
36857,SHERMAN OAKS 1,34.2041,-118.369,LDWP,CA,road,0.004866
36858,VAN NUYS 3,34.0824,-118.48,LDWP,CA,bldg,0.152023
36858,VAN NUYS 3,34.0824,-118.48,LDWP,CA,ind,0.006738
36858,VAN NUYS 3,34.0824,-118.48,LDWP,CA,rail,0.000801
36858,VAN NUYS 3,34.0824,-118.48,LDWP,CA,road,0.005103
36859,MARINA DEL REY,34.0604,-118.427,LDWP,CA,bldg,0.259636
36859,MARINA DEL REY,34.0604,-118.427,LDWP,CA,ind,0.011507
36859,MARINA DEL REY,34.0604,-118.427,LDWP,CA,rail,0.001367
36859,MARINA DEL REY,34.0604,-118.427,LDWP,CA,road,0.008715
36860,LAKE ISABELLA,35.6397,-118.49,CISO-SCE,CA,bldg,0.08605
36860,LAKE ISABELLA,35.6397,-118.49,CISO-SCE,CA,ind,0.012519
36860,LAKE ISABELLA,35.6397,-118.49,CISO-SCE,CA,rail,8e-06
36860,LAKE ISABELLA,35.6397,-118.49,CISO-SCE,CA,road,0.002811
36861,CANYON COUNTRY 1,34.4493,-118.409,CISO-SCE,CA,bldg,0.097839
36861,CANYON COUNTRY 1,34.4493,-118.409,CISO-SCE,CA,ind,0.014234
36861,CANYON COUNTRY 1,34.4493,-118.409,CISO-SCE,CA,rail,9e-06
36861,CANYON COUNTRY 1,34.4493,-118.409,CISO-SCE,CA,road,0.003196
36862,CANYON COUNTRY 2,34.4555,-118.49,CISO-SCE,CA,bldg,0.097839
36862,CANYON COUNTRY 2,34.4555,-118.49,CISO-SCE,CA,ind,0.014234
36862,CANYON COUNTRY 2,34.4555,-118.49,CISO-SCE,CA,rail,9e-06
36862,CANYON COUNTRY 2,34.4555,-118.49,CISO-SCE,CA,road,0.003196
36863,VAN NUYS 4,34.1966,-118.417,LDWP,CA,bldg,0.263374
36863,VAN NUYS 4,34.1966,-118.417,LDWP,CA,ind,0.011673
36863,VAN NUYS 4,34.1966,-118.417,LDWP,CA,rail,0.001387
36863,VAN NUYS 4,34.1966,-118.417,LDWP,CA,road,0.008841
36864,VAN NUYS 5,34.1766,-118.368,LDWP,CA,bldg,0.157853
36864,VAN NUYS 5,34.1766,-118.368,LDWP,CA,ind,0.006996
36864,VAN NUYS 5,34.1766,-118.368,LDWP,CA,rail,0.000831
36864,VAN NUYS 5,34.1766,-118.368,LDWP,CA,road,0.005299
36865,LOS ANGELES 3,34.0298,-118.353,LDWP,CA,bldg,0.130075
36865,LOS ANGELES 3,34.0298,-118.353,LDWP,CA,ind,0.005765
36865,LOS ANGELES 3,34.0298,-118.353,LDWP,CA,rail,0.000685
36865,LOS ANGELES 3,34.0298,-118.353,LDWP,CA,road,0.004366
36866,PANORAMA CITY 1,34.2178,-118.378,LDWP,CA,bldg,0.304183
36866,PANORAMA CITY 1,34.2178,-118.378,LDWP,CA,ind,0.013481
36866,PANORAMA CITY 1,34.2178,-118.378,LDWP,CA,rail,0.001602
36866,PANORAMA CITY 1,34.2178,-118.378,LDWP,CA,road,0.010211
36867,PANORAMA CITY 2,34.1798,-118.363,LDWP,CA,bldg,0.389368
36867,PANORAMA CITY 2,34.1798,-118.363,LDWP,CA,ind,0.017257
36867,PANORAMA CITY 2,34.1798,-118.363,LDWP,CA,rail,0.002051
36867,PANORAMA CITY 2,34.1798,-118.363,LDWP,CA,road,0.01307
36868,SAN FERNANDO,34.3106,-118.347,CISO-SCE,CA,bldg,0.103347
36868,SAN FERNANDO,34.3106,-118.347,CISO-SCE,CA,ind,0.015036
36868,SAN FERNANDO,34.3106,-118.347,CISO-SCE,CA,rail,9e-06
36868,SAN FERNANDO,34.3106,-118.347,CISO-SCE,CA,road,0.003376
36869,LOS ANGELES 4,34.0993,-118.382,LDWP,CA,bldg,0.146467
36869,LOS ANGELES 4,34.0993,-118.382,LDWP,CA,ind,0.006491
36869,LOS ANGELES 4,34.0993,-118.382,LDWP,CA,rail,0.000771
36869,LOS ANGELES 4,34.0993,-118.382,LDWP,CA,road,0.004917
36870,LOS ANGELES 5,33.9808,-118.414,CISO-SCE,CA,bldg,0.239475
36870,LOS ANGELES 5,33.9808,-118.414,CISO-SCE,CA,ind,0.03484
36870,LOS ANGELES 5,33.9808,-118.414,CISO-SCE,CA,rail,2.1e-05
36870,LOS ANGELES 5,33.9808,-118.414,CISO-SCE,CA,road,0.007823
36871,SHERMAN OAKS 2,34.0903,-118.463,LDWP,CA,bldg,0.095644
36871,SHERMAN OAKS 2,34.0903,-118.463,LDWP,CA,ind,0.004239
36871,SHERMAN OAKS 2,34.0903,-118.463,LDWP,CA,rail,0.000504
36871,SHERMAN OAKS 2,34.0903,-118.463,LDWP,CA,road,0.003211
36872,VAN NUYS 6,34.159,-118.46,LDWP,CA,bldg,0.121262
36872,VAN NUYS 6,34.159,-118.46,LDWP,CA,ind,0.005374
36872,VAN NUYS 6,34.159,-118.46,LDWP,CA,rail,0.000639
36872,VAN NUYS 6,34.159,-118.46,LDWP,CA,road,0.004071
36873,VAN NUYS 7,34.2609,-118.505,LDWP,CA,bldg,0.206652
36873,VAN NUYS 7,34.2609,-118.505,LDWP,CA,ind,0.009159
36873,VAN NUYS 7,34.2609,-118.505,LDWP,CA,rail,0.001088
36873,VAN NUYS 7,34.2609,-118.505,LDWP,CA,road,0.006937
36874,LOS ANGELES 6,34.0711,-118.507,LDWP,CA,bldg,0.212105
36874,LOS ANGELES 6,34.0711,-118.507,LDWP,CA,ind,0.0094
36874,LOS ANGELES 6,34.0711,-118.507,LDWP,CA,rail,0.001117
36874,LOS ANGELES 6,34.0711,-118.507,LDWP,CA,road,0.00712
36875,LOS ANGELES 7,33.948,-118.447,LDWP,CA,bldg,0.386247
36875,LOS ANGELES 7,33.948,-118.447,LDWP,CA,ind,0.017118
36875,LOS ANGELES 7,33.948,-118.447,LDWP,CA,rail,0.002034
36875,LOS ANGELES 7,33.948,-118.447,LDWP,CA,road,0.012966
36876,LOS ANGELES 8,33.9781,-118.337,CISO-SCE,CA,bldg,0.07678
36876,LOS ANGELES 8,33.9781,-118.337,CISO-SCE,CA,ind,0.01117
36876,LOS ANGELES 8,33.9781,-118.337,CISO-SCE,CA,rail,7e-06
36876,LOS ANGELES 8,33.9781,-118.337,CISO-SCE,CA,road,0.002508
36877,PACOIMA 1,34.2318,-118.432,LDWP,CA,bldg,0.299519
36877,PACOIMA 1,34.2318,-118.432,LDWP,CA,ind,0.013275
36877,PACOIMA 1,34.2318,-118.432,LDWP,CA,rail,0.001577
36877,PACOIMA 1,34.2318,-118.432,LDWP,CA,road,0.010054
36878,PACOIMA 2,34.2595,-118.375,LDWP,CA,bldg,0.21334
36878,PACOIMA 2,34.2595,-118.375,LDWP,CA,ind,0.009455
36878,PACOIMA 2,34.2595,-118.375,LDWP,CA,rail,0.001124
36878,PACOIMA 2,34.2595,-118.375,LDWP,CA,road,0.007161
36879,PACOIMA 3,34.3243,-118.352,CISO-SCE,CA,bldg,0.208944
36879,PACOIMA 3,34.3243,-118.352,CISO-SCE,CA,ind,0.030399
36879,PACOIMA 3,34.3243,-118.352,CISO-SCE,CA,rail,1.9e-05
36879,PACOIMA 3,34.3243,-118.352,CISO-SCE,CA,road,0.006825
36880,SANTA CLARITA 3,34.6415,-118.396,CISO-SCE,CA,bldg,0.119603
36880,SANTA CLARITA 3,34.6415,-118.396,CISO-SCE,CA,ind,0.017401
36880,SANTA CLARITA 3,34.6415,-118.396,CISO-SCE,CA,rail,1.1e-05
36880,SANTA CLARITA 3,34.6415,-118.396,CISO-SCE,CA,road,0.003907
36881,LOS ANGELES 9,33.8483,-118.391,CISO-SCE,CA,bldg,0.119334
36881,LOS ANGELES 9,33.8483,-118.391,CISO-SCE,CA,ind,0.017362
36881,LOS ANGELES 9,33.8483,-118.391,CISO-SCE,CA,rail,1.1e-05
36881,LOS ANGELES 9,33.8483,-118.391,CISO-SCE,CA,road,0.003898
36882,LOS ANGELES 10,34.017,-118.337,LDWP,CA,bldg,0.121845
36882,LOS ANGELES 10,34.017,-118.337,LDWP,CA,ind,0.0054
36882,LOS ANGELES 10,34.017,-118.337,LDWP,CA,rail,0.000642
36882,LOS ANGELES 10,34.017,-118.337,LDWP,CA,road,0.00409
36883,BEVERLY HILLS,34.0493,-118.353,LDWP,CA,bldg,0.13419
36883,BEVERLY HILLS,34.0493,-118.353,LDWP,CA,ind,0.005947
36883,BEVERLY HILLS,34.0493,-118.353,LDWP,CA,rail,0.000707
36883,BEVERLY HILLS,34.0493,-118.353,LDWP,CA,road,0.004505
36884,MANHATTAN BEACH,33.973,-118.368,CISO-SCE,CA,bldg,0.106202
36884,MANHATTAN BEACH,33.973,-118.368,CISO-SCE,CA,ind,0.015451
36884,MANHATTAN BEACH,33.973,-118.368,CISO-SCE,CA,rail,1e-05
36884,MANHATTAN BEACH,33.973,-118.368,CISO-SCE,CA,road,0.003469
36885,NORTH HOLLYWOOD 1,34.2292,-118.498,LDWP,CA,bldg,0.173902
36885,NORTH HOLLYWOOD 1,34.2292,-118.498,LDWP,CA,ind,0.007707
36885,NORTH HOLLYWOOD 1,34.2292,-118.498,LDWP,CA,phase1,0.042837
36885,NORTH HOLLYWOOD 1,34.2292,-118.498,LDWP,CA,rail,0.000916
36885,NORTH HOLLYWOOD 1,34.2292,-118.498,LDWP,CA,road,0.005838
36886,VALLEY VILLAGE,34.1107,-118.455,LDWP,CA,bldg,0.086179
36886,VALLEY VILLAGE,34.1107,-118.455,LDWP,CA,ind,0.003819
36886,VALLEY VILLAGE,34.1107,-118.455,LDWP,CA,rail,0.000454
36886,VALLEY VILLAGE,34.1107,-118.455,LDWP,CA,road,0.002893
36887,LOS ANGELES 11,34.056,-118.427,LDWP,CA,bldg,0.178909
36887,LOS ANGELES 11,34.056,-118.427,LDWP,CA,ind,0.007929
36887,LOS ANGELES 11,34.056,-118.427,LDWP,CA,rail,0.000942
36887,LOS ANGELES 11,34.056,-118.427,LDWP,CA,road,0.006006
36888,LOS ANGELES 12,34.0066,-118.3,LDWP,CA,bldg,0.178909
36888,LOS ANGELES 12,34.0066,-118.3,LDWP,CA,ind,0.007929
36888,LOS ANGELES 12,34.0066,-118.3,LDWP,CA,rail,0.000942
36888,LOS ANGELES 12,34.0066,-118.3,LDWP,CA,road,0.006006
36889,HERMOSA BEACH,33.7848,-118.345,CISO-SCE,CA,bldg,0.117924
36889,HERMOSA BEACH,33.7848,-118.345,CISO-SCE,CA,ind,0.017156
36889,HERMOSA BEACH,33.7848,-118.345,CISO-SCE,CA,rail,1.1e-05
36889,HERMOSA BEACH,33.7848,-118.345,CISO-SCE,CA,road,0.003852
36890,CULVER CITY 1,34.0648,-118.448,LDWP,CA,bldg,0.098045
36890,CULVER CITY 1,34.0648,-118.448,LDWP,CA,ind,0.004345
36890,CULVER CITY 1,34.0648,-118.448,LDWP,CA,rail,0.000516
36890,CULVER CITY 1,34.0648,-118.448,LDWP,CA,road,0.003291
36891,STUDIO CITY,34.2002,-118.396,LDWP,CA,bldg,0.089609
36891,STUDIO CITY,34.2002,-118.396,LDWP,CA,ind,0.003971
36891,STUDIO CITY,34.2002,-118.396,LDWP,CA,rail,0.000472
36891,STUDIO CITY,34.2002,-118.396,LDWP,CA,road,0.003008
36892,CULVER CITY 2,34.1075,-118.484,LDWP,CA,bldg,0.093518
36892,CULVER CITY 2,34.1075,-118.484,LDWP,CA,ind,0.004145
36892,CULVER CITY 2,34.1075,-118.484,LDWP,CA,rail,0.000493
36892,CULVER CITY 2,34.1075,-118.484,LDWP,CA,road,0.003139
36893,NORTH HOLLYWOOD 2,34.2729,-118.464,LDWP,CA,bldg,0.252949
36893,NORTH HOLLYWOOD 2,34.2729,-118.464,LDWP,CA,ind,0.01121
36893,NORTH HOLLYWOOD 2,34.2729,-118.464,LDWP,CA,rail,0.001332
36893,NORTH HOLLYWOOD 2,34.2729,-118.464,LDWP,CA,road,0.008491
36894,NORTH HOLLYWOOD 3,34.1147,-118.435,LDWP,CA,bldg,0.190809
36894,NORTH HOLLYWOOD 3,34.1147,-118.435,LDWP,CA,ind,0.008456
36894,NORTH HOLLYWOOD 3,34.1147,-118.435,LDWP,CA,rail,0.001005
36894,NORTH HOLLYWOOD 3,34.1147,-118.435,LDWP,CA,road,0.006405
36895,REDONDO BEACH 1,33.8345,-118.392,CISO-SCE,CA,bldg,0.106672
36895,REDONDO BEACH 1,33.8345,-118.392,CISO-SCE,CA,ind,0.015519
36895,REDONDO BEACH 1,33.8345,-118.392,CISO-SCE,CA,rail,1e-05
36895,REDONDO BEACH 1,33.8345,-118.392,CISO-SCE,CA,road,0.003485
36896,LOS ANGELES 13,33.9705,-118.462,CISO-SCE,CA,bldg,0.244882
36896,LOS ANGELES 13,33.9705,-118.462,CISO-SCE,CA,ind,0.009279
36896,LOS ANGELES 13,33.9705,-118.462,CISO-SCE,CA,rail,2.2e-05
36896,LOS ANGELES 13,33.9705,-118.462,CISO-SCE,CA,road,0.007999
36897,SYLMAR 1,34.2367,-118.336,LDWP,CA,bldg,0.188751
36897,SYLMAR 1,34.2367,-118.336,LDWP,CA,ind,0.008366
36897,SYLMAR 1,34.2367,-118.336,LDWP,CA,rail,0.000994
36897,SYLMAR 1,34.2367,-118.336,LDWP,CA,road,0.006336
36898,SYLMAR 2,34.3119,-118.286,CISO-SCE,CA,bldg,0.184862
36898,SYLMAR 2,34.3119,-118.286,CISO-SCE,CA,ind,0.026895
36898,SYLMAR 2,34.3119,-118.286,CISO-SCE,CA,rail,1.7e-05
36898,SYLMAR 2,34.3119,-118.286,CISO-SCE,CA,road,0.006039
36899,SYLMAR 3,34.4046,-118.344,CISO-SCE,CA,bldg,0.184862
36899,SYLMAR 3,34.4046,-118.344,CISO-SCE,CA,ind,0.026895
36899,SYLMAR 3,34.4046,-118.344,CISO-SCE,CA,rail,1.7e-05
36899,SYLMAR 3,34.4046,-118.344,CISO-SCE,CA,road,0.006039
36900,LOS ANGELES 14,34.0074,-118.333,LDWP,CA,bldg,0.248388
36900,LOS ANGELES 14,34.0074,-118.333,LDWP,CA,ind,0.011008
36900,LOS ANGELES 14,34.0074,-118.333,LDWP,CA,rail,0.001308
36900,LOS ANGELES 14,34.0074,-118.333,LDWP,CA,road,0.008338
36901,NORTH HOLLYWOOD 4,34.1254,-118.359,LDWP,CA,bldg,0.11478
36901,NORTH HOLLYWOOD 4,34.1254,-118.359,LDWP,CA,ind,0.005087
36901,NORTH HOLLYWOOD 4,34.1254,-118.359,LDWP,CA,rail,0.000604
36901,NORTH HOLLYWOOD 4,34.1254,-118.359,LDWP,CA,road,0.003853
36902,CANYON COUNTRY 3,34.315,-118.371,CISO-SCE,CA,bldg,0.12192
36902,CANYON COUNTRY 3,34.315,-118.371,CISO-SCE,CA,ind,0.017738
36902,CANYON COUNTRY 3,34.315,-118.371,CISO-SCE,CA,rail,1.1e-05
36902,CANYON COUNTRY 3,34.315,-118.371,CISO-SCE,CA,road,0.003983
36903,CANYON COUNTRY 4,34.428,-118.45,CISO-SCE,CA,bldg,0.12192
36903,CANYON COUNTRY 4,34.428,-118.45,CISO-SCE,CA,ind,0.017738
36903,CANYON COUNTRY 4,34.428,-118.45,CISO-SCE,CA,rail,1.1e-05
36903,CANYON COUNTRY 4,34.428,-118.45,CISO-SCE,CA,road,0.003983
36904,REDONDO BEACH 2,33.8173,-118.392,CISO-SCE,CA,bldg,0.121114
36904,REDONDO BEACH 2,33.8173,-118.392,CISO-SCE,CA,ind,0.017621
36904,REDONDO BEACH 2,33.8173,-118.392,CISO-SCE,CA,rail,1.1e-05
36904,REDONDO BEACH 2,33.8173,-118.392,CISO-SCE,CA,road,0.003956
36905,REDONDO BEACH 3,33.9378,-118.319,CISO-SCE,CA,bldg,0.121114
36905,REDONDO BEACH 3,33.9378,-118.319,CISO-SCE,CA,ind,0.017621
36905,REDONDO BEACH 3,33.9378,-118.319,CISO-SCE,CA,rail,1.1e-05
36905,REDONDO BEACH 3,33.9378,-118.319,CISO-SCE,CA,road,0.003956
36906,LANCASTER 1,34.8372,-118.374,CISO-SCE,CA,bldg,0.214385
36906,LANCASTER 1,34.8372,-118.374,CISO-SCE,CA,ind,0.03119
36906,LANCASTER 1,34.8372,-118.374,CISO-SCE,CA,rail,1.9e-05
36906,LANCASTER 1,34.8372,-118.374,CISO-SCE,CA,road,0.007003
36907,LANCASTER 2,34.7255,-118.377,CISO-SCE,CA,bldg,0.214385
36907,LANCASTER 2,34.7255,-118.377,CISO-SCE,CA,ind,0.03119
36907,LANCASTER 2,34.7255,-118.377,CISO-SCE,CA,rail,1.9e-05
36907,LANCASTER 2,34.7255,-118.377,CISO-SCE,CA,road,0.007003
36908,NORTH HOLLYWOOD 5,34.1115,-118.35,LDWP,CA,bldg,0.127709
36908,NORTH HOLLYWOOD 5,34.1115,-118.35,LDWP,CA,ind,0.00566
36908,NORTH HOLLYWOOD 5,34.1115,-118.35,LDWP,CA,rail,0.000673
36908,NORTH HOLLYWOOD 5,34.1115,-118.35,LDWP,CA,road,0.004287
36909,RANCHO PALOS VERDES,33.7377,-118.317,LDWP,CA,bldg,0.237962
36909,RANCHO PALOS VERDES,33.7377,-118.317,LDWP,CA,ind,0.010546
36909,RANCHO PALOS VERDES,33.7377,-118.317,LDWP,CA,rail,0.001253
36909,RANCHO PALOS VERDES,33.7377,-118.317,LDWP,CA,road,0.007988
36910,SUN VALLEY 1,34.3143,-118.333,CISO-SCE,CA,bldg,0.144524
36910,SUN VALLEY 1,34.3143,-118.333,CISO-SCE,CA,ind,0.021027
36910,SUN VALLEY 1,34.3143,-118.333,CISO-SCE,CA,rail,1.3e-05
36910,SUN VALLEY 1,34.3143,-118.333,CISO-SCE,CA,road,0.004721
36911,LOS ANGELES 15,34.1409,-118.337,LDWP,CA,bldg,0.23954
36911,LOS ANGELES 15,34.1409,-118.337,LDWP,CA,ind,0.010616
36911,LOS ANGELES 15,34.1409,-118.337,LDWP,CA,rail,0.001262
36911,LOS ANGELES 15,34.1409,-118.337,LDWP,CA,road,0.008041
36912,LOS ANGELES 16,34.1671,-118.374,LDWP,CA,bldg,0.297496
36912,LOS ANGELES 16,34.1671,-118.374,LDWP,CA,ind,0.013185
36912,LOS ANGELES 16,34.1671,-118.374,LDWP,CA,rail,0.001567
36912,LOS ANGELES 16,34.1671,-118.374,LDWP,CA,road,0.009986
36913,INGLEWOOD 1,33.9121,-118.339,CISO-SCE,CA,bldg,0.183888
36913,INGLEWOOD 1,33.9121,-118.339,CISO-SCE,CA,ind,0.026753
36913,INGLEWOOD 1,33.9121,-118.339,CISO-SCE,CA,rail,1.7e-05
36913,INGLEWOOD 1,33.9121,-118.339,CISO-SCE,CA,road,0.006007
36914,INGLEWOOD 2,33.8588,-118.334,CISO-SCE,CA,bldg,0.247502
36914,INGLEWOOD 2,33.8588,-118.334,CISO-SCE,CA,ind,0.036008
36914,INGLEWOOD 2,33.8588,-118.334,CISO-SCE,CA,rail,2.2e-05
36914,INGLEWOOD 2,33.8588,-118.334,CISO-SCE,CA,road,0.008085
36915,INGLEWOOD 3,33.9739,-118.397,LDWP,CA,bldg,0.090775
36915,INGLEWOOD 3,33.9739,-118.397,LDWP,CA,ind,0.004023
36915,INGLEWOOD 3,33.9739,-118.397,LDWP,CA,rail,0.000478
36915,INGLEWOOD 3,33.9739,-118.397,LDWP,CA,road,0.003047
36916,INGLEWOOD 4,33.9695,-118.446,CISO-SCE,CA,bldg,0.088904
36916,INGLEWOOD 4,33.9695,-118.446,CISO-SCE,CA,ind,0.012934
36916,INGLEWOOD 4,33.9695,-118.446,CISO-SCE,CA,rail,8e-06
36916,INGLEWOOD 4,33.9695,-118.446,CISO-SCE,CA,road,0.002904
36917,LOS ANGELES 17,34.0184,-118.428,LDWP,CA,bldg,0.15024
36917,LOS ANGELES 17,34.0184,-118.428,LDWP,CA,ind,0.006659
36917,LOS ANGELES 17,34.0184,-118.428,LDWP,CA,rail,0.000791
36917,LOS ANGELES 17,34.0184,-118.428,LDWP,CA,road,0.005043
36918,LOS ANGELES 18,34.0782,-118.28,LDWP,CA,bldg,0.146913
36918,LOS ANGELES 18,34.0782,-118.28,LDWP,CA,ind,0.006511
36918,LOS ANGELES 18,34.0782,-118.28,LDWP,CA,rail,0.000774
36918,LOS ANGELES 18,34.0782,-118.28,LDWP,CA,road,0.004932
36919,TORRANCE 1,33.8412,-118.311,CISO-SCE,CA,bldg,0.134146
36919,TORRANCE 1,33.8412,-118.311,CISO-SCE,CA,ind,0.019517
36919,TORRANCE 1,33.8412,-118.311,CISO-SCE,CA,rail,1.2e-05
36919,TORRANCE 1,33.8412,-118.311,CISO-SCE,CA,road,0.004382
36920,TORRANCE 2,33.7936,-118.332,CISO-SCE,CA,bldg,0.323173
36920,TORRANCE 2,33.7936,-118.332,CISO-SCE,CA,ind,0.047017
36920,TORRANCE 2,33.7936,-118.332,CISO-SCE,CA,rail,2.9e-05
36920,TORRANCE 2,33.7936,-118.332,CISO-SCE,CA,road,0.010557
36921,LAWNDALE 1,33.9517,-118.437,LDWP,CA,bldg,0.207578
36921,LAWNDALE 1,33.9517,-118.437,LDWP,CA,ind,0.0092
36921,LAWNDALE 1,33.9517,-118.437,LDWP,CA,rail,0.001093
36921,LAWNDALE 1,33.9517,-118.437,LDWP,CA,road,0.006968
36922,LAWNDALE 2,33.9003,-118.281,CISO-SCE,CA,bldg,0.195375
36922,LAWNDALE 2,33.9003,-118.281,CISO-SCE,CA,ind,0.028424
36922,LAWNDALE 2,33.9003,-118.281,CISO-SCE,CA,rail,1.8e-05
36922,LAWNDALE 2,33.9003,-118.281,CISO-SCE,CA,road,0.006382
36923,LOS ANGELES 19,34.0097,-118.37,CISO-SCE,CA,bldg,0.111441
36923,LOS ANGELES 19,34.0097,-118.37,CISO-SCE,CA,ind,0.016213
36923,LOS ANGELES 19,34.0097,-118.37,CISO-SCE,CA,rail,1e-05
36923,LOS ANGELES 19,34.0097,-118.37,CISO-SCE,CA,road,0.00364
36924,LOS ANGELES 20,34.0879,-118.414,CISO-SCE,CA,bldg,0.111441
36924,LOS ANGELES 20,34.0879,-118.414,CISO-SCE,CA,ind,0.016213
36924,LOS ANGELES 20,34.0879,-118.414,CISO-SCE,CA,rail,1e-05
36924,LOS ANGELES 20,34.0879,-118.414,CISO-SCE,CA,road,0.00364
36925,HAWTHORNE 1,33.9583,-118.276,LDWP,CA,bldg,0.191769
36925,HAWTHORNE 1,33.9583,-118.276,LDWP,CA,ind,0.008499
36925,HAWTHORNE 1,33.9583,-118.276,LDWP,CA,rail,0.00101
36925,HAWTHORNE 1,33.9583,-118.276,LDWP,CA,road,0.006437
36926,HAWTHORNE 2,34.0079,-118.292,LDWP,CA,bldg,0.191769
36926,HAWTHORNE 2,34.0079,-118.292,LDWP,CA,ind,0.008499
36926,HAWTHORNE 2,34.0079,-118.292,LDWP,CA,rail,0.00101
36926,HAWTHORNE 2,34.0079,-118.292,LDWP,CA,road,0.006437
36927,HAWTHORNE 3,33.8546,-118.399,CISO-SCE,CA,bldg,0.318337
36927,HAWTHORNE 3,33.8546,-118.399,CISO-SCE,CA,ind,0.046314
36927,HAWTHORNE 3,33.8546,-118.399,CISO-SCE,CA,rail,2.9e-05
36927,HAWTHORNE 3,33.8546,-118.399,CISO-SCE,CA,road,0.010399
36928,TORRANCE 3,33.8761,-118.409,CISO-SCE,CA,bldg,0.11087
36928,TORRANCE 3,33.8761,-118.409,CISO-SCE,CA,ind,0.01613
36928,TORRANCE 3,33.8761,-118.409,CISO-SCE,CA,rail,1e-05
36928,TORRANCE 3,33.8761,-118.409,CISO-SCE,CA,road,0.003622
36929,TORRANCE 4,33.7966,-118.287,LDWP,CA,bldg,0.195507
36929,TORRANCE 4,33.7966,-118.287,LDWP,CA,ind,0.008665
36929,TORRANCE 4,33.7966,-118.287,LDWP,CA,rail,0.00103
36929,TORRANCE 4,33.7966,-118.287,LDWP,CA,road,0.006563
36930,BURBANK 3,34.0947,-118.311,LDWP,CA,bldg,0.18299
36930,BURBANK 3,34.0947,-118.311,LDWP,CA,ind,0.00811
36930,BURBANK 3,34.0947,-118.311,LDWP,CA,rail,0.000964
36930,BURBANK 3,34.0947,-118.311,LDWP,CA,road,0.006143
36931,BURBANK 4,34.1262,-118.269,LDWP,CA,bldg,0.094993
36931,BURBANK 4,34.1262,-118.269,LDWP,CA,ind,0.00421
36931,BURBANK 4,34.1262,-118.269,LDWP,CA,rail,0.0005
36931,BURBANK 4,34.1262,-118.269,LDWP,CA,road,0.003189
36932,LOS ANGELES 21,34.0625,-118.371,LDWP,CA,bldg,0.09976
36932,LOS ANGELES 21,34.0625,-118.371,LDWP,CA,ind,0.004422
36932,LOS ANGELES 21,34.0625,-118.371,LDWP,CA,rail,0.000525
36932,LOS ANGELES 21,34.0625,-118.371,LDWP,CA,road,0.003349
36933,ROSAMOND 1,34.7917,-118.348,CISO-SCE,CA,bldg,0.11433
36933,ROSAMOND 1,34.7917,-118.348,CISO-SCE,CA,ind,0.016633
36933,ROSAMOND 1,34.7917,-118.348,CISO-SCE,CA,rail,1e-05
36933,ROSAMOND 1,34.7917,-118.348,CISO-SCE,CA,road,0.003735
36934,LOS ANGELES 22,33.9843,-118.428,LDWP,CA,bldg,0.198936
36934,LOS ANGELES 22,33.9843,-118.428,LDWP,CA,ind,0.008817
36934,LOS ANGELES 22,33.9843,-118.428,LDWP,CA,rail,0.001048
36934,LOS ANGELES 22,33.9843,-118.428,LDWP,CA,road,0.006678
36935,LOS ANGELES 23,34.1059,-118.294,LDWP,CA,bldg,0.313682
36935,LOS ANGELES 23,34.1059,-118.294,LDWP,CA,ind,0.013902
36935,LOS ANGELES 23,34.1059,-118.294,LDWP,CA,rail,0.001652
36935,LOS ANGELES 23,34.1059,-118.294,LDWP,CA,road,0.01053
36936,LOS ANGELES 24,33.9512,-118.353,CISO-SCE,CA,bldg,0.352024
36936,LOS ANGELES 24,33.9512,-118.353,CISO-SCE,CA,ind,0.051215
36936,LOS ANGELES 24,33.9512,-118.353,CISO-SCE,CA,rail,3.2e-05
36936,LOS ANGELES 24,33.9512,-118.353,CISO-SCE,CA,road,0.011499
36937,SUNLAND,34.2473,-118.286,LDWP,CA,bldg,0.195953
36937,SUNLAND,34.2473,-118.286,LDWP,CA,ind,0.008685
36937,SUNLAND,34.2473,-118.286,LDWP,CA,rail,0.001032
36937,SUNLAND,34.2473,-118.286,LDWP,CA,road,0.006578
36938,INGLEWOOD 5,33.9054,-118.305,CISO-SCE,CA,bldg,0.079131
36938,INGLEWOOD 5,33.9054,-118.305,CISO-SCE,CA,ind,0.011512
36938,INGLEWOOD 5,33.9054,-118.305,CISO-SCE,CA,rail,7e-06
36938,INGLEWOOD 5,33.9054,-118.305,CISO-SCE,CA,road,0.002585
36939,LOS ANGELES 25,34.0629,-118.293,LDWP,CA,bldg,0.137551
36939,LOS ANGELES 25,34.0629,-118.293,LDWP,CA,ind,0.006096
36939,LOS ANGELES 25,34.0629,-118.293,LDWP,CA,rail,0.000724
36939,LOS ANGELES 25,34.0629,-118.293,LDWP,CA,road,0.004617
36940,TORRANCE 5,33.902,-118.386,CISO-SCE,CA,bldg,0.097033
36940,TORRANCE 5,33.902,-118.386,CISO-SCE,CA,ind,0.014117
36940,TORRANCE 5,33.902,-118.386,CISO-SCE,CA,rail,9e-06
36940,TORRANCE 5,33.902,-118.386,CISO-SCE,CA,road,0.00317
36941,TORRANCE 6,33.9414,-118.299,CISO-SCE,CA,bldg,0.097033
36941,TORRANCE 6,33.9414,-118.299,CISO-SCE,CA,ind,0.014117
36941,TORRANCE 6,33.9414,-118.299,CISO-SCE,CA,rail,9e-06
36941,TORRANCE 6,33.9414,-118.299,CISO-SCE,CA,road,0.00317
36942,BURBANK 5,34.1421,-118.392,LDWP,CA,bldg,0.243209
36942,BURBANK 5,34.1421,-118.392,LDWP,CA,ind,0.010779
36942,BURBANK 5,34.1421,-118.392,LDWP,CA,rail,0.001281
36942,BURBANK 5,34.1421,-118.392,LDWP,CA,road,0.008164
36943,LOS ANGELES 26,34.0853,-118.395,CISO-SCE,CA,bldg,0.174215
36943,LOS ANGELES 26,34.0853,-118.395,CISO-SCE,CA,ind,0.025346
36943,LOS ANGELES 26,34.0853,-118.395,CISO-SCE,CA,rail,1.6e-05
36943,LOS ANGELES 26,34.0853,-118.395,CISO-SCE,CA,road,0.005691
36944,BURBANK 6,34.1917,-118.29,LDWP,CA,bldg,0.116701
36944,BURBANK 6,34.1917,-118.29,LDWP,CA,ind,0.005172
36944,BURBANK 6,34.1917,-118.29,LDWP,CA,rail,0.000615
36944,BURBANK 6,34.1917,-118.29,LDWP,CA,road,0.003917
36945,LOS ANGELES 27,34.0182,-118.368,LDWP,CA,bldg,0.152194
36945,LOS ANGELES 27,34.0182,-118.368,LDWP,CA,ind,0.006745
36945,LOS ANGELES 27,34.0182,-118.368,LDWP,CA,rail,0.000802
36945,LOS ANGELES 27,34.0182,-118.368,LDWP,CA,road,0.005109
36946,LOS ANGELES 28,34.0878,-118.262,LDWP,CA,bldg,0.152194
36946,LOS ANGELES 28,34.0878,-118.262,LDWP,CA,ind,0.006745
36946,LOS ANGELES 28,34.0878,-118.262,LDWP,CA,rail,0.000802
36946,LOS ANGELES 28,34.0878,-118.262,LDWP,CA,road,0.005109
36947,TORRANCE 7,33.808,-118.216,CISO-SCE,CA,bldg,0.130519
36947,TORRANCE 7,33.808,-118.216,CISO-SCE,CA,ind,0.018989
36947,TORRANCE 7,33.808,-118.216,CISO-SCE,CA,rail,1.2e-05
36947,TORRANCE 7,33.808,-118.216,CISO-SCE,CA,road,0.004264
36948,SAN PEDRO 1,33.8079,-118.242,CISO-SCE,CA,bldg,0.127664
36948,SAN PEDRO 1,33.8079,-118.242,CISO-SCE,CA,ind,0.018573
36948,SAN PEDRO 1,33.8079,-118.242,CISO-SCE,CA,rail,1.1e-05
36948,SAN PEDRO 1,33.8079,-118.242,CISO-SCE,CA,road,0.00417
36949,LOS ANGELES 29,34.0886,-118.383,CISO-SCE,CA,bldg,0.187952
36949,LOS ANGELES 29,34.0886,-118.383,CISO-SCE,CA,ind,0.027344
36949,LOS ANGELES 29,34.0886,-118.383,CISO-SCE,CA,rail,1.7e-05
36949,LOS ANGELES 29,34.0886,-118.383,CISO-SCE,CA,road,0.00614
36950,LOS ANGELES 30,34.0641,-118.356,LDWP,CA,bldg,0.191906
36950,LOS ANGELES 30,34.0641,-118.356,LDWP,CA,ind,0.008505
36950,LOS ANGELES 30,34.0641,-118.356,LDWP,CA,rail,0.001011
36950,LOS ANGELES 30,34.0641,-118.356,LDWP,CA,road,0.006442
36951,LOS ANGELES 31,34.0761,-118.229,LDWP,CA,bldg,0.265191
36951,LOS ANGELES 31,34.0761,-118.229,LDWP,CA,ind,0.011753
36951,LOS ANGELES 31,34.0761,-118.229,LDWP,CA,rail,0.001397
36951,LOS ANGELES 31,34.0761,-118.229,LDWP,CA,road,0.008902
36952,LOS ANGELES 32,33.9203,-118.314,CISO-SCE,CA,bldg,0.146943
36952,LOS ANGELES 32,33.9203,-118.314,CISO-SCE,CA,ind,0.021378
36952,LOS ANGELES 32,33.9203,-118.314,CISO-SCE,CA,rail,1.3e-05
36952,LOS ANGELES 32,33.9203,-118.314,CISO-SCE,CA,road,0.0048
36953,LOS ANGELES 33,34.0024,-118.251,LDWP,CA,bldg,0.150034
36953,LOS ANGELES 33,34.0024,-118.251,LDWP,CA,ind,0.006649
36953,LOS ANGELES 33,34.0024,-118.251,LDWP,CA,rail,0.00079
36953,LOS ANGELES 33,34.0024,-118.251,LDWP,CA,road,0.005036
36954,LOS ANGELES 34,33.986,-118.214,CISO-SCE,CA,bldg,0.113893
36954,LOS ANGELES 34,33.986,-118.214,CISO-SCE,CA,ind,0.01657
36954,LOS ANGELES 34,33.986,-118.214,CISO-SCE,CA,rail,1e-05
36954,LOS ANGELES 34,33.986,-118.214,CISO-SCE,CA,road,0.00372
36955,HARBOR CITY,33.8078,-118.31,CISO-SCE,CA,bldg,0.076948
36955,HARBOR CITY,33.8078,-118.31,CISO-SCE,CA,ind,0.011195
36955,HARBOR CITY,33.8078,-118.31,CISO-SCE,CA,rail,7e-06
36955,HARBOR CITY,33.8078,-118.31,CISO-SCE,CA,road,0.002514
36956,GARDENA 1,33.8889,-118.393,CISO-SCE,CA,bldg,0.14355
36956,GARDENA 1,33.8889,-118.393,CISO-SCE,CA,ind,0.020884
36956,GARDENA 1,33.8889,-118.393,CISO-SCE,CA,rail,1.3e-05
36956,GARDENA 1,33.8889,-118.393,CISO-SCE,CA,road,0.004689
36957,GARDENA 2,33.9804,-118.279,LDWP,CA,bldg,0.478051
36957,GARDENA 2,33.9804,-118.279,LDWP,CA,ind,0.021187
36957,GARDENA 2,33.9804,-118.279,LDWP,CA,rail,0.002518
36957,GARDENA 2,33.9804,-118.279,LDWP,CA,road,0.016047
36958,LOS ANGELES 35,34.1754,-118.2,LDWP,CA,bldg,0.139369
36958,LOS ANGELES 35,34.1754,-118.2,LDWP,CA,ind,0.006177
36958,LOS ANGELES 35,34.1754,-118.2,LDWP,CA,rail,0.000734
36958,LOS ANGELES 35,34.1754,-118.2,LDWP,CA,road,0.004678
36959,LOS ANGELES 36,34.1742,-118.274,LDWP,CA,bldg,0.224005
36959,LOS ANGELES 36,34.1742,-118.274,LDWP,CA,ind,0.009928
36959,LOS ANGELES 36,34.1742,-118.274,LDWP,CA,rail,0.00118
36959,LOS ANGELES 36,34.1742,-118.274,LDWP,CA,road,0.007519
36960,LOS ANGELES 37,34.1892,-118.317,LDWP,CA,bldg,0.119204
36960,LOS ANGELES 37,34.1892,-118.317,LDWP,CA,ind,0.005283
36960,LOS ANGELES 37,34.1892,-118.317,LDWP,CA,rail,0.000628
36960,LOS ANGELES 37,34.1892,-118.317,LDWP,CA,road,0.004001
36961,LOS ANGELES 38,34.0321,-118.392,LDWP,CA,bldg,0.134156
36961,LOS ANGELES 38,34.0321,-118.392,LDWP,CA,ind,0.005946
36961,LOS ANGELES 38,34.0321,-118.392,LDWP,CA,rail,0.000707
36961,LOS ANGELES 38,34.0321,-118.392,LDWP,CA,road,0.004503
36962,LOS ANGELES 39,33.9835,-118.299,LDWP,CA,bldg,0.369855
36962,LOS ANGELES 39,33.9835,-118.299,LDWP,CA,ind,0.016392
36962,LOS ANGELES 39,33.9835,-118.299,LDWP,CA,rail,0.001948
36962,LOS ANGELES 39,33.9835,-118.299,LDWP,CA,road,0.012415
36963,LOS ANGELES 40,33.9903,-118.366,CISO-SCE,CA,bldg,0.178917
36963,LOS ANGELES 40,33.9903,-118.366,CISO-SCE,CA,ind,0.02603
36963,LOS ANGELES 40,33.9903,-118.366,CISO-SCE,CA,rail,1.6e-05
36963,LOS ANGELES 40,33.9903,-118.366,CISO-SCE,CA,road,0.005845
36964,BURBANK 7,34.1515,-118.31,LDWP,CA,bldg,0.128703
36964,BURBANK 7,34.1515,-118.31,LDWP,CA,ind,0.005704
36964,BURBANK 7,34.1515,-118.31,LDWP,CA,rail,0.000678
36964,BURBANK 7,34.1515,-118.31,LDWP,CA,road,0.00432
36965,LOS ANGELES 41,34.049,-118.219,LDWP,CA,bldg,0.184739
36965,LOS ANGELES 41,34.049,-118.219,LDWP,CA,ind,0.008187
36965,LOS ANGELES 41,34.049,-118.219,LDWP,CA,rail,0.000973
36965,LOS ANGELES 41,34.049,-118.219,LDWP,CA,road,0.006201
36966,LOS ANGELES 42,34.0329,-118.267,LDWP,CA,bldg,0.227983
36966,LOS ANGELES 42,34.0329,-118.267,LDWP,CA,ind,0.010104
36966,LOS ANGELES 42,34.0329,-118.267,LDWP,CA,rail,0.001201
36966,LOS ANGELES 42,34.0329,-118.267,LDWP,CA,road,0.007653
36967,LOS ANGELES 43,33.9516,-118.319,CISO-SCE,CA,bldg,0.280148
36967,LOS ANGELES 43,33.9516,-118.319,CISO-SCE,CA,ind,0.040758
36967,LOS ANGELES 43,33.9516,-118.319,CISO-SCE,CA,rail,2.5e-05
36967,LOS ANGELES 43,33.9516,-118.319,CISO-SCE,CA,road,0.009151
36968,GLENDALE 1,34.0779,-118.19,LDWP,CA,bldg,0.140638
36968,GLENDALE 1,34.0779,-118.19,LDWP,CA,ind,0.006233
36968,GLENDALE 1,34.0779,-118.19,LDWP,CA,rail,0.000741
36968,GLENDALE 1,34.0779,-118.19,LDWP,CA,road,0.004721
36969,LOS ANGELES 44,34.0789,-118.271,LDWP,CA,bldg,0.192215
36969,LOS ANGELES 44,34.0789,-118.271,LDWP,CA,ind,0.008519
36969,LOS ANGELES 44,34.0789,-118.271,LDWP,CA,rail,0.001012
36969,LOS ANGELES 44,34.0789,-118.271,LDWP,CA,road,0.006452
36970,LOS ANGELES 45,33.9889,-118.376,CISO-SCE,CA,bldg,0.211228
36970,LOS ANGELES 45,33.9889,-118.376,CISO-SCE,CA,ind,0.030731
36970,LOS ANGELES 45,33.9889,-118.376,CISO-SCE,CA,rail,1.9e-05
36970,LOS ANGELES 45,33.9889,-118.376,CISO-SCE,CA,road,0.0069
36971,LOS ANGELES 46,33.9297,-118.348,CISO-SCE,CA,bldg,0.229902
36971,LOS ANGELES 46,33.9297,-118.348,CISO-SCE,CA,ind,0.033448
36971,LOS ANGELES 46,33.9297,-118.348,CISO-SCE,CA,rail,2.1e-05
36971,LOS ANGELES 46,33.9297,-118.348,CISO-SCE,CA,road,0.00751
36972,LOS ANGELES 47,33.9965,-118.212,CISO-SCE,CA,bldg,0.21771
36972,LOS ANGELES 47,33.9965,-118.212,CISO-SCE,CA,ind,0.031674
36972,LOS ANGELES 47,33.9965,-118.212,CISO-SCE,CA,rail,2e-05
36972,LOS ANGELES 47,33.9965,-118.212,CISO-SCE,CA,road,0.007112
36973,SAN PEDRO 2,33.7041,-118.258,LDWP,CA,bldg,0.184156
36973,SAN PEDRO 2,33.7041,-118.258,LDWP,CA,ind,0.008162
36973,SAN PEDRO 2,33.7041,-118.258,LDWP,CA,rail,0.00097
36973,SAN PEDRO 2,33.7041,-118.258,LDWP,CA,road,0.006182
36974,SAN PEDRO 3,33.8289,-118.334,CISO-SCE,CA,bldg,0.180362
36974,SAN PEDRO 3,33.8289,-118.334,CISO-SCE,CA,ind,0.02624
36974,SAN PEDRO 3,33.8289,-118.334,CISO-SCE,CA,rail,1.6e-05
36974,SAN PEDRO 3,33.8289,-118.334,CISO-SCE,CA,road,0.005892
36975,LOS ANGELES 48,34.116,-118.303,LDWP,CA,bldg,0.226577
36975,LOS ANGELES 48,34.116,-118.303,LDWP,CA,ind,0.010042
36975,LOS ANGELES 48,34.116,-118.303,LDWP,CA,rail,0.001193
36975,LOS ANGELES 48,34.116,-118.303,LDWP,CA,road,0.007606
36976,LOS ANGELES 49,33.954,-118.209,CISO-SCE,CA,bldg,0.354711
36976,LOS ANGELES 49,33.954,-118.209,CISO-SCE,CA,ind,0.051606
36976,LOS ANGELES 49,33.954,-118.209,CISO-SCE,CA,rail,3.2e-05
36976,LOS ANGELES 49,33.954,-118.209,CISO-SCE,CA,road,0.011587
36977,LOS ANGELES 50,33.9608,-118.219,CISO-SCE,CA,bldg,0.200312
36977,LOS ANGELES 50,33.9608,-118.219,CISO-SCE,CA,ind,0.029143
36977,LOS ANGELES 50,33.9608,-118.219,CISO-SCE,CA,rail,1.8e-05
36977,LOS ANGELES 50,33.9608,-118.219,CISO-SCE,CA,road,0.006543
36978,GLENDALE 2,34.1689,-118.337,LDWP,CA,bldg,0.140912
36978,GLENDALE 2,34.1689,-118.337,LDWP,CA,ind,0.006245
36978,GLENDALE 2,34.1689,-118.337,LDWP,CA,rail,0.000742
36978,GLENDALE 2,34.1689,-118.337,LDWP,CA,road,0.00473
36979,LOS ANGELES 51,34.0559,-118.178,CISO-SCE,CA,bldg,0.114766
36979,LOS ANGELES 51,34.0559,-118.178,CISO-SCE,CA,ind,0.016697
36979,LOS ANGELES 51,34.0559,-118.178,CISO-SCE,CA,rail,1e-05
36979,LOS ANGELES 51,34.0559,-118.178,CISO-SCE,CA,road,0.003749
36980,LOS ANGELES 52,34.0579,-118.359,LDWP,CA,bldg,0.218038
36980,LOS ANGELES 52,34.0579,-118.359,LDWP,CA,ind,0.009663
36980,LOS ANGELES 52,34.0579,-118.359,LDWP,CA,rail,0.001148
36980,LOS ANGELES 52,34.0579,-118.359,LDWP,CA,road,0.007319
36981,CARSON 2,33.7482,-118.187,CISO-SCE,CA,bldg,0.173073
36981,CARSON 2,33.7482,-118.187,CISO-SCE,CA,ind,0.02518
36981,CARSON 2,33.7482,-118.187,CISO-SCE,CA,rail,1.6e-05
36981,CARSON 2,33.7482,-118.187,CISO-SCE,CA,road,0.005654
36982,CARSON 3,33.7356,-118.294,LDWP,CA,bldg,0.176714
36982,CARSON 3,33.7356,-118.294,LDWP,CA,ind,0.007832
36982,CARSON 3,33.7356,-118.294,LDWP,CA,rail,0.000931
36982,CARSON 3,33.7356,-118.294,LDWP,CA,road,0.005932
36983,LOS ANGELES 53,34.0552,-118.228,LDWP,CA,bldg,0.209465
36983,LOS ANGELES 53,34.0552,-118.228,LDWP,CA,ind,0.009283
36983,LOS ANGELES 53,34.0552,-118.228,LDWP,CA,rail,0.001103
36983,LOS ANGELES 53,34.0552,-118.228,LDWP,CA,road,0.007031
36984,LOS ANGELES 54,34.1257,-118.325,LDWP,CA,bldg,0.274313
36984,LOS ANGELES 54,34.1257,-118.325,LDWP,CA,ind,0.012157
36984,LOS ANGELES 54,34.1257,-118.325,LDWP,CA,rail,0.001445
36984,LOS ANGELES 54,34.1257,-118.325,LDWP,CA,road,0.009208
36985,WILMINGTON 1,33.7747,-118.234,LDWP,CA,bldg,0.166083
36985,WILMINGTON 1,33.7747,-118.234,LDWP,CA,ind,0.007361
36985,WILMINGTON 1,33.7747,-118.234,LDWP,CA,rail,0.000875
36985,WILMINGTON 1,33.7747,-118.234,LDWP,CA,road,0.005575
36986,WILMINGTON 2,33.736,-118.259,CISO-SCE,CA,bldg,0.162661
36986,WILMINGTON 2,33.736,-118.259,CISO-SCE,CA,ind,0.023665
36986,WILMINGTON 2,33.736,-118.259,CISO-SCE,CA,rail,1.5e-05
36986,WILMINGTON 2,33.736,-118.259,CISO-SCE,CA,road,0.005314
36987,GLENDALE 3,34.1756,-118.18,CISO-SCE,CA,bldg,0.178817
36987,GLENDALE 3,34.1756,-118.18,CISO-SCE,CA,ind,0.026015
36987,GLENDALE 3,34.1756,-118.18,CISO-SCE,CA,rail,1.6e-05
36987,GLENDALE 3,34.1756,-118.18,CISO-SCE,CA,road,0.005841
36988,LOS ANGELES 55,34.1086,-118.187,LDWP,CA,bldg,0.087997
36988,LOS ANGELES 55,34.1086,-118.187,LDWP,CA,ind,0.0039
36988,LOS ANGELES 55,34.1086,-118.187,LDWP,CA,rail,0.000463
36988,LOS ANGELES 55,34.1086,-118.187,LDWP,CA,road,0.002954
36989,LOS ANGELES 56,34.0815,-118.244,LDWP,CA,bldg,0.213786
36989,LOS ANGELES 56,34.0815,-118.244,LDWP,CA,ind,0.009475
36989,LOS ANGELES 56,34.0815,-118.244,LDWP,CA,rail,0.001126
36989,LOS ANGELES 56,34.0815,-118.244,LDWP,CA,road,0.007176
36990,LOS ANGELES 57,34.0202,-118.299,LDWP,CA,bldg,0.213786
36990,LOS ANGELES 57,34.0202,-118.299,LDWP,CA,ind,0.009475
36990,LOS ANGELES 57,34.0202,-118.299,LDWP,CA,rail,0.001126
36990,LOS ANGELES 57,34.0202,-118.299,LDWP,CA,road,0.007176
36991,LOS ANGELES 58,33.9557,-118.344,CISO-SCE,CA,bldg,0.209381
36991,LOS ANGELES 58,33.9557,-118.344,CISO-SCE,CA,ind,0.030462
36991,LOS ANGELES 58,33.9557,-118.344,CISO-SCE,CA,rail,1.9e-05
36991,LOS ANGELES 58,33.9557,-118.344,CISO-SCE,CA,road,0.00684
36992,CARSON 4,33.8802,-118.177,CISO-SCE,CA,bldg,0.07856
36992,CARSON 4,33.8802,-118.177,CISO-SCE,CA,ind,0.011429
36992,CARSON 4,33.8802,-118.177,CISO-SCE,CA,rail,7e-06
36992,CARSON 4,33.8802,-118.177,CISO-SCE,CA,road,0.002566
36993,LOS ANGELES 59,33.8298,-118.291,CISO-SCE,CA,bldg,0.123801
36993,LOS ANGELES 59,33.8298,-118.291,CISO-SCE,CA,ind,0.018012
36993,LOS ANGELES 59,33.8298,-118.291,CISO-SCE,CA,rail,1.1e-05
36993,LOS ANGELES 59,33.8298,-118.291,CISO-SCE,CA,road,0.004044
36994,LOS ANGELES 60,34.0056,-118.151,CISO-SCE,CA,bldg,0.172637
36994,LOS ANGELES 60,34.0056,-118.151,CISO-SCE,CA,ind,0.025116
36994,LOS ANGELES 60,34.0056,-118.151,CISO-SCE,CA,rail,1.5e-05
36994,LOS ANGELES 60,34.0056,-118.151,CISO-SCE,CA,road,0.005639
36995,LA CRESCENTA,34.3237,-118.161,CISO-SCE,CA,bldg,0.091759
36995,LA CRESCENTA,34.3237,-118.161,CISO-SCE,CA,ind,0.01335
36995,LA CRESCENTA,34.3237,-118.161,CISO-SCE,CA,rail,8e-06
36995,LA CRESCENTA,34.3237,-118.161,CISO-SCE,CA,road,0.002997
36996,LOS ANGELES 61,33.8541,-118.247,CISO-SCE,CA,bldg,0.233395
36996,LOS ANGELES 61,33.8541,-118.247,CISO-SCE,CA,ind,0.033956
36996,LOS ANGELES 61,33.8541,-118.247,CISO-SCE,CA,phase1,0.055382
36996,LOS ANGELES 61,33.8541,-118.247,CISO-SCE,CA,rail,2.1e-05
36996,LOS ANGELES 61,33.8541,-118.247,CISO-SCE,CA,road,0.007624
36997,LOS ANGELES 62,33.9304,-118.223,CISO-SCE,CA,bldg,0.154836
36997,LOS ANGELES 62,33.9304,-118.223,CISO-SCE,CA,ind,0.022526
36997,LOS ANGELES 62,33.9304,-118.223,CISO-SCE,CA,rail,1.4e-05
36997,LOS ANGELES 62,33.9304,-118.223,CISO-SCE,CA,road,0.005058
36998,GLENDALE 4,34.2347,-118.234,CISO-SCE,CA,bldg,0.114296
36998,GLENDALE 4,34.2347,-118.234,CISO-SCE,CA,ind,0.016629
36998,GLENDALE 4,34.2347,-118.234,CISO-SCE,CA,rail,1e-05
36998,GLENDALE 4,34.2347,-118.234,CISO-SCE,CA,road,0.003734
36999,GLENDALE 5,34.0431,-118.178,CISO-SCE,CA,bldg,0.114296
36999,GLENDALE 5,34.0431,-118.178,CISO-SCE,CA,ind,0.016629
36999,GLENDALE 5,34.0431,-118.178,CISO-SCE,CA,rail,1e-05
36999,GLENDALE 5,34.0431,-118.178,CISO-SCE,CA,road,0.003734
37000,PALMDALE 1,34.5878,-118.302,CISO-SCE,CA,bldg,0.153559
37000,PALMDALE 1,34.5878,-118.302,CISO-SCE,CA,ind,0.022341
37000,PALMDALE 1,34.5878,-118.302,CISO-SCE,CA,rail,1.4e-05
37000,PALMDALE 1,34.5878,-118.302,CISO-SCE,CA,road,0.005016
37001,PALMDALE 2,34.6304,-118.335,CISO-SCE,CA,bldg,0.153559
37001,PALMDALE 2,34.6304,-118.335,CISO-SCE,CA,ind,0.022341
37001,PALMDALE 2,34.6304,-118.335,CISO-SCE,CA,rail,1.4e-05
37001,PALMDALE 2,34.6304,-118.335,CISO-SCE,CA,road,0.005016
37002,LOS ANGELES 63,34.0225,-118.223,LDWP,CA,bldg,0.189574
37002,LOS ANGELES 63,34.0225,-118.223,LDWP,CA,ind,0.008402
37002,LOS ANGELES 63,34.0225,-118.223,LDWP,CA,phase1,0.062428
37002,LOS ANGELES 63,34.0225,-118.223,LDWP,CA,rail,0.000998
37002,LOS ANGELES 63,34.0225,-118.223,LDWP,CA,road,0.006364
37003,TUJUNGA 1,34.3016,-118.211,CISO-SCE,CA,bldg,0.083396
37003,TUJUNGA 1,34.3016,-118.211,CISO-SCE,CA,ind,0.012133
37003,TUJUNGA 1,34.3016,-118.211,CISO-SCE,CA,rail,7e-06
37003,TUJUNGA 1,34.3016,-118.211,CISO-SCE,CA,road,0.002724
37004,TUJUNGA 2,34.3748,-118.288,CISO-SCE,CA,bldg,0.083396
37004,TUJUNGA 2,34.3748,-118.288,CISO-SCE,CA,ind,0.012133
37004,TUJUNGA 2,34.3748,-118.288,CISO-SCE,CA,rail,7e-06
37004,TUJUNGA 2,34.3748,-118.288,CISO-SCE,CA,road,0.002724
37005,COMPTON 1,33.965,-118.312,LDWP,CA,bldg,0.098354
37005,COMPTON 1,33.965,-118.312,LDWP,CA,ind,0.004359
37005,COMPTON 1,33.965,-118.312,LDWP,CA,rail,0.000518
37005,COMPTON 1,33.965,-118.312,LDWP,CA,road,0.003302
37006,COMPTON 2,33.9513,-118.174,CISO-SCE,CA,bldg,0.149126
37006,COMPTON 2,33.9513,-118.174,CISO-SCE,CA,ind,0.021696
37006,COMPTON 2,33.9513,-118.174,CISO-SCE,CA,rail,1.3e-05
37006,COMPTON 2,33.9513,-118.174,CISO-SCE,CA,road,0.004871
37007,COMPTON 3,33.803,-118.137,CISO-SCE,CA,bldg,0.149126
37007,COMPTON 3,33.803,-118.137,CISO-SCE,CA,ind,0.021696
37007,COMPTON 3,33.803,-118.137,CISO-SCE,CA,rail,1.3e-05
37007,COMPTON 3,33.803,-118.137,CISO-SCE,CA,road,0.004871
37008,LOS ANGELES 64,34.1902,-118.13,CISO-SCE,CA,bldg,0.18849
37008,LOS ANGELES 64,34.1902,-118.13,CISO-SCE,CA,ind,0.027423
37008,LOS ANGELES 64,34.1902,-118.13,CISO-SCE,CA,rail,1.7e-05
37008,LOS ANGELES 64,34.1902,-118.13,CISO-SCE,CA,road,0.006157
37009,LOS ANGELES 65,34.1245,-118.213,LDWP,CA,bldg,0.1405
37009,LOS ANGELES 65,34.1245,-118.213,LDWP,CA,ind,0.006227
37009,LOS ANGELES 65,34.1245,-118.213,LDWP,CA,rail,0.00074
37009,LOS ANGELES 65,34.1245,-118.213,LDWP,CA,road,0.004716
37010,LONG BEACH 2,33.7947,-118.273,LDWP,CA,bldg,0.191186
37010,LONG BEACH 2,33.7947,-118.273,LDWP,CA,ind,0.008473
37010,LONG BEACH 2,33.7947,-118.273,LDWP,CA,rail,0.001007
37010,LONG BEACH 2,33.7947,-118.273,LDWP,CA,road,0.006418
37011,LONG BEACH 3,33.7679,-118.293,LDWP,CA,bldg,0.191186
37011,LONG BEACH 3,33.7679,-118.293,LDWP,CA,ind,0.008473
37011,LONG BEACH 3,33.7679,-118.293,LDWP,CA,rail,0.001007
37011,LONG BEACH 3,33.7679,-118.293,LDWP,CA,road,0.006418
37012,ACTON,34.4233,-118.223,CISO-SCE,CA,bldg,0.048332
37012,ACTON,34.4233,-118.223,CISO-SCE,CA,ind,0.007031
37012,ACTON,34.4233,-118.223,CISO-SCE,CA,rail,4e-06
37012,ACTON,34.4233,-118.223,CISO-SCE,CA,road,0.001579
37013,HUNTINGTON PARK 1,33.9411,-118.258,LDWP,CA,bldg,0.154458
37013,HUNTINGTON PARK 1,33.9411,-118.258,LDWP,CA,ind,0.006845
37013,HUNTINGTON PARK 1,33.9411,-118.258,LDWP,CA,rail,0.000813
37013,HUNTINGTON PARK 1,33.9411,-118.258,LDWP,CA,road,0.005185
37014,HUNTINGTON PARK 2,33.9452,-118.227,CISO-SCE,CA,bldg,0.151275
37014,HUNTINGTON PARK 2,33.9452,-118.227,CISO-SCE,CA,ind,0.022009
37014,HUNTINGTON PARK 2,33.9452,-118.227,CISO-SCE,CA,rail,1.4e-05
37014,HUNTINGTON PARK 2,33.9452,-118.227,CISO-SCE,CA,road,0.004942
37015,HUNTINGTON PARK 3,33.9108,-118.162,CISO-SCE,CA,bldg,0.170756
37015,HUNTINGTON PARK 3,33.9108,-118.162,CISO-SCE,CA,ind,0.024843
37015,HUNTINGTON PARK 3,33.9108,-118.162,CISO-SCE,CA,rail,1.5e-05
37015,HUNTINGTON PARK 3,33.9108,-118.162,CISO-SCE,CA,road,0.005578
37016,GLENDALE 6,34.2182,-118.301,LDWP,CA,bldg,0.102057
37016,GLENDALE 6,34.2182,-118.301,LDWP,CA,ind,0.004523
37016,GLENDALE 6,34.2182,-118.301,LDWP,CA,rail,0.000537
37016,GLENDALE 6,34.2182,-118.301,LDWP,CA,road,0.003426
37017,GLENDALE 7,34.1987,-118.257,LDWP,CA,bldg,0.103018
37017,GLENDALE 7,34.1987,-118.257,LDWP,CA,ind,0.004566
37017,GLENDALE 7,34.1987,-118.257,LDWP,CA,rail,0.000543
37017,GLENDALE 7,34.1987,-118.257,LDWP,CA,road,0.003458
37018,LOS ANGELES 66,34.1316,-118.302,LDWP,CA,bldg,0.150788
37018,LOS ANGELES 66,34.1316,-118.302,LDWP,CA,ind,0.006683
37018,LOS ANGELES 66,34.1316,-118.302,LDWP,CA,rail,0.000794
37018,LOS ANGELES 66,34.1316,-118.302,LDWP,CA,road,0.005062
37019,LOS ANGELES 67,34.0625,-118.23,LDWP,CA,bldg,0.150788
37019,LOS ANGELES 67,34.0625,-118.23,LDWP,CA,ind,0.006683
37019,LOS ANGELES 67,34.0625,-118.23,LDWP,CA,rail,0.000794
37019,LOS ANGELES 67,34.0625,-118.23,LDWP,CA,road,0.005062
37020,LONG BEACH 4,33.7552,-118.202,CISO-SCE,CA,bldg,0.22782
37020,LONG BEACH 4,33.7552,-118.202,CISO-SCE,CA,ind,0.033145
37020,LONG BEACH 4,33.7552,-118.202,CISO-SCE,CA,rail,2e-05
37020,LONG BEACH 4,33.7552,-118.202,CISO-SCE,CA,road,0.007442
37021,LONG BEACH 5,33.8253,-118.126,CISO-SCE,CA,bldg,0.118931
37021,LONG BEACH 5,33.8253,-118.126,CISO-SCE,CA,ind,0.017303
37021,LONG BEACH 5,33.8253,-118.126,CISO-SCE,CA,rail,1.1e-05
37021,LONG BEACH 5,33.8253,-118.126,CISO-SCE,CA,road,0.003885
37022,LOS ANGELES 68,34.079,-118.218,LDWP,CA,bldg,0.205829
37022,LOS ANGELES 68,34.079,-118.218,LDWP,CA,ind,0.009122
37022,LOS ANGELES 68,34.079,-118.218,LDWP,CA,rail,0.001084
37022,LOS ANGELES 68,34.079,-118.218,LDWP,CA,road,0.006909
37023,LOS ANGELES 69,34.1043,-118.204,LDWP,CA,bldg,0.12133
37023,LOS ANGELES 69,34.1043,-118.204,LDWP,CA,ind,0.005378
37023,LOS ANGELES 69,34.1043,-118.204,LDWP,CA,rail,0.000639
37023,LOS ANGELES 69,34.1043,-118.204,LDWP,CA,road,0.004073
37024,COMPTON 4,33.9622,-118.21,CISO-SCE,CA,bldg,0.162325
37024,COMPTON 4,33.9622,-118.21,CISO-SCE,CA,ind,0.023616
37024,COMPTON 4,33.9622,-118.21,CISO-SCE,CA,rail,1.5e-05
37024,COMPTON 4,33.9622,-118.21,CISO-SCE,CA,road,0.005303
37025,COMPTON 5,33.7881,-118.251,LDWP,CA,bldg,0.16574
37025,COMPTON 5,33.7881,-118.251,LDWP,CA,ind,0.007345
37025,COMPTON 5,33.7881,-118.251,LDWP,CA,rail,0.000873
37025,COMPTON 5,33.7881,-118.251,LDWP,CA,road,0.005564
37026,LA CANADA FLINTRIDGE,34.2199,-118.202,CISO-SCE,CA,bldg,0.122592
37026,LA CANADA FLINTRIDGE,34.2199,-118.202,CISO-SCE,CA,ind,0.017835
37026,LA CANADA FLINTRIDGE,34.2199,-118.202,CISO-SCE,CA,rail,1.1e-05
37026,LA CANADA FLINTRIDGE,34.2199,-118.202,CISO-SCE,CA,road,0.004005
37027,LYNWOOD 1,33.9681,-118.234,CISO-SCE,CA,bldg,0.210825
37027,LYNWOOD 1,33.9681,-118.234,CISO-SCE,CA,ind,0.030672
37027,LYNWOOD 1,33.9681,-118.234,CISO-SCE,CA,rail,1.9e-05
37027,LYNWOOD 1,33.9681,-118.234,CISO-SCE,CA,road,0.006887
37028,LYNWOOD 2,33.9525,-118.154,CISO-SCE,CA,bldg,0.210825
37028,LYNWOOD 2,33.9525,-118.154,CISO-SCE,CA,ind,0.030672
37028,LYNWOOD 2,33.9525,-118.154,CISO-SCE,CA,rail,1.9e-05
37028,LYNWOOD 2,33.9525,-118.154,CISO-SCE,CA,road,0.006887
37029,LOS ANGELES 70,33.9598,-118.164,CISO-SCE,CA,bldg,0.262549
37029,LOS ANGELES 70,33.9598,-118.164,CISO-SCE,CA,ind,0.038197
37029,LOS ANGELES 70,33.9598,-118.164,CISO-SCE,CA,rail,2.4e-05
37029,LOS ANGELES 70,33.9598,-118.164,CISO-SCE,CA,road,0.008576
37030,LOS ANGELES 71,34.0966,-118.178,LDWP,CA,bldg,0.141666
37030,LOS ANGELES 71,34.0966,-118.178,LDWP,CA,ind,0.006278
37030,LOS ANGELES 71,34.0966,-118.178,LDWP,CA,rail,0.000746
37030,LOS ANGELES 71,34.0966,-118.178,LDWP,CA,road,0.004755
37031,LONG BEACH 6,33.692,-118.046,CISO-SCE,CA,bldg,0.304432
37031,LONG BEACH 6,33.692,-118.046,CISO-SCE,CA,ind,0.044291
37031,LONG BEACH 6,33.692,-118.046,CISO-SCE,CA,rail,2.7e-05
37031,LONG BEACH 6,33.692,-118.046,CISO-SCE,CA,road,0.009945
37032,LONG BEACH 7,33.8198,-118.222,CISO-SCE,CA,bldg,0.178078
37032,LONG BEACH 7,33.8198,-118.222,CISO-SCE,CA,ind,0.025908
37032,LONG BEACH 7,33.8198,-118.222,CISO-SCE,CA,rail,1.6e-05
37032,LONG BEACH 7,33.8198,-118.222,CISO-SCE,CA,road,0.005817
37033,SOUTH GATE 1,33.8586,-118.281,CISO-SCE,CA,bldg,0.190236
37033,SOUTH GATE 1,33.8586,-118.281,CISO-SCE,CA,ind,0.027677
37033,SOUTH GATE 1,33.8586,-118.281,CISO-SCE,CA,rail,1.7e-05
37033,SOUTH GATE 1,33.8586,-118.281,CISO-SCE,CA,road,0.006214
37034,SOUTH GATE 2,34.0323,-118.151,CISO-SCE,CA,bldg,0.190236
37034,SOUTH GATE 2,34.0323,-118.151,CISO-SCE,CA,ind,0.027677
37034,SOUTH GATE 2,34.0323,-118.151,CISO-SCE,CA,rail,1.7e-05
37034,SOUTH GATE 2,34.0323,-118.151,CISO-SCE,CA,road,0.006214
37035,SOUTH GATE 3,33.9242,-118.213,CISO-SCE,CA,bldg,0.190236
37035,SOUTH GATE 3,33.9242,-118.213,CISO-SCE,CA,ind,0.027677
37035,SOUTH GATE 3,33.9242,-118.213,CISO-SCE,CA,rail,1.7e-05
37035,SOUTH GATE 3,33.9242,-118.213,CISO-SCE,CA,road,0.006214
37036,LOS ANGELES 72,34.1554,-118.169,CISO-SCE,CA,bldg,0.188725
37036,LOS ANGELES 72,34.1554,-118.169,CISO-SCE,CA,ind,0.027457
37036,LOS ANGELES 72,34.1554,-118.169,CISO-SCE,CA,rail,1.7e-05
37036,LOS ANGELES 72,34.1554,-118.169,CISO-SCE,CA,road,0.006165
37037,LOS ANGELES 73,34.0698,-118.148,CISO-SCE,CA,bldg,0.212605
37037,LOS ANGELES 73,34.0698,-118.148,CISO-SCE,CA,ind,0.030931
37037,LOS ANGELES 73,34.0698,-118.148,CISO-SCE,CA,rail,1.9e-05
37037,LOS ANGELES 73,34.0698,-118.148,CISO-SCE,CA,road,0.006945
37038,LONG BEACH 8,33.7856,-118.227,LDWP,CA,bldg,0.130864
37038,LONG BEACH 8,33.7856,-118.227,LDWP,CA,ind,0.0058
37038,LONG BEACH 8,33.7856,-118.227,LDWP,CA,rail,0.000689
37038,LONG BEACH 8,33.7856,-118.227,LDWP,CA,road,0.004393
37039,LONG BEACH 9,33.7129,-118.234,CISO-SCE,CA,bldg,0.128168
37039,LONG BEACH 9,33.7129,-118.234,CISO-SCE,CA,ind,0.018647
37039,LONG BEACH 9,33.7129,-118.234,CISO-SCE,CA,rail,1.2e-05
37039,LONG BEACH 9,33.7129,-118.234,CISO-SCE,CA,road,0.004187
37040,MAYWOOD,34.0206,-118.255,LDWP,CA,bldg,0.084465
37040,MAYWOOD,34.0206,-118.255,LDWP,CA,ind,0.003743
37040,MAYWOOD,34.0206,-118.255,LDWP,CA,rail,0.000445
37040,MAYWOOD,34.0206,-118.255,LDWP,CA,road,0.002835
37041,LOS ANGELES 74,34.1069,-118.137,CISO-SCE,CA,bldg,0.249315
37041,LOS ANGELES 74,34.1069,-118.137,CISO-SCE,CA,ind,0.036272
37041,LOS ANGELES 74,34.1069,-118.137,CISO-SCE,CA,rail,2.2e-05
37041,LOS ANGELES 74,34.1069,-118.137,CISO-SCE,CA,road,0.008144
37042,LOS ANGELES 75,33.9984,-118.123,CISO-SCE,CA,bldg,0.168539
37042,LOS ANGELES 75,33.9984,-118.123,CISO-SCE,CA,ind,0.02452
37042,LOS ANGELES 75,33.9984,-118.123,CISO-SCE,CA,rail,1.5e-05
37042,LOS ANGELES 75,33.9984,-118.123,CISO-SCE,CA,road,0.005506
37043,LOS ANGELES 76,33.982,-118.241,CISO-SCE,CA,bldg,0.217542
37043,LOS ANGELES 76,33.982,-118.241,CISO-SCE,CA,ind,0.03165
37043,LOS ANGELES 76,33.982,-118.241,CISO-SCE,CA,rail,2e-05
37043,LOS ANGELES 76,33.982,-118.241,CISO-SCE,CA,road,0.007106
37044,LOS ANGELES 77,34.1484,-118.27,LDWP,CA,bldg,0.241598
37044,LOS ANGELES 77,34.1484,-118.27,LDWP,CA,ind,0.010708
37044,LOS ANGELES 77,34.1484,-118.27,LDWP,CA,rail,0.001272
37044,LOS ANGELES 77,34.1484,-118.27,LDWP,CA,road,0.00811
37045,LONG BEACH 10,33.93,-118.262,LDWP,CA,bldg,0.275377
37045,LONG BEACH 10,33.93,-118.262,LDWP,CA,ind,0.012204
37045,LONG BEACH 10,33.93,-118.262,LDWP,CA,rail,0.00145
37045,LONG BEACH 10,33.93,-118.262,LDWP,CA,road,0.009244
37046,LONG BEACH 11,33.8462,-118.174,CISO-SCE,CA,bldg,0.188456
37046,LONG BEACH 11,33.8462,-118.174,CISO-SCE,CA,ind,0.027418
37046,LONG BEACH 11,33.8462,-118.174,CISO-SCE,CA,rail,1.7e-05
37046,LONG BEACH 11,33.8462,-118.174,CISO-SCE,CA,road,0.006156
37047,LONG BEACH 12,33.8317,-118.246,CISO-SCE,CA,bldg,0.188456
37047,LONG BEACH 12,33.8317,-118.246,CISO-SCE,CA,ind,0.027418
37047,LONG BEACH 12,33.8317,-118.246,CISO-SCE,CA,rail,1.7e-05
37047,LONG BEACH 12,33.8317,-118.246,CISO-SCE,CA,road,0.006156
37048,LONG BEACH 13,33.8553,-118.199,CISO-SCE,CA,bldg,0.095152
37048,LONG BEACH 13,33.8553,-118.199,CISO-SCE,CA,ind,0.013844
37048,LONG BEACH 13,33.8553,-118.199,CISO-SCE,CA,rail,9e-06
37048,LONG BEACH 13,33.8553,-118.199,CISO-SCE,CA,road,0.003108
37049,LONG BEACH 14,33.8537,-118.268,CISO-SCE,CA,bldg,0.095152
37049,LONG BEACH 14,33.8537,-118.268,CISO-SCE,CA,ind,0.013844
37049,LONG BEACH 14,33.8537,-118.268,CISO-SCE,CA,rail,9e-06
37049,LONG BEACH 14,33.8537,-118.268,CISO-SCE,CA,road,0.003108
37050,BELL GARDENS 1,33.9109,-118.254,CISO-SCE,CA,bldg,0.204108
37050,BELL GARDENS 1,33.9109,-118.254,CISO-SCE,CA,ind,0.029695
37050,BELL GARDENS 1,33.9109,-118.254,CISO-SCE,CA,rail,1.8e-05
37050,BELL GARDENS 1,33.9109,-118.254,CISO-SCE,CA,road,0.006667
37051,BELL GARDENS 2,33.9118,-118.096,CISO-SCE,CA,bldg,0.204108
37051,BELL GARDENS 2,33.9118,-118.096,CISO-SCE,CA,ind,0.029695
37051,BELL GARDENS 2,33.9118,-118.096,CISO-SCE,CA,rail,1.8e-05
37051,BELL GARDENS 2,33.9118,-118.096,CISO-SCE,CA,road,0.006667
37052,BELL GARDENS 3,33.9657,-118.18,CISO-SCE,CA,bldg,0.287201
37052,BELL GARDENS 3,33.9657,-118.18,CISO-SCE,CA,ind,0.041784
37052,BELL GARDENS 3,33.9657,-118.18,CISO-SCE,CA,rail,2.6e-05
37052,BELL GARDENS 3,33.9657,-118.18,CISO-SCE,CA,road,0.009382
37053,PARAMOUNT 1,33.9789,-118.201,CISO-SCE,CA,bldg,0.234705
37053,PARAMOUNT 1,33.9789,-118.201,CISO-SCE,CA,ind,0.034146
37053,PARAMOUNT 1,33.9789,-118.201,CISO-SCE,CA,rail,2.1e-05
37053,PARAMOUNT 1,33.9789,-118.201,CISO-SCE,CA,road,0.007667
37054,PARAMOUNT 2,33.8255,-118.241,CISO-SCE,CA,bldg,0.163535
37054,PARAMOUNT 2,33.8255,-118.241,CISO-SCE,CA,ind,0.023792
37054,PARAMOUNT 2,33.8255,-118.241,CISO-SCE,CA,rail,1.5e-05
37054,PARAMOUNT 2,33.8255,-118.241,CISO-SCE,CA,road,0.005342
37055,PASADENA 1,34.2223,-118.128,CISO-SCE,CA,bldg,0.08306
37055,PASADENA 1,34.2223,-118.128,CISO-SCE,CA,ind,0.012084
37055,PASADENA 1,34.2223,-118.128,CISO-SCE,CA,rail,7e-06
37055,PASADENA 1,34.2223,-118.128,CISO-SCE,CA,road,0.002713
37056,SOUTH PASADENA,34.1557,-118.22,LDWP,CA,bldg,0.079046
37056,SOUTH PASADENA,34.1557,-118.22,LDWP,CA,ind,0.003503
37056,SOUTH PASADENA,34.1557,-118.22,LDWP,CA,rail,0.000416
37056,SOUTH PASADENA,34.1557,-118.22,LDWP,CA,road,0.002653
37057,LOS ANGELES 78,34.104,-118.068,CISO-SCE,CA,bldg,0.314172
37057,LOS ANGELES 78,34.104,-118.068,CISO-SCE,CA,ind,0.045708
37057,LOS ANGELES 78,34.104,-118.068,CISO-SCE,CA,rail,2.8e-05
37057,LOS ANGELES 78,34.104,-118.068,CISO-SCE,CA,road,0.010263
37058,LOS ANGELES 79,33.9398,-118.211,CISO-SCE,CA,bldg,0.375703
37058,LOS ANGELES 79,33.9398,-118.211,CISO-SCE,CA,ind,0.05466
37058,LOS ANGELES 79,33.9398,-118.211,CISO-SCE,CA,rail,3.4e-05
37058,LOS ANGELES 79,33.9398,-118.211,CISO-SCE,CA,road,0.012273
37059,LANCASTER 3,34.7178,-118.145,CISO-SCE,CA,bldg,0.118931
37059,LANCASTER 3,34.7178,-118.145,CISO-SCE,CA,ind,0.017303
37059,LANCASTER 3,34.7178,-118.145,CISO-SCE,CA,rail,1.1e-05
37059,LANCASTER 3,34.7178,-118.145,CISO-SCE,CA,road,0.003885
37060,LANCASTER 4,34.6359,-118.127,CISO-SCE,CA,bldg,0.118931
37060,LANCASTER 4,34.6359,-118.127,CISO-SCE,CA,ind,0.017303
37060,LANCASTER 4,34.6359,-118.127,CISO-SCE,CA,rail,1.1e-05
37060,LANCASTER 4,34.6359,-118.127,CISO-SCE,CA,road,0.003885
37061,LONG BEACH 15,33.6855,-118.039,CISO-SCE,CA,bldg,0.121853
37061,LONG BEACH 15,33.6855,-118.039,CISO-SCE,CA,ind,0.017728
37061,LONG BEACH 15,33.6855,-118.039,CISO-SCE,CA,rail,1.1e-05
37061,LONG BEACH 15,33.6855,-118.039,CISO-SCE,CA,road,0.00398
37062,LONG BEACH 16,33.8561,-118.22,CISO-SCE,CA,bldg,0.121853
37062,LONG BEACH 16,33.8561,-118.22,CISO-SCE,CA,ind,0.017728
37062,LONG BEACH 16,33.8561,-118.22,CISO-SCE,CA,rail,1.1e-05
37062,LONG BEACH 16,33.8561,-118.22,CISO-SCE,CA,road,0.00398
37063,LAKEWOOD 6,33.7653,-118.169,CISO-SCE,CA,bldg,0.095924
37063,LAKEWOOD 6,33.7653,-118.169,CISO-SCE,CA,ind,0.013956
37063,LAKEWOOD 6,33.7653,-118.169,CISO-SCE,CA,rail,9e-06
37063,LAKEWOOD 6,33.7653,-118.169,CISO-SCE,CA,road,0.003133
37064,LAKEWOOD 7,33.8761,-118.101,CISO-SCE,CA,bldg,0.095219
37064,LAKEWOOD 7,33.8761,-118.101,CISO-SCE,CA,ind,0.013853
37064,LAKEWOOD 7,33.8761,-118.101,CISO-SCE,CA,rail,9e-06
37064,LAKEWOOD 7,33.8761,-118.101,CISO-SCE,CA,road,0.00311
37065,ALHAMBRA 1,34.0024,-118.186,CISO-SCE,CA,bldg,0.091659
37065,ALHAMBRA 1,34.0024,-118.186,CISO-SCE,CA,ind,0.013335
37065,ALHAMBRA 1,34.0024,-118.186,CISO-SCE,CA,rail,8e-06
37065,ALHAMBRA 1,34.0024,-118.186,CISO-SCE,CA,road,0.002994
37066,LONG BEACH 17,33.7261,-118.053,CISO-SCE,CA,bldg,0.115673
37066,LONG BEACH 17,33.7261,-118.053,CISO-SCE,CA,ind,0.016829
37066,LONG BEACH 17,33.7261,-118.053,CISO-SCE,CA,rail,1e-05
37066,LONG BEACH 17,33.7261,-118.053,CISO-SCE,CA,road,0.003779
37067,MONTEREY PARK,34.0875,-118.147,CISO-SCE,CA,bldg,0.098981
37067,MONTEREY PARK,34.0875,-118.147,CISO-SCE,CA,ind,0.0144
37067,MONTEREY PARK,34.0875,-118.147,CISO-SCE,CA,rail,9e-06
37067,MONTEREY PARK,34.0875,-118.147,CISO-SCE,CA,road,0.003233
37068,DOWNEY 1,34.0169,-118.188,CISO-SCE,CA,bldg,0.23054
37068,DOWNEY 1,34.0169,-118.188,CISO-SCE,CA,ind,0.03354
37068,DOWNEY 1,34.0169,-118.188,CISO-SCE,CA,rail,2.1e-05
37068,DOWNEY 1,34.0169,-118.188,CISO-SCE,CA,road,0.007531
37069,DOWNEY 2,33.8966,-118.044,CISO-SCE,CA,bldg,0.225502
37069,DOWNEY 2,33.8966,-118.044,CISO-SCE,CA,ind,0.032807
37069,DOWNEY 2,33.8966,-118.044,CISO-SCE,CA,rail,2e-05
37069,DOWNEY 2,33.8966,-118.044,CISO-SCE,CA,road,0.007366
37070,PASADENA 2,34.1253,-118.229,LDWP,CA,bldg,0.335184
37070,PASADENA 2,34.1253,-118.229,LDWP,CA,ind,0.014855
37070,PASADENA 2,34.1253,-118.229,LDWP,CA,rail,0.001765
37070,PASADENA 2,34.1253,-118.229,LDWP,CA,road,0.011251
37071,ALTADENA 1,34.1385,-118.084,CISO-SCE,CA,bldg,0.109191
37071,ALTADENA 1,34.1385,-118.084,CISO-SCE,CA,ind,0.015886
37071,ALTADENA 1,34.1385,-118.084,CISO-SCE,CA,rail,1e-05
37071,ALTADENA 1,34.1385,-118.084,CISO-SCE,CA,road,0.003567
37072,ALTADENA 2,34.2488,-118.219,CISO-SCE,CA,bldg,0.20095
37072,ALTADENA 2,34.2488,-118.219,CISO-SCE,CA,ind,0.029236
37072,ALTADENA 2,34.2488,-118.219,CISO-SCE,CA,rail,1.8e-05
37072,ALTADENA 2,34.2488,-118.219,CISO-SCE,CA,road,0.006564
37073,LONG BEACH 18,33.8185,-118.041,CISO-SCE,CA,bldg,0.096831
37073,LONG BEACH 18,33.8185,-118.041,CISO-SCE,CA,ind,0.014088
37073,LONG BEACH 18,33.8185,-118.041,CISO-SCE,CA,rail,9e-06
37073,LONG BEACH 18,33.8185,-118.041,CISO-SCE,CA,road,0.003163
37074,LONG BEACH 19,33.6691,-118.02,CISO-SCE,CA,bldg,0.096831
37074,LONG BEACH 19,33.6691,-118.02,CISO-SCE,CA,ind,0.014088
37074,LONG BEACH 19,33.6691,-118.02,CISO-SCE,CA,rail,9e-06
37074,LONG BEACH 19,33.6691,-118.02,CISO-SCE,CA,road,0.003163
37075,PASADENA 3,34.1493,-118.109,CISO-SCE,CA,bldg,0.146472
37075,PASADENA 3,34.1493,-118.109,CISO-SCE,CA,ind,0.02131
37075,PASADENA 3,34.1493,-118.109,CISO-SCE,CA,rail,1.3e-05
37075,PASADENA 3,34.1493,-118.109,CISO-SCE,CA,road,0.004785
37076,DOWNEY 3,34.0011,-118.142,CISO-SCE,CA,bldg,0.128168
37076,DOWNEY 3,34.0011,-118.142,CISO-SCE,CA,ind,0.018647
37076,DOWNEY 3,34.0011,-118.142,CISO-SCE,CA,rail,1.2e-05
37076,DOWNEY 3,34.0011,-118.142,CISO-SCE,CA,road,0.004187
37077,DOWNEY 4,34.031,-118.064,CISO-SCE,CA,bldg,0.128168
37077,DOWNEY 4,34.031,-118.064,CISO-SCE,CA,ind,0.018647
37077,DOWNEY 4,34.031,-118.064,CISO-SCE,CA,rail,1.2e-05
37077,DOWNEY 4,34.031,-118.064,CISO-SCE,CA,road,0.004187
37078,ALHAMBRA 2,34.1796,-118.053,CISO-SCE,CA,bldg,0.159403
37078,ALHAMBRA 2,34.1796,-118.053,CISO-SCE,CA,ind,0.023191
37078,ALHAMBRA 2,34.1796,-118.053,CISO-SCE,CA,rail,1.4e-05
37078,ALHAMBRA 2,34.1796,-118.053,CISO-SCE,CA,road,0.005207
37079,ALHAMBRA 3,34.0417,-118.162,CISO-SCE,CA,bldg,0.242296
37079,ALHAMBRA 3,34.0417,-118.162,CISO-SCE,CA,ind,0.035251
37079,ALHAMBRA 3,34.0417,-118.162,CISO-SCE,CA,rail,2.2e-05
37079,ALHAMBRA 3,34.0417,-118.162,CISO-SCE,CA,road,0.007915
37080,BELLFLOWER 1,33.8589,-118.114,CISO-SCE,CA,bldg,0.154399
37080,BELLFLOWER 1,33.8589,-118.114,CISO-SCE,CA,ind,0.022463
37080,BELLFLOWER 1,33.8589,-118.114,CISO-SCE,CA,rail,1.4e-05
37080,BELLFLOWER 1,33.8589,-118.114,CISO-SCE,CA,road,0.005044
37081,BELLFLOWER 2,33.8148,-118.101,CISO-SCE,CA,bldg,0.154399
37081,BELLFLOWER 2,33.8148,-118.101,CISO-SCE,CA,ind,0.022463
37081,BELLFLOWER 2,33.8148,-118.101,CISO-SCE,CA,rail,1.4e-05
37081,BELLFLOWER 2,33.8148,-118.101,CISO-SCE,CA,road,0.005044
37082,PASADENA 4,34.0699,-118.046,CISO-SCE,CA,bldg,0.111105
37082,PASADENA 4,34.0699,-118.046,CISO-SCE,CA,ind,0.016164
37082,PASADENA 4,34.0699,-118.046,CISO-SCE,CA,rail,1e-05
37082,PASADENA 4,34.0699,-118.046,CISO-SCE,CA,road,0.003629
37083,PALMDALE 3,34.3761,-118.218,CISO-SCE,CA,bldg,0.22651
37083,PALMDALE 3,34.3761,-118.218,CISO-SCE,CA,ind,0.032954
37083,PALMDALE 3,34.3761,-118.218,CISO-SCE,CA,rail,2e-05
37083,PALMDALE 3,34.3761,-118.218,CISO-SCE,CA,road,0.007399
37084,PALMDALE 4,34.3671,-118.079,CISO-SCE,CA,bldg,0.22651
37084,PALMDALE 4,34.3671,-118.079,CISO-SCE,CA,ind,0.032954
37084,PALMDALE 4,34.3671,-118.079,CISO-SCE,CA,rail,2e-05
37084,PALMDALE 4,34.3671,-118.079,CISO-SCE,CA,road,0.007399
37085,DOWNEY 5,33.8846,-118.151,CISO-SCE,CA,bldg,0.078224
37085,DOWNEY 5,33.8846,-118.151,CISO-SCE,CA,ind,0.011381
37085,DOWNEY 5,33.8846,-118.151,CISO-SCE,CA,rail,7e-06
37085,DOWNEY 5,33.8846,-118.151,CISO-SCE,CA,road,0.002555
37086,LONG BEACH 20,33.7784,-118.035,CISO-SCE,CA,bldg,0.120107
37086,LONG BEACH 20,33.7784,-118.035,CISO-SCE,CA,ind,0.017474
37086,LONG BEACH 20,33.7784,-118.035,CISO-SCE,CA,rail,1.1e-05
37086,LONG BEACH 20,33.7784,-118.035,CISO-SCE,CA,road,0.003923
37087,LONG BEACH 21,33.8388,-118.201,CISO-SCE,CA,bldg,0.120107
37087,LONG BEACH 21,33.8388,-118.201,CISO-SCE,CA,ind,0.017474
37087,LONG BEACH 21,33.8388,-118.201,CISO-SCE,CA,rail,1.1e-05
37087,LONG BEACH 21,33.8388,-118.201,CISO-SCE,CA,road,0.003923
37088,LAKEWOOD 8,33.7719,-118.076,CISO-SCE,CA,bldg,0.084404
37088,LAKEWOOD 8,33.7719,-118.076,CISO-SCE,CA,ind,0.01228
37088,LAKEWOOD 8,33.7719,-118.076,CISO-SCE,CA,rail,8e-06
37088,LAKEWOOD 8,33.7719,-118.076,CISO-SCE,CA,road,0.002757
37089,LONG BEACH 22,33.8807,-118.131,CISO-SCE,CA,bldg,0.115572
37089,LONG BEACH 22,33.8807,-118.131,CISO-SCE,CA,ind,0.016814
37089,LONG BEACH 22,33.8807,-118.131,CISO-SCE,CA,rail,1e-05
37089,LONG BEACH 22,33.8807,-118.131,CISO-SCE,CA,road,0.003775
37090,LONG BEACH 23,33.7929,-118.027,CISO-SCE,CA,bldg,0.115572
37090,LONG BEACH 23,33.7929,-118.027,CISO-SCE,CA,ind,0.016814
37090,LONG BEACH 23,33.7929,-118.027,CISO-SCE,CA,rail,1e-05
37090,LONG BEACH 23,33.7929,-118.027,CISO-SCE,CA,road,0.003775
37091,MONTEBELLO 1,33.9669,-118.204,CISO-SCE,CA,bldg,0.189061
37091,MONTEBELLO 1,33.9669,-118.204,CISO-SCE,CA,ind,0.027506
37091,MONTEBELLO 1,33.9669,-118.204,CISO-SCE,CA,rail,1.7e-05
37091,MONTEBELLO 1,33.9669,-118.204,CISO-SCE,CA,road,0.006176
37092,MONTEBELLO 2,33.9436,-118.045,CISO-SCE,CA,bldg,0.266982
37092,MONTEBELLO 2,33.9436,-118.045,CISO-SCE,CA,ind,0.038842
37092,MONTEBELLO 2,33.9436,-118.045,CISO-SCE,CA,rail,2.4e-05
37092,MONTEBELLO 2,33.9436,-118.045,CISO-SCE,CA,road,0.008721
37093,SAN GABRIEL 1,34.0325,-118.105,CISO-SCE,CA,bldg,0.116311
37093,SAN GABRIEL 1,34.0325,-118.105,CISO-SCE,CA,ind,0.016922
37093,SAN GABRIEL 1,34.0325,-118.105,CISO-SCE,CA,rail,1e-05
37093,SAN GABRIEL 1,34.0325,-118.105,CISO-SCE,CA,road,0.003799
37094,SAN GABRIEL 2,34.0735,-118.006,CISO-SCE,CA,bldg,0.26134
37094,SAN GABRIEL 2,34.0735,-118.006,CISO-SCE,CA,ind,0.038021
37094,SAN GABRIEL 2,34.0735,-118.006,CISO-SCE,CA,rail,2.3e-05
37094,SAN GABRIEL 2,34.0735,-118.006,CISO-SCE,CA,road,0.008537
37095,PICO RIVERA 1,34.0612,-118.187,CISO-SCE,CA,bldg,0.190236
37095,PICO RIVERA 1,34.0612,-118.187,CISO-SCE,CA,ind,0.027677
37095,PICO RIVERA 1,34.0612,-118.187,CISO-SCE,CA,rail,1.7e-05
37095,PICO RIVERA 1,34.0612,-118.187,CISO-SCE,CA,road,0.006214
37096,PICO RIVERA 2,34.0734,-118.085,CISO-SCE,CA,bldg,0.190236
37096,PICO RIVERA 2,34.0734,-118.085,CISO-SCE,CA,ind,0.027677
37096,PICO RIVERA 2,34.0734,-118.085,CISO-SCE,CA,rail,1.7e-05
37096,PICO RIVERA 2,34.0734,-118.085,CISO-SCE,CA,road,0.006214
37097,PASADENA 5,34.0688,-118.131,CISO-SCE,CA,bldg,0.099585
37097,PASADENA 5,34.0688,-118.131,CISO-SCE,CA,ind,0.014488
37097,PASADENA 5,34.0688,-118.131,CISO-SCE,CA,rail,9e-06
37097,PASADENA 5,34.0688,-118.131,CISO-SCE,CA,road,0.003253
37098,PASADENA 6,34.2482,-118.015,CISO-SCE,CA,bldg,0.099585
37098,PASADENA 6,34.2482,-118.015,CISO-SCE,CA,ind,0.014488
37098,PASADENA 6,34.2482,-118.015,CISO-SCE,CA,rail,9e-06
37098,PASADENA 6,34.2482,-118.015,CISO-SCE,CA,road,0.003253
37099,ROSEMEAD 1,34.0105,-118.129,CISO-SCE,CA,bldg,0.265941
37099,ROSEMEAD 1,34.0105,-118.129,CISO-SCE,CA,ind,0.038691
37099,ROSEMEAD 1,34.0105,-118.129,CISO-SCE,CA,rail,2.4e-05
37099,ROSEMEAD 1,34.0105,-118.129,CISO-SCE,CA,road,0.008687
37100,ROSEMEAD 2,34.0472,-118.033,CISO-SCE,CA,bldg,0.187717
37100,ROSEMEAD 2,34.0472,-118.033,CISO-SCE,CA,ind,0.02731
37100,ROSEMEAD 2,34.0472,-118.033,CISO-SCE,CA,rail,1.7e-05
37100,ROSEMEAD 2,34.0472,-118.033,CISO-SCE,CA,road,0.006132
37101,NORWALK 1,33.9175,-118.107,CISO-SCE,CA,bldg,0.212706
37101,NORWALK 1,33.9175,-118.107,CISO-SCE,CA,ind,0.030946
37101,NORWALK 1,33.9175,-118.107,CISO-SCE,CA,rail,1.9e-05
37101,NORWALK 1,33.9175,-118.107,CISO-SCE,CA,road,0.006948
37102,NORWALK 2,33.9191,-118.138,CISO-SCE,CA,bldg,0.212706
37102,NORWALK 2,33.9191,-118.138,CISO-SCE,CA,ind,0.030946
37102,NORWALK 2,33.9191,-118.138,CISO-SCE,CA,rail,1.9e-05
37102,NORWALK 2,33.9191,-118.138,CISO-SCE,CA,road,0.006948
37103,NORWALK 3,33.9708,-118.106,CISO-SCE,CA,bldg,0.547366
37103,NORWALK 3,33.9708,-118.106,CISO-SCE,CA,ind,0.079635
37103,NORWALK 3,33.9708,-118.106,CISO-SCE,CA,rail,4.9e-05
37103,NORWALK 3,33.9708,-118.106,CISO-SCE,CA,road,0.01788
37104,ARTESIA,33.9227,-118.002,CISO-SCE,CA,bldg,0.10029
37104,ARTESIA,33.9227,-118.002,CISO-SCE,CA,ind,0.014591
37104,ARTESIA,33.9227,-118.002,CISO-SCE,CA,rail,9e-06
37104,ARTESIA,33.9227,-118.002,CISO-SCE,CA,road,0.003276
37105,LAKEWOOD 9,33.7795,-118.173,CISO-SCE,CA,bldg,0.123264
37105,LAKEWOOD 9,33.7795,-118.173,CISO-SCE,CA,ind,0.017933
37105,LAKEWOOD 9,33.7795,-118.173,CISO-SCE,CA,rail,1.1e-05
37105,LAKEWOOD 9,33.7795,-118.173,CISO-SCE,CA,road,0.004027
37106,SEAL BEACH,33.7623,-118.036,CISO-SCE,CA,bldg,0.14345
37106,SEAL BEACH,33.7623,-118.036,CISO-SCE,CA,ind,0.02087
37106,SEAL BEACH,33.7623,-118.036,CISO-SCE,CA,rail,1.3e-05
37106,SEAL BEACH,33.7623,-118.036,CISO-SCE,CA,road,0.004686
37107,CERRITOS 1,33.7899,-118.128,CISO-SCE,CA,bldg,0.216266
37107,CERRITOS 1,33.7899,-118.128,CISO-SCE,CA,ind,0.031464
37107,CERRITOS 1,33.7899,-118.128,CISO-SCE,CA,rail,1.9e-05
37107,CERRITOS 1,33.7899,-118.128,CISO-SCE,CA,road,0.007065
37108,CERRITOS 2,33.7807,-118.015,CISO-SCE,CA,bldg,0.149327
37108,CERRITOS 2,33.7807,-118.015,CISO-SCE,CA,ind,0.021725
37108,CERRITOS 2,33.7807,-118.015,CISO-SCE,CA,rail,1.3e-05
37108,CERRITOS 2,33.7807,-118.015,CISO-SCE,CA,road,0.004878
37109,WHITTIER 1,34.0306,-117.97,CISO-SCE,CA,bldg,0.097939
37109,WHITTIER 1,34.0306,-117.97,CISO-SCE,CA,ind,0.014249
37109,WHITTIER 1,34.0306,-117.97,CISO-SCE,CA,rail,9e-06
37109,WHITTIER 1,34.0306,-117.97,CISO-SCE,CA,road,0.003199
37110,SANTA FE SPRINGS,33.9066,-118.129,CISO-SCE,CA,bldg,0.089879
37110,SANTA FE SPRINGS,33.9066,-118.129,CISO-SCE,CA,ind,0.013076
37110,SANTA FE SPRINGS,33.9066,-118.129,CISO-SCE,CA,rail,8e-06
37110,SANTA FE SPRINGS,33.9066,-118.129,CISO-SCE,CA,road,0.002936
37111,TEMPLE CITY 1,34.1795,-118.116,CISO-SCE,CA,bldg,0.103783
37111,TEMPLE CITY 1,34.1795,-118.116,CISO-SCE,CA,ind,0.015099
37111,TEMPLE CITY 1,34.1795,-118.116,CISO-SCE,CA,rail,9e-06
37111,TEMPLE CITY 1,34.1795,-118.116,CISO-SCE,CA,road,0.00339
37112,TEMPLE CITY 2,34.0495,-117.991,CISO-SCE,CA,bldg,0.103783
37112,TEMPLE CITY 2,34.0495,-117.991,CISO-SCE,CA,ind,0.015099
37112,TEMPLE CITY 2,34.0495,-117.991,CISO-SCE,CA,rail,9e-06
37112,TEMPLE CITY 2,34.0495,-117.991,CISO-SCE,CA,road,0.00339
37113,SOUTH EL MONTE 1,34.1105,-118.101,CISO-SCE,CA,bldg,0.132702
37113,SOUTH EL MONTE 1,34.1105,-118.101,CISO-SCE,CA,ind,0.019306
37113,SOUTH EL MONTE 1,34.1105,-118.101,CISO-SCE,CA,rail,1.2e-05
37113,SOUTH EL MONTE 1,34.1105,-118.101,CISO-SCE,CA,road,0.004335
37114,SOUTH EL MONTE 2,34.0357,-118.035,CISO-SCE,CA,bldg,0.132702
37114,SOUTH EL MONTE 2,34.0357,-118.035,CISO-SCE,CA,ind,0.019306
37114,SOUTH EL MONTE 2,34.0357,-118.035,CISO-SCE,CA,rail,1.2e-05
37114,SOUTH EL MONTE 2,34.0357,-118.035,CISO-SCE,CA,road,0.004335
37115,ARCADIA 1,34.1167,-118.082,CISO-SCE,CA,bldg,0.103078
37115,ARCADIA 1,34.1167,-118.082,CISO-SCE,CA,ind,0.014997
37115,ARCADIA 1,34.1167,-118.082,CISO-SCE,CA,rail,9e-06
37115,ARCADIA 1,34.1167,-118.082,CISO-SCE,CA,road,0.003367
37116,ARCADIA 2,34.0821,-118.107,CISO-SCE,CA,bldg,0.103078
37116,ARCADIA 2,34.0821,-118.107,CISO-SCE,CA,ind,0.014997
37116,ARCADIA 2,34.0821,-118.107,CISO-SCE,CA,rail,9e-06
37116,ARCADIA 2,34.0821,-118.107,CISO-SCE,CA,road,0.003367
37117,EL MONTE 1,34.0324,-117.996,CISO-SCE,CA,bldg,0.089442
37117,EL MONTE 1,34.0324,-117.996,CISO-SCE,CA,ind,0.013013
37117,EL MONTE 1,34.0324,-117.996,CISO-SCE,CA,rail,8e-06
37117,EL MONTE 1,34.0324,-117.996,CISO-SCE,CA,road,0.002922
37118,CYPRESS 1,33.8556,-118.058,CISO-SCE,CA,bldg,0.145062
37118,CYPRESS 1,33.8556,-118.058,CISO-SCE,CA,ind,0.021104
37118,CYPRESS 1,33.8556,-118.058,CISO-SCE,CA,rail,1.3e-05
37118,CYPRESS 1,33.8556,-118.058,CISO-SCE,CA,road,0.004739
37119,CYPRESS 2,33.7935,-118.068,CISO-SCE,CA,bldg,0.145062
37119,CYPRESS 2,33.7935,-118.068,CISO-SCE,CA,ind,0.021104
37119,CYPRESS 2,33.7935,-118.068,CISO-SCE,CA,rail,1.3e-05
37119,CYPRESS 2,33.7935,-118.068,CISO-SCE,CA,road,0.004739
37120,WHITTIER 2,33.9208,-117.961,CISO-SCE,CA,bldg,0.096663
37120,WHITTIER 2,33.9208,-117.961,CISO-SCE,CA,ind,0.014063
37120,WHITTIER 2,33.9208,-117.961,CISO-SCE,CA,rail,9e-06
37120,WHITTIER 2,33.9208,-117.961,CISO-SCE,CA,road,0.003158
37121,WHITTIER 3,34.0977,-117.961,CISO-SCE,CA,bldg,0.096663
37121,WHITTIER 3,34.0977,-117.961,CISO-SCE,CA,ind,0.014063
37121,WHITTIER 3,34.0977,-117.961,CISO-SCE,CA,rail,9e-06
37121,WHITTIER 3,34.0977,-117.961,CISO-SCE,CA,road,0.003158
37122,ARCADIA 3,34.1117,-118.033,CISO-SCE,CA,bldg,0.095857
37122,ARCADIA 3,34.1117,-118.033,CISO-SCE,CA,ind,0.013946
37122,ARCADIA 3,34.1117,-118.033,CISO-SCE,CA,rail,9e-06
37122,ARCADIA 3,34.1117,-118.033,CISO-SCE,CA,road,0.003131
37123,ARCADIA 4,34.0823,-117.949,CISO-SCE,CA,bldg,0.095857
37123,ARCADIA 4,34.0823,-117.949,CISO-SCE,CA,ind,0.013946
37123,ARCADIA 4,34.0823,-117.949,CISO-SCE,CA,rail,9e-06
37123,ARCADIA 4,34.0823,-117.949,CISO-SCE,CA,road,0.003131
37124,WHITTIER 4,34.0078,-118.029,CISO-SCE,CA,bldg,0.12192
37124,WHITTIER 4,34.0078,-118.029,CISO-SCE,CA,ind,0.017738
37124,WHITTIER 4,34.0078,-118.029,CISO-SCE,CA,rail,1.1e-05
37124,WHITTIER 4,34.0078,-118.029,CISO-SCE,CA,road,0.003983
37125,WHITTIER 5,33.8959,-118.081,CISO-SCE,CA,bldg,0.12192
37125,WHITTIER 5,33.8959,-118.081,CISO-SCE,CA,ind,0.017738
37125,WHITTIER 5,33.8959,-118.081,CISO-SCE,CA,rail,1.1e-05
37125,WHITTIER 5,33.8959,-118.081,CISO-SCE,CA,road,0.003983
37126,PALMDALE 5,34.6506,-117.963,CISO-SCE,CA,bldg,0.115337
37126,PALMDALE 5,34.6506,-117.963,CISO-SCE,CA,ind,0.01678
37126,PALMDALE 5,34.6506,-117.963,CISO-SCE,CA,rail,1e-05
37126,PALMDALE 5,34.6506,-117.963,CISO-SCE,CA,road,0.003768
37127,PALMDALE 6,34.479,-118.007,CISO-SCE,CA,bldg,0.115337
37127,PALMDALE 6,34.479,-118.007,CISO-SCE,CA,ind,0.01678
37127,PALMDALE 6,34.479,-118.007,CISO-SCE,CA,rail,1e-05
37127,PALMDALE 6,34.479,-118.007,CISO-SCE,CA,road,0.003768
37128,EL MONTE 2,34.1137,-117.985,CISO-SCE,CA,bldg,0.356928
37128,EL MONTE 2,34.1137,-117.985,CISO-SCE,CA,ind,0.051928
37128,EL MONTE 2,34.1137,-117.985,CISO-SCE,CA,rail,3.2e-05
37128,EL MONTE 2,34.1137,-117.985,CISO-SCE,CA,road,0.011659
37129,EL MONTE 3,34.1486,-118.053,CISO-SCE,CA,bldg,0.185568
37129,EL MONTE 3,34.1486,-118.053,CISO-SCE,CA,ind,0.026997
37129,EL MONTE 3,34.1486,-118.053,CISO-SCE,CA,rail,1.7e-05
37129,EL MONTE 3,34.1486,-118.053,CISO-SCE,CA,road,0.006062
37130,WHITTIER 6,33.9963,-118.028,CISO-SCE,CA,bldg,0.119133
37130,WHITTIER 6,33.9963,-118.028,CISO-SCE,CA,ind,0.017332
37130,WHITTIER 6,33.9963,-118.028,CISO-SCE,CA,rail,1.1e-05
37130,WHITTIER 6,33.9963,-118.028,CISO-SCE,CA,road,0.003892
37131,WHITTIER 7,33.9014,-117.974,CISO-SCE,CA,bldg,0.119133
37131,WHITTIER 7,33.9014,-117.974,CISO-SCE,CA,ind,0.017332
37131,WHITTIER 7,33.9014,-117.974,CISO-SCE,CA,rail,1.1e-05
37131,WHITTIER 7,33.9014,-117.974,CISO-SCE,CA,road,0.003892
37132,LA MIRADA,33.8111,-117.973,CISO-SCE,CA,bldg,0.233899
37132,LA MIRADA,33.8111,-117.973,CISO-SCE,CA,ind,0.034029
37132,LA MIRADA,33.8111,-117.973,CISO-SCE,CA,rail,2.1e-05
37132,LA MIRADA,33.8111,-117.973,CISO-SCE,CA,road,0.007641
37133,MONROVIA 1,34.2077,-117.942,CISO-SCE,CA,bldg,0.122726
37133,MONROVIA 1,34.2077,-117.942,CISO-SCE,CA,ind,0.017855
37133,MONROVIA 1,34.2077,-117.942,CISO-SCE,CA,rail,1.1e-05
37133,MONROVIA 1,34.2077,-117.942,CISO-SCE,CA,road,0.004009
37134,MONROVIA 2,34.0529,-117.917,CISO-SCE,CA,bldg,0.199372
37134,MONROVIA 2,34.0529,-117.917,CISO-SCE,CA,ind,0.029006
37134,MONROVIA 2,34.0529,-117.917,CISO-SCE,CA,rail,1.8e-05
37134,MONROVIA 2,34.0529,-117.917,CISO-SCE,CA,road,0.006513
37135,WHITTIER 8,33.9782,-117.965,CISO-SCE,CA,bldg,0.121282
37135,WHITTIER 8,33.9782,-117.965,CISO-SCE,CA,ind,0.017645
37135,WHITTIER 8,33.9782,-117.965,CISO-SCE,CA,rail,1.1e-05
37135,WHITTIER 8,33.9782,-117.965,CISO-SCE,CA,road,0.003962
37136,LA PUENTE 1,34.1034,-118.016,CISO-SCE,CA,bldg,0.092162
37136,LA PUENTE 1,34.1034,-118.016,CISO-SCE,CA,ind,0.013408
37136,LA PUENTE 1,34.1034,-118.016,CISO-SCE,CA,rail,8e-06
37136,LA PUENTE 1,34.1034,-118.016,CISO-SCE,CA,road,0.003011
37137,LA PUENTE 2,34.1042,-118.05,CISO-SCE,CA,bldg,0.092162
37137,LA PUENTE 2,34.1042,-118.05,CISO-SCE,CA,ind,0.013408
37137,LA PUENTE 2,34.1042,-118.05,CISO-SCE,CA,rail,8e-06
37137,LA PUENTE 2,34.1042,-118.05,CISO-SCE,CA,road,0.003011
37138,LITTLEROCK,34.5709,-117.95,CISO-SCE,CA,bldg,0.078795
37138,LITTLEROCK,34.5709,-117.95,CISO-SCE,CA,ind,0.011464
37138,LITTLEROCK,34.5709,-117.95,CISO-SCE,CA,rail,7e-06
37138,LITTLEROCK,34.5709,-117.95,CISO-SCE,CA,road,0.002574
37139,HACIENDA HEIGHTS 1,33.9542,-117.927,CISO-SCE,CA,bldg,0.163266
37139,HACIENDA HEIGHTS 1,33.9542,-117.927,CISO-SCE,CA,ind,0.023753
37139,HACIENDA HEIGHTS 1,33.9542,-117.927,CISO-SCE,CA,rail,1.5e-05
37139,HACIENDA HEIGHTS 1,33.9542,-117.927,CISO-SCE,CA,road,0.005333
37140,HACIENDA HEIGHTS 2,33.9189,-118.033,CISO-SCE,CA,bldg,0.311418
37140,HACIENDA HEIGHTS 2,33.9189,-118.033,CISO-SCE,CA,ind,0.045307
37140,HACIENDA HEIGHTS 2,33.9189,-118.033,CISO-SCE,CA,rail,2.8e-05
37140,HACIENDA HEIGHTS 2,33.9189,-118.033,CISO-SCE,CA,road,0.010173
37141,BALDWIN PARK 1,34.0059,-117.873,CISO-SCE,CA,bldg,0.233462
37141,BALDWIN PARK 1,34.0059,-117.873,CISO-SCE,CA,ind,0.033966
37141,BALDWIN PARK 1,34.0059,-117.873,CISO-SCE,CA,rail,2.1e-05
37141,BALDWIN PARK 1,34.0059,-117.873,CISO-SCE,CA,road,0.007626
37142,BALDWIN PARK 2,34.0222,-117.983,CISO-SCE,CA,bldg,0.24374
37142,BALDWIN PARK 2,34.0222,-117.983,CISO-SCE,CA,ind,0.035461
37142,BALDWIN PARK 2,34.0222,-117.983,CISO-SCE,CA,rail,2.2e-05
37142,BALDWIN PARK 2,34.0222,-117.983,CISO-SCE,CA,road,0.007962
37143,BALDWIN PARK 3,34.0887,-117.903,CISO-SCE,CA,bldg,0.154298
37143,BALDWIN PARK 3,34.0887,-117.903,CISO-SCE,CA,ind,0.022449
37143,BALDWIN PARK 3,34.0887,-117.903,CISO-SCE,CA,rail,1.4e-05
37143,BALDWIN PARK 3,34.0887,-117.903,CISO-SCE,CA,road,0.00504
37144,DUARTE 1,34.1343,-118.014,CISO-SCE,CA,bldg,0.078828
37144,DUARTE 1,34.1343,-118.014,CISO-SCE,CA,ind,0.011469
37144,DUARTE 1,34.1343,-118.014,CISO-SCE,CA,rail,7e-06
37144,DUARTE 1,34.1343,-118.014,CISO-SCE,CA,road,0.002575
37145,DUARTE 2,34.2174,-117.92,CISO-SCE,CA,bldg,0.078828
37145,DUARTE 2,34.2174,-117.92,CISO-SCE,CA,ind,0.011469
37145,DUARTE 2,34.2174,-117.92,CISO-SCE,CA,rail,7e-06
37145,DUARTE 2,34.2174,-117.92,CISO-SCE,CA,road,0.002575
37146,LA HABRA 1,33.8635,-117.944,CISO-SCE,CA,bldg,0.20441
37146,LA HABRA 1,33.8635,-117.944,CISO-SCE,CA,ind,0.029739
37146,LA HABRA 1,33.8635,-117.944,CISO-SCE,CA,rail,1.8e-05
37146,LA HABRA 1,33.8635,-117.944,CISO-SCE,CA,road,0.006677
37147,LA HABRA 2,33.9518,-118.025,CISO-SCE,CA,bldg,0.20441
37147,LA HABRA 2,33.9518,-118.025,CISO-SCE,CA,ind,0.029739
37147,LA HABRA 2,33.9518,-118.025,CISO-SCE,CA,rail,1.8e-05
37147,LA HABRA 2,33.9518,-118.025,CISO-SCE,CA,road,0.006677
37148,WEST COVINA 1,34.0553,-117.971,CISO-SCE,CA,bldg,0.135758
37148,WEST COVINA 1,34.0553,-117.971,CISO-SCE,CA,ind,0.019751
37148,WEST COVINA 1,34.0553,-117.971,CISO-SCE,CA,rail,1.2e-05
37148,WEST COVINA 1,34.0553,-117.971,CISO-SCE,CA,road,0.004435
37149,WEST COVINA 2,33.9892,-117.842,CISO-SCE,CA,bldg,0.135758
37149,WEST COVINA 2,33.9892,-117.842,CISO-SCE,CA,ind,0.019751
37149,WEST COVINA 2,33.9892,-117.842,CISO-SCE,CA,rail,1.2e-05
37149,WEST COVINA 2,33.9892,-117.842,CISO-SCE,CA,road,0.004435
37150,LA PUENTE 3,34.1076,-117.871,CISO-SCE,CA,bldg,0.17136
37150,LA PUENTE 3,34.1076,-117.871,CISO-SCE,CA,ind,0.024931
37150,LA PUENTE 3,34.1076,-117.871,CISO-SCE,CA,rail,1.5e-05
37150,LA PUENTE 3,34.1076,-117.871,CISO-SCE,CA,road,0.005598
37151,LA PUENTE 4,34.1225,-117.933,CISO-SCE,CA,bldg,0.17136
37151,LA PUENTE 4,34.1225,-117.933,CISO-SCE,CA,ind,0.024931
37151,LA PUENTE 4,34.1225,-117.933,CISO-SCE,CA,rail,1.5e-05
37151,LA PUENTE 4,34.1225,-117.933,CISO-SCE,CA,road,0.005598
37152,COVINA 1,34.1271,-117.882,CISO-SCE,CA,bldg,0.104019
37152,COVINA 1,34.1271,-117.882,CISO-SCE,CA,ind,0.015133
37152,COVINA 1,34.1271,-117.882,CISO-SCE,CA,rail,9e-06
37152,COVINA 1,34.1271,-117.882,CISO-SCE,CA,road,0.003398
37153,COVINA 2,34.1636,-117.901,CISO-SCE,CA,bldg,0.104019
37153,COVINA 2,34.1636,-117.901,CISO-SCE,CA,ind,0.015133
37153,COVINA 2,34.1636,-117.901,CISO-SCE,CA,rail,9e-06
37153,COVINA 2,34.1636,-117.901,CISO-SCE,CA,road,0.003398
37154,WEST COVINA 3,33.9881,-117.979,CISO-SCE,CA,bldg,0.093271
37154,WEST COVINA 3,33.9881,-117.979,CISO-SCE,CA,ind,0.01357
37154,WEST COVINA 3,33.9881,-117.979,CISO-SCE,CA,rail,8e-06
37154,WEST COVINA 3,33.9881,-117.979,CISO-SCE,CA,road,0.003047
37155,WEST COVINA 4,34.0491,-117.886,CISO-SCE,CA,bldg,0.093271
37155,WEST COVINA 4,34.0491,-117.886,CISO-SCE,CA,ind,0.01357
37155,WEST COVINA 4,34.0491,-117.886,CISO-SCE,CA,rail,8e-06
37155,WEST COVINA 4,34.0491,-117.886,CISO-SCE,CA,road,0.003047
37156,ROWLAND HEIGHTS 1,33.9252,-117.862,CISO-SCE,CA,bldg,0.13727
37156,ROWLAND HEIGHTS 1,33.9252,-117.862,CISO-SCE,CA,ind,0.019971
37156,ROWLAND HEIGHTS 1,33.9252,-117.862,CISO-SCE,CA,rail,1.2e-05
37156,ROWLAND HEIGHTS 1,33.9252,-117.862,CISO-SCE,CA,road,0.004484
37157,ROWLAND HEIGHTS 2,33.8934,-117.937,CISO-SCE,CA,bldg,0.13727
37157,ROWLAND HEIGHTS 2,33.8934,-117.937,CISO-SCE,CA,ind,0.019971
37157,ROWLAND HEIGHTS 2,33.8934,-117.937,CISO-SCE,CA,rail,1.2e-05
37157,ROWLAND HEIGHTS 2,33.8934,-117.937,CISO-SCE,CA,road,0.004484
37158,WEST COVINA 5,34.0238,-117.848,CISO-SCE,CA,bldg,0.097973
37158,WEST COVINA 5,34.0238,-117.848,CISO-SCE,CA,ind,0.014254
37158,WEST COVINA 5,34.0238,-117.848,CISO-SCE,CA,rail,9e-06
37158,WEST COVINA 5,34.0238,-117.848,CISO-SCE,CA,road,0.0032
37159,WEST COVINA 6,34.0762,-117.921,CISO-SCE,CA,bldg,0.097973
37159,WEST COVINA 6,34.0762,-117.921,CISO-SCE,CA,ind,0.014254
37159,WEST COVINA 6,34.0762,-117.921,CISO-SCE,CA,rail,9e-06
37159,WEST COVINA 6,34.0762,-117.921,CISO-SCE,CA,road,0.0032
37160,COVINA 3,34.1363,-117.959,CISO-SCE,CA,bldg,0.118898
37160,COVINA 3,34.1363,-117.959,CISO-SCE,CA,ind,0.017298
37160,COVINA 3,34.1363,-117.959,CISO-SCE,CA,rail,1.1e-05
37160,COVINA 3,34.1363,-117.959,CISO-SCE,CA,road,0.003884
37161,CALIFORNIA CITY,35.0958,-117.798,CISO-SCE,CA,bldg,0.103448
37161,CALIFORNIA CITY,35.0958,-117.798,CISO-SCE,CA,ind,0.01505
37161,CALIFORNIA CITY,35.0958,-117.798,CISO-SCE,CA,rail,9e-06
37161,CALIFORNIA CITY,35.0958,-117.798,CISO-SCE,CA,road,0.003379
37162,AZUSA 1,34.3051,-117.789,CISO-SCE,CA,bldg,0.180462
37162,AZUSA 1,34.3051,-117.789,CISO-SCE,CA,ind,0.026255
37162,AZUSA 1,34.3051,-117.789,CISO-SCE,CA,rail,1.6e-05
37162,AZUSA 1,34.3051,-117.789,CISO-SCE,CA,road,0.005895
37163,AZUSA 2,34.2367,-117.964,CISO-SCE,CA,bldg,0.259392
37163,AZUSA 2,34.2367,-117.964,CISO-SCE,CA,ind,0.037738
37163,AZUSA 2,34.2367,-117.964,CISO-SCE,CA,rail,2.3e-05
37163,AZUSA 2,34.2367,-117.964,CISO-SCE,CA,road,0.008473
37164,LANCASTER 5,34.7784,-117.926,CISO-SCE,CA,bldg,0.219154
37164,LANCASTER 5,34.7784,-117.926,CISO-SCE,CA,ind,0.031884
37164,LANCASTER 5,34.7784,-117.926,CISO-SCE,CA,rail,2e-05
37164,LANCASTER 5,34.7784,-117.926,CISO-SCE,CA,road,0.007159
37165,LANCASTER 6,34.6668,-117.771,CISO-SCE,CA,bldg,0.217777
37165,LANCASTER 6,34.6668,-117.771,CISO-SCE,CA,ind,0.031684
37165,LANCASTER 6,34.6668,-117.771,CISO-SCE,CA,rail,2e-05
37165,LANCASTER 6,34.6668,-117.771,CISO-SCE,CA,road,0.007114
37166,GLENDORA 1,34.0362,-117.789,CISO-SCE,CA,bldg,0.076645
37166,GLENDORA 1,34.0362,-117.789,CISO-SCE,CA,ind,0.011151
37166,GLENDORA 1,34.0362,-117.789,CISO-SCE,CA,rail,7e-06
37166,GLENDORA 1,34.0362,-117.789,CISO-SCE,CA,road,0.002504
37167,WALNUT 1,34.0697,-117.784,CISO-SCE,CA,bldg,0.130216
37167,WALNUT 1,34.0697,-117.784,CISO-SCE,CA,ind,0.018945
37167,WALNUT 1,34.0697,-117.784,CISO-SCE,CA,rail,1.2e-05
37167,WALNUT 1,34.0697,-117.784,CISO-SCE,CA,road,0.004254
37168,WALNUT 2,34.0085,-117.793,CISO-SCE,CA,bldg,0.130216
37168,WALNUT 2,34.0085,-117.793,CISO-SCE,CA,ind,0.018945
37168,WALNUT 2,34.0085,-117.793,CISO-SCE,CA,rail,1.2e-05
37168,WALNUT 2,34.0085,-117.793,CISO-SCE,CA,road,0.004254
37169,COVINA 4,34.1507,-117.817,CISO-SCE,CA,bldg,0.079164
37169,COVINA 4,34.1507,-117.817,CISO-SCE,CA,ind,0.011517
37169,COVINA 4,34.1507,-117.817,CISO-SCE,CA,rail,7e-06
37169,COVINA 4,34.1507,-117.817,CISO-SCE,CA,road,0.002586
37170,GLENDORA 2,34.1222,-117.768,CISO-SCE,CA,bldg,0.078056
37170,GLENDORA 2,34.1222,-117.768,CISO-SCE,CA,ind,0.011356
37170,GLENDORA 2,34.1222,-117.768,CISO-SCE,CA,rail,7e-06
37170,GLENDORA 2,34.1222,-117.768,CISO-SCE,CA,road,0.00255
37171,GLENDORA 3,34.1891,-117.77,CISO-SCE,CA,bldg,0.078056
37171,GLENDORA 3,34.1891,-117.77,CISO-SCE,CA,ind,0.011356
37171,GLENDORA 3,34.1891,-117.77,CISO-SCE,CA,rail,7e-06
37171,GLENDORA 3,34.1891,-117.77,CISO-SCE,CA,road,0.00255
37172,DIAMOND BAR 1,34.0704,-117.793,CISO-SCE,CA,bldg,0.140427
37172,DIAMOND BAR 1,34.0704,-117.793,CISO-SCE,CA,ind,0.02043
37172,DIAMOND BAR 1,34.0704,-117.793,CISO-SCE,CA,rail,1.3e-05
37172,DIAMOND BAR 1,34.0704,-117.793,CISO-SCE,CA,road,0.004587
37173,DIAMOND BAR 2,33.9387,-117.914,CISO-SCE,CA,bldg,0.140427
37173,DIAMOND BAR 2,33.9387,-117.914,CISO-SCE,CA,ind,0.02043
37173,DIAMOND BAR 2,33.9387,-117.914,CISO-SCE,CA,rail,1.3e-05
37173,DIAMOND BAR 2,33.9387,-117.914,CISO-SCE,CA,road,0.004587
37174,PALMDALE 7,34.5035,-117.765,CISO-SCE,CA,bldg,0.054008
37174,PALMDALE 7,34.5035,-117.765,CISO-SCE,CA,ind,0.007857
37174,PALMDALE 7,34.5035,-117.765,CISO-SCE,CA,rail,5e-06
37174,PALMDALE 7,34.5035,-117.765,CISO-SCE,CA,road,0.001764
37175,SAN DIMAS 1,34.1736,-117.827,CISO-SCE,CA,bldg,0.100123
37175,SAN DIMAS 1,34.1736,-117.827,CISO-SCE,CA,ind,0.014567
37175,SAN DIMAS 1,34.1736,-117.827,CISO-SCE,CA,rail,9e-06
37175,SAN DIMAS 1,34.1736,-117.827,CISO-SCE,CA,road,0.003271
37176,SAN DIMAS 2,34.1903,-117.849,CISO-SCE,CA,bldg,0.100123
37176,SAN DIMAS 2,34.1903,-117.849,CISO-SCE,CA,ind,0.014567
37176,SAN DIMAS 2,34.1903,-117.849,CISO-SCE,CA,rail,9e-06
37176,SAN DIMAS 2,34.1903,-117.849,CISO-SCE,CA,road,0.003271
37177,POMONA 1,34.0385,-117.733,CISO-SCE,CA,bldg,0.104388
37177,POMONA 1,34.0385,-117.733,CISO-SCE,CA,ind,0.015187
37177,POMONA 1,34.0385,-117.733,CISO-SCE,CA,rail,9e-06
37177,POMONA 1,34.0385,-117.733,CISO-SCE,CA,road,0.00341
37178,POMONA 2,34.1251,-117.849,CISO-SCE,CA,bldg,0.104388
37178,POMONA 2,34.1251,-117.849,CISO-SCE,CA,ind,0.015187
37178,POMONA 2,34.1251,-117.849,CISO-SCE,CA,rail,9e-06
37178,POMONA 2,34.1251,-117.849,CISO-SCE,CA,road,0.00341
37179,LA VERNE 1,34.1522,-117.724,CISO-SCE,CA,bldg,0.10338
37179,LA VERNE 1,34.1522,-117.724,CISO-SCE,CA,ind,0.01504
37179,LA VERNE 1,34.1522,-117.724,CISO-SCE,CA,rail,9e-06
37179,LA VERNE 1,34.1522,-117.724,CISO-SCE,CA,road,0.003377
37180,LA VERNE 2,34.205,-117.778,CISO-SCE,CA,bldg,0.100492
37180,LA VERNE 2,34.205,-117.778,CISO-SCE,CA,ind,0.01462
37180,LA VERNE 2,34.205,-117.778,CISO-SCE,CA,rail,9e-06
37180,LA VERNE 2,34.205,-117.778,CISO-SCE,CA,road,0.003283
37181,POMONA 3,33.9475,-117.796,CISO-SCE,CA,bldg,0.216434
37181,POMONA 3,33.9475,-117.796,CISO-SCE,CA,ind,0.031488
37181,POMONA 3,33.9475,-117.796,CISO-SCE,CA,rail,1.9e-05
37181,POMONA 3,33.9475,-117.796,CISO-SCE,CA,road,0.00707
37182,POMONA 4,33.9559,-117.741,CISO-SCE,CA,bldg,0.216434
37182,POMONA 4,33.9559,-117.741,CISO-SCE,CA,ind,0.031488
37182,POMONA 4,33.9559,-117.741,CISO-SCE,CA,rail,1.9e-05
37182,POMONA 4,33.9559,-117.741,CISO-SCE,CA,road,0.00707
37183,POMONA 5,34.0621,-117.748,CISO-SCE,CA,bldg,0.145297
37183,POMONA 5,34.0621,-117.748,CISO-SCE,CA,ind,0.021139
37183,POMONA 5,34.0621,-117.748,CISO-SCE,CA,rail,1.3e-05
37183,POMONA 5,34.0621,-117.748,CISO-SCE,CA,road,0.004746
37184,POMONA 6,34.1235,-117.824,CISO-SCE,CA,bldg,0.145297
37184,POMONA 6,34.1235,-117.824,CISO-SCE,CA,ind,0.021139
37184,POMONA 6,34.1235,-117.824,CISO-SCE,CA,rail,1.3e-05
37184,POMONA 6,34.1235,-117.824,CISO-SCE,CA,road,0.004746
37185,CLAREMONT 1,34.1242,-117.8,CISO-SCE,CA,bldg,0.107915
37185,CLAREMONT 1,34.1242,-117.8,CISO-SCE,CA,ind,0.0157
37185,CLAREMONT 1,34.1242,-117.8,CISO-SCE,CA,rail,1e-05
37185,CLAREMONT 1,34.1242,-117.8,CISO-SCE,CA,road,0.003525
37186,CLAREMONT 2,34.1986,-117.803,CISO-SCE,CA,bldg,0.107915
37186,CLAREMONT 2,34.1986,-117.803,CISO-SCE,CA,ind,0.0157
37186,CLAREMONT 2,34.1986,-117.803,CISO-SCE,CA,rail,1e-05
37186,CLAREMONT 2,34.1986,-117.803,CISO-SCE,CA,road,0.003525
37187,RIDGECREST 1,35.6925,-117.669,CISO-SCE,CA,bldg,0.102138
37187,RIDGECREST 1,35.6925,-117.669,CISO-SCE,CA,ind,0.01486
37187,RIDGECREST 1,35.6925,-117.669,CISO-SCE,CA,rail,9e-06
37187,RIDGECREST 1,35.6925,-117.669,CISO-SCE,CA,road,0.003336
37188,RIDGECREST 2,35.5741,-117.632,CISO-SCE,CA,bldg,0.099887
37188,RIDGECREST 2,35.5741,-117.632,CISO-SCE,CA,ind,0.014532
37188,RIDGECREST 2,35.5741,-117.632,CISO-SCE,CA,rail,9e-06
37188,RIDGECREST 2,35.5741,-117.632,CISO-SCE,CA,road,0.003263
37189,WRIGHTWOOD,34.3747,-117.617,CISO-SCE,CA,bldg,0.02959
37189,WRIGHTWOOD,34.3747,-117.617,CISO-SCE,CA,ind,0.004305
37189,WRIGHTWOOD,34.3747,-117.617,CISO-SCE,CA,rail,3e-06
37189,WRIGHTWOOD,34.3747,-117.617,CISO-SCE,CA,road,0.000967
37190,OXNARD 9,34.1292,-119.169,CISO-SCE,CA,phase1,0.044311
37200,CANTIL,35.248,-118.175,CISO-SCE,CA,bldg,0.000605
37200,CANTIL,35.248,-118.175,CISO-SCE,CA,ind,8.8e-05
37200,CANTIL,35.248,-118.175,CISO-SCE,CA,rail,0.0
37200,CANTIL,35.248,-118.175,CISO-SCE,CA,road,2e-05
37202,BORON 1,35.0122,-117.556,CISO-SCE,CA,bldg,0.013905
37202,BORON 1,35.0122,-117.556,CISO-SCE,CA,ind,0.002023
37202,BORON 1,35.0122,-117.556,CISO-SCE,CA,rail,1e-06
37202,BORON 1,35.0122,-117.556,CISO-SCE,CA,road,0.000454
37207,PASADENA 7,34.1254,-118.148,CISO-SCE,CA,bldg,0.068047
37207,PASADENA 7,34.1254,-118.148,CISO-SCE,CA,ind,0.0099
37207,PASADENA 7,34.1254,-118.148,CISO-SCE,CA,rail,6e-06
37207,PASADENA 7,34.1254,-118.148,CISO-SCE,CA,road,0.002223
37211,TEHACHAPI 3,35.2608,-118.247,CISO-SCE,CA,bldg,0.006919
37211,TEHACHAPI 3,35.2608,-118.247,CISO-SCE,CA,ind,0.001007
37211,TEHACHAPI 3,35.2608,-118.247,CISO-SCE,CA,rail,1e-06
37211,TEHACHAPI 3,35.2608,-118.247,CISO-SCE,CA,road,0.000226
37214,BAKERSFIELD 23,35.7415,-119.051,CISO-SCE,CA,bldg,0.000705
37214,BAKERSFIELD 23,35.7415,-119.051,CISO-SCE,CA,ind,0.000102
37214,BAKERSFIELD 23,35.7415,-119.051,CISO-SCE,CA,rail,0.0
37214,BAKERSFIELD 23,35.7415,-119.051,CISO-SCE,CA,road,2.3e-05
37215,TUPMAN 1,35.4791,-119.737,CISO-PGAE,CA,bldg,0.024509
37215,TUPMAN 1,35.4791,-119.737,CISO-PGAE,CA,ind,0.008915
37215,TUPMAN 1,35.4791,-119.737,CISO-PGAE,CA,rail,0.000168
37215,TUPMAN 1,35.4791,-119.737,CISO-PGAE,CA,road,0.001006
37220,EL SEGUNDO 1,33.9106,-118.425,CISO-SCE,CA,bldg,0.100693
37220,EL SEGUNDO 1,33.9106,-118.425,CISO-SCE,CA,ind,0.01465
37220,EL SEGUNDO 1,33.9106,-118.425,CISO-SCE,CA,rail,9e-06
37220,EL SEGUNDO 1,33.9106,-118.425,CISO-SCE,CA,road,0.003289
37222,NORWALK 4,33.9296,-118.105,CISO-SCE,CA,bldg,0.084404
37222,NORWALK 4,33.9296,-118.105,CISO-SCE,CA,ind,0.01228
37222,NORWALK 4,33.9296,-118.105,CISO-SCE,CA,rail,8e-06
37222,NORWALK 4,33.9296,-118.105,CISO-SCE,CA,road,0.002757
37227,SANTA CLARITA 4,34.5902,-118.455,CISO-SCE,CA,bldg,0.017734
37227,SANTA CLARITA 4,34.5902,-118.455,CISO-SCE,CA,ind,0.00258
37227,SANTA CLARITA 4,34.5902,-118.455,CISO-SCE,CA,rail,2e-06
37227,SANTA CLARITA 4,34.5902,-118.455,CISO-SCE,CA,road,0.000579
37235,MOJAVE 7,35.0506,-118.171,CISO-SCE,CA,bldg,0.033049
37235,MOJAVE 7,35.0506,-118.171,CISO-SCE,CA,ind,0.004808
37235,MOJAVE 7,35.0506,-118.171,CISO-SCE,CA,rail,3e-06
37235,MOJAVE 7,35.0506,-118.171,CISO-SCE,CA,road,0.00108
37247,OXNARD 12,34.1958,-119.166,CISO-SCE,CA,phase1,0.200244
37281,TUPMAN 2,35.2803,-119.471,CISO-PGAE,CA,phase1,0.082354
37298,LOS ALAMITOS,33.6965,-118.029,CISO-SCE,CA,bldg,0.131493
37298,LOS ALAMITOS,33.6965,-118.029,CISO-SCE,CA,ind,0.019131
37298,LOS ALAMITOS,33.6965,-118.029,CISO-SCE,CA,rail,1.2e-05
37298,LOS ALAMITOS,33.6965,-118.029,CISO-SCE,CA,road,0.004295
37299,HUNTINGTON BEACH 1,33.7682,-118.034,CISO-SCE,CA,bldg,0.235713
37299,HUNTINGTON BEACH 1,33.7682,-118.034,CISO-SCE,CA,ind,0.034293
37299,HUNTINGTON BEACH 1,33.7682,-118.034,CISO-SCE,CA,rail,2.1e-05
37299,HUNTINGTON BEACH 1,33.7682,-118.034,CISO-SCE,CA,road,0.0077
37300,HUNTINGTON BEACH 2,33.7639,-118.11,CISO-SCE,CA,bldg,0.235108
37300,HUNTINGTON BEACH 2,33.7639,-118.11,CISO-SCE,CA,ind,0.034205
37300,HUNTINGTON BEACH 2,33.7639,-118.11,CISO-SCE,CA,rail,2.1e-05
37300,HUNTINGTON BEACH 2,33.7639,-118.11,CISO-SCE,CA,road,0.00768
37301,BUENA PARK 1,33.8797,-118.044,CISO-SCE,CA,bldg,0.136363
37301,BUENA PARK 1,33.8797,-118.044,CISO-SCE,CA,ind,0.019839
37301,BUENA PARK 1,33.8797,-118.044,CISO-SCE,CA,rail,1.2e-05
37301,BUENA PARK 1,33.8797,-118.044,CISO-SCE,CA,road,0.004454
37302,BUENA PARK 2,33.7741,-117.993,CISO-SCE,CA,bldg,0.136363
37302,BUENA PARK 2,33.7741,-117.993,CISO-SCE,CA,ind,0.019839
37302,BUENA PARK 2,33.7741,-117.993,CISO-SCE,CA,rail,1.2e-05
37302,BUENA PARK 2,33.7741,-117.993,CISO-SCE,CA,road,0.004454
37303,HUNTINGTON BEACH 3,33.7672,-118.091,CISO-SCE,CA,bldg,0.17304
37303,HUNTINGTON BEACH 3,33.7672,-118.091,CISO-SCE,CA,ind,0.025175
37303,HUNTINGTON BEACH 3,33.7672,-118.091,CISO-SCE,CA,rail,1.6e-05
37303,HUNTINGTON BEACH 3,33.7672,-118.091,CISO-SCE,CA,road,0.005653
37304,HUNTINGTON BEACH 4,33.6582,-118.006,CISO-SCE,CA,bldg,0.17304
37304,HUNTINGTON BEACH 4,33.6582,-118.006,CISO-SCE,CA,ind,0.025175
37304,HUNTINGTON BEACH 4,33.6582,-118.006,CISO-SCE,CA,rail,1.6e-05
37304,HUNTINGTON BEACH 4,33.6582,-118.006,CISO-SCE,CA,road,0.005653
37305,STANTON 1,33.8023,-118.044,CISO-SCE,CA,bldg,0.090517
37305,STANTON 1,33.8023,-118.044,CISO-SCE,CA,ind,0.013169
37305,STANTON 1,33.8023,-118.044,CISO-SCE,CA,rail,8e-06
37305,STANTON 1,33.8023,-118.044,CISO-SCE,CA,road,0.002957
37306,WESTMINSTER 1,33.7709,-117.967,CISO-SCE,CA,bldg,0.180865
37306,WESTMINSTER 1,33.7709,-117.967,CISO-SCE,CA,ind,0.026314
37306,WESTMINSTER 1,33.7709,-117.967,CISO-SCE,CA,rail,1.6e-05
37306,WESTMINSTER 1,33.7709,-117.967,CISO-SCE,CA,road,0.005908
37307,WESTMINSTER 2,33.722,-118.027,CISO-SCE,CA,bldg,0.271382
37307,WESTMINSTER 2,33.722,-118.027,CISO-SCE,CA,ind,0.039483
37307,WESTMINSTER 2,33.722,-118.027,CISO-SCE,CA,rail,2.4e-05
37307,WESTMINSTER 2,33.722,-118.027,CISO-SCE,CA,road,0.008865
37308,WESTMINSTER 3,33.7523,-117.928,CISO-SCE,CA,bldg,0.180865
37308,WESTMINSTER 3,33.7523,-117.928,CISO-SCE,CA,ind,0.026314
37308,WESTMINSTER 3,33.7523,-117.928,CISO-SCE,CA,rail,1.6e-05
37308,WESTMINSTER 3,33.7523,-117.928,CISO-SCE,CA,road,0.005908
37309,BUENA PARK 3,33.8842,-118.004,CISO-SCE,CA,bldg,0.212538
37309,BUENA PARK 3,33.8842,-118.004,CISO-SCE,CA,ind,0.030921
37309,BUENA PARK 3,33.8842,-118.004,CISO-SCE,CA,rail,1.9e-05
37309,BUENA PARK 3,33.8842,-118.004,CISO-SCE,CA,road,0.006943
37310,GARDEN GROVE 1,33.8056,-117.959,CISO-SCE,CA,bldg,0.099283
37310,GARDEN GROVE 1,33.8056,-117.959,CISO-SCE,CA,ind,0.014444
37310,GARDEN GROVE 1,33.8056,-117.959,CISO-SCE,CA,rail,9e-06
37310,GARDEN GROVE 1,33.8056,-117.959,CISO-SCE,CA,road,0.003243
37311,GARDEN GROVE 2,33.8607,-118.007,CISO-SCE,CA,bldg,0.099283
37311,GARDEN GROVE 2,33.8607,-118.007,CISO-SCE,CA,ind,0.014444
37311,GARDEN GROVE 2,33.8607,-118.007,CISO-SCE,CA,rail,9e-06
37311,GARDEN GROVE 2,33.8607,-118.007,CISO-SCE,CA,road,0.003243
37312,ANAHEIM 1,33.7684,-118.044,CISO-SCE,CA,bldg,0.17314
37312,ANAHEIM 1,33.7684,-118.044,CISO-SCE,CA,ind,0.02519
37312,ANAHEIM 1,33.7684,-118.044,CISO-SCE,CA,rail,1.6e-05
37312,ANAHEIM 1,33.7684,-118.044,CISO-SCE,CA,road,0.005656
37313,ANAHEIM 2,33.7865,-118.074,CISO-SCE,CA,bldg,0.271281
37313,ANAHEIM 2,33.7865,-118.074,CISO-SCE,CA,ind,0.039468
37313,ANAHEIM 2,33.7865,-118.074,CISO-SCE,CA,rail,2.4e-05
37313,ANAHEIM 2,33.7865,-118.074,CISO-SCE,CA,road,0.008862
37314,ANAHEIM 3,33.7359,-117.993,CISO-SCE,CA,bldg,0.17314
37314,ANAHEIM 3,33.7359,-117.993,CISO-SCE,CA,ind,0.02519
37314,ANAHEIM 3,33.7359,-117.993,CISO-SCE,CA,rail,1.6e-05
37314,ANAHEIM 3,33.7359,-117.993,CISO-SCE,CA,road,0.005656
37315,GARDEN GROVE 3,33.702,-117.914,CISO-SCE,CA,bldg,0.146943
37315,GARDEN GROVE 3,33.702,-117.914,CISO-SCE,CA,ind,0.021378
37315,GARDEN GROVE 3,33.702,-117.914,CISO-SCE,CA,rail,1.3e-05
37315,GARDEN GROVE 3,33.702,-117.914,CISO-SCE,CA,road,0.0048
37316,HUNTINGTON BEACH 5,33.7527,-118.014,CISO-SCE,CA,bldg,0.166927
37316,HUNTINGTON BEACH 5,33.7527,-118.014,CISO-SCE,CA,ind,0.024286
37316,HUNTINGTON BEACH 5,33.7527,-118.014,CISO-SCE,CA,rail,1.5e-05
37316,HUNTINGTON BEACH 5,33.7527,-118.014,CISO-SCE,CA,road,0.005453
37317,HUNTINGTON BEACH 6,33.6056,-117.927,CISO-SCE,CA,bldg,0.166927
37317,HUNTINGTON BEACH 6,33.6056,-117.927,CISO-SCE,CA,ind,0.024286
37317,HUNTINGTON BEACH 6,33.6056,-117.927,CISO-SCE,CA,rail,1.5e-05
37317,HUNTINGTON BEACH 6,33.6056,-117.927,CISO-SCE,CA,road,0.005453
37318,FULLERTON 1,33.9414,-117.893,CISO-SCE,CA,bldg,0.156481
37318,FULLERTON 1,33.9414,-117.893,CISO-SCE,CA,ind,0.022766
37318,FULLERTON 1,33.9414,-117.893,CISO-SCE,CA,rail,1.4e-05
37318,FULLERTON 1,33.9414,-117.893,CISO-SCE,CA,road,0.005112
37319,FULLERTON 2,33.7877,-117.956,CISO-SCE,CA,bldg,0.156481
37319,FULLERTON 2,33.7877,-117.956,CISO-SCE,CA,ind,0.022766
37319,FULLERTON 2,33.7877,-117.956,CISO-SCE,CA,rail,1.4e-05
37319,FULLERTON 2,33.7877,-117.956,CISO-SCE,CA,road,0.005112
37320,ANAHEIM 4,33.7851,-117.864,CISO-SCE,CA,bldg,0.187616
37320,ANAHEIM 4,33.7851,-117.864,CISO-SCE,CA,ind,0.027296
37320,ANAHEIM 4,33.7851,-117.864,CISO-SCE,CA,rail,1.7e-05
37320,ANAHEIM 4,33.7851,-117.864,CISO-SCE,CA,road,0.006129
37321,ANAHEIM 5,33.7948,-117.942,CISO-SCE,CA,bldg,0.187616
37321,ANAHEIM 5,33.7948,-117.942,CISO-SCE,CA,ind,0.027296
37321,ANAHEIM 5,33.7948,-117.942,CISO-SCE,CA,rail,1.7e-05
37321,ANAHEIM 5,33.7948,-117.942,CISO-SCE,CA,road,0.006129
37322,FOUNTAIN VALLEY 1,33.6391,-117.897,CISO-SCE,CA,bldg,0.169278
37322,FOUNTAIN VALLEY 1,33.6391,-117.897,CISO-SCE,CA,ind,0.024628
37322,FOUNTAIN VALLEY 1,33.6391,-117.897,CISO-SCE,CA,rail,1.5e-05
37322,FOUNTAIN VALLEY 1,33.6391,-117.897,CISO-SCE,CA,road,0.00553
37323,FOUNTAIN VALLEY 2,33.7061,-118.047,CISO-SCE,CA,bldg,0.172032
37323,FOUNTAIN VALLEY 2,33.7061,-118.047,CISO-SCE,CA,ind,0.025028
37323,FOUNTAIN VALLEY 2,33.7061,-118.047,CISO-SCE,CA,rail,1.5e-05
37323,FOUNTAIN VALLEY 2,33.7061,-118.047,CISO-SCE,CA,road,0.00562
37324,NEWPORT BEACH 1,33.5543,-117.817,CISO-SCE,CA,bldg,0.130888
37324,NEWPORT BEACH 1,33.5543,-117.817,CISO-SCE,CA,ind,0.019042
37324,NEWPORT BEACH 1,33.5543,-117.817,CISO-SCE,CA,rail,1.2e-05
37324,NEWPORT BEACH 1,33.5543,-117.817,CISO-SCE,CA,road,0.004276
37325,GARDEN GROVE 4,33.7787,-117.865,CISO-SCE,CA,bldg,0.163467
37325,GARDEN GROVE 4,33.7787,-117.865,CISO-SCE,CA,ind,0.023782
37325,GARDEN GROVE 4,33.7787,-117.865,CISO-SCE,CA,rail,1.5e-05
37325,GARDEN GROVE 4,33.7787,-117.865,CISO-SCE,CA,road,0.00534
37326,GARDEN GROVE 5,33.7212,-117.834,CISO-SCE,CA,bldg,0.268662
37326,GARDEN GROVE 5,33.7212,-117.834,CISO-SCE,CA,ind,0.039087
37326,GARDEN GROVE 5,33.7212,-117.834,CISO-SCE,CA,rail,2.4e-05
37326,GARDEN GROVE 5,33.7212,-117.834,CISO-SCE,CA,road,0.008776
37327,GARDEN GROVE 6,33.863,-117.868,CISO-SCE,CA,bldg,0.171629
37327,GARDEN GROVE 6,33.863,-117.868,CISO-SCE,CA,ind,0.02497
37327,GARDEN GROVE 6,33.863,-117.868,CISO-SCE,CA,rail,1.5e-05
37327,GARDEN GROVE 6,33.863,-117.868,CISO-SCE,CA,road,0.005606
37328,GARDEN GROVE 7,33.819,-117.976,CISO-SCE,CA,bldg,0.136665
37328,GARDEN GROVE 7,33.819,-117.976,CISO-SCE,CA,ind,0.019883
37328,GARDEN GROVE 7,33.819,-117.976,CISO-SCE,CA,rail,1.2e-05
37328,GARDEN GROVE 7,33.819,-117.976,CISO-SCE,CA,road,0.004464
37329,FULLERTON 3,33.804,-117.931,CISO-SCE,CA,bldg,0.14963
37329,FULLERTON 3,33.804,-117.931,CISO-SCE,CA,ind,0.021769
37329,FULLERTON 3,33.804,-117.931,CISO-SCE,CA,rail,1.3e-05
37329,FULLERTON 3,33.804,-117.931,CISO-SCE,CA,road,0.004888
37330,ANAHEIM 6,33.7985,-117.857,CISO-SCE,CA,bldg,0.129108
37330,ANAHEIM 6,33.7985,-117.857,CISO-SCE,CA,ind,0.018784
37330,ANAHEIM 6,33.7985,-117.857,CISO-SCE,CA,rail,1.2e-05
37330,ANAHEIM 6,33.7985,-117.857,CISO-SCE,CA,road,0.004217
37331,ANAHEIM 7,33.8682,-117.879,CISO-SCE,CA,bldg,0.129108
37331,ANAHEIM 7,33.8682,-117.879,CISO-SCE,CA,ind,0.018784
37331,ANAHEIM 7,33.8682,-117.879,CISO-SCE,CA,rail,1.2e-05
37331,ANAHEIM 7,33.8682,-117.879,CISO-SCE,CA,road,0.004217
37332,COSTA MESA 1,33.5947,-117.838,CISO-SCE,CA,bldg,0.289754
37332,COSTA MESA 1,33.5947,-117.838,CISO-SCE,CA,ind,0.042155
37332,COSTA MESA 1,33.5947,-117.838,CISO-SCE,CA,rail,2.6e-05
37332,COSTA MESA 1,33.5947,-117.838,CISO-SCE,CA,road,0.009465
37333,COSTA MESA 2,33.6805,-117.951,CISO-SCE,CA,bldg,0.279376
37333,COSTA MESA 2,33.6805,-117.951,CISO-SCE,CA,ind,0.040646
37333,COSTA MESA 2,33.6805,-117.951,CISO-SCE,CA,rail,2.5e-05
37333,COSTA MESA 2,33.6805,-117.951,CISO-SCE,CA,road,0.009126
37334,FULLERTON 4,33.8384,-117.899,CISO-SCE,CA,bldg,0.221942
37334,FULLERTON 4,33.8384,-117.899,CISO-SCE,CA,ind,0.03229
37334,FULLERTON 4,33.8384,-117.899,CISO-SCE,CA,rail,2e-05
37334,FULLERTON 4,33.8384,-117.899,CISO-SCE,CA,road,0.00725
37335,COSTA MESA 3,33.6033,-117.852,CISO-SCE,CA,bldg,0.149159
37335,COSTA MESA 3,33.6033,-117.852,CISO-SCE,CA,ind,0.0217
37335,COSTA MESA 3,33.6033,-117.852,CISO-SCE,CA,rail,1.3e-05
37335,COSTA MESA 3,33.6033,-117.852,CISO-SCE,CA,road,0.004872
37336,COSTA MESA 4,33.6826,-117.884,CISO-SCE,CA,bldg,0.149159
37336,COSTA MESA 4,33.6826,-117.884,CISO-SCE,CA,ind,0.0217
37336,COSTA MESA 4,33.6826,-117.884,CISO-SCE,CA,rail,1.3e-05
37336,COSTA MESA 4,33.6826,-117.884,CISO-SCE,CA,road,0.004872
37337,SANTA ANA 1,33.7141,-117.886,CISO-SCE,CA,bldg,0.197827
37337,SANTA ANA 1,33.7141,-117.886,CISO-SCE,CA,ind,0.028781
37337,SANTA ANA 1,33.7141,-117.886,CISO-SCE,CA,rail,1.8e-05
37337,SANTA ANA 1,33.7141,-117.886,CISO-SCE,CA,road,0.006462
37338,SANTA ANA 2,33.6871,-117.974,CISO-SCE,CA,bldg,0.197827
37338,SANTA ANA 2,33.6871,-117.974,CISO-SCE,CA,ind,0.028781
37338,SANTA ANA 2,33.6871,-117.974,CISO-SCE,CA,rail,1.8e-05
37338,SANTA ANA 2,33.6871,-117.974,CISO-SCE,CA,road,0.006462
37339,ANAHEIM 8,33.9053,-117.902,CISO-SCE,CA,bldg,0.212807
37339,ANAHEIM 8,33.9053,-117.902,CISO-SCE,CA,ind,0.030961
37339,ANAHEIM 8,33.9053,-117.902,CISO-SCE,CA,rail,1.9e-05
37339,ANAHEIM 8,33.9053,-117.902,CISO-SCE,CA,road,0.006952
37340,ANAHEIM 9,33.7892,-117.99,CISO-SCE,CA,bldg,0.212807
37340,ANAHEIM 9,33.7892,-117.99,CISO-SCE,CA,ind,0.030961
37340,ANAHEIM 9,33.7892,-117.99,CISO-SCE,CA,rail,1.9e-05
37340,ANAHEIM 9,33.7892,-117.99,CISO-SCE,CA,road,0.006952
37341,SANTA ANA 3,33.6403,-117.92,CISO-SCE,CA,bldg,0.445093
37341,SANTA ANA 3,33.6403,-117.92,CISO-SCE,CA,ind,0.064755
37341,SANTA ANA 3,33.6403,-117.92,CISO-SCE,CA,rail,4e-05
37341,SANTA ANA 3,33.6403,-117.92,CISO-SCE,CA,road,0.01454
37342,SANTA ANA 4,33.7416,-117.807,CISO-SCE,CA,bldg,0.177574
37342,SANTA ANA 4,33.7416,-117.807,CISO-SCE,CA,ind,0.025835
37342,SANTA ANA 4,33.7416,-117.807,CISO-SCE,CA,rail,1.6e-05
37342,SANTA ANA 4,33.7416,-117.807,CISO-SCE,CA,road,0.005801
37343,FULLERTON 5,33.8417,-117.819,CISO-SCE,CA,bldg,0.10338
37343,FULLERTON 5,33.8417,-117.819,CISO-SCE,CA,ind,0.01504
37343,FULLERTON 5,33.8417,-117.819,CISO-SCE,CA,rail,9e-06
37343,FULLERTON 5,33.8417,-117.819,CISO-SCE,CA,road,0.003377
37344,BREA 1,33.9694,-117.97,CISO-SCE,CA,bldg,0.107411
37344,BREA 1,33.9694,-117.97,CISO-SCE,CA,ind,0.015627
37344,BREA 1,33.9694,-117.97,CISO-SCE,CA,rail,1e-05
37344,BREA 1,33.9694,-117.97,CISO-SCE,CA,road,0.003509
37345,BREA 2,33.9665,-117.864,CISO-SCE,CA,bldg,0.107411
37345,BREA 2,33.9665,-117.864,CISO-SCE,CA,ind,0.015627
37345,BREA 2,33.9665,-117.864,CISO-SCE,CA,rail,1e-05
37345,BREA 2,33.9665,-117.864,CISO-SCE,CA,road,0.003509
37346,SANTA ANA 5,33.723,-117.789,CISO-SCE,CA,bldg,0.110199
37346,SANTA ANA 5,33.723,-117.789,CISO-SCE,CA,ind,0.016033
37346,SANTA ANA 5,33.723,-117.789,CISO-SCE,CA,rail,1e-05
37346,SANTA ANA 5,33.723,-117.789,CISO-SCE,CA,road,0.0036
37347,NEWPORT BEACH 2,33.7291,-117.861,CISO-SCE,CA,bldg,0.105194
37347,NEWPORT BEACH 2,33.7291,-117.861,CISO-SCE,CA,ind,0.015304
37347,NEWPORT BEACH 2,33.7291,-117.861,CISO-SCE,CA,rail,9e-06
37347,NEWPORT BEACH 2,33.7291,-117.861,CISO-SCE,CA,road,0.003436
37348,ANAHEIM 10,33.8437,-117.795,CISO-SCE,CA,bldg,0.112382
37348,ANAHEIM 10,33.8437,-117.795,CISO-SCE,CA,ind,0.01635
37348,ANAHEIM 10,33.8437,-117.795,CISO-SCE,CA,rail,1e-05
37348,ANAHEIM 10,33.8437,-117.795,CISO-SCE,CA,road,0.003671
37349,ANAHEIM 11,33.814,-117.802,CISO-SCE,CA,bldg,0.112382
37349,ANAHEIM 11,33.814,-117.802,CISO-SCE,CA,ind,0.01635
37349,ANAHEIM 11,33.814,-117.802,CISO-SCE,CA,rail,1e-05
37349,ANAHEIM 11,33.814,-117.802,CISO-SCE,CA,road,0.003671
37350,SANTA ANA 6,33.6522,-117.781,CISO-SCE,CA,bldg,0.324214
37350,SANTA ANA 6,33.6522,-117.781,CISO-SCE,CA,ind,0.047169
37350,SANTA ANA 6,33.6522,-117.781,CISO-SCE,CA,rail,2.9e-05
37350,SANTA ANA 6,33.6522,-117.781,CISO-SCE,CA,road,0.010591
37351,SANTA ANA 7,33.7642,-117.941,CISO-SCE,CA,bldg,0.230238
37351,SANTA ANA 7,33.7642,-117.941,CISO-SCE,CA,ind,0.033497
37351,SANTA ANA 7,33.7642,-117.941,CISO-SCE,CA,rail,2.1e-05
37351,SANTA ANA 7,33.7642,-117.941,CISO-SCE,CA,road,0.007521
37352,SANTA ANA 8,33.7858,-117.923,CISO-SCE,CA,bldg,0.162964
37352,SANTA ANA 8,33.7858,-117.923,CISO-SCE,CA,ind,0.023709
37352,SANTA ANA 8,33.7858,-117.923,CISO-SCE,CA,rail,1.5e-05
37352,SANTA ANA 8,33.7858,-117.923,CISO-SCE,CA,road,0.005323
37353,SANTA ANA 9,33.7689,-117.778,CISO-SCE,CA,bldg,0.162964
37353,SANTA ANA 9,33.7689,-117.778,CISO-SCE,CA,ind,0.023709
37353,SANTA ANA 9,33.7689,-117.778,CISO-SCE,CA,rail,1.5e-05
37353,SANTA ANA 9,33.7689,-117.778,CISO-SCE,CA,road,0.005323
37354,PLACENTIA 1,33.8157,-117.899,CISO-SCE,CA,bldg,0.157287
37354,PLACENTIA 1,33.8157,-117.899,CISO-SCE,CA,ind,0.022883
37354,PLACENTIA 1,33.8157,-117.899,CISO-SCE,CA,rail,1.4e-05
37354,PLACENTIA 1,33.8157,-117.899,CISO-SCE,CA,road,0.005138
37355,PLACENTIA 2,33.8018,-117.909,CISO-SCE,CA,bldg,0.157287
37355,PLACENTIA 2,33.8018,-117.909,CISO-SCE,CA,ind,0.022883
37355,PLACENTIA 2,33.8018,-117.909,CISO-SCE,CA,rail,1.4e-05
37355,PLACENTIA 2,33.8018,-117.909,CISO-SCE,CA,road,0.005138
37356,ORANGE 1,33.876,-117.837,CISO-SCE,CA,bldg,0.228458
37356,ORANGE 1,33.876,-117.837,CISO-SCE,CA,ind,0.033237
37356,ORANGE 1,33.876,-117.837,CISO-SCE,CA,rail,2.1e-05
37356,ORANGE 1,33.876,-117.837,CISO-SCE,CA,road,0.007463
37357,ORANGE 2,33.7654,-117.864,CISO-SCE,CA,bldg,0.134549
37357,ORANGE 2,33.7654,-117.864,CISO-SCE,CA,ind,0.019575
37357,ORANGE 2,33.7654,-117.864,CISO-SCE,CA,rail,1.2e-05
37357,ORANGE 2,33.7654,-117.864,CISO-SCE,CA,road,0.004395
37358,ORANGE 3,33.8541,-117.941,CISO-SCE,CA,bldg,0.134549
37358,ORANGE 3,33.8541,-117.941,CISO-SCE,CA,ind,0.019575
37358,ORANGE 3,33.8541,-117.941,CISO-SCE,CA,rail,1.2e-05
37358,ORANGE 3,33.8541,-117.941,CISO-SCE,CA,road,0.004395
37359,IRVINE 1,33.6672,-117.82,CISO-SCE,CA,bldg,0.230776
37359,IRVINE 1,33.6672,-117.82,CISO-SCE,CA,ind,0.033575
37359,IRVINE 1,33.6672,-117.82,CISO-SCE,CA,rail,2.1e-05
37359,IRVINE 1,33.6672,-117.82,CISO-SCE,CA,road,0.007539
37360,IRVINE 2,33.5999,-117.901,CISO-SCE,CA,bldg,0.083195
37360,IRVINE 2,33.5999,-117.901,CISO-SCE,CA,ind,0.012104
37360,IRVINE 2,33.5999,-117.901,CISO-SCE,CA,rail,7e-06
37360,IRVINE 2,33.5999,-117.901,CISO-SCE,CA,road,0.002718
37361,TUSTIN 1,33.7919,-117.875,CISO-SCE,CA,bldg,0.174551
37361,TUSTIN 1,33.7919,-117.875,CISO-SCE,CA,ind,0.025395
37361,TUSTIN 1,33.7919,-117.875,CISO-SCE,CA,rail,1.6e-05
37361,TUSTIN 1,33.7919,-117.875,CISO-SCE,CA,road,0.005702
37362,TUSTIN 2,33.6572,-117.806,CISO-SCE,CA,bldg,0.174551
37362,TUSTIN 2,33.6572,-117.806,CISO-SCE,CA,ind,0.025395
37362,TUSTIN 2,33.6572,-117.806,CISO-SCE,CA,rail,1.6e-05
37362,TUSTIN 2,33.6572,-117.806,CISO-SCE,CA,road,0.005702
37363,IRVINE 3,33.708,-117.779,CISO-SCE,CA,bldg,0.129948
37363,IRVINE 3,33.708,-117.779,CISO-SCE,CA,ind,0.018905
37363,IRVINE 3,33.708,-117.779,CISO-SCE,CA,rail,1.2e-05
37363,IRVINE 3,33.708,-117.779,CISO-SCE,CA,road,0.004245
37364,YORBA LINDA 1,33.8252,-117.816,CISO-SCE,CA,bldg,0.371505
37364,YORBA LINDA 1,33.8252,-117.816,CISO-SCE,CA,ind,0.054049
37364,YORBA LINDA 1,33.8252,-117.816,CISO-SCE,CA,rail,3.3e-05
37364,YORBA LINDA 1,33.8252,-117.816,CISO-SCE,CA,road,0.012136
37365,ORANGE 4,33.8023,-117.814,CISO-SCE,CA,bldg,0.112415
37365,ORANGE 4,33.8023,-117.814,CISO-SCE,CA,ind,0.016355
37365,ORANGE 4,33.8023,-117.814,CISO-SCE,CA,rail,1e-05
37365,ORANGE 4,33.8023,-117.814,CISO-SCE,CA,road,0.003672
37366,SANTA ANA 10,33.8075,-117.835,CISO-SCE,CA,bldg,0.348733
37366,SANTA ANA 10,33.8075,-117.835,CISO-SCE,CA,ind,0.050736
37366,SANTA ANA 10,33.8075,-117.835,CISO-SCE,CA,rail,3.1e-05
37366,SANTA ANA 10,33.8075,-117.835,CISO-SCE,CA,road,0.011392
37367,SANTA ANA 11,33.8553,-117.726,CISO-SCE,CA,bldg,0.135154
37367,SANTA ANA 11,33.8553,-117.726,CISO-SCE,CA,ind,0.019663
37367,SANTA ANA 11,33.8553,-117.726,CISO-SCE,CA,rail,1.2e-05
37367,SANTA ANA 11,33.8553,-117.726,CISO-SCE,CA,road,0.004415
37368,ANAHEIM 12,33.883,-117.8,CISO-SCE,CA,bldg,0.109325
37368,ANAHEIM 12,33.883,-117.8,CISO-SCE,CA,ind,0.015906
37368,ANAHEIM 12,33.883,-117.8,CISO-SCE,CA,rail,1e-05
37368,ANAHEIM 12,33.883,-117.8,CISO-SCE,CA,road,0.003571
37369,TUSTIN 3,33.6738,-117.864,CISO-SCE,CA,bldg,0.139251
37369,TUSTIN 3,33.6738,-117.864,CISO-SCE,CA,ind,0.020259
37369,TUSTIN 3,33.6738,-117.864,CISO-SCE,CA,rail,1.2e-05
37369,TUSTIN 3,33.6738,-117.864,CISO-SCE,CA,road,0.004549
37370,IRVINE 4,33.5301,-117.715,CISO-SDGE,CA,bldg,0.154629
37370,IRVINE 4,33.5301,-117.715,CISO-SDGE,CA,ind,0.014632
37370,IRVINE 4,33.5301,-117.715,CISO-SDGE,CA,rail,0.000739
37370,IRVINE 4,33.5301,-117.715,CISO-SDGE,CA,road,0.007231
37371,IRVINE 5,33.6897,-117.667,CISO-SCE,CA,bldg,0.116345
37371,IRVINE 5,33.6897,-117.667,CISO-SCE,CA,ind,0.016926
37371,IRVINE 5,33.6897,-117.667,CISO-SCE,CA,rail,1e-05
37371,IRVINE 5,33.6897,-117.667,CISO-SCE,CA,road,0.003801
37372,IRVINE 6,33.7656,-117.763,CISO-SCE,CA,bldg,0.116345
37372,IRVINE 6,33.7656,-117.763,CISO-SCE,CA,ind,0.016926
37372,IRVINE 6,33.7656,-117.763,CISO-SCE,CA,rail,1e-05
37372,IRVINE 6,33.7656,-117.763,CISO-SCE,CA,road,0.003801
37373,IRVINE 7,33.808,-117.722,CISO-SCE,CA,bldg,0.138277
37373,IRVINE 7,33.808,-117.722,CISO-SCE,CA,ind,0.020117
37373,IRVINE 7,33.808,-117.722,CISO-SCE,CA,rail,1.2e-05
37373,IRVINE 7,33.808,-117.722,CISO-SCE,CA,road,0.004517
37374,ANAHEIM 13,33.9226,-117.721,CISO-SCE,CA,bldg,0.121148
37374,ANAHEIM 13,33.9226,-117.721,CISO-SCE,CA,ind,0.017625
37374,ANAHEIM 13,33.9226,-117.721,CISO-SCE,CA,rail,1.1e-05
37374,ANAHEIM 13,33.9226,-117.721,CISO-SCE,CA,road,0.003957
37375,CHINO HILLS 1,33.9909,-117.779,CISO-SCE,CA,bldg,0.247938
37375,CHINO HILLS 1,33.9909,-117.779,CISO-SCE,CA,ind,0.036072
37375,CHINO HILLS 1,33.9909,-117.779,CISO-SCE,CA,rail,2.2e-05
37375,CHINO HILLS 1,33.9909,-117.779,CISO-SCE,CA,road,0.008099
37376,CHINO HILLS 2,33.9293,-117.681,CISO-SCE,CA,bldg,0.246461
37376,CHINO HILLS 2,33.9293,-117.681,CISO-SCE,CA,ind,0.035857
37376,CHINO HILLS 2,33.9293,-117.681,CISO-SCE,CA,rail,2.2e-05
37376,CHINO HILLS 2,33.9293,-117.681,CISO-SCE,CA,road,0.008051
37377,IRVINE 8,33.7494,-117.832,CISO-SCE,CA,bldg,0.098947
37377,IRVINE 8,33.7494,-117.832,CISO-SCE,CA,ind,0.014395
37377,IRVINE 8,33.7494,-117.832,CISO-SCE,CA,rail,9e-06
37377,IRVINE 8,33.7494,-117.832,CISO-SCE,CA,road,0.003232
37378,LAGUNA WOODS,33.6649,-117.689,CISO-SCE,CA,bldg,0.096797
37378,LAGUNA WOODS,33.6649,-117.689,CISO-SCE,CA,ind,0.014083
37378,LAGUNA WOODS,33.6649,-117.689,CISO-SCE,CA,rail,9e-06
37378,LAGUNA WOODS,33.6649,-117.689,CISO-SCE,CA,road,0.003162
37379,ALISO VIEJO 1,33.5557,-117.791,CISO-SCE,CA,bldg,0.223689
37379,ALISO VIEJO 1,33.5557,-117.791,CISO-SCE,CA,ind,0.032544
37379,ALISO VIEJO 1,33.5557,-117.791,CISO-SCE,CA,rail,2e-05
37379,ALISO VIEJO 1,33.5557,-117.791,CISO-SCE,CA,road,0.007307
37380,ALISO VIEJO 2,33.5704,-117.795,CISO-SCE,CA,bldg,0.148253
37380,ALISO VIEJO 2,33.5704,-117.795,CISO-SCE,CA,ind,0.021569
37380,ALISO VIEJO 2,33.5704,-117.795,CISO-SCE,CA,rail,1.3e-05
37380,ALISO VIEJO 2,33.5704,-117.795,CISO-SCE,CA,road,0.004843
37381,YORBA LINDA 2,33.8111,-117.745,CISO-SCE,CA,bldg,0.233362
37381,YORBA LINDA 2,33.8111,-117.745,CISO-SCE,CA,ind,0.033951
37381,YORBA LINDA 2,33.8111,-117.745,CISO-SCE,CA,rail,2.1e-05
37381,YORBA LINDA 2,33.8111,-117.745,CISO-SCE,CA,road,0.007623
37382,DANA POINT,33.4128,-117.614,CISO-SDGE,CA,bldg,0.094139
37382,DANA POINT,33.4128,-117.614,CISO-SDGE,CA,ind,0.008908
37382,DANA POINT,33.4128,-117.614,CISO-SDGE,CA,rail,0.00045
37382,DANA POINT,33.4128,-117.614,CISO-SDGE,CA,road,0.004403
37383,LAGUNA NIGUEL 1,33.5444,-117.71,CISO-SDGE,CA,bldg,0.148029
37383,LAGUNA NIGUEL 1,33.5444,-117.71,CISO-SDGE,CA,ind,0.014007
37383,LAGUNA NIGUEL 1,33.5444,-117.71,CISO-SDGE,CA,rail,0.000707
37383,LAGUNA NIGUEL 1,33.5444,-117.71,CISO-SDGE,CA,road,0.006923
37384,LAGUNA NIGUEL 2,33.5279,-117.659,CISO-SDGE,CA,bldg,0.148029
37384,LAGUNA NIGUEL 2,33.5279,-117.659,CISO-SDGE,CA,ind,0.014007
37384,LAGUNA NIGUEL 2,33.5279,-117.659,CISO-SDGE,CA,rail,0.000707
37384,LAGUNA NIGUEL 2,33.5279,-117.659,CISO-SDGE,CA,road,0.006923
37385,MONTCLAIR 1,34.0145,-117.617,CISO-SCE,CA,bldg,0.109963
37385,MONTCLAIR 1,34.0145,-117.617,CISO-SCE,CA,ind,0.015998
37385,MONTCLAIR 1,34.0145,-117.617,CISO-SCE,CA,rail,1e-05
37385,MONTCLAIR 1,34.0145,-117.617,CISO-SCE,CA,road,0.003592
37386,MONTCLAIR 2,34.0916,-117.682,CISO-SCE,CA,bldg,0.109963
37386,MONTCLAIR 2,34.0916,-117.682,CISO-SCE,CA,ind,0.015998
37386,MONTCLAIR 2,34.0916,-117.682,CISO-SCE,CA,rail,1e-05
37386,MONTCLAIR 2,34.0916,-117.682,CISO-SCE,CA,road,0.003592
37387,LAGUNA HILLS 1,33.5713,-117.646,CISO-SDGE,CA,bldg,0.068493
37387,LAGUNA HILLS 1,33.5713,-117.646,CISO-SDGE,CA,ind,0.006481
37387,LAGUNA HILLS 1,33.5713,-117.646,CISO-SDGE,CA,rail,0.000327
37387,LAGUNA HILLS 1,33.5713,-117.646,CISO-SDGE,CA,road,0.003203
37388,LAGUNA HILLS 2,33.4937,-117.737,CISO-SDGE,CA,bldg,0.114068
37388,LAGUNA HILLS 2,33.4937,-117.737,CISO-SDGE,CA,ind,0.010794
37388,LAGUNA HILLS 2,33.4937,-117.737,CISO-SDGE,CA,rail,0.000545
37388,LAGUNA HILLS 2,33.4937,-117.737,CISO-SDGE,CA,road,0.005335
37389,LAKE FOREST 1,33.6821,-117.65,CISO-SCE,CA,bldg,0.178884
37389,LAKE FOREST 1,33.6821,-117.65,CISO-SCE,CA,ind,0.026025
37389,LAKE FOREST 1,33.6821,-117.65,CISO-SCE,CA,rail,1.6e-05
37389,LAKE FOREST 1,33.6821,-117.65,CISO-SCE,CA,road,0.005843
37390,LAKE FOREST 2,33.7418,-117.672,CISO-SCE,CA,bldg,0.181873
37390,LAKE FOREST 2,33.7418,-117.672,CISO-SCE,CA,ind,0.02646
37390,LAKE FOREST 2,33.7418,-117.672,CISO-SCE,CA,rail,1.6e-05
37390,LAKE FOREST 2,33.7418,-117.672,CISO-SCE,CA,road,0.005941
37391,CHINO 1,33.9383,-117.777,CISO-SCE,CA,bldg,0.161922
37391,CHINO 1,33.9383,-117.777,CISO-SCE,CA,ind,0.023558
37391,CHINO 1,33.9383,-117.777,CISO-SCE,CA,rail,1.5e-05
37391,CHINO 1,33.9383,-117.777,CISO-SCE,CA,road,0.005289
37392,CHINO 2,33.9982,-117.719,CISO-SCE,CA,bldg,0.161922
37392,CHINO 2,33.9982,-117.719,CISO-SCE,CA,ind,0.023558
37392,CHINO 2,33.9982,-117.719,CISO-SCE,CA,rail,1.5e-05
37392,CHINO 2,33.9982,-117.719,CISO-SCE,CA,road,0.005289
37393,CHINO 3,34.0673,-117.634,CISO-SCE,CA,bldg,0.161922
37393,CHINO 3,34.0673,-117.634,CISO-SCE,CA,ind,0.023558
37393,CHINO 3,34.0673,-117.634,CISO-SCE,CA,rail,1.5e-05
37393,CHINO 3,34.0673,-117.634,CISO-SCE,CA,road,0.005289
37394,FOOTHILL RANCH,33.6577,-117.588,CISO-SCE,CA,bldg,0.068013
37394,FOOTHILL RANCH,33.6577,-117.588,CISO-SCE,CA,ind,0.009895
37394,FOOTHILL RANCH,33.6577,-117.588,CISO-SCE,CA,rail,6e-06
37394,FOOTHILL RANCH,33.6577,-117.588,CISO-SCE,CA,road,0.002222
37395,ONTARIO 2,33.9753,-117.706,CISO-SCE,CA,bldg,0.168841
37395,ONTARIO 2,33.9753,-117.706,CISO-SCE,CA,ind,0.024564
37395,ONTARIO 2,33.9753,-117.706,CISO-SCE,CA,rail,1.5e-05
37395,ONTARIO 2,33.9753,-117.706,CISO-SCE,CA,road,0.005515
37396,ONTARIO 3,34.0445,-117.63,CISO-SCE,CA,bldg,0.168841
37396,ONTARIO 3,34.0445,-117.63,CISO-SCE,CA,ind,0.024564
37396,ONTARIO 3,34.0445,-117.63,CISO-SCE,CA,rail,1.5e-05
37396,ONTARIO 3,34.0445,-117.63,CISO-SCE,CA,road,0.005515
37397,MISSION VIEJO 1,33.5551,-117.726,CISO-SDGE,CA,bldg,0.111262
37397,MISSION VIEJO 1,33.5551,-117.726,CISO-SDGE,CA,ind,0.010528
37397,MISSION VIEJO 1,33.5551,-117.726,CISO-SDGE,CA,rail,0.000532
37397,MISSION VIEJO 1,33.5551,-117.726,CISO-SDGE,CA,road,0.005203
37398,MISSION VIEJO 2,33.5247,-117.741,CISO-SCE,CA,bldg,0.143819
37398,MISSION VIEJO 2,33.5247,-117.741,CISO-SCE,CA,ind,0.020924
37398,MISSION VIEJO 2,33.5247,-117.741,CISO-SCE,CA,rail,1.3e-05
37398,MISSION VIEJO 2,33.5247,-117.741,CISO-SCE,CA,road,0.004698
37399,UPLAND 1,34.1069,-117.667,CISO-SCE,CA,bldg,0.154668
37399,UPLAND 1,34.1069,-117.667,CISO-SCE,CA,ind,0.022502
37399,UPLAND 1,34.1069,-117.667,CISO-SCE,CA,rail,1.4e-05
37399,UPLAND 1,34.1069,-117.667,CISO-SCE,CA,road,0.005052
37400,UPLAND 2,34.0481,-117.649,CISO-SCE,CA,bldg,0.154668
37400,UPLAND 2,34.0481,-117.649,CISO-SCE,CA,ind,0.022502
37400,UPLAND 2,34.0481,-117.649,CISO-SCE,CA,rail,1.4e-05
37400,UPLAND 2,34.0481,-117.649,CISO-SCE,CA,road,0.005052
37401,UPLAND 3,34.1739,-117.61,CISO-SCE,CA,bldg,0.078392
37401,UPLAND 3,34.1739,-117.61,CISO-SCE,CA,ind,0.011405
37401,UPLAND 3,34.1739,-117.61,CISO-SCE,CA,rail,7e-06
37401,UPLAND 3,34.1739,-117.61,CISO-SCE,CA,road,0.002561
37402,UPLAND 4,34.1529,-117.598,CISO-SCE,CA,bldg,0.078392
37402,UPLAND 4,34.1529,-117.598,CISO-SCE,CA,ind,0.011405
37402,UPLAND 4,34.1529,-117.598,CISO-SCE,CA,rail,7e-06
37402,UPLAND 4,34.1529,-117.598,CISO-SCE,CA,road,0.002561
37403,MISSION VIEJO 3,33.7047,-117.631,CISO-SCE,CA,bldg,0.142744
37403,MISSION VIEJO 3,33.7047,-117.631,CISO-SCE,CA,ind,0.020767
37403,MISSION VIEJO 3,33.7047,-117.631,CISO-SCE,CA,rail,1.3e-05
37403,MISSION VIEJO 3,33.7047,-117.631,CISO-SCE,CA,road,0.004663
37404,MISSION VIEJO 4,33.6204,-117.561,CISO-SCE,CA,bldg,0.142744
37404,MISSION VIEJO 4,33.6204,-117.561,CISO-SCE,CA,ind,0.020767
37404,MISSION VIEJO 4,33.6204,-117.561,CISO-SCE,CA,rail,1.3e-05
37404,MISSION VIEJO 4,33.6204,-117.561,CISO-SCE,CA,road,0.004663
37405,LADERA RANCH,33.5018,-117.54,CISO-SDGE,CA,bldg,0.102636
37405,LADERA RANCH,33.5018,-117.54,CISO-SDGE,CA,ind,0.009712
37405,LADERA RANCH,33.5018,-117.54,CISO-SDGE,CA,rail,0.00049
37405,LADERA RANCH,33.5018,-117.54,CISO-SDGE,CA,road,0.0048
37406,CORONA 1,33.8576,-117.69,CISO-SCE,CA,bldg,0.189396
37406,CORONA 1,33.8576,-117.69,CISO-SCE,CA,ind,0.027555
37406,CORONA 1,33.8576,-117.69,CISO-SCE,CA,rail,1.7e-05
37406,CORONA 1,33.8576,-117.69,CISO-SCE,CA,road,0.006187
37407,CORONA 2,33.8504,-117.538,CISO-SCE,CA,bldg,0.177641
37407,CORONA 2,33.8504,-117.538,CISO-SCE,CA,ind,0.025844
37407,CORONA 2,33.8504,-117.538,CISO-SCE,CA,rail,1.6e-05
37407,CORONA 2,33.8504,-117.538,CISO-SCE,CA,road,0.005803
37408,SAN CLEMENTE 1,33.5592,-117.691,CISO-SDGE,CA,bldg,0.068545
37408,SAN CLEMENTE 1,33.5592,-117.691,CISO-SDGE,CA,ind,0.006486
37408,SAN CLEMENTE 1,33.5592,-117.691,CISO-SDGE,CA,rail,0.000327
37408,SAN CLEMENTE 1,33.5592,-117.691,CISO-SDGE,CA,road,0.003206
37409,RANCHO SANTA MARGARITA 1,33.5804,-117.617,CISO-SDGE,CA,bldg,0.102402
37409,RANCHO SANTA MARGARITA 1,33.5804,-117.617,CISO-SDGE,CA,ind,0.00969
37409,RANCHO SANTA MARGARITA 1,33.5804,-117.617,CISO-SDGE,CA,rail,0.000489
37409,RANCHO SANTA MARGARITA 1,33.5804,-117.617,CISO-SDGE,CA,road,0.004789
37410,RANCHO SANTA MARGARITA 2,33.6167,-117.612,CISO-SCE,CA,bldg,0.132366
37410,RANCHO SANTA MARGARITA 2,33.6167,-117.612,CISO-SCE,CA,ind,0.019258
37410,RANCHO SANTA MARGARITA 2,33.6167,-117.612,CISO-SCE,CA,rail,1.2e-05
37410,RANCHO SANTA MARGARITA 2,33.6167,-117.612,CISO-SCE,CA,road,0.004324
37411,SAN JUAN CAPISTRANO 1,33.6007,-117.589,CISO-SCE,CA,bldg,0.104993
37411,SAN JUAN CAPISTRANO 1,33.6007,-117.589,CISO-SCE,CA,ind,0.015275
37411,SAN JUAN CAPISTRANO 1,33.6007,-117.589,CISO-SCE,CA,rail,9e-06
37411,SAN JUAN CAPISTRANO 1,33.6007,-117.589,CISO-SCE,CA,road,0.00343
37412,SAN JUAN CAPISTRANO 2,33.4568,-117.521,CISO-SDGE,CA,bldg,0.14977
37412,SAN JUAN CAPISTRANO 2,33.4568,-117.521,CISO-SDGE,CA,ind,0.014172
37412,SAN JUAN CAPISTRANO 2,33.4568,-117.521,CISO-SDGE,CA,rail,0.000715
37412,SAN JUAN CAPISTRANO 2,33.4568,-117.521,CISO-SDGE,CA,road,0.007004
37413,SAN CLEMENTE 2,33.3329,-117.505,CISO-SDGE,CA,bldg,0.080601
37413,SAN CLEMENTE 2,33.3329,-117.505,CISO-SDGE,CA,ind,0.007627
37413,SAN CLEMENTE 2,33.3329,-117.505,CISO-SDGE,CA,rail,0.000385
37413,SAN CLEMENTE 2,33.3329,-117.505,CISO-SDGE,CA,road,0.003769
37414,SAN CLEMENTE 3,33.3537,-117.51,CISO-SDGE,CA,bldg,0.080601
37414,SAN CLEMENTE 3,33.3537,-117.51,CISO-SDGE,CA,ind,0.007627
37414,SAN CLEMENTE 3,33.3537,-117.51,CISO-SDGE,CA,rail,0.000385
37414,SAN CLEMENTE 3,33.3537,-117.51,CISO-SDGE,CA,road,0.003769
37415,ONTARIO 4,34.1698,-117.557,CISO-SCE,CA,bldg,0.163501
37415,ONTARIO 4,34.1698,-117.557,CISO-SCE,CA,ind,0.023787
37415,ONTARIO 4,34.1698,-117.557,CISO-SCE,CA,rail,1.5e-05
37415,ONTARIO 4,34.1698,-117.557,CISO-SCE,CA,road,0.005341
37416,ONTARIO 5,34.1123,-117.662,CISO-SCE,CA,bldg,0.163501
37416,ONTARIO 5,34.1123,-117.662,CISO-SCE,CA,ind,0.023787
37416,ONTARIO 5,34.1123,-117.662,CISO-SCE,CA,rail,1.5e-05
37416,ONTARIO 5,34.1123,-117.662,CISO-SCE,CA,road,0.005341
37417,TRABUCO CANYON 1,33.6302,-117.529,CISO-SCE,CA,bldg,0.098578
37417,TRABUCO CANYON 1,33.6302,-117.529,CISO-SCE,CA,ind,0.014342
37417,TRABUCO CANYON 1,33.6302,-117.529,CISO-SCE,CA,rail,9e-06
37417,TRABUCO CANYON 1,33.6302,-117.529,CISO-SCE,CA,road,0.00322
37418,TRABUCO CANYON 2,33.5334,-117.568,CISO-SDGE,CA,bldg,0.076262
37418,TRABUCO CANYON 2,33.5334,-117.568,CISO-SDGE,CA,ind,0.007217
37418,TRABUCO CANYON 2,33.5334,-117.568,CISO-SDGE,CA,rail,0.000364
37418,TRABUCO CANYON 2,33.5334,-117.568,CISO-SDGE,CA,road,0.003567
37419,CORONA 3,33.834,-117.637,CISO-SCE,CA,bldg,0.205317
37419,CORONA 3,33.834,-117.637,CISO-SCE,CA,ind,0.029871
37419,CORONA 3,33.834,-117.637,CISO-SCE,CA,rail,1.8e-05
37419,CORONA 3,33.834,-117.637,CISO-SCE,CA,road,0.006707
37420,CORONA 4,33.8711,-117.555,CISO-SCE,CA,bldg,0.205317
37420,CORONA 4,33.8711,-117.555,CISO-SCE,CA,ind,0.029871
37420,CORONA 4,33.8711,-117.555,CISO-SCE,CA,rail,1.8e-05
37420,CORONA 4,33.8711,-117.555,CISO-SCE,CA,road,0.006707
37421,RANCHO CUCAMONGA 1,34.1802,-117.53,CISO-SCE,CA,bldg,0.117823
37421,RANCHO CUCAMONGA 1,34.1802,-117.53,CISO-SCE,CA,ind,0.017142
37421,RANCHO CUCAMONGA 1,34.1802,-117.53,CISO-SCE,CA,rail,1.1e-05
37421,RANCHO CUCAMONGA 1,34.1802,-117.53,CISO-SCE,CA,road,0.003849
37422,RANCHO CUCAMONGA 2,34.0599,-117.566,CISO-SCE,CA,bldg,0.117823
37422,RANCHO CUCAMONGA 2,34.0599,-117.566,CISO-SCE,CA,ind,0.017142
37422,RANCHO CUCAMONGA 2,34.0599,-117.566,CISO-SCE,CA,rail,1.1e-05
37422,RANCHO CUCAMONGA 2,34.0599,-117.566,CISO-SCE,CA,road,0.003849
37423,ONTARIO 6,33.9859,-117.542,CISO-SCE,CA,bldg,0.172032
37423,ONTARIO 6,33.9859,-117.542,CISO-SCE,CA,ind,0.025028
37423,ONTARIO 6,33.9859,-117.542,CISO-SCE,CA,rail,1.5e-05
37423,ONTARIO 6,33.9859,-117.542,CISO-SCE,CA,road,0.00562
37424,ONTARIO 7,34.1075,-117.599,CISO-SCE,CA,bldg,0.172032
37424,ONTARIO 7,34.1075,-117.599,CISO-SCE,CA,ind,0.025028
37424,ONTARIO 7,34.1075,-117.599,CISO-SCE,CA,rail,1.5e-05
37424,ONTARIO 7,34.1075,-117.599,CISO-SCE,CA,road,0.00562
37425,RANCHO CUCAMONGA 3,34.1231,-117.492,CISO-SCE,CA,bldg,0.202294
37425,RANCHO CUCAMONGA 3,34.1231,-117.492,CISO-SCE,CA,ind,0.029431
37425,RANCHO CUCAMONGA 3,34.1231,-117.492,CISO-SCE,CA,rail,1.8e-05
37425,RANCHO CUCAMONGA 3,34.1231,-117.492,CISO-SCE,CA,road,0.006608
37426,RANCHO CUCAMONGA 4,34.1301,-117.644,CISO-SCE,CA,bldg,0.202294
37426,RANCHO CUCAMONGA 4,34.1301,-117.644,CISO-SCE,CA,ind,0.029431
37426,RANCHO CUCAMONGA 4,34.1301,-117.644,CISO-SCE,CA,rail,1.8e-05
37426,RANCHO CUCAMONGA 4,34.1301,-117.644,CISO-SCE,CA,road,0.006608
37427,RANCHO CUCAMONGA 5,34.061,-117.668,CISO-SCE,CA,bldg,0.149562
37427,RANCHO CUCAMONGA 5,34.061,-117.668,CISO-SCE,CA,ind,0.021759
37427,RANCHO CUCAMONGA 5,34.061,-117.668,CISO-SCE,CA,rail,1.3e-05
37427,RANCHO CUCAMONGA 5,34.061,-117.668,CISO-SCE,CA,road,0.004886
37428,NORCO,33.8882,-117.636,CISO-SCE,CA,bldg,0.082221
37428,NORCO,33.8882,-117.636,CISO-SCE,CA,ind,0.011962
37428,NORCO,33.8882,-117.636,CISO-SCE,CA,rail,7e-06
37428,NORCO,33.8882,-117.636,CISO-SCE,CA,road,0.002686
37429,PHELAN,34.3515,-117.493,CISO-SCE,CA,bldg,0.138949
37429,PHELAN,34.3515,-117.493,CISO-SCE,CA,ind,0.020215
37429,PHELAN,34.3515,-117.493,CISO-SCE,CA,rail,1.2e-05
37429,PHELAN,34.3515,-117.493,CISO-SCE,CA,road,0.004539
37430,MIRA LOMA 1,33.8958,-117.509,CISO-SCE,CA,bldg,0.090819
37430,MIRA LOMA 1,33.8958,-117.509,CISO-SCE,CA,ind,0.013213
37430,MIRA LOMA 1,33.8958,-117.509,CISO-SCE,CA,rail,8e-06
37430,MIRA LOMA 1,33.8958,-117.509,CISO-SCE,CA,road,0.002967
37431,MIRA LOMA 2,34.0642,-117.521,CISO-SCE,CA,bldg,0.090819
37431,MIRA LOMA 2,34.0642,-117.521,CISO-SCE,CA,ind,0.013213
37431,MIRA LOMA 2,34.0642,-117.521,CISO-SCE,CA,rail,8e-06
37431,MIRA LOMA 2,34.0642,-117.521,CISO-SCE,CA,road,0.002967
37432,CORONA 5,33.9597,-117.5,CISO-SCE,CA,bldg,0.1413
37432,CORONA 5,33.9597,-117.5,CISO-SCE,CA,ind,0.020557
37432,CORONA 5,33.9597,-117.5,CISO-SCE,CA,rail,1.3e-05
37432,CORONA 5,33.9597,-117.5,CISO-SCE,CA,road,0.004616
37433,CORONA 6,33.9487,-117.562,CISO-SCE,CA,bldg,0.1413
37433,CORONA 6,33.9487,-117.562,CISO-SCE,CA,ind,0.020557
37433,CORONA 6,33.9487,-117.562,CISO-SCE,CA,rail,1.3e-05
37433,CORONA 6,33.9487,-117.562,CISO-SCE,CA,road,0.004616
37434,CORONA 7,33.9045,-117.486,CISO-SCE,CA,bldg,0.175895
37434,CORONA 7,33.9045,-117.486,CISO-SCE,CA,ind,0.025591
37434,CORONA 7,33.9045,-117.486,CISO-SCE,CA,rail,1.6e-05
37434,CORONA 7,33.9045,-117.486,CISO-SCE,CA,road,0.005746
37435,CORONA 8,33.9204,-117.425,CISO-SCE,CA,bldg,0.093674
37435,CORONA 8,33.9204,-117.425,CISO-SCE,CA,ind,0.013628
37435,CORONA 8,33.9204,-117.425,CISO-SCE,CA,rail,8e-06
37435,CORONA 8,33.9204,-117.425,CISO-SCE,CA,road,0.00306
37436,RANCHO CUCAMONGA 6,34.2433,-117.485,CISO-SCE,CA,bldg,0.10946
37436,RANCHO CUCAMONGA 6,34.2433,-117.485,CISO-SCE,CA,ind,0.015925
37436,RANCHO CUCAMONGA 6,34.2433,-117.485,CISO-SCE,CA,rail,1e-05
37436,RANCHO CUCAMONGA 6,34.2433,-117.485,CISO-SCE,CA,road,0.003576
37437,RANCHO CUCAMONGA 7,34.0863,-117.486,CISO-SCE,CA,bldg,0.105161
37437,RANCHO CUCAMONGA 7,34.0863,-117.486,CISO-SCE,CA,ind,0.0153
37437,RANCHO CUCAMONGA 7,34.0863,-117.486,CISO-SCE,CA,rail,9e-06
37437,RANCHO CUCAMONGA 7,34.0863,-117.486,CISO-SCE,CA,road,0.003435
37438,RIVERSIDE 1,33.9232,-117.551,CISO-SCE,CA,bldg,0.144088
37438,RIVERSIDE 1,33.9232,-117.551,CISO-SCE,CA,ind,0.020963
37438,RIVERSIDE 1,33.9232,-117.551,CISO-SCE,CA,rail,1.3e-05
37438,RIVERSIDE 1,33.9232,-117.551,CISO-SCE,CA,road,0.004707
37439,RIVERSIDE 2,33.9198,-117.493,CISO-SCE,CA,bldg,0.144088
37439,RIVERSIDE 2,33.9198,-117.493,CISO-SCE,CA,ind,0.020963
37439,RIVERSIDE 2,33.9198,-117.493,CISO-SCE,CA,rail,1.3e-05
37439,RIVERSIDE 2,33.9198,-117.493,CISO-SCE,CA,road,0.004707
37440,CORONA 9,33.6831,-117.438,CISO-SCE,CA,bldg,0.088569
37440,CORONA 9,33.6831,-117.438,CISO-SCE,CA,ind,0.012885
37440,CORONA 9,33.6831,-117.438,CISO-SCE,CA,rail,8e-06
37440,CORONA 9,33.6831,-117.438,CISO-SCE,CA,road,0.002893
37441,CORONA 10,33.6627,-117.497,CISO-SCE,CA,bldg,0.088569
37441,CORONA 10,33.6627,-117.497,CISO-SCE,CA,ind,0.012885
37441,CORONA 10,33.6627,-117.497,CISO-SCE,CA,rail,8e-06
37441,CORONA 10,33.6627,-117.497,CISO-SCE,CA,road,0.002893
37442,FONTANA 1,34.0188,-117.514,CISO-SCE,CA,bldg,0.114397
37442,FONTANA 1,34.0188,-117.514,CISO-SCE,CA,ind,0.016643
37442,FONTANA 1,34.0188,-117.514,CISO-SCE,CA,rail,1e-05
37442,FONTANA 1,34.0188,-117.514,CISO-SCE,CA,road,0.003737
37443,FONTANA 2,33.9739,-117.464,CISO-SCE,CA,bldg,0.114397
37443,FONTANA 2,33.9739,-117.464,CISO-SCE,CA,ind,0.016643
37443,FONTANA 2,33.9739,-117.464,CISO-SCE,CA,rail,1e-05
37443,FONTANA 2,33.9739,-117.464,CISO-SCE,CA,road,0.003737
37444,FONTANA 3,34.0251,-117.416,CISO-SCE,CA,bldg,0.192251
37444,FONTANA 3,34.0251,-117.416,CISO-SCE,CA,ind,0.02797
37444,FONTANA 3,34.0251,-117.416,CISO-SCE,CA,rail,1.7e-05
37444,FONTANA 3,34.0251,-117.416,CISO-SCE,CA,road,0.00628
37445,FONTANA 4,34.0993,-117.505,CISO-SCE,CA,bldg,0.192251
37445,FONTANA 4,34.0993,-117.505,CISO-SCE,CA,ind,0.02797
37445,FONTANA 4,34.0993,-117.505,CISO-SCE,CA,rail,1.7e-05
37445,FONTANA 4,34.0993,-117.505,CISO-SCE,CA,road,0.00628
37446,FONTANA 5,34.1816,-117.38,CISO-SCE,CA,bldg,0.192251
37446,FONTANA 5,34.1816,-117.38,CISO-SCE,CA,ind,0.02797
37446,FONTANA 5,34.1816,-117.38,CISO-SCE,CA,rail,1.7e-05
37446,FONTANA 5,34.1816,-117.38,CISO-SCE,CA,road,0.00628
37447,FONTANA 6,34.0926,-117.418,CISO-SCE,CA,bldg,0.178178
37447,FONTANA 6,34.0926,-117.418,CISO-SCE,CA,ind,0.025923
37447,FONTANA 6,34.0926,-117.418,CISO-SCE,CA,rail,1.6e-05
37447,FONTANA 6,34.0926,-117.418,CISO-SCE,CA,road,0.00582
37448,FONTANA 7,34.1824,-117.439,CISO-SCE,CA,bldg,0.178178
37448,FONTANA 7,34.1824,-117.439,CISO-SCE,CA,ind,0.025923
37448,FONTANA 7,34.1824,-117.439,CISO-SCE,CA,rail,1.6e-05
37448,FONTANA 7,34.1824,-117.439,CISO-SCE,CA,road,0.00582
37449,FONTANA 8,34.2382,-117.547,CISO-SCE,CA,bldg,0.178178
37449,FONTANA 8,34.2382,-117.547,CISO-SCE,CA,ind,0.025923
37449,FONTANA 8,34.2382,-117.547,CISO-SCE,CA,rail,1.6e-05
37449,FONTANA 8,34.2382,-117.547,CISO-SCE,CA,road,0.00582
37450,ADELANTO 1,34.6578,-117.411,CISO-SCE,CA,bldg,0.098913
37450,ADELANTO 1,34.6578,-117.411,CISO-SCE,CA,ind,0.014391
37450,ADELANTO 1,34.6578,-117.411,CISO-SCE,CA,rail,9e-06
37450,ADELANTO 1,34.6578,-117.411,CISO-SCE,CA,road,0.003231
37451,ADELANTO 2,34.5394,-117.509,CISO-SCE,CA,bldg,0.098913
37451,ADELANTO 2,34.5394,-117.509,CISO-SCE,CA,ind,0.014391
37451,ADELANTO 2,34.5394,-117.509,CISO-SCE,CA,rail,9e-06
37451,ADELANTO 2,34.5394,-117.509,CISO-SCE,CA,road,0.003231
37452,CAMP PENDLETON,33.4145,-117.45,CISO-SDGE,CA,bldg,0.073222
37452,CAMP PENDLETON,33.4145,-117.45,CISO-SDGE,CA,ind,0.006929
37452,CAMP PENDLETON,33.4145,-117.45,CISO-SDGE,CA,rail,0.00035
37452,CAMP PENDLETON,33.4145,-117.45,CISO-SDGE,CA,road,0.003424
37453,RIVERSIDE 3,33.9055,-117.385,CISO-SCE,CA,bldg,0.170319
37453,RIVERSIDE 3,33.9055,-117.385,CISO-SCE,CA,ind,0.024779
37453,RIVERSIDE 3,33.9055,-117.385,CISO-SCE,CA,rail,1.5e-05
37453,RIVERSIDE 3,33.9055,-117.385,CISO-SCE,CA,road,0.005564
37454,RIVERSIDE 4,33.8424,-117.513,CISO-SCE,CA,bldg,0.170319
37454,RIVERSIDE 4,33.8424,-117.513,CISO-SCE,CA,ind,0.024779
37454,RIVERSIDE 4,33.8424,-117.513,CISO-SCE,CA,rail,1.5e-05
37454,RIVERSIDE 4,33.8424,-117.513,CISO-SCE,CA,road,0.005564
37455,RIVERSIDE 5,33.8889,-117.353,CISO-SCE,CA,bldg,0.170319
37455,RIVERSIDE 5,33.8889,-117.353,CISO-SCE,CA,ind,0.024779
37455,RIVERSIDE 5,33.8889,-117.353,CISO-SCE,CA,rail,1.5e-05
37455,RIVERSIDE 5,33.8889,-117.353,CISO-SCE,CA,road,0.005564
37456,RIVERSIDE 6,34.0419,-117.43,CISO-SCE,CA,bldg,0.151544
37456,RIVERSIDE 6,34.0419,-117.43,CISO-SCE,CA,ind,0.022048
37456,RIVERSIDE 6,34.0419,-117.43,CISO-SCE,CA,rail,1.4e-05
37456,RIVERSIDE 6,34.0419,-117.43,CISO-SCE,CA,road,0.00495
37457,RIVERSIDE 7,33.9411,-117.378,CISO-SCE,CA,bldg,0.151544
37457,RIVERSIDE 7,33.9411,-117.378,CISO-SCE,CA,ind,0.022048
37457,RIVERSIDE 7,33.9411,-117.378,CISO-SCE,CA,rail,1.4e-05
37457,RIVERSIDE 7,33.9411,-117.378,CISO-SCE,CA,road,0.00495
37458,RIVERSIDE 8,34.1011,-117.541,CISO-SCE,CA,bldg,0.151544
37458,RIVERSIDE 8,34.1011,-117.541,CISO-SCE,CA,ind,0.022048
37458,RIVERSIDE 8,34.1011,-117.541,CISO-SCE,CA,rail,1.4e-05
37458,RIVERSIDE 8,34.1011,-117.541,CISO-SCE,CA,road,0.00495
37459,VICTORVILLE 1,34.3862,-117.314,CISO-SCE,CA,bldg,0.165818
37459,VICTORVILLE 1,34.3862,-117.314,CISO-SCE,CA,ind,0.024125
37459,VICTORVILLE 1,34.3862,-117.314,CISO-SCE,CA,rail,1.5e-05
37459,VICTORVILLE 1,34.3862,-117.314,CISO-SCE,CA,road,0.005417
37460,VICTORVILLE 2,34.5622,-117.326,CISO-SCE,CA,bldg,0.165818
37460,VICTORVILLE 2,34.5622,-117.326,CISO-SCE,CA,ind,0.024125
37460,VICTORVILLE 2,34.5622,-117.326,CISO-SCE,CA,rail,1.5e-05
37460,VICTORVILLE 2,34.5622,-117.326,CISO-SCE,CA,road,0.005417
37461,RIALTO 1,34.257,-117.356,CISO-SCE,CA,bldg,0.120846
37461,RIALTO 1,34.257,-117.356,CISO-SCE,CA,ind,0.017582
37461,RIALTO 1,34.257,-117.356,CISO-SCE,CA,rail,1.1e-05
37461,RIALTO 1,34.257,-117.356,CISO-SCE,CA,road,0.003948
37462,HESPERIA 1,34.3853,-117.329,CISO-SCE,CA,bldg,0.125548
37462,HESPERIA 1,34.3853,-117.329,CISO-SCE,CA,ind,0.018265
37462,HESPERIA 1,34.3853,-117.329,CISO-SCE,CA,rail,1.1e-05
37462,HESPERIA 1,34.3853,-117.329,CISO-SCE,CA,road,0.004101
37463,RIVERSIDE 9,33.9214,-117.311,CISO-SCE,CA,bldg,0.162561
37463,RIVERSIDE 9,33.9214,-117.311,CISO-SCE,CA,ind,0.02365
37463,RIVERSIDE 9,33.9214,-117.311,CISO-SCE,CA,rail,1.5e-05
37463,RIVERSIDE 9,33.9214,-117.311,CISO-SCE,CA,road,0.00531
37464,RIVERSIDE 10,33.9889,-117.456,CISO-SCE,CA,bldg,0.162561
37464,RIVERSIDE 10,33.9889,-117.456,CISO-SCE,CA,ind,0.02365
37464,RIVERSIDE 10,33.9889,-117.456,CISO-SCE,CA,rail,1.5e-05
37464,RIVERSIDE 10,33.9889,-117.456,CISO-SCE,CA,road,0.00531
37465,BLOOMINGTON,34.0384,-117.48,CISO-SCE,CA,bldg,0.093204
37465,BLOOMINGTON,34.0384,-117.48,CISO-SCE,CA,ind,0.01356
37465,BLOOMINGTON,34.0384,-117.48,CISO-SCE,CA,rail,8e-06
37465,BLOOMINGTON,34.0384,-117.48,CISO-SCE,CA,road,0.003045
37466,SAN BERNARDINO 1,34.311,-117.295,CISO-SCE,CA,bldg,0.17136
37466,SAN BERNARDINO 1,34.311,-117.295,CISO-SCE,CA,ind,0.024931
37466,SAN BERNARDINO 1,34.311,-117.295,CISO-SCE,CA,rail,1.5e-05
37466,SAN BERNARDINO 1,34.311,-117.295,CISO-SCE,CA,road,0.005598
37467,SAN BERNARDINO 2,34.125,-117.303,CISO-SCE,CA,bldg,0.17136
37467,SAN BERNARDINO 2,34.125,-117.303,CISO-SCE,CA,ind,0.024931
37467,SAN BERNARDINO 2,34.125,-117.303,CISO-SCE,CA,rail,1.5e-05
37467,SAN BERNARDINO 2,34.125,-117.303,CISO-SCE,CA,road,0.005598
37468,RIALTO 2,34.1937,-117.321,CISO-SCE,CA,bldg,0.164273
37468,RIALTO 2,34.1937,-117.321,CISO-SCE,CA,ind,0.023899
37468,RIALTO 2,34.1937,-117.321,CISO-SCE,CA,rail,1.5e-05
37468,RIALTO 2,34.1937,-117.321,CISO-SCE,CA,road,0.005366
37469,RIALTO 3,34.1743,-117.378,CISO-SCE,CA,bldg,0.164273
37469,RIALTO 3,34.1743,-117.378,CISO-SCE,CA,ind,0.023899
37469,RIALTO 3,34.1743,-117.378,CISO-SCE,CA,rail,1.5e-05
37469,RIALTO 3,34.1743,-117.378,CISO-SCE,CA,road,0.005366
37470,RIALTO 4,34.1736,-117.43,CISO-SCE,CA,bldg,0.164273
37470,RIALTO 4,34.1736,-117.43,CISO-SCE,CA,ind,0.023899
37470,RIALTO 4,34.1736,-117.43,CISO-SCE,CA,rail,1.5e-05
37470,RIALTO 4,34.1736,-117.43,CISO-SCE,CA,road,0.005366
37471,RIVERSIDE 11,34.0675,-117.284,CISO-SCE,CA,bldg,0.286765
37471,RIVERSIDE 11,34.0675,-117.284,CISO-SCE,CA,ind,0.04172
37471,RIVERSIDE 11,34.0675,-117.284,CISO-SCE,CA,rail,2.6e-05
37471,RIVERSIDE 11,34.0675,-117.284,CISO-SCE,CA,road,0.009368
37472,LAKE ELSINORE 1,33.5705,-117.378,CISO-SCE,CA,bldg,0.151779
37472,LAKE ELSINORE 1,33.5705,-117.378,CISO-SCE,CA,ind,0.022082
37472,LAKE ELSINORE 1,33.5705,-117.378,CISO-SCE,CA,rail,1.4e-05
37472,LAKE ELSINORE 1,33.5705,-117.378,CISO-SCE,CA,road,0.004958
37473,LAKE ELSINORE 2,33.6384,-117.299,CISO-SCE,CA,bldg,0.151779
37473,LAKE ELSINORE 2,33.6384,-117.299,CISO-SCE,CA,ind,0.022082
37473,LAKE ELSINORE 2,33.6384,-117.299,CISO-SCE,CA,rail,1.4e-05
37473,LAKE ELSINORE 2,33.6384,-117.299,CISO-SCE,CA,road,0.004958
37474,RIVERSIDE 12,33.9339,-117.386,CISO-SCE,CA,bldg,0.238803
37474,RIVERSIDE 12,33.9339,-117.386,CISO-SCE,CA,ind,0.034743
37474,RIVERSIDE 12,33.9339,-117.386,CISO-SCE,CA,rail,2.1e-05
37474,RIVERSIDE 12,33.9339,-117.386,CISO-SCE,CA,road,0.007801
37475,RIVERSIDE 13,33.877,-117.277,CISO-SCE,CA,bldg,0.133004
37475,RIVERSIDE 13,33.877,-117.277,CISO-SCE,CA,ind,0.019351
37475,RIVERSIDE 13,33.877,-117.277,CISO-SCE,CA,rail,1.2e-05
37475,RIVERSIDE 13,33.877,-117.277,CISO-SCE,CA,road,0.004345
37476,OCEANSIDE 1,33.2746,-117.318,CISO-SDGE,CA,bldg,0.094425
37476,OCEANSIDE 1,33.2746,-117.318,CISO-SDGE,CA,ind,0.008935
37476,OCEANSIDE 1,33.2746,-117.318,CISO-SDGE,CA,rail,0.000451
37476,OCEANSIDE 1,33.2746,-117.318,CISO-SDGE,CA,road,0.004416
37477,VICTORVILLE 3,34.6184,-117.346,CISO-SCE,CA,bldg,0.107209
37477,VICTORVILLE 3,34.6184,-117.346,CISO-SCE,CA,ind,0.015597
37477,VICTORVILLE 3,34.6184,-117.346,CISO-SCE,CA,rail,1e-05
37477,VICTORVILLE 3,34.6184,-117.346,CISO-SCE,CA,road,0.003502
37478,VICTORVILLE 4,34.6304,-117.374,CISO-SCE,CA,bldg,0.100458
37478,VICTORVILLE 4,34.6304,-117.374,CISO-SCE,CA,ind,0.014615
37478,VICTORVILLE 4,34.6304,-117.374,CISO-SCE,CA,rail,9e-06
37478,VICTORVILLE 4,34.6304,-117.374,CISO-SCE,CA,road,0.003282
37479,HELENDALE,34.7923,-117.444,CISO-SCE,CA,bldg,0.038558
37479,HELENDALE,34.7923,-117.444,CISO-SCE,CA,ind,0.005609
37479,HELENDALE,34.7923,-117.444,CISO-SCE,CA,rail,3e-06
37479,HELENDALE,34.7923,-117.444,CISO-SCE,CA,road,0.00126
37480,MURRIETA 1,33.4977,-117.348,CISO-SCE,CA,bldg,0.18765
37480,MURRIETA 1,33.4977,-117.348,CISO-SCE,CA,ind,0.0273
37480,MURRIETA 1,33.4977,-117.348,CISO-SCE,CA,rail,1.7e-05
37480,MURRIETA 1,33.4977,-117.348,CISO-SCE,CA,road,0.00613
37481,MURRIETA 2,33.4634,-117.355,CISO-SDGE,CA,bldg,0.145171
37481,MURRIETA 2,33.4634,-117.355,CISO-SDGE,CA,ind,0.013737
37481,MURRIETA 2,33.4634,-117.355,CISO-SDGE,CA,rail,0.000693
37481,MURRIETA 2,33.4634,-117.355,CISO-SDGE,CA,road,0.006789
37482,RIVERSIDE 14,33.8329,-117.385,CISO-SCE,CA,bldg,0.105799
37482,RIVERSIDE 14,33.8329,-117.385,CISO-SCE,CA,ind,0.015393
37482,RIVERSIDE 14,33.8329,-117.385,CISO-SCE,CA,rail,9e-06
37482,RIVERSIDE 14,33.8329,-117.385,CISO-SCE,CA,road,0.003456
37483,RIVERSIDE 15,33.9214,-117.337,CISO-SCE,CA,bldg,0.175324
37483,RIVERSIDE 15,33.9214,-117.337,CISO-SCE,CA,ind,0.025507
37483,RIVERSIDE 15,33.9214,-117.337,CISO-SCE,CA,rail,1.6e-05
37483,RIVERSIDE 15,33.9214,-117.337,CISO-SCE,CA,road,0.005727
37484,RIVERSIDE 16,33.9271,-117.299,CISO-SCE,CA,bldg,0.175324
37484,RIVERSIDE 16,33.9271,-117.299,CISO-SCE,CA,ind,0.025507
37484,RIVERSIDE 16,33.9271,-117.299,CISO-SCE,CA,rail,1.6e-05
37484,RIVERSIDE 16,33.9271,-117.299,CISO-SCE,CA,road,0.005727
37485,PERRIS 1,33.7153,-117.416,CISO-SCE,CA,bldg,0.162325
37485,PERRIS 1,33.7153,-117.416,CISO-SCE,CA,ind,0.023616
37485,PERRIS 1,33.7153,-117.416,CISO-SCE,CA,rail,1.5e-05
37485,PERRIS 1,33.7153,-117.416,CISO-SCE,CA,road,0.005303
37486,PERRIS 2,33.8193,-117.356,CISO-SCE,CA,bldg,0.162325
37486,PERRIS 2,33.8193,-117.356,CISO-SCE,CA,ind,0.023616
37486,PERRIS 2,33.8193,-117.356,CISO-SCE,CA,rail,1.5e-05
37486,PERRIS 2,33.8193,-117.356,CISO-SCE,CA,road,0.005303
37487,SAN BERNARDINO 3,34.1686,-117.339,CISO-SCE,CA,bldg,0.079231
37487,SAN BERNARDINO 3,34.1686,-117.339,CISO-SCE,CA,ind,0.011527
37487,SAN BERNARDINO 3,34.1686,-117.339,CISO-SCE,CA,rail,7e-06
37487,SAN BERNARDINO 3,34.1686,-117.339,CISO-SCE,CA,road,0.002588
37488,CARLSBAD 1,33.0893,-117.314,CISO-SDGE,CA,bldg,0.121032
37488,CARLSBAD 1,33.0893,-117.314,CISO-SDGE,CA,ind,0.011453
37488,CARLSBAD 1,33.0893,-117.314,CISO-SDGE,CA,rail,0.000578
37488,CARLSBAD 1,33.0893,-117.314,CISO-SDGE,CA,road,0.00566
37489,CARLSBAD 2,33.1597,-117.356,CISO-SDGE,CA,bldg,0.064647
37489,CARLSBAD 2,33.1597,-117.356,CISO-SDGE,CA,ind,0.006117
37489,CARLSBAD 2,33.1597,-117.356,CISO-SDGE,CA,rail,0.000309
37489,CARLSBAD 2,33.1597,-117.356,CISO-SDGE,CA,road,0.003023
37490,OCEANSIDE 2,33.2426,-117.316,CISO-SDGE,CA,bldg,0.099232
37490,OCEANSIDE 2,33.2426,-117.316,CISO-SDGE,CA,ind,0.00939
37490,OCEANSIDE 2,33.2426,-117.316,CISO-SDGE,CA,rail,0.000474
37490,OCEANSIDE 2,33.2426,-117.316,CISO-SDGE,CA,road,0.004641
37491,OCEANSIDE 3,33.3913,-117.269,CISO-SDGE,CA,bldg,0.099232
37491,OCEANSIDE 3,33.3913,-117.269,CISO-SDGE,CA,ind,0.00939
37491,OCEANSIDE 3,33.3913,-117.269,CISO-SDGE,CA,rail,0.000474
37491,OCEANSIDE 3,33.3913,-117.269,CISO-SDGE,CA,road,0.004641
37492,SAN BERNARDINO 4,34.223,-117.354,CISO-SCE,CA,bldg,0.087292
37492,SAN BERNARDINO 4,34.223,-117.354,CISO-SCE,CA,ind,0.0127
37492,SAN BERNARDINO 4,34.223,-117.354,CISO-SCE,CA,rail,8e-06
37492,SAN BERNARDINO 4,34.223,-117.354,CISO-SCE,CA,road,0.002852
37493,HESPERIA 2,34.4135,-117.357,CISO-SCE,CA,bldg,0.158631
37493,HESPERIA 2,34.4135,-117.357,CISO-SCE,CA,ind,0.023079
37493,HESPERIA 2,34.4135,-117.357,CISO-SCE,CA,rail,1.4e-05
37493,HESPERIA 2,34.4135,-117.357,CISO-SCE,CA,road,0.005182
37494,HESPERIA 3,34.3031,-117.315,CISO-SCE,CA,bldg,0.158631
37494,HESPERIA 3,34.3031,-117.315,CISO-SCE,CA,ind,0.023079
37494,HESPERIA 3,34.3031,-117.315,CISO-SCE,CA,rail,1.4e-05
37494,HESPERIA 3,34.3031,-117.315,CISO-SCE,CA,road,0.005182
37495,HESPERIA 4,34.336,-117.355,CISO-SCE,CA,bldg,0.166222
37495,HESPERIA 4,34.336,-117.355,CISO-SCE,CA,ind,0.024183
37495,HESPERIA 4,34.336,-117.355,CISO-SCE,CA,rail,1.5e-05
37495,HESPERIA 4,34.336,-117.355,CISO-SCE,CA,road,0.00543
37496,SAN BERNARDINO 5,34.0565,-117.247,CISO-SCE,CA,bldg,0.149361
37496,SAN BERNARDINO 5,34.0565,-117.247,CISO-SCE,CA,ind,0.02173
37496,SAN BERNARDINO 5,34.0565,-117.247,CISO-SCE,CA,rail,1.3e-05
37496,SAN BERNARDINO 5,34.0565,-117.247,CISO-SCE,CA,road,0.004879
37497,SAN BERNARDINO 6,34.1312,-117.232,CISO-SCE,CA,bldg,0.149361
37497,SAN BERNARDINO 6,34.1312,-117.232,CISO-SCE,CA,ind,0.02173
37497,SAN BERNARDINO 6,34.1312,-117.232,CISO-SCE,CA,rail,1.3e-05
37497,SAN BERNARDINO 6,34.1312,-117.232,CISO-SCE,CA,road,0.004879
37498,OCEANSIDE 4,33.2452,-117.264,CISO-SDGE,CA,bldg,0.121214
37498,OCEANSIDE 4,33.2452,-117.264,CISO-SDGE,CA,ind,0.01147
37498,OCEANSIDE 4,33.2452,-117.264,CISO-SDGE,CA,rail,0.000579
37498,OCEANSIDE 4,33.2452,-117.264,CISO-SDGE,CA,road,0.005669
37499,OCEANSIDE 5,33.1064,-117.321,CISO-SDGE,CA,bldg,0.121214
37499,OCEANSIDE 5,33.1064,-117.321,CISO-SDGE,CA,ind,0.01147
37499,OCEANSIDE 5,33.1064,-117.321,CISO-SDGE,CA,rail,0.000579
37499,OCEANSIDE 5,33.1064,-117.321,CISO-SDGE,CA,road,0.005669
37500,CARLSBAD 3,33.1401,-117.342,CISO-SDGE,CA,bldg,0.199217
37500,CARLSBAD 3,33.1401,-117.342,CISO-SDGE,CA,ind,0.018851
37500,CARLSBAD 3,33.1401,-117.342,CISO-SDGE,CA,rail,0.000952
37500,CARLSBAD 3,33.1401,-117.342,CISO-SDGE,CA,road,0.009317
37501,VICTORVILLE 5,34.5781,-117.266,CISO-SCE,CA,bldg,0.128168
37501,VICTORVILLE 5,34.5781,-117.266,CISO-SCE,CA,ind,0.018647
37501,VICTORVILLE 5,34.5781,-117.266,CISO-SCE,CA,rail,1.2e-05
37501,VICTORVILLE 5,34.5781,-117.266,CISO-SCE,CA,road,0.004187
37502,VICTORVILLE 6,34.5052,-117.255,CISO-SCE,CA,bldg,0.128168
37502,VICTORVILLE 6,34.5052,-117.255,CISO-SCE,CA,ind,0.018647
37502,VICTORVILLE 6,34.5052,-117.255,CISO-SCE,CA,rail,1.2e-05
37502,VICTORVILLE 6,34.5052,-117.255,CISO-SCE,CA,road,0.004187
37503,COLTON 1,34.1131,-117.21,CISO-SCE,CA,bldg,0.170789
37503,COLTON 1,34.1131,-117.21,CISO-SCE,CA,ind,0.024848
37503,COLTON 1,34.1131,-117.21,CISO-SCE,CA,rail,1.5e-05
37503,COLTON 1,34.1131,-117.21,CISO-SCE,CA,road,0.005579
37504,COLTON 2,34.0244,-117.297,CISO-SCE,CA,bldg,0.263993
37504,COLTON 2,34.0244,-117.297,CISO-SCE,CA,ind,0.038407
37504,COLTON 2,34.0244,-117.297,CISO-SCE,CA,rail,2.4e-05
37504,COLTON 2,34.0244,-117.297,CISO-SCE,CA,road,0.008624
37505,OCEANSIDE 6,33.2574,-117.371,CISO-SDGE,CA,bldg,0.126515
37505,OCEANSIDE 6,33.2574,-117.371,CISO-SDGE,CA,ind,0.011972
37505,OCEANSIDE 6,33.2574,-117.371,CISO-SDGE,CA,rail,0.000604
37505,OCEANSIDE 6,33.2574,-117.371,CISO-SDGE,CA,road,0.005917
37506,OCEANSIDE 7,33.2272,-117.311,CISO-SDGE,CA,bldg,0.280234
37506,OCEANSIDE 7,33.2272,-117.311,CISO-SDGE,CA,ind,0.026518
37506,OCEANSIDE 7,33.2272,-117.311,CISO-SDGE,CA,rail,0.001339
37506,OCEANSIDE 7,33.2272,-117.311,CISO-SDGE,CA,road,0.013106
37507,CRESTLINE,34.252,-117.204,CISO-SCE,CA,bldg,0.056762
37507,CRESTLINE,34.252,-117.204,CISO-SCE,CA,ind,0.008258
37507,CRESTLINE,34.252,-117.204,CISO-SCE,CA,rail,5e-06
37507,CRESTLINE,34.252,-117.204,CISO-SCE,CA,road,0.001854
37508,SAN BERNARDINO 7,34.1286,-117.18,CISO-SCE,CA,bldg,0.094211
37508,SAN BERNARDINO 7,34.1286,-117.18,CISO-SCE,CA,ind,0.013707
37508,SAN BERNARDINO 7,34.1286,-117.18,CISO-SCE,CA,rail,8e-06
37508,SAN BERNARDINO 7,34.1286,-117.18,CISO-SCE,CA,road,0.003078
37509,ENCINITAS 1,33.1185,-117.322,CISO-SDGE,CA,bldg,0.114874
37509,ENCINITAS 1,33.1185,-117.322,CISO-SDGE,CA,ind,0.01087
37509,ENCINITAS 1,33.1185,-117.322,CISO-SDGE,CA,rail,0.000549
37509,ENCINITAS 1,33.1185,-117.322,CISO-SDGE,CA,road,0.005372
37510,ENCINITAS 2,33.0227,-117.287,CISO-SDGE,CA,bldg,0.119785
37510,ENCINITAS 2,33.0227,-117.287,CISO-SDGE,CA,ind,0.011335
37510,ENCINITAS 2,33.0227,-117.287,CISO-SDGE,CA,rail,0.000572
37510,ENCINITAS 2,33.0227,-117.287,CISO-SDGE,CA,road,0.005602
37511,WILDOMAR 1,33.6996,-117.357,CISO-SCE,CA,bldg,0.090248
37511,WILDOMAR 1,33.6996,-117.357,CISO-SCE,CA,ind,0.01313
37511,WILDOMAR 1,33.6996,-117.357,CISO-SCE,CA,rail,8e-06
37511,WILDOMAR 1,33.6996,-117.357,CISO-SCE,CA,road,0.002948
37512,WILDOMAR 2,33.5742,-117.31,CISO-SCE,CA,bldg,0.112348
37512,WILDOMAR 2,33.5742,-117.31,CISO-SCE,CA,ind,0.016345
37512,WILDOMAR 2,33.5742,-117.31,CISO-SCE,CA,rail,1e-05
37512,WILDOMAR 2,33.5742,-117.31,CISO-SCE,CA,road,0.00367
37513,MORENO VALLEY 1,33.9228,-117.19,CISO-SCE,CA,bldg,0.152115
37513,MORENO VALLEY 1,33.9228,-117.19,CISO-SCE,CA,ind,0.022131
37513,MORENO VALLEY 1,33.9228,-117.19,CISO-SCE,CA,rail,1.4e-05
37513,MORENO VALLEY 1,33.9228,-117.19,CISO-SCE,CA,road,0.004969
37514,MORENO VALLEY 2,33.9353,-117.321,CISO-SCE,CA,bldg,0.152115
37514,MORENO VALLEY 2,33.9353,-117.321,CISO-SCE,CA,ind,0.022131
37514,MORENO VALLEY 2,33.9353,-117.321,CISO-SCE,CA,rail,1.4e-05
37514,MORENO VALLEY 2,33.9353,-117.321,CISO-SCE,CA,road,0.004969
37515,LA JOLLA 1,32.7628,-117.253,CISO-SDGE,CA,bldg,0.16866
37515,LA JOLLA 1,32.7628,-117.253,CISO-SDGE,CA,ind,0.01596
37515,LA JOLLA 1,32.7628,-117.253,CISO-SDGE,CA,rail,0.000806
37515,LA JOLLA 1,32.7628,-117.253,CISO-SDGE,CA,road,0.007888
37516,LA JOLLA 2,32.8071,-117.265,CISO-SDGE,CA,bldg,0.109391
37516,LA JOLLA 2,32.8071,-117.265,CISO-SDGE,CA,ind,0.010351
37516,LA JOLLA 2,32.8071,-117.265,CISO-SDGE,CA,rail,0.000523
37516,LA JOLLA 2,32.8071,-117.265,CISO-SDGE,CA,road,0.005116
37517,SUN CITY 1,33.7341,-117.157,CISO-SCE,CA,bldg,0.100828
37517,SUN CITY 1,33.7341,-117.157,CISO-SCE,CA,ind,0.014669
37517,SUN CITY 1,33.7341,-117.157,CISO-SCE,CA,rail,9e-06
37517,SUN CITY 1,33.7341,-117.157,CISO-SCE,CA,road,0.003294
37518,DEL MAR,32.9546,-117.266,CISO-SDGE,CA,bldg,0.061529
37518,DEL MAR,32.9546,-117.266,CISO-SDGE,CA,ind,0.005822
37518,DEL MAR,32.9546,-117.266,CISO-SDGE,CA,rail,0.000294
37518,DEL MAR,32.9546,-117.266,CISO-SDGE,CA,road,0.002878
37519,VISTA 1,33.1765,-117.281,CISO-SDGE,CA,bldg,0.086474
37519,VISTA 1,33.1765,-117.281,CISO-SDGE,CA,ind,0.008183
37519,VISTA 1,33.1765,-117.281,CISO-SDGE,CA,rail,0.000413
37519,VISTA 1,33.1765,-117.281,CISO-SDGE,CA,road,0.004044
37520,MORENO VALLEY 3,33.8253,-117.149,CISO-SCE,CA,bldg,0.222849
37520,MORENO VALLEY 3,33.8253,-117.149,CISO-SCE,CA,ind,0.032421
37520,MORENO VALLEY 3,33.8253,-117.149,CISO-SCE,CA,rail,2e-05
37520,MORENO VALLEY 3,33.8253,-117.149,CISO-SCE,CA,road,0.00728
37521,MORENO VALLEY 4,33.9439,-117.307,CISO-SCE,CA,bldg,0.222849
37521,MORENO VALLEY 4,33.9439,-117.307,CISO-SCE,CA,ind,0.032421
37521,MORENO VALLEY 4,33.9439,-117.307,CISO-SCE,CA,rail,2e-05
37521,MORENO VALLEY 4,33.9439,-117.307,CISO-SCE,CA,road,0.00728
37522,CARLSBAD 4,33.125,-117.2,CISO-SDGE,CA,bldg,0.144054
37522,CARLSBAD 4,33.125,-117.2,CISO-SDGE,CA,ind,0.013631
37522,CARLSBAD 4,33.125,-117.2,CISO-SDGE,CA,rail,0.000688
37522,CARLSBAD 4,33.125,-117.2,CISO-SDGE,CA,road,0.006737
37523,CARLSBAD 5,33.1608,-117.244,CISO-SDGE,CA,bldg,0.095282
37523,CARLSBAD 5,33.1608,-117.244,CISO-SDGE,CA,ind,0.009016
37523,CARLSBAD 5,33.1608,-117.244,CISO-SDGE,CA,rail,0.000455
37523,CARLSBAD 5,33.1608,-117.244,CISO-SDGE,CA,road,0.004456
37524,VISTA 2,33.1088,-117.255,CISO-SDGE,CA,bldg,0.064076
37524,VISTA 2,33.1088,-117.255,CISO-SDGE,CA,ind,0.006063
37524,VISTA 2,33.1088,-117.255,CISO-SDGE,CA,rail,0.000306
37524,VISTA 2,33.1088,-117.255,CISO-SDGE,CA,road,0.002997
37525,VISTA 3,33.0958,-117.208,CISO-SDGE,CA,bldg,0.10869
37525,VISTA 3,33.0958,-117.208,CISO-SDGE,CA,ind,0.010285
37525,VISTA 3,33.0958,-117.208,CISO-SDGE,CA,rail,0.000519
37525,VISTA 3,33.0958,-117.208,CISO-SDGE,CA,road,0.005083
37526,SAN DIEGO 1,32.6125,-117.136,CISO-SDGE,CA,bldg,0.090397
37526,SAN DIEGO 1,32.6125,-117.136,CISO-SDGE,CA,ind,0.008554
37526,SAN DIEGO 1,32.6125,-117.136,CISO-SDGE,CA,rail,0.000432
37526,SAN DIEGO 1,32.6125,-117.136,CISO-SDGE,CA,road,0.004228
37527,SAN DIEGO 2,32.7014,-117.255,CISO-SDGE,CA,bldg,0.109755
37527,SAN DIEGO 2,32.7014,-117.255,CISO-SDGE,CA,ind,0.010386
37527,SAN DIEGO 2,32.7014,-117.255,CISO-SDGE,CA,rail,0.000524
37527,SAN DIEGO 2,32.7014,-117.255,CISO-SDGE,CA,road,0.005133
37528,SAN DIEGO 3,32.6929,-117.253,CISO-SDGE,CA,bldg,0.123137
37528,SAN DIEGO 3,32.6929,-117.253,CISO-SDGE,CA,ind,0.011652
37528,SAN DIEGO 3,32.6929,-117.253,CISO-SDGE,CA,rail,0.000588
37528,SAN DIEGO 3,32.6929,-117.253,CISO-SDGE,CA,road,0.005759
37529,MORENO VALLEY 5,33.8914,-117.299,CISO-SCE,CA,bldg,0.093136
37529,MORENO VALLEY 5,33.8914,-117.299,CISO-SCE,CA,ind,0.01355
37529,MORENO VALLEY 5,33.8914,-117.299,CISO-SCE,CA,rail,8e-06
37529,MORENO VALLEY 5,33.8914,-117.299,CISO-SCE,CA,road,0.003042
37530,SAN BERNARDINO 8,34.1138,-117.311,CISO-SCE,CA,bldg,0.30648
37530,SAN BERNARDINO 8,34.1138,-117.311,CISO-SCE,CA,ind,0.044589
37530,SAN BERNARDINO 8,34.1138,-117.311,CISO-SCE,CA,rail,2.8e-05
37530,SAN BERNARDINO 8,34.1138,-117.311,CISO-SCE,CA,road,0.010012
37531,SAN BERNARDINO 9,34.1558,-117.308,CISO-SCE,CA,bldg,0.17613
37531,SAN BERNARDINO 9,34.1558,-117.308,CISO-SCE,CA,ind,0.025624
37531,SAN BERNARDINO 9,34.1558,-117.308,CISO-SCE,CA,rail,1.6e-05
37531,SAN BERNARDINO 9,34.1558,-117.308,CISO-SCE,CA,road,0.005753
37532,SAN DIEGO 4,32.8839,-117.253,CISO-SDGE,CA,bldg,0.133998
37532,SAN DIEGO 4,32.8839,-117.253,CISO-SDGE,CA,ind,0.01268
37532,SAN DIEGO 4,32.8839,-117.253,CISO-SDGE,CA,rail,0.00064
37532,SAN DIEGO 4,32.8839,-117.253,CISO-SDGE,CA,road,0.006267
37533,SAN DIEGO 5,32.891,-117.253,CISO-SDGE,CA,bldg,0.114458
37533,SAN DIEGO 5,32.891,-117.253,CISO-SDGE,CA,ind,0.010831
37533,SAN DIEGO 5,32.891,-117.253,CISO-SDGE,CA,rail,0.000547
37533,SAN DIEGO 5,32.891,-117.253,CISO-SDGE,CA,road,0.005353
37534,CORONADO 1,32.7467,-117.199,CISO-SDGE,CA,bldg,0.110249
37534,CORONADO 1,32.7467,-117.199,CISO-SDGE,CA,ind,0.010433
37534,CORONADO 1,32.7467,-117.199,CISO-SDGE,CA,rail,0.000527
37534,CORONADO 1,32.7467,-117.199,CISO-SDGE,CA,road,0.005156
37535,FALLBROOK 1,33.4802,-117.307,CISO-SCE,CA,bldg,0.139789
37535,FALLBROOK 1,33.4802,-117.307,CISO-SCE,CA,ind,0.020337
37535,FALLBROOK 1,33.4802,-117.307,CISO-SCE,CA,rail,1.3e-05
37535,FALLBROOK 1,33.4802,-117.307,CISO-SCE,CA,road,0.004566
37536,FALLBROOK 2,33.3794,-117.127,CISO-SDGE,CA,bldg,0.108144
37536,FALLBROOK 2,33.3794,-117.127,CISO-SDGE,CA,ind,0.010233
37536,FALLBROOK 2,33.3794,-117.127,CISO-SDGE,CA,rail,0.000517
37536,FALLBROOK 2,33.3794,-117.127,CISO-SDGE,CA,road,0.005058
37537,PERRIS 3,33.9,-117.181,CISO-SCE,CA,bldg,0.251902
37537,PERRIS 3,33.9,-117.181,CISO-SCE,CA,ind,0.036648
37537,PERRIS 3,33.9,-117.181,CISO-SCE,CA,rail,2.3e-05
37537,PERRIS 3,33.9,-117.181,CISO-SCE,CA,road,0.008229
37538,PERRIS 4,33.9207,-117.201,CISO-SCE,CA,bldg,0.158732
37538,PERRIS 4,33.9207,-117.201,CISO-SCE,CA,ind,0.023093
37538,PERRIS 4,33.9207,-117.201,CISO-SCE,CA,rail,1.4e-05
37538,PERRIS 4,33.9207,-117.201,CISO-SCE,CA,road,0.005185
37539,VISTA 4,33.3052,-117.276,CISO-SDGE,CA,bldg,0.111444
37539,VISTA 4,33.3052,-117.276,CISO-SDGE,CA,ind,0.010546
37539,VISTA 4,33.3052,-117.276,CISO-SDGE,CA,rail,0.000532
37539,VISTA 4,33.3052,-117.276,CISO-SDGE,CA,road,0.005212
37540,VISTA 5,33.1461,-117.103,CISO-SDGE,CA,bldg,0.111444
37540,VISTA 5,33.1461,-117.103,CISO-SDGE,CA,ind,0.010546
37540,VISTA 5,33.1461,-117.103,CISO-SDGE,CA,rail,0.000532
37540,VISTA 5,33.1461,-117.103,CISO-SDGE,CA,road,0.005212
37541,SAN DIEGO 6,32.8081,-117.236,CISO-SDGE,CA,bldg,0.187031
37541,SAN DIEGO 6,32.8081,-117.236,CISO-SDGE,CA,ind,0.017698
37541,SAN DIEGO 6,32.8081,-117.236,CISO-SDGE,CA,rail,0.000893
37541,SAN DIEGO 6,32.8081,-117.236,CISO-SDGE,CA,road,0.008747
37542,SAN DIEGO 7,32.8578,-117.219,CISO-SDGE,CA,bldg,0.120045
37542,SAN DIEGO 7,32.8578,-117.219,CISO-SDGE,CA,ind,0.011359
37542,SAN DIEGO 7,32.8578,-117.219,CISO-SDGE,CA,rail,0.000573
37542,SAN DIEGO 7,32.8578,-117.219,CISO-SDGE,CA,road,0.005614
37543,LAKE ARROWHEAD,34.3329,-117.154,CISO-SCE,CA,bldg,0.064017
37543,LAKE ARROWHEAD,34.3329,-117.154,CISO-SCE,CA,ind,0.009313
37543,LAKE ARROWHEAD,34.3329,-117.154,CISO-SCE,CA,rail,6e-06
37543,LAKE ARROWHEAD,34.3329,-117.154,CISO-SCE,CA,road,0.002091
37544,SUN CITY 2,33.6312,-117.273,CISO-SCE,CA,bldg,0.232522
37544,SUN CITY 2,33.6312,-117.273,CISO-SCE,CA,ind,0.033829
37544,SUN CITY 2,33.6312,-117.273,CISO-SCE,CA,rail,2.1e-05
37544,SUN CITY 2,33.6312,-117.273,CISO-SCE,CA,road,0.007596
37545,HIGHLAND 1,34.0627,-117.234,CISO-SCE,CA,bldg,0.16602
37545,HIGHLAND 1,34.0627,-117.234,CISO-SCE,CA,ind,0.024154
37545,HIGHLAND 1,34.0627,-117.234,CISO-SCE,CA,rail,1.5e-05
37545,HIGHLAND 1,34.0627,-117.234,CISO-SCE,CA,road,0.005423
37546,HIGHLAND 2,34.054,-117.101,CISO-SCE,CA,bldg,0.16602
37546,HIGHLAND 2,34.054,-117.101,CISO-SCE,CA,ind,0.024154
37546,HIGHLAND 2,34.054,-117.101,CISO-SCE,CA,rail,1.5e-05
37546,HIGHLAND 2,34.054,-117.101,CISO-SCE,CA,road,0.005423
37547,SAN MARCOS 1,33.1302,-117.237,CISO-SDGE,CA,bldg,0.100349
37547,SAN MARCOS 1,33.1302,-117.237,CISO-SDGE,CA,ind,0.009496
37547,SAN MARCOS 1,33.1302,-117.237,CISO-SDGE,CA,rail,0.000479
37547,SAN MARCOS 1,33.1302,-117.237,CISO-SDGE,CA,road,0.004693
37548,SAN MARCOS 2,33.1677,-117.137,CISO-SDGE,CA,bldg,0.100349
37548,SAN MARCOS 2,33.1677,-117.137,CISO-SDGE,CA,ind,0.009496
37548,SAN MARCOS 2,33.1677,-117.137,CISO-SDGE,CA,rail,0.000479
37548,SAN MARCOS 2,33.1677,-117.137,CISO-SDGE,CA,road,0.004693
37549,MENIFEE 1,33.6406,-117.129,CISO-SCE,CA,bldg,0.13119
37549,MENIFEE 1,33.6406,-117.129,CISO-SCE,CA,ind,0.019087
37549,MENIFEE 1,33.6406,-117.129,CISO-SCE,CA,rail,1.2e-05
37549,MENIFEE 1,33.6406,-117.129,CISO-SCE,CA,road,0.004285
37550,MENIFEE 2,33.6837,-117.185,CISO-SCE,CA,bldg,0.13119
37550,MENIFEE 2,33.6837,-117.185,CISO-SCE,CA,ind,0.019087
37550,MENIFEE 2,33.6837,-117.185,CISO-SCE,CA,rail,1.2e-05
37550,MENIFEE 2,33.6837,-117.185,CISO-SCE,CA,road,0.004285
37551,SUN CITY 3,33.8106,-117.167,CISO-SCE,CA,bldg,0.154768
37551,SUN CITY 3,33.8106,-117.167,CISO-SCE,CA,ind,0.022517
37551,SUN CITY 3,33.8106,-117.167,CISO-SCE,CA,rail,1.4e-05
37551,SUN CITY 3,33.8106,-117.167,CISO-SCE,CA,road,0.005056
37552,REDLANDS 1,34.1671,-117.234,CISO-SCE,CA,bldg,0.137035
37552,REDLANDS 1,34.1671,-117.234,CISO-SCE,CA,ind,0.019937
37552,REDLANDS 1,34.1671,-117.234,CISO-SCE,CA,rail,1.2e-05
37552,REDLANDS 1,34.1671,-117.234,CISO-SCE,CA,road,0.004476
37553,REDLANDS 2,34.0315,-117.22,CISO-SCE,CA,bldg,0.121719
37553,REDLANDS 2,34.0315,-117.22,CISO-SCE,CA,ind,0.017709
37553,REDLANDS 2,34.0315,-117.22,CISO-SCE,CA,rail,1.1e-05
37553,REDLANDS 2,34.0315,-117.22,CISO-SCE,CA,road,0.003976
37554,SAN DIEGO 8,32.8992,-117.254,CISO-SDGE,CA,bldg,0.102272
37554,SAN DIEGO 8,32.8992,-117.254,CISO-SDGE,CA,ind,0.009678
37554,SAN DIEGO 8,32.8992,-117.254,CISO-SDGE,CA,rail,0.000489
37554,SAN DIEGO 8,32.8992,-117.254,CISO-SDGE,CA,road,0.004783
37555,SAN DIEGO 9,32.8329,-117.191,CISO-SDGE,CA,bldg,0.102272
37555,SAN DIEGO 9,32.8329,-117.191,CISO-SDGE,CA,ind,0.009678
37555,SAN DIEGO 9,32.8329,-117.191,CISO-SDGE,CA,rail,0.000489
37555,SAN DIEGO 9,32.8329,-117.191,CISO-SDGE,CA,road,0.004783
37556,SAN DIEGO 10,32.7919,-117.153,CISO-SDGE,CA,bldg,0.087669
37556,SAN DIEGO 10,32.7919,-117.153,CISO-SDGE,CA,ind,0.008296
37556,SAN DIEGO 10,32.7919,-117.153,CISO-SDGE,CA,rail,0.000419
37556,SAN DIEGO 10,32.7919,-117.153,CISO-SDGE,CA,road,0.0041
37557,SAN DIEGO 11,32.7871,-117.105,CISO-SDGE,CA,bldg,0.163411
37557,SAN DIEGO 11,32.7871,-117.105,CISO-SDGE,CA,ind,0.015463
37557,SAN DIEGO 11,32.7871,-117.105,CISO-SDGE,CA,rail,0.000781
37557,SAN DIEGO 11,32.7871,-117.105,CISO-SDGE,CA,road,0.007642
37558,SAN DIEGO 12,32.9026,-117.229,CISO-SDGE,CA,bldg,0.105468
37558,SAN DIEGO 12,32.9026,-117.229,CISO-SDGE,CA,ind,0.00998
37558,SAN DIEGO 12,32.9026,-117.229,CISO-SDGE,CA,rail,0.000504
37558,SAN DIEGO 12,32.9026,-117.229,CISO-SDGE,CA,road,0.004932
37559,SAN DIEGO 13,32.7515,-117.217,CISO-SDGE,CA,bldg,0.105468
37559,SAN DIEGO 13,32.7515,-117.217,CISO-SDGE,CA,ind,0.00998
37559,SAN DIEGO 13,32.7515,-117.217,CISO-SDGE,CA,rail,0.000504
37559,SAN DIEGO 13,32.7515,-117.217,CISO-SDGE,CA,road,0.004932
37560,SAN DIEGO 14,32.77,-117.213,CISO-SDGE,CA,bldg,0.07265
37560,SAN DIEGO 14,32.77,-117.213,CISO-SDGE,CA,ind,0.006875
37560,SAN DIEGO 14,32.77,-117.213,CISO-SDGE,CA,rail,0.000347
37560,SAN DIEGO 14,32.77,-117.213,CISO-SDGE,CA,road,0.003398
37561,SAN DIEGO 15,32.8248,-117.253,CISO-SDGE,CA,bldg,0.07265
37561,SAN DIEGO 15,32.8248,-117.253,CISO-SDGE,CA,ind,0.006875
37561,SAN DIEGO 15,32.8248,-117.253,CISO-SDGE,CA,rail,0.000347
37561,SAN DIEGO 15,32.8248,-117.253,CISO-SDGE,CA,road,0.003398
37562,APPLE VALLEY 1,34.5232,-117.179,CISO-SCE,CA,bldg,0.120409
37562,APPLE VALLEY 1,34.5232,-117.179,CISO-SCE,CA,ind,0.017518
37562,APPLE VALLEY 1,34.5232,-117.179,CISO-SCE,CA,rail,1.1e-05
37562,APPLE VALLEY 1,34.5232,-117.179,CISO-SCE,CA,road,0.003933
37563,APPLE VALLEY 2,34.4527,-117.208,CISO-SCE,CA,bldg,0.120409
37563,APPLE VALLEY 2,34.4527,-117.208,CISO-SCE,CA,ind,0.017518
37563,APPLE VALLEY 2,34.4527,-117.208,CISO-SCE,CA,rail,1.1e-05
37563,APPLE VALLEY 2,34.4527,-117.208,CISO-SCE,CA,road,0.003933
37564,REDLANDS 3,34.0944,-117.234,CISO-SCE,CA,bldg,0.112718
37564,REDLANDS 3,34.0944,-117.234,CISO-SCE,CA,ind,0.016399
37564,REDLANDS 3,34.0944,-117.234,CISO-SCE,CA,rail,1e-05
37564,REDLANDS 3,34.0944,-117.234,CISO-SCE,CA,road,0.003682
37565,REDLANDS 4,34.0972,-117.206,CISO-SCE,CA,bldg,0.101029
37565,REDLANDS 4,34.0972,-117.206,CISO-SCE,CA,ind,0.014698
37565,REDLANDS 4,34.0972,-117.206,CISO-SCE,CA,rail,9e-06
37565,REDLANDS 4,34.0972,-117.206,CISO-SCE,CA,road,0.0033
37566,SAN MARCOS 3,33.216,-117.077,CISO-SDGE,CA,bldg,0.10843
37566,SAN MARCOS 3,33.216,-117.077,CISO-SDGE,CA,ind,0.01026
37566,SAN MARCOS 3,33.216,-117.077,CISO-SDGE,CA,rail,0.000518
37566,SAN MARCOS 3,33.216,-117.077,CISO-SDGE,CA,road,0.005071
37567,SAN MARCOS 4,33.2004,-117.236,CISO-SDGE,CA,bldg,0.10843
37567,SAN MARCOS 4,33.2004,-117.236,CISO-SDGE,CA,ind,0.01026
37567,SAN MARCOS 4,33.2004,-117.236,CISO-SDGE,CA,rail,0.000518
37567,SAN MARCOS 4,33.2004,-117.236,CISO-SDGE,CA,road,0.005071
37568,MURRIETA 3,33.574,-117.205,CISO-SCE,CA,bldg,0.162896
37568,MURRIETA 3,33.574,-117.205,CISO-SCE,CA,ind,0.023699
37568,MURRIETA 3,33.574,-117.205,CISO-SCE,CA,rail,1.5e-05
37568,MURRIETA 3,33.574,-117.205,CISO-SCE,CA,road,0.005321
37569,MURRIETA 4,33.5411,-117.174,CISO-SCE,CA,bldg,0.162896
37569,MURRIETA 4,33.5411,-117.174,CISO-SCE,CA,ind,0.023699
37569,MURRIETA 4,33.5411,-117.174,CISO-SCE,CA,rail,1.5e-05
37569,MURRIETA 4,33.5411,-117.174,CISO-SCE,CA,road,0.005321
37570,SAN DIEGO 16,32.7343,-117.123,CISO-SDGE,CA,bldg,0.088189
37570,SAN DIEGO 16,32.7343,-117.123,CISO-SDGE,CA,ind,0.008345
37570,SAN DIEGO 16,32.7343,-117.123,CISO-SDGE,CA,rail,0.000421
37570,SAN DIEGO 16,32.7343,-117.123,CISO-SDGE,CA,road,0.004124
37571,SAN DIEGO 17,32.9275,-117.219,CISO-SDGE,CA,bldg,0.171518
37571,SAN DIEGO 17,32.9275,-117.219,CISO-SDGE,CA,ind,0.01623
37571,SAN DIEGO 17,32.9275,-117.219,CISO-SDGE,CA,rail,0.000819
37571,SAN DIEGO 17,32.9275,-117.219,CISO-SDGE,CA,road,0.008021
37572,SAN DIEGO 18,32.8664,-117.157,CISO-SDGE,CA,bldg,0.234243
37572,SAN DIEGO 18,32.8664,-117.157,CISO-SDGE,CA,ind,0.022166
37572,SAN DIEGO 18,32.8664,-117.157,CISO-SDGE,CA,rail,0.001119
37572,SAN DIEGO 18,32.8664,-117.157,CISO-SDGE,CA,road,0.010955
37573,SAN DIEGO 19,32.8376,-117.134,CISO-SDGE,CA,bldg,0.062725
37573,SAN DIEGO 19,32.8376,-117.134,CISO-SDGE,CA,ind,0.005936
37573,SAN DIEGO 19,32.8376,-117.134,CISO-SDGE,CA,rail,0.0003
37573,SAN DIEGO 19,32.8376,-117.134,CISO-SDGE,CA,road,0.002933
37574,APPLE VALLEY 3,34.5634,-117.166,CISO-SCE,CA,bldg,0.113759
37574,APPLE VALLEY 3,34.5634,-117.166,CISO-SCE,CA,ind,0.01655
37574,APPLE VALLEY 3,34.5634,-117.166,CISO-SCE,CA,rail,1e-05
37574,APPLE VALLEY 3,34.5634,-117.166,CISO-SCE,CA,road,0.003716
37575,APPLE VALLEY 4,34.5289,-117.096,CISO-SCE,CA,bldg,0.113759
37575,APPLE VALLEY 4,34.5289,-117.096,CISO-SCE,CA,ind,0.01655
37575,APPLE VALLEY 4,34.5289,-117.096,CISO-SCE,CA,rail,1e-05
37575,APPLE VALLEY 4,34.5289,-117.096,CISO-SCE,CA,road,0.003716
37576,SAN DIEGO 20,32.9781,-117.09,CISO-SDGE,CA,bldg,0.091982
37576,SAN DIEGO 20,32.9781,-117.09,CISO-SDGE,CA,ind,0.008704
37576,SAN DIEGO 20,32.9781,-117.09,CISO-SDGE,CA,rail,0.000439
37576,SAN DIEGO 20,32.9781,-117.09,CISO-SDGE,CA,road,0.004302
37577,SAN DIEGO 21,33.0208,-117.169,CISO-SDGE,CA,bldg,0.091982
37577,SAN DIEGO 21,33.0208,-117.169,CISO-SDGE,CA,ind,0.008704
37577,SAN DIEGO 21,33.0208,-117.169,CISO-SDGE,CA,rail,0.000439
37577,SAN DIEGO 21,33.0208,-117.169,CISO-SDGE,CA,road,0.004302
37578,ESCONDIDO 1,33.069,-117.13,CISO-SDGE,CA,bldg,0.088968
37578,ESCONDIDO 1,33.069,-117.13,CISO-SDGE,CA,ind,0.008419
37578,ESCONDIDO 1,33.069,-117.13,CISO-SDGE,CA,rail,0.000425
37578,ESCONDIDO 1,33.069,-117.13,CISO-SDGE,CA,road,0.004161
37579,SAN DIEGO 22,32.6463,-117.038,CISO-SDGE,CA,bldg,0.103857
37579,SAN DIEGO 22,32.6463,-117.038,CISO-SDGE,CA,ind,0.009828
37579,SAN DIEGO 22,32.6463,-117.038,CISO-SDGE,CA,rail,0.000496
37579,SAN DIEGO 22,32.6463,-117.038,CISO-SDGE,CA,road,0.004857
37580,SAN DIEGO 23,32.6459,-117.091,CISO-SDGE,CA,bldg,0.103857
37580,SAN DIEGO 23,32.6459,-117.091,CISO-SDGE,CA,ind,0.009828
37580,SAN DIEGO 23,32.6459,-117.091,CISO-SDGE,CA,rail,0.000496
37580,SAN DIEGO 23,32.6459,-117.091,CISO-SDGE,CA,road,0.004857
37581,SAN DIEGO 24,32.9768,-117.172,CISO-SDGE,CA,bldg,0.120512
37581,SAN DIEGO 24,32.9768,-117.172,CISO-SDGE,CA,ind,0.011404
37581,SAN DIEGO 24,32.9768,-117.172,CISO-SDGE,CA,rail,0.000576
37581,SAN DIEGO 24,32.9768,-117.172,CISO-SDGE,CA,road,0.005636
37582,SAN DIEGO 25,33.013,-117.149,CISO-SDGE,CA,bldg,0.120512
37582,SAN DIEGO 25,33.013,-117.149,CISO-SDGE,CA,ind,0.011404
37582,SAN DIEGO 25,33.013,-117.149,CISO-SDGE,CA,rail,0.000576
37582,SAN DIEGO 25,33.013,-117.149,CISO-SDGE,CA,road,0.005636
37583,SAN DIEGO 26,32.7997,-117.063,CISO-SDGE,CA,bldg,0.07408
37583,SAN DIEGO 26,32.7997,-117.063,CISO-SDGE,CA,ind,0.00701
37583,SAN DIEGO 26,32.7997,-117.063,CISO-SDGE,CA,rail,0.000354
37583,SAN DIEGO 26,32.7997,-117.063,CISO-SDGE,CA,road,0.003464
37584,IMPERIAL BEACH,32.5085,-117.175,CISO-SDGE,CA,bldg,0.060152
37584,IMPERIAL BEACH,32.5085,-117.175,CISO-SDGE,CA,ind,0.005692
37584,IMPERIAL BEACH,32.5085,-117.175,CISO-SDGE,CA,rail,0.000287
37584,IMPERIAL BEACH,32.5085,-117.175,CISO-SDGE,CA,road,0.002813
37585,SAN DIEGO 27,32.6909,-117.109,CISO-SDGE,CA,bldg,0.131114
37585,SAN DIEGO 27,32.6909,-117.109,CISO-SDGE,CA,ind,0.012407
37585,SAN DIEGO 27,32.6909,-117.109,CISO-SDGE,CA,rail,0.000626
37585,SAN DIEGO 27,32.6909,-117.109,CISO-SDGE,CA,road,0.006132
37586,SAN DIEGO 28,32.7813,-117.174,CISO-SDGE,CA,bldg,0.131114
37586,SAN DIEGO 28,32.7813,-117.174,CISO-SDGE,CA,ind,0.012407
37586,SAN DIEGO 28,32.7813,-117.174,CISO-SDGE,CA,rail,0.000626
37586,SAN DIEGO 28,32.7813,-117.174,CISO-SDGE,CA,road,0.006132
37587,SAN DIEGO 29,32.617,-117.021,CISO-SDGE,CA,bldg,0.101181
37587,SAN DIEGO 29,32.617,-117.021,CISO-SDGE,CA,ind,0.009574
37587,SAN DIEGO 29,32.617,-117.021,CISO-SDGE,CA,rail,0.000483
37587,SAN DIEGO 29,32.617,-117.021,CISO-SDGE,CA,road,0.004732
37588,SAN DIEGO 30,32.6511,-117.154,CISO-SDGE,CA,bldg,0.168192
37588,SAN DIEGO 30,32.6511,-117.154,CISO-SDGE,CA,ind,0.015915
37588,SAN DIEGO 30,32.6511,-117.154,CISO-SDGE,CA,rail,0.000803
37588,SAN DIEGO 30,32.6511,-117.154,CISO-SDGE,CA,road,0.007866
37589,ESCONDIDO 2,33.1302,-117.145,CISO-SDGE,CA,bldg,0.114406
37589,ESCONDIDO 2,33.1302,-117.145,CISO-SDGE,CA,ind,0.010826
37589,ESCONDIDO 2,33.1302,-117.145,CISO-SDGE,CA,rail,0.000547
37589,ESCONDIDO 2,33.1302,-117.145,CISO-SDGE,CA,road,0.00535
37590,ESCONDIDO 3,33.1919,-117.034,CISO-SDGE,CA,bldg,0.203452
37590,ESCONDIDO 3,33.1919,-117.034,CISO-SDGE,CA,ind,0.019252
37590,ESCONDIDO 3,33.1919,-117.034,CISO-SDGE,CA,rail,0.000972
37590,ESCONDIDO 3,33.1919,-117.034,CISO-SDGE,CA,road,0.009515
37591,MORENO VALLEY 6,33.8443,-117.164,CISO-SCE,CA,bldg,0.118125
37591,MORENO VALLEY 6,33.8443,-117.164,CISO-SCE,CA,ind,0.017186
37591,MORENO VALLEY 6,33.8443,-117.164,CISO-SCE,CA,rail,1.1e-05
37591,MORENO VALLEY 6,33.8443,-117.164,CISO-SCE,CA,road,0.003859
37592,MORENO VALLEY 7,33.9133,-117.163,CISO-SCE,CA,bldg,0.118125
37592,MORENO VALLEY 7,33.9133,-117.163,CISO-SCE,CA,ind,0.017186
37592,MORENO VALLEY 7,33.9133,-117.163,CISO-SCE,CA,rail,1.1e-05
37592,MORENO VALLEY 7,33.9133,-117.163,CISO-SCE,CA,road,0.003859
37593,TEMECULA 1,33.5754,-117.04,CISO-SCE,CA,bldg,0.115673
37593,TEMECULA 1,33.5754,-117.04,CISO-SCE,CA,ind,0.016829
37593,TEMECULA 1,33.5754,-117.04,CISO-SCE,CA,rail,1e-05
37593,TEMECULA 1,33.5754,-117.04,CISO-SCE,CA,road,0.003779
37594,TEMECULA 2,33.5171,-117.087,CISO-SCE,CA,bldg,0.115673
37594,TEMECULA 2,33.5171,-117.087,CISO-SCE,CA,ind,0.016829
37594,TEMECULA 2,33.5171,-117.087,CISO-SCE,CA,rail,1e-05
37594,TEMECULA 2,33.5171,-117.087,CISO-SCE,CA,road,0.003779
37595,NATIONAL CITY 1,32.6418,-117.061,CISO-SDGE,CA,bldg,0.141065
37595,NATIONAL CITY 1,32.6418,-117.061,CISO-SDGE,CA,ind,0.013348
37595,NATIONAL CITY 1,32.6418,-117.061,CISO-SDGE,CA,rail,0.000674
37595,NATIONAL CITY 1,32.6418,-117.061,CISO-SDGE,CA,road,0.006597
37596,NATIONAL CITY 2,32.6859,-117.099,CISO-SDGE,CA,bldg,0.141065
37596,NATIONAL CITY 2,32.6859,-117.099,CISO-SDGE,CA,ind,0.013348
37596,NATIONAL CITY 2,32.6859,-117.099,CISO-SDGE,CA,rail,0.000674
37596,NATIONAL CITY 2,32.6859,-117.099,CISO-SDGE,CA,road,0.006597
37597,SAN DIEGO 31,32.6845,-117.182,CISO-SDGE,CA,bldg,0.16588
37597,SAN DIEGO 31,32.6845,-117.182,CISO-SDGE,CA,ind,0.015697
37597,SAN DIEGO 31,32.6845,-117.182,CISO-SDGE,CA,rail,0.000792
37597,SAN DIEGO 31,32.6845,-117.182,CISO-SDGE,CA,road,0.007758
37598,SAN DIEGO 32,32.7143,-117.079,CISO-SDGE,CA,bldg,0.163256
37598,SAN DIEGO 32,32.7143,-117.079,CISO-SDGE,CA,ind,0.015448
37598,SAN DIEGO 32,32.7143,-117.079,CISO-SDGE,CA,rail,0.00078
37598,SAN DIEGO 32,32.7143,-117.079,CISO-SDGE,CA,road,0.007635
37599,SAN DIEGO 33,32.8659,-117.098,CISO-SDGE,CA,bldg,0.132725
37599,SAN DIEGO 33,32.8659,-117.098,CISO-SDGE,CA,ind,0.012559
37599,SAN DIEGO 33,32.8659,-117.098,CISO-SDGE,CA,rail,0.000634
37599,SAN DIEGO 33,32.8659,-117.098,CISO-SDGE,CA,road,0.006207
37600,SAN DIEGO 34,32.9234,-117.108,CISO-SDGE,CA,bldg,0.076678
37600,SAN DIEGO 34,32.9234,-117.108,CISO-SDGE,CA,ind,0.007256
37600,SAN DIEGO 34,32.9234,-117.108,CISO-SDGE,CA,rail,0.000366
37600,SAN DIEGO 34,32.9234,-117.108,CISO-SDGE,CA,road,0.003586
37601,ESCONDIDO 4,33.1891,-117.168,CISO-SDGE,CA,bldg,0.139065
37601,ESCONDIDO 4,33.1891,-117.168,CISO-SDGE,CA,ind,0.013159
37601,ESCONDIDO 4,33.1891,-117.168,CISO-SDGE,CA,rail,0.000664
37601,ESCONDIDO 4,33.1891,-117.168,CISO-SDGE,CA,road,0.006504
37602,ESCONDIDO 5,33.0739,-117.024,CISO-SDGE,CA,bldg,0.116875
37602,ESCONDIDO 5,33.0739,-117.024,CISO-SDGE,CA,ind,0.01106
37602,ESCONDIDO 5,33.0739,-117.024,CISO-SDGE,CA,rail,0.000558
37602,ESCONDIDO 5,33.0739,-117.024,CISO-SDGE,CA,road,0.005466
37603,SAN DIEGO 35,32.838,-117.091,CISO-SDGE,CA,bldg,0.208129
37603,SAN DIEGO 35,32.838,-117.091,CISO-SDGE,CA,ind,0.019695
37603,SAN DIEGO 35,32.838,-117.091,CISO-SDGE,CA,rail,0.000994
37603,SAN DIEGO 35,32.838,-117.091,CISO-SDGE,CA,road,0.009733
37604,SAN DIEGO 36,32.7811,-116.977,CISO-SDGE,CA,bldg,0.136934
37604,SAN DIEGO 36,32.7811,-116.977,CISO-SDGE,CA,ind,0.012958
37604,SAN DIEGO 36,32.7811,-116.977,CISO-SDGE,CA,rail,0.000654
37604,SAN DIEGO 36,32.7811,-116.977,CISO-SDGE,CA,road,0.006404
37605,MENTONE,34.0942,-117.089,CISO-SCE,CA,bldg,0.080844
37605,MENTONE,34.0942,-117.089,CISO-SCE,CA,ind,0.011762
37605,MENTONE,34.0942,-117.089,CISO-SCE,CA,rail,7e-06
37605,MENTONE,34.0942,-117.089,CISO-SCE,CA,road,0.002641
37606,SAN DIEGO 37,33.0329,-116.988,CISO-SDGE,CA,bldg,0.111054
37606,SAN DIEGO 37,33.0329,-116.988,CISO-SDGE,CA,ind,0.010509
37606,SAN DIEGO 37,33.0329,-116.988,CISO-SDGE,CA,rail,0.000531
37606,SAN DIEGO 37,33.0329,-116.988,CISO-SDGE,CA,road,0.005194
37607,SAN DIEGO 38,32.9785,-116.975,CISO-SDGE,CA,bldg,0.111054
37607,SAN DIEGO 38,32.9785,-116.975,CISO-SDGE,CA,ind,0.010509
37607,SAN DIEGO 38,32.9785,-116.975,CISO-SDGE,CA,rail,0.000531
37607,SAN DIEGO 38,32.9785,-116.975,CISO-SDGE,CA,road,0.005194
37608,SAN DIEGO 39,32.7474,-117.059,CISO-SDGE,CA,bldg,0.121084
37608,SAN DIEGO 39,32.7474,-117.059,CISO-SDGE,CA,ind,0.011458
37608,SAN DIEGO 39,32.7474,-117.059,CISO-SDGE,CA,rail,0.000578
37608,SAN DIEGO 39,32.7474,-117.059,CISO-SDGE,CA,road,0.005663
37609,CHULA VISTA 1,32.6809,-117.103,CISO-SDGE,CA,bldg,0.177443
37609,CHULA VISTA 1,32.6809,-117.103,CISO-SDGE,CA,ind,0.016791
37609,CHULA VISTA 1,32.6809,-117.103,CISO-SDGE,CA,rail,0.000848
37609,CHULA VISTA 1,32.6809,-117.103,CISO-SDGE,CA,road,0.008298
37610,CHULA VISTA 2,32.6531,-117.044,CISO-SDGE,CA,bldg,0.118174
37610,CHULA VISTA 2,32.6531,-117.044,CISO-SDGE,CA,ind,0.011182
37610,CHULA VISTA 2,32.6531,-117.044,CISO-SDGE,CA,rail,0.000565
37610,CHULA VISTA 2,32.6531,-117.044,CISO-SDGE,CA,road,0.005527
37611,SAN DIEGO 40,32.6618,-117.136,CISO-SDGE,CA,bldg,0.153018
37611,SAN DIEGO 40,32.6618,-117.136,CISO-SDGE,CA,ind,0.01448
37611,SAN DIEGO 40,32.6618,-117.136,CISO-SDGE,CA,rail,0.000731
37611,SAN DIEGO 40,32.6618,-117.136,CISO-SDGE,CA,road,0.007156
37612,SAN DIEGO 41,32.7165,-117.096,CISO-SDGE,CA,bldg,0.271192
37612,SAN DIEGO 41,32.7165,-117.096,CISO-SDGE,CA,ind,0.025662
37612,SAN DIEGO 41,32.7165,-117.096,CISO-SDGE,CA,rail,0.001296
37612,SAN DIEGO 41,32.7165,-117.096,CISO-SDGE,CA,road,0.012683
37613,CHULA VISTA 3,32.6917,-116.995,CISO-SDGE,CA,bldg,0.129399
37613,CHULA VISTA 3,32.6917,-116.995,CISO-SDGE,CA,ind,0.012245
37613,CHULA VISTA 3,32.6917,-116.995,CISO-SDGE,CA,rail,0.000618
37613,CHULA VISTA 3,32.6917,-116.995,CISO-SDGE,CA,road,0.006052
37614,CHULA VISTA 4,32.5743,-117.07,CISO-SDGE,CA,bldg,0.129399
37614,CHULA VISTA 4,32.5743,-117.07,CISO-SDGE,CA,ind,0.012245
37614,CHULA VISTA 4,32.5743,-117.07,CISO-SDGE,CA,rail,0.000618
37614,CHULA VISTA 4,32.5743,-117.07,CISO-SDGE,CA,road,0.006052
37615,CHULA VISTA 5,32.5641,-117.131,CISO-SDGE,CA,bldg,0.129399
37615,CHULA VISTA 5,32.5641,-117.131,CISO-SDGE,CA,ind,0.012245
37615,CHULA VISTA 5,32.5641,-117.131,CISO-SDGE,CA,rail,0.000618
37615,CHULA VISTA 5,32.5641,-117.131,CISO-SDGE,CA,road,0.006052
37616,CALIMESA,34.0086,-116.958,CISO-SCE,CA,bldg,0.047089
37616,CALIMESA,34.0086,-116.958,CISO-SCE,CA,ind,0.006851
37616,CALIMESA,34.0086,-116.958,CISO-SCE,CA,rail,4e-06
37616,CALIMESA,34.0086,-116.958,CISO-SCE,CA,road,0.001538
37617,WINCHESTER,33.7439,-117.028,CISO-SCE,CA,bldg,0.140091
37617,WINCHESTER,33.7439,-117.028,CISO-SCE,CA,ind,0.020381
37617,WINCHESTER,33.7439,-117.028,CISO-SCE,CA,rail,1.3e-05
37617,WINCHESTER,33.7439,-117.028,CISO-SCE,CA,road,0.004576
37618,SAN DIEGO 42,32.6211,-117.091,CISO-SDGE,CA,bldg,0.082134
37618,SAN DIEGO 42,32.6211,-117.091,CISO-SDGE,CA,ind,0.007772
37618,SAN DIEGO 42,32.6211,-117.091,CISO-SDGE,CA,rail,0.000392
37618,SAN DIEGO 42,32.6211,-117.091,CISO-SDGE,CA,road,0.003841
37619,SAN DIEGO 43,32.7219,-117.111,CISO-SDGE,CA,bldg,0.082134
37619,SAN DIEGO 43,32.7219,-117.111,CISO-SDGE,CA,ind,0.007772
37619,SAN DIEGO 43,32.7219,-117.111,CISO-SDGE,CA,rail,0.000392
37619,SAN DIEGO 43,32.7219,-117.111,CISO-SDGE,CA,road,0.003841
37620,SAN YSIDRO,32.5364,-117.125,CISO-SDGE,CA,bldg,0.128957
37620,SAN YSIDRO,32.5364,-117.125,CISO-SDGE,CA,ind,0.012203
37620,SAN YSIDRO,32.5364,-117.125,CISO-SDGE,CA,rail,0.000616
37620,SAN YSIDRO,32.5364,-117.125,CISO-SDGE,CA,road,0.006031
37621,TEMECULA 3,33.4461,-117.141,CISO-SCE,CA,bldg,0.219121
37621,TEMECULA 3,33.4461,-117.141,CISO-SCE,CA,ind,0.031879
37621,TEMECULA 3,33.4461,-117.141,CISO-SCE,CA,rail,2e-05
37621,TEMECULA 3,33.4461,-117.141,CISO-SCE,CA,road,0.007158
37622,TEMECULA 4,33.5484,-116.985,CISO-SCE,CA,bldg,0.219121
37622,TEMECULA 4,33.5484,-116.985,CISO-SCE,CA,ind,0.031879
37622,TEMECULA 4,33.5484,-116.985,CISO-SCE,CA,rail,2e-05
37622,TEMECULA 4,33.5484,-116.985,CISO-SCE,CA,road,0.007158
37623,HEMET 1,33.7109,-117.075,CISO-SCE,CA,bldg,0.176466
37623,HEMET 1,33.7109,-117.075,CISO-SCE,CA,ind,0.025674
37623,HEMET 1,33.7109,-117.075,CISO-SCE,CA,rail,1.6e-05
37623,HEMET 1,33.7109,-117.075,CISO-SCE,CA,road,0.005764
37624,HEMET 2,33.6598,-117.037,CISO-SCE,CA,bldg,0.119267
37624,HEMET 2,33.6598,-117.037,CISO-SCE,CA,ind,0.017352
37624,HEMET 2,33.6598,-117.037,CISO-SCE,CA,rail,1.1e-05
37624,HEMET 2,33.6598,-117.037,CISO-SCE,CA,road,0.003896
37625,SAN DIEGO 44,32.7927,-117.08,CISO-SDGE,CA,bldg,0.107832
37625,SAN DIEGO 44,32.7927,-117.08,CISO-SDGE,CA,ind,0.010204
37625,SAN DIEGO 44,32.7927,-117.08,CISO-SDGE,CA,rail,0.000515
37625,SAN DIEGO 44,32.7927,-117.08,CISO-SDGE,CA,road,0.005043
37626,LA MESA 1,32.6905,-116.947,CISO-SDGE,CA,bldg,0.08902
37626,LA MESA 1,32.6905,-116.947,CISO-SDGE,CA,ind,0.008424
37626,LA MESA 1,32.6905,-116.947,CISO-SDGE,CA,rail,0.000425
37626,LA MESA 1,32.6905,-116.947,CISO-SDGE,CA,road,0.004163
37627,LA MESA 2,32.7231,-116.927,CISO-SDGE,CA,bldg,0.148575
37627,LA MESA 2,32.7231,-116.927,CISO-SDGE,CA,ind,0.014059
37627,LA MESA 2,32.7231,-116.927,CISO-SDGE,CA,rail,0.00071
37627,LA MESA 2,32.7231,-116.927,CISO-SDGE,CA,road,0.006948
37628,SAN JACINTO 1,33.8187,-116.937,CISO-SCE,CA,bldg,0.094614
37628,SAN JACINTO 1,33.8187,-116.937,CISO-SCE,CA,ind,0.013765
37628,SAN JACINTO 1,33.8187,-116.937,CISO-SCE,CA,rail,8e-06
37628,SAN JACINTO 1,33.8187,-116.937,CISO-SCE,CA,road,0.003091
37629,POWAY 1,32.9831,-117.023,CISO-SDGE,CA,bldg,0.112016
37629,POWAY 1,32.9831,-117.023,CISO-SDGE,CA,ind,0.0106
37629,POWAY 1,32.9831,-117.023,CISO-SDGE,CA,rail,0.000535
37629,POWAY 1,32.9831,-117.023,CISO-SDGE,CA,road,0.005239
37630,POWAY 2,32.8976,-117.022,CISO-SDGE,CA,bldg,0.188694
37630,POWAY 2,32.8976,-117.022,CISO-SDGE,CA,ind,0.017855
37630,POWAY 2,32.8976,-117.022,CISO-SDGE,CA,rail,0.000901
37630,POWAY 2,32.8976,-117.022,CISO-SDGE,CA,road,0.008825
37631,BONITA,32.6888,-117.014,CISO-SDGE,CA,bldg,0.15689
37631,BONITA,32.6888,-117.014,CISO-SDGE,CA,ind,0.014846
37631,BONITA,32.6888,-117.014,CISO-SDGE,CA,rail,0.000749
37631,BONITA,32.6888,-117.014,CISO-SDGE,CA,road,0.007337
37632,YUCAIPA 1,34.0687,-117.006,CISO-SCE,CA,bldg,0.195173
37632,YUCAIPA 1,34.0687,-117.006,CISO-SCE,CA,ind,0.028395
37632,YUCAIPA 1,34.0687,-117.006,CISO-SCE,CA,rail,1.8e-05
37632,YUCAIPA 1,34.0687,-117.006,CISO-SCE,CA,road,0.006376
37633,YUCAIPA 2,33.9566,-117.058,CISO-SCE,CA,bldg,0.159034
37633,YUCAIPA 2,33.9566,-117.058,CISO-SCE,CA,ind,0.023137
37633,YUCAIPA 2,33.9566,-117.058,CISO-SCE,CA,rail,1.4e-05
37633,YUCAIPA 2,33.9566,-117.058,CISO-SCE,CA,road,0.005195
37634,SAN DIEGO 45,32.6091,-116.916,CISO-SDGE,CA,bldg,0.125034
37634,SAN DIEGO 45,32.6091,-116.916,CISO-SDGE,CA,ind,0.011832
37634,SAN DIEGO 45,32.6091,-116.916,CISO-SDGE,CA,rail,0.000597
37634,SAN DIEGO 45,32.6091,-116.916,CISO-SDGE,CA,road,0.005847
37635,SAN DIEGO 46,32.562,-116.927,CISO-SDGE,CA,bldg,0.124254
37635,SAN DIEGO 46,32.562,-116.927,CISO-SDGE,CA,ind,0.011758
37635,SAN DIEGO 46,32.562,-116.927,CISO-SDGE,CA,rail,0.000594
37635,SAN DIEGO 46,32.562,-116.927,CISO-SDGE,CA,road,0.005811
37636,SAN DIEGO 47,32.549,-117.04,CISO-SDGE,CA,bldg,0.124254
37636,SAN DIEGO 47,32.549,-117.04,CISO-SDGE,CA,ind,0.011758
37636,SAN DIEGO 47,32.549,-117.04,CISO-SDGE,CA,rail,0.000594
37636,SAN DIEGO 47,32.549,-117.04,CISO-SDGE,CA,road,0.005811
37637,LA MESA 3,32.823,-116.908,CISO-SDGE,CA,bldg,0.074313
37637,LA MESA 3,32.823,-116.908,CISO-SDGE,CA,ind,0.007032
37637,LA MESA 3,32.823,-116.908,CISO-SDGE,CA,rail,0.000355
37637,LA MESA 3,32.823,-116.908,CISO-SDGE,CA,road,0.003475
37638,SPRING VALLEY 1,32.7538,-116.926,CISO-SDGE,CA,bldg,0.136492
37638,SPRING VALLEY 1,32.7538,-116.926,CISO-SDGE,CA,ind,0.012916
37638,SPRING VALLEY 1,32.7538,-116.926,CISO-SDGE,CA,rail,0.000652
37638,SPRING VALLEY 1,32.7538,-116.926,CISO-SDGE,CA,road,0.006383
37639,SPRING VALLEY 2,32.7923,-117.0,CISO-SDGE,CA,bldg,0.136492
37639,SPRING VALLEY 2,32.7923,-117.0,CISO-SDGE,CA,ind,0.012916
37639,SPRING VALLEY 2,32.7923,-117.0,CISO-SDGE,CA,rail,0.000652
37639,SPRING VALLEY 2,32.7923,-117.0,CISO-SDGE,CA,road,0.006383
37640,SANTEE 1,32.7973,-117.036,CISO-SDGE,CA,bldg,0.12493
37640,SANTEE 1,32.7973,-117.036,CISO-SDGE,CA,ind,0.011822
37640,SANTEE 1,32.7973,-117.036,CISO-SDGE,CA,rail,0.000597
37640,SANTEE 1,32.7973,-117.036,CISO-SDGE,CA,road,0.005843
37641,SANTEE 2,32.8469,-117.047,CISO-SDGE,CA,bldg,0.12493
37641,SANTEE 2,32.8469,-117.047,CISO-SDGE,CA,ind,0.011822
37641,SANTEE 2,32.8469,-117.047,CISO-SDGE,CA,rail,0.000597
37641,SANTEE 2,32.8469,-117.047,CISO-SDGE,CA,road,0.005843
37642,BEAUMONT 1,33.9222,-117.053,CISO-SCE,CA,bldg,0.131795
37642,BEAUMONT 1,33.9222,-117.053,CISO-SCE,CA,ind,0.019174
37642,BEAUMONT 1,33.9222,-117.053,CISO-SCE,CA,rail,1.2e-05
37642,BEAUMONT 1,33.9222,-117.053,CISO-SCE,CA,road,0.004305
37643,BEAUMONT 2,33.9164,-116.893,CISO-SCE,CA,bldg,0.147211
37643,BEAUMONT 2,33.9164,-116.893,CISO-SCE,CA,ind,0.021417
37643,BEAUMONT 2,33.9164,-116.893,CISO-SCE,CA,rail,1.3e-05
37643,BEAUMONT 2,33.9164,-116.893,CISO-SCE,CA,road,0.004809
37644,CHULA VISTA 6,32.5538,-117.025,CISO-SDGE,CA,bldg,0.164633
37644,CHULA VISTA 6,32.5538,-117.025,CISO-SDGE,CA,ind,0.015579
37644,CHULA VISTA 6,32.5538,-117.025,CISO-SDGE,CA,rail,0.000786
37644,CHULA VISTA 6,32.5538,-117.025,CISO-SDGE,CA,road,0.007699
37645,CHULA VISTA 7,32.6799,-116.909,CISO-SDGE,CA,bldg,0.095802
37645,CHULA VISTA 7,32.6799,-116.909,CISO-SDGE,CA,ind,0.009065
37645,CHULA VISTA 7,32.6799,-116.909,CISO-SDGE,CA,rail,0.000458
37645,CHULA VISTA 7,32.6799,-116.909,CISO-SDGE,CA,road,0.00448
37646,ESCONDIDO 6,33.0739,-117.055,CISO-SDGE,CA,bldg,0.125995
37646,ESCONDIDO 6,33.0739,-117.055,CISO-SDGE,CA,ind,0.011923
37646,ESCONDIDO 6,33.0739,-117.055,CISO-SDGE,CA,rail,0.000602
37646,ESCONDIDO 6,33.0739,-117.055,CISO-SDGE,CA,road,0.005892
37647,ESCONDIDO 7,33.1746,-117.011,CISO-SDGE,CA,bldg,0.127034
37647,ESCONDIDO 7,33.1746,-117.011,CISO-SDGE,CA,ind,0.012021
37647,ESCONDIDO 7,33.1746,-117.011,CISO-SDGE,CA,rail,0.000607
37647,ESCONDIDO 7,33.1746,-117.011,CISO-SDGE,CA,road,0.005941
37648,EL CAJON 1,32.7647,-117.052,CISO-SDGE,CA,bldg,0.135089
37648,EL CAJON 1,32.7647,-117.052,CISO-SDGE,CA,ind,0.012783
37648,EL CAJON 1,32.7647,-117.052,CISO-SDGE,CA,rail,0.000645
37648,EL CAJON 1,32.7647,-117.052,CISO-SDGE,CA,road,0.006318
37649,EL CAJON 2,32.8365,-117.045,CISO-SDGE,CA,bldg,0.135089
37649,EL CAJON 2,32.8365,-117.045,CISO-SDGE,CA,ind,0.012783
37649,EL CAJON 2,32.8365,-117.045,CISO-SDGE,CA,rail,0.000645
37649,EL CAJON 2,32.8365,-117.045,CISO-SDGE,CA,road,0.006318
37650,BARSTOW,34.9763,-116.884,CISO-SCE,CA,bldg,0.204981
37650,BARSTOW,34.9763,-116.884,CISO-SCE,CA,ind,0.029822
37650,BARSTOW,34.9763,-116.884,CISO-SCE,CA,rail,1.8e-05
37650,BARSTOW,34.9763,-116.884,CISO-SCE,CA,road,0.006696
37651,HEMET 3,33.6727,-116.946,CISO-SCE,CA,bldg,0.101432
37651,HEMET 3,33.6727,-116.946,CISO-SCE,CA,ind,0.014757
37651,HEMET 3,33.6727,-116.946,CISO-SCE,CA,rail,9e-06
37651,HEMET 3,33.6727,-116.946,CISO-SCE,CA,road,0.003313
37652,HEMET 4,33.7651,-116.953,CISO-SCE,CA,bldg,0.101432
37652,HEMET 4,33.7651,-116.953,CISO-SCE,CA,ind,0.014757
37652,HEMET 4,33.7651,-116.953,CISO-SCE,CA,rail,9e-06
37652,HEMET 4,33.7651,-116.953,CISO-SCE,CA,road,0.003313
37653,CHULA VISTA 8,32.5389,-117.073,CISO-SDGE,CA,bldg,0.115342
37653,CHULA VISTA 8,32.5389,-117.073,CISO-SDGE,CA,ind,0.010914
37653,CHULA VISTA 8,32.5389,-117.073,CISO-SDGE,CA,rail,0.000551
37653,CHULA VISTA 8,32.5389,-117.073,CISO-SDGE,CA,road,0.005394
37654,CHULA VISTA 9,32.6254,-116.939,CISO-SDGE,CA,bldg,0.072261
37654,CHULA VISTA 9,32.6254,-116.939,CISO-SDGE,CA,ind,0.006838
37654,CHULA VISTA 9,32.6254,-116.939,CISO-SDGE,CA,rail,0.000345
37654,CHULA VISTA 9,32.6254,-116.939,CISO-SDGE,CA,road,0.003379
37655,SAN JACINTO 2,33.7511,-116.985,CISO-SCE,CA,bldg,0.09139
37655,SAN JACINTO 2,33.7511,-116.985,CISO-SCE,CA,ind,0.013296
37655,SAN JACINTO 2,33.7511,-116.985,CISO-SCE,CA,rail,8e-06
37655,SAN JACINTO 2,33.7511,-116.985,CISO-SCE,CA,road,0.002985
37656,SAN JACINTO 3,33.8452,-116.921,CISO-SCE,CA,bldg,0.09139
37656,SAN JACINTO 3,33.8452,-116.921,CISO-SCE,CA,ind,0.013296
37656,SAN JACINTO 3,33.8452,-116.921,CISO-SCE,CA,rail,8e-06
37656,SAN JACINTO 3,33.8452,-116.921,CISO-SCE,CA,road,0.002985
37657,LUCERNE VALLEY,34.6052,-116.882,CISO-SCE,CA,bldg,0.039028
37657,LUCERNE VALLEY,34.6052,-116.882,CISO-SCE,CA,ind,0.005678
37657,LUCERNE VALLEY,34.6052,-116.882,CISO-SCE,CA,rail,4e-06
37657,LUCERNE VALLEY,34.6052,-116.882,CISO-SCE,CA,road,0.001275
37658,LAKESIDE 1,32.8654,-116.936,CISO-SDGE,CA,bldg,0.103311
37658,LAKESIDE 1,32.8654,-116.936,CISO-SDGE,CA,ind,0.009776
37658,LAKESIDE 1,32.8654,-116.936,CISO-SDGE,CA,rail,0.000494
37658,LAKESIDE 1,32.8654,-116.936,CISO-SDGE,CA,road,0.004831
37659,LAKESIDE 2,32.892,-116.907,CISO-SDGE,CA,bldg,0.096529
37659,LAKESIDE 2,32.892,-116.907,CISO-SDGE,CA,ind,0.009134
37659,LAKESIDE 2,32.892,-116.907,CISO-SDGE,CA,rail,0.000461
37659,LAKESIDE 2,32.892,-116.907,CISO-SDGE,CA,road,0.004514
37660,HEMET 5,33.5711,-116.876,CISO-SCE,CA,bldg,0.158261
37660,HEMET 5,33.5711,-116.876,CISO-SCE,CA,ind,0.023025
37660,HEMET 5,33.5711,-116.876,CISO-SCE,CA,rail,1.4e-05
37660,HEMET 5,33.5711,-116.876,CISO-SCE,CA,road,0.00517
37661,HEMET 6,33.7264,-116.938,CISO-SCE,CA,bldg,0.135221
37661,HEMET 6,33.7264,-116.938,CISO-SCE,CA,ind,0.019673
37661,HEMET 6,33.7264,-116.938,CISO-SCE,CA,rail,1.2e-05
37661,HEMET 6,33.7264,-116.938,CISO-SCE,CA,road,0.004417
37662,EL CAJON 3,32.8161,-116.854,CISO-SDGE,CA,bldg,0.141221
37662,EL CAJON 3,32.8161,-116.854,CISO-SDGE,CA,ind,0.013363
37662,EL CAJON 3,32.8161,-116.854,CISO-SDGE,CA,rail,0.000675
37662,EL CAJON 3,32.8161,-116.854,CISO-SDGE,CA,road,0.006604
37663,EL CAJON 4,32.7444,-116.923,CISO-SDGE,CA,bldg,0.099621
37663,EL CAJON 4,32.7444,-116.923,CISO-SDGE,CA,ind,0.009427
37663,EL CAJON 4,32.7444,-116.923,CISO-SDGE,CA,rail,0.000476
37663,EL CAJON 4,32.7444,-116.923,CISO-SDGE,CA,road,0.004659
37664,EL CAJON 5,32.9052,-116.873,CISO-SDGE,CA,bldg,0.152161
37664,EL CAJON 5,32.9052,-116.873,CISO-SDGE,CA,ind,0.014398
37664,EL CAJON 5,32.9052,-116.873,CISO-SDGE,CA,rail,0.000727
37664,EL CAJON 5,32.9052,-116.873,CISO-SDGE,CA,road,0.007116
37665,EL CAJON 6,32.9209,-116.776,CISO-SDGE,CA,bldg,0.168244
37665,EL CAJON 6,32.9209,-116.776,CISO-SDGE,CA,ind,0.01592
37665,EL CAJON 6,32.9209,-116.776,CISO-SDGE,CA,rail,0.000804
37665,EL CAJON 6,32.9209,-116.776,CISO-SDGE,CA,road,0.007868
37666,RAMONA 1,33.0004,-116.949,CISO-SDGE,CA,bldg,0.08281
37666,RAMONA 1,33.0004,-116.949,CISO-SDGE,CA,ind,0.007836
37666,RAMONA 1,33.0004,-116.949,CISO-SDGE,CA,rail,0.000396
37666,RAMONA 1,33.0004,-116.949,CISO-SDGE,CA,road,0.003873
37667,RAMONA 2,32.9954,-116.891,CISO-SDGE,CA,bldg,0.08863
37667,RAMONA 2,32.9954,-116.891,CISO-SDGE,CA,ind,0.008387
37667,RAMONA 2,32.9954,-116.891,CISO-SDGE,CA,rail,0.000423
37667,RAMONA 2,32.9954,-116.891,CISO-SDGE,CA,road,0.004145
37668,BANNING 1,34.0264,-116.86,CISO-SCE,CA,bldg,0.109359
37668,BANNING 1,34.0264,-116.86,CISO-SCE,CA,ind,0.01591
37668,BANNING 1,34.0264,-116.86,CISO-SCE,CA,rail,1e-05
37668,BANNING 1,34.0264,-116.86,CISO-SCE,CA,road,0.003572
37669,BANNING 2,34.0129,-116.825,CISO-SCE,CA,bldg,0.095622
37669,BANNING 2,34.0129,-116.825,CISO-SCE,CA,ind,0.013912
37669,BANNING 2,34.0129,-116.825,CISO-SCE,CA,rail,9e-06
37669,BANNING 2,34.0129,-116.825,CISO-SCE,CA,road,0.003124
37670,BIG BEAR CITY,34.3118,-116.797,CISO-SCE,CA,bldg,0.080575
37670,BIG BEAR CITY,34.3118,-116.797,CISO-SCE,CA,ind,0.011722
37670,BIG BEAR CITY,34.3118,-116.797,CISO-SCE,CA,rail,7e-06
37670,BIG BEAR CITY,34.3118,-116.797,CISO-SCE,CA,road,0.002632
37671,JAMUL,32.7332,-116.79,CISO-SDGE,CA,bldg,0.044978
37671,JAMUL,32.7332,-116.79,CISO-SDGE,CA,ind,0.004256
37671,JAMUL,32.7332,-116.79,CISO-SDGE,CA,rail,0.000215
37671,JAMUL,32.7332,-116.79,CISO-SDGE,CA,road,0.002103
37672,ALPINE 1,32.8721,-116.737,CISO-SDGE,CA,bldg,0.091748
37672,ALPINE 1,32.8721,-116.737,CISO-SDGE,CA,ind,0.008682
37672,ALPINE 1,32.8721,-116.737,CISO-SDGE,CA,rail,0.000438
37672,ALPINE 1,32.8721,-116.737,CISO-SDGE,CA,road,0.004291
37673,FORT IRWIN,35.1807,-116.651,CISO-SCE,CA,bldg,0.074025
37673,FORT IRWIN,35.1807,-116.651,CISO-SCE,CA,ind,0.01077
37673,FORT IRWIN,35.1807,-116.651,CISO-SCE,CA,rail,7e-06
37673,FORT IRWIN,35.1807,-116.651,CISO-SCE,CA,road,0.002418
37674,ANZA,33.43,-116.561,CISO-SCE,CA,bldg,0.040405
37674,ANZA,33.43,-116.561,CISO-SCE,CA,ind,0.005878
37674,ANZA,33.43,-116.561,CISO-SCE,CA,rail,4e-06
37674,ANZA,33.43,-116.561,CISO-SCE,CA,road,0.00132
37675,PALM SPRINGS 1,33.8203,-116.655,CISO-SCE,CA,bldg,0.102877
37675,PALM SPRINGS 1,33.8203,-116.655,CISO-SCE,CA,ind,0.014967
37675,PALM SPRINGS 1,33.8203,-116.655,CISO-SCE,CA,rail,9e-06
37675,PALM SPRINGS 1,33.8203,-116.655,CISO-SCE,CA,road,0.003361
37676,PALM SPRINGS 2,33.9086,-116.602,CISO-SCE,CA,bldg,0.086621
37676,PALM SPRINGS 2,33.9086,-116.602,CISO-SCE,CA,ind,0.012602
37676,PALM SPRINGS 2,33.9086,-116.602,CISO-SCE,CA,rail,8e-06
37676,PALM SPRINGS 2,33.9086,-116.602,CISO-SCE,CA,road,0.00283
37677,DESERT HOT SPRINGS 1,33.8616,-116.507,CISO-SCE,CA,bldg,0.104959
37677,DESERT HOT SPRINGS 1,33.8616,-116.507,CISO-SCE,CA,ind,0.01527
37677,DESERT HOT SPRINGS 1,33.8616,-116.507,CISO-SCE,CA,rail,9e-06
37677,DESERT HOT SPRINGS 1,33.8616,-116.507,CISO-SCE,CA,road,0.003429
37678,DESERT HOT SPRINGS 2,34.0342,-116.555,CISO-SCE,CA,bldg,0.126656
37678,DESERT HOT SPRINGS 2,34.0342,-116.555,CISO-SCE,CA,ind,0.018427
37678,DESERT HOT SPRINGS 2,34.0342,-116.555,CISO-SCE,CA,rail,1.1e-05
37678,DESERT HOT SPRINGS 2,34.0342,-116.555,CISO-SCE,CA,road,0.004137
37679,PALM SPRINGS 3,33.6556,-116.466,CISO-SCE,CA,bldg,0.117185
37679,PALM SPRINGS 3,33.6556,-116.466,CISO-SCE,CA,ind,0.017049
37679,PALM SPRINGS 3,33.6556,-116.466,CISO-SCE,CA,rail,1.1e-05
37679,PALM SPRINGS 3,33.6556,-116.466,CISO-SCE,CA,road,0.003828
37680,CATHEDRAL CITY 1,33.8237,-116.516,CISO-SCE,CA,bldg,0.154634
37680,CATHEDRAL CITY 1,33.8237,-116.516,CISO-SCE,CA,ind,0.022497
37680,CATHEDRAL CITY 1,33.8237,-116.516,CISO-SCE,CA,rail,1.4e-05
37680,CATHEDRAL CITY 1,33.8237,-116.516,CISO-SCE,CA,road,0.005051
37681,CATHEDRAL CITY 2,33.7378,-116.524,CISO-SCE,CA,bldg,0.154634
37681,CATHEDRAL CITY 2,33.7378,-116.524,CISO-SCE,CA,ind,0.022497
37681,CATHEDRAL CITY 2,33.7378,-116.524,CISO-SCE,CA,rail,1.4e-05
37681,CATHEDRAL CITY 2,33.7378,-116.524,CISO-SCE,CA,road,0.005051
37682,YUCCA VALLEY 1,34.2055,-116.371,CISO-SCE,CA,bldg,0.075873
37682,YUCCA VALLEY 1,34.2055,-116.371,CISO-SCE,CA,ind,0.011039
37682,YUCCA VALLEY 1,34.2055,-116.371,CISO-SCE,CA,rail,7e-06
37682,YUCCA VALLEY 1,34.2055,-116.371,CISO-SCE,CA,road,0.002478
37683,YUCCA VALLEY 2,34.2433,-116.521,CISO-SCE,CA,bldg,0.079332
37683,YUCCA VALLEY 2,34.2433,-116.521,CISO-SCE,CA,ind,0.011542
37683,YUCCA VALLEY 2,34.2433,-116.521,CISO-SCE,CA,rail,7e-06
37683,YUCCA VALLEY 2,34.2433,-116.521,CISO-SCE,CA,road,0.002591
37684,RANCHO MIRAGE,33.6858,-116.504,CISO-SCE,CA,bldg,0.114162
37684,RANCHO MIRAGE,33.6858,-116.504,CISO-SCE,CA,ind,0.016609
37684,RANCHO MIRAGE,33.6858,-116.504,CISO-SCE,CA,rail,1e-05
37684,RANCHO MIRAGE,33.6858,-116.504,CISO-SCE,CA,road,0.003729
37685,PALM DESERT 1,33.677,-116.424,CISO-SCE,CA,bldg,0.124271
37685,PALM DESERT 1,33.677,-116.424,CISO-SCE,CA,ind,0.01808
37685,PALM DESERT 1,33.677,-116.424,CISO-SCE,CA,rail,1.1e-05
37685,PALM DESERT 1,33.677,-116.424,CISO-SCE,CA,road,0.004059
37686,PALM DESERT 2,33.6512,-116.337,IID,CA,bldg,0.140602
37686,PALM DESERT 2,33.6512,-116.337,IID,CA,ind,0.003336
37686,PALM DESERT 2,33.6512,-116.337,IID,CA,road,0.001764
37687,PALM DESERT 3,33.773,-116.319,IID,CA,bldg,0.215133
37687,PALM DESERT 3,33.773,-116.319,IID,CA,ind,0.005105
37687,PALM DESERT 3,33.773,-116.319,IID,CA,road,0.002698
37688,DESERT HOT SPRINGS 3,33.8188,-116.315,IID,CA,bldg,0.145128
37688,DESERT HOT SPRINGS 3,33.8188,-116.315,IID,CA,ind,0.003444
37688,DESERT HOT SPRINGS 3,33.8188,-116.315,IID,CA,road,0.00182
37689,JOSHUA TREE,34.0812,-116.266,CISO-SCE,CA,bldg,0.058307
37689,JOSHUA TREE,34.0812,-116.266,CISO-SCE,CA,ind,0.008483
37689,JOSHUA TREE,34.0812,-116.266,CISO-SCE,CA,rail,5e-06
37689,JOSHUA TREE,34.0812,-116.266,CISO-SCE,CA,road,0.001905
37690,LA QUINTA 1,33.5538,-116.225,IID,CA,bldg,0.165003
37690,LA QUINTA 1,33.5538,-116.225,IID,CA,ind,0.003916
37690,LA QUINTA 1,33.5538,-116.225,IID,CA,road,0.00207
37691,LA QUINTA 2,33.6974,-116.292,IID,CA,bldg,0.165003
37691,LA QUINTA 2,33.6974,-116.292,IID,CA,ind,0.003916
37691,LA QUINTA 2,33.6974,-116.292,IID,CA,road,0.00207
37692,INDIO 1,33.8236,-116.267,IID,CA,bldg,0.113347
37692,INDIO 1,33.8236,-116.267,IID,CA,ind,0.00269
37692,INDIO 1,33.8236,-116.267,IID,CA,road,0.001422
37693,INDIO 2,33.7737,-116.135,IID,CA,bldg,0.273725
37693,INDIO 2,33.7737,-116.135,IID,CA,ind,0.006495
37693,INDIO 2,33.7737,-116.135,IID,CA,road,0.003433
37694,INDIO 3,33.6303,-116.174,IID,CA,bldg,0.273725
37694,INDIO 3,33.6303,-116.174,IID,CA,ind,0.006495
37694,INDIO 3,33.6303,-116.174,IID,CA,road,0.003433
37695,COACHELLA 1,33.6987,-116.218,IID,CA,bldg,0.181877
37695,COACHELLA 1,33.6987,-116.218,IID,CA,ind,0.004316
37695,COACHELLA 1,33.6987,-116.218,IID,CA,road,0.002281
37696,COACHELLA 2,33.7054,-116.256,IID,CA,bldg,0.295273
37696,COACHELLA 2,33.7054,-116.256,IID,CA,ind,0.007007
37696,COACHELLA 2,33.7054,-116.256,IID,CA,road,0.003704
37697,BORREGO SPRINGS,33.0926,-116.146,IID,CA,bldg,0.034388
37697,BORREGO SPRINGS,33.0926,-116.146,IID,CA,ind,0.000816
37697,BORREGO SPRINGS,33.0926,-116.146,IID,CA,road,0.000431
37698,THERMAL,33.4073,-116.047,IID,CA,bldg,0.175334
37698,THERMAL,33.4073,-116.047,IID,CA,ind,0.004161
37698,THERMAL,33.4073,-116.047,IID,CA,road,0.002199
37699,TWENTYNINE PALMS 1,34.2672,-116.022,CISO-SCE,CA,bldg,0.023309
37699,TWENTYNINE PALMS 1,34.2672,-116.022,CISO-SCE,CA,ind,0.003391
37699,TWENTYNINE PALMS 1,34.2672,-116.022,CISO-SCE,CA,rail,2e-06
37699,TWENTYNINE PALMS 1,34.2672,-116.022,CISO-SCE,CA,road,0.000761
37700,MECCA 1,33.5912,-115.982,IID,CA,bldg,0.113052
37700,MECCA 1,33.5912,-115.982,IID,CA,ind,0.002683
37700,MECCA 1,33.5912,-115.982,IID,CA,road,0.001418
37701,IMPERIAL 1,32.9338,-115.635,IID,CA,bldg,0.207262
37701,IMPERIAL 1,32.9338,-115.635,IID,CA,ind,0.004918
37701,IMPERIAL 1,32.9338,-115.635,IID,CA,road,0.0026
37702,TWENTYNINE PALMS 2,34.2073,-115.658,CISO-SCE,CA,bldg,0.144659
37702,TWENTYNINE PALMS 2,34.2073,-115.658,CISO-SCE,CA,ind,0.021046
37702,TWENTYNINE PALMS 2,34.2073,-115.658,CISO-SCE,CA,rail,1.3e-05
37702,TWENTYNINE PALMS 2,34.2073,-115.658,CISO-SCE,CA,road,0.004725
37703,EL CENTRO 1,32.7681,-115.641,IID,CA,bldg,0.216117
37703,EL CENTRO 1,32.7681,-115.641,IID,CA,ind,0.005128
37703,EL CENTRO 1,32.7681,-115.641,IID,CA,road,0.002711
37704,EL CENTRO 2,32.7651,-115.593,IID,CA,bldg,0.212673
37704,EL CENTRO 2,32.7651,-115.593,IID,CA,ind,0.005046
37704,EL CENTRO 2,32.7651,-115.593,IID,CA,road,0.002668
37705,CALIPATRIA 1,33.2618,-115.52,IID,CA,bldg,0.092341
37705,CALIPATRIA 1,33.2618,-115.52,IID,CA,ind,0.002191
37705,CALIPATRIA 1,33.2618,-115.52,IID,CA,road,0.001158
37706,CALEXICO 1,32.7157,-115.482,IID,CA,bldg,0.173022
37706,CALEXICO 1,32.7157,-115.482,IID,CA,ind,0.004105
37706,CALEXICO 1,32.7157,-115.482,IID,CA,road,0.00217
37707,CALEXICO 2,32.5951,-115.452,IID,CA,bldg,0.173022
37707,CALEXICO 2,32.5951,-115.452,IID,CA,ind,0.004105
37707,CALEXICO 2,32.5951,-115.452,IID,CA,road,0.00217
37708,HEBER 1,32.644,-115.772,IID,CA,bldg,0.064938
37708,HEBER 1,32.644,-115.772,IID,CA,ind,0.001541
37708,HEBER 1,32.644,-115.772,IID,CA,road,0.000815
37709,BRAWLEY 1,32.9602,-115.352,IID,CA,bldg,0.116151
37709,BRAWLEY 1,32.9602,-115.352,IID,CA,ind,0.002756
37709,BRAWLEY 1,32.9602,-115.352,IID,CA,road,0.001457
37710,BRAWLEY 2,32.9459,-115.317,IID,CA,bldg,0.116151
37710,BRAWLEY 2,32.9459,-115.317,IID,CA,ind,0.002756
37710,BRAWLEY 2,32.9459,-115.317,IID,CA,road,0.001457
37711,HOLTVILLE 1,32.7846,-115.084,IID,CA,bldg,0.101737
37711,HOLTVILLE 1,32.7846,-115.084,IID,CA,ind,0.002414
37711,HOLTVILLE 1,32.7846,-115.084,IID,CA,road,0.001276
37712,BLYTHE 1,33.7528,-114.623,WALC,CA,bldg,0.242219
37712,BLYTHE 1,33.7528,-114.623,WALC,CA,ind,1.387274
37712,BLYTHE 1,33.7528,-114.623,WALC,CA,rail,0.001228
37712,BLYTHE 1,33.7528,-114.623,WALC,CA,road,0.001691
37713,NEEDLES,34.9721,-114.698,WALC,CA,bldg,0.050173
37713,NEEDLES,34.9721,-114.698,WALC,CA,ind,0.287359
37713,NEEDLES,34.9721,-114.698,WALC,CA,rail,0.000254
37713,NEEDLES,34.9721,-114.698,WALC,CA,road,0.00035
37714,HINKLEY 1,35.0111,-117.324,CISO-SCE,CA,bldg,0.010244
37714,HINKLEY 1,35.0111,-117.324,CISO-SCE,CA,ind,0.00149
37714,HINKLEY 1,35.0111,-117.324,CISO-SCE,CA,rail,1e-06
37714,HINKLEY 1,35.0111,-117.324,CISO-SCE,CA,road,0.000335
37717,SAN DIEGO 48,32.5624,-116.944,CISO-SDGE,CA,bldg,0.005223
37717,SAN DIEGO 48,32.5624,-116.944,CISO-SDGE,CA,ind,0.000494
37717,SAN DIEGO 48,32.5624,-116.944,CISO-SDGE,CA,rail,2.5e-05
37717,SAN DIEGO 48,32.5624,-116.944,CISO-SDGE,CA,road,0.000244
37719,DESERT CENTER,33.8231,-115.394,CISO-SCE,CA,bldg,0.001343
37719,DESERT CENTER,33.8231,-115.394,CISO-SCE,CA,ind,0.000195
37719,DESERT CENTER,33.8231,-115.394,CISO-SCE,CA,rail,0.0
37719,DESERT CENTER,33.8231,-115.394,CISO-SCE,CA,road,4.4e-05
37722,CAMPO,32.7056,-116.343,CISO-SDGE,CA,bldg,0.036429
37722,CAMPO,32.7056,-116.343,CISO-SDGE,CA,ind,0.003447
37722,CAMPO,32.7056,-116.343,CISO-SDGE,CA,rail,0.000174
37722,CAMPO,32.7056,-116.343,CISO-SDGE,CA,road,0.001704
37723,NIPTON 1,35.5561,-115.469,CISO-SCE,CA,bldg,0.000537
37723,NIPTON 1,35.5561,-115.469,CISO-SCE,CA,ind,7.8e-05
37723,NIPTON 1,35.5561,-115.469,CISO-SCE,CA,rail,0.0
37723,NIPTON 1,35.5561,-115.469,CISO-SCE,CA,road,1.8e-05
37724,DESERT HOT SPRINGS 4,33.9342,-116.571,CISO-SCE,CA,bldg,0.005206
37724,DESERT HOT SPRINGS 4,33.9342,-116.571,CISO-SCE,CA,ind,0.000758
37724,DESERT HOT SPRINGS 4,33.9342,-116.571,CISO-SCE,CA,rail,0.0
37724,DESERT HOT SPRINGS 4,33.9342,-116.571,CISO-SCE,CA,road,0.00017
37732,PALA,33.3594,-117.111,CISO-SDGE,CA,bldg,0.019254
37732,PALA,33.3594,-117.111,CISO-SDGE,CA,ind,0.001822
37732,PALA,33.3594,-117.111,CISO-SDGE,CA,rail,9.2e-05
37732,PALA,33.3594,-117.111,CISO-SDGE,CA,road,0.0009
37733,TRONA,35.765,-117.383,CISO-SCE,CA,bldg,0.011755
37733,TRONA,35.765,-117.383,CISO-SCE,CA,ind,0.00171
37733,TRONA,35.765,-117.383,CISO-SCE,CA,rail,1e-06
37733,TRONA,35.765,-117.383,CISO-SCE,CA,road,0.000384
37734,IRVINE 9,33.613,-117.822,CISO-SCE,CA,bldg,0.083195
37734,IRVINE 9,33.613,-117.822,CISO-SCE,CA,ind,0.012104
37734,IRVINE 9,33.613,-117.822,CISO-SCE,CA,rail,7e-06
37734,IRVINE 9,33.613,-117.822,CISO-SCE,CA,road,0.002718
37737,CALIPATRIA 3,33.1582,-115.639,IID,CA,bldg,0.03488
37737,CALIPATRIA 3,33.1582,-115.639,IID,CA,ind,0.000827
37737,CALIPATRIA 3,33.1582,-115.639,IID,CA,road,0.000438
37738,COLTON 3,34.0414,-117.36,CISO-SCE,CA,bldg,0.079231
37738,COLTON 3,34.0414,-117.36,CISO-SCE,CA,ind,0.011527
37738,COLTON 3,34.0414,-117.36,CISO-SCE,CA,rail,7e-06
37738,COLTON 3,34.0414,-117.36,CISO-SCE,CA,road,0.002588
37753,BLYTHE 2,33.6157,-114.686,CISO-SCE,CA,bldg,0.001411
37753,BLYTHE 2,33.6157,-114.686,CISO-SCE,CA,ind,0.000205
37753,BLYTHE 2,33.6157,-114.686,CISO-SCE,CA,rail,0.0
37753,BLYTHE 2,33.6157,-114.686,CISO-SCE,CA,road,4.6e-05
37755,IMPERIAL 2,32.9038,-115.512,IID,CA,phase1,0.009826
37767,ONTARIO 9,34.0454,-117.54,CISO-SCE,CA,phase1,0.074882
37805,INCLINE VILLAGE,39.194,-119.835,NEVP,NV,bldg,0.097771
37805,INCLINE VILLAGE,39.194,-119.835,NEVP,NV,ind,0.040685
37805,INCLINE VILLAGE,39.194,-119.835,NEVP,NV,rail,2.6e-05
37805,INCLINE VILLAGE,39.194,-119.835,NEVP,NV,road,0.00076
37806,RENO 1,39.542,-119.971,NEVP,NV,bldg,0.170097
37806,RENO 1,39.542,-119.971,NEVP,NV,ind,0.070781
37806,RENO 1,39.542,-119.971,NEVP,NV,rail,4.5e-05
37806,RENO 1,39.542,-119.971,NEVP,NV,road,0.001323
37807,RENO 2,39.5364,-119.978,NEVP,NV,bldg,0.170097
37807,RENO 2,39.5364,-119.978,NEVP,NV,ind,0.070781
37807,RENO 2,39.5364,-119.978,NEVP,NV,rail,4.5e-05
37807,RENO 2,39.5364,-119.978,NEVP,NV,road,0.001323
37808,RENO 3,39.7699,-120.003,NEVP,NV,bldg,0.12647
37808,RENO 3,39.7699,-120.003,NEVP,NV,ind,0.000432
37808,RENO 3,39.7699,-120.003,NEVP,NV,rail,3.4e-05
37808,RENO 3,39.7699,-120.003,NEVP,NV,road,0.000983
37809,STATELINE,38.8819,-119.834,CISO-PGAE,NV,bldg,0.026389
37809,STATELINE,38.8819,-119.834,CISO-PGAE,NV,ind,7.3e-05
37809,STATELINE,38.8819,-119.834,CISO-PGAE,NV,rail,0.000181
37809,STATELINE,38.8819,-119.834,CISO-PGAE,NV,road,0.001083
37810,RENO 4,39.3063,-119.949,NEVP,NV,bldg,0.135615
37810,RENO 4,39.3063,-119.949,NEVP,NV,ind,0.056433
37810,RENO 4,39.3063,-119.949,NEVP,NV,rail,3.6e-05
37810,RENO 4,39.3063,-119.949,NEVP,NV,road,0.001055
37811,RENO 5,39.3003,-119.925,NEVP,NV,bldg,0.135615
37811,RENO 5,39.3003,-119.925,NEVP,NV,ind,0.056433
37811,RENO 5,39.3003,-119.925,NEVP,NV,rail,3.6e-05
37811,RENO 5,39.3003,-119.925,NEVP,NV,road,0.001055
37812,CARSON CITY 1,39.1045,-119.87,NEVP,NV,bldg,0.060976
37812,CARSON CITY 1,39.1045,-119.87,NEVP,NV,ind,0.025373
37812,CARSON CITY 1,39.1045,-119.87,NEVP,NV,rail,1.6e-05
37812,CARSON CITY 1,39.1045,-119.87,NEVP,NV,road,0.000474
37813,RENO 6,39.4774,-119.855,NEVP,NV,bldg,0.091012
37813,RENO 6,39.4774,-119.855,NEVP,NV,ind,0.037873
37813,RENO 6,39.4774,-119.855,NEVP,NV,rail,2.4e-05
37813,RENO 6,39.4774,-119.855,NEVP,NV,road,0.000708
37814,RENO 7,39.4851,-119.741,NEVP,NV,bldg,0.151229
37814,RENO 7,39.4851,-119.741,NEVP,NV,ind,0.062929
37814,RENO 7,39.4851,-119.741,NEVP,NV,rail,4e-05
37814,RENO 7,39.4851,-119.741,NEVP,NV,road,0.001176
37815,RENO 8,39.494,-119.747,NEVP,NV,bldg,0.151229
37815,RENO 8,39.494,-119.747,NEVP,NV,ind,0.062929
37815,RENO 8,39.494,-119.747,NEVP,NV,rail,4e-05
37815,RENO 8,39.494,-119.747,NEVP,NV,road,0.001176
37816,CARSON CITY 2,39.0757,-119.743,NEVP,NV,bldg,0.105326
37816,CARSON CITY 2,39.0757,-119.743,NEVP,NV,ind,0.043829
37816,CARSON CITY 2,39.0757,-119.743,NEVP,NV,rail,2.8e-05
37816,CARSON CITY 2,39.0757,-119.743,NEVP,NV,road,0.000819
37817,RENO 9,39.4331,-119.809,NEVP,NV,bldg,0.181049
37817,RENO 9,39.4331,-119.809,NEVP,NV,ind,0.075338
37817,RENO 9,39.4331,-119.809,NEVP,NV,rail,4.8e-05
37817,RENO 9,39.4331,-119.809,NEVP,NV,road,0.001408
37818,RENO 10,39.5728,-119.868,NEVP,NV,bldg,0.181049
37818,RENO 10,39.5728,-119.868,NEVP,NV,ind,0.075338
37818,RENO 10,39.5728,-119.868,NEVP,NV,rail,4.8e-05
37818,RENO 10,39.5728,-119.868,NEVP,NV,road,0.001408
37819,RENO 11,39.6354,-119.797,NEVP,NV,bldg,0.208085
37819,RENO 11,39.6354,-119.797,NEVP,NV,ind,0.086588
37819,RENO 11,39.6354,-119.797,NEVP,NV,rail,5.5e-05
37819,RENO 11,39.6354,-119.797,NEVP,NV,road,0.001618
37820,RENO 12,39.6729,-119.789,NEVP,NV,bldg,0.208085
37820,RENO 12,39.6729,-119.789,NEVP,NV,ind,0.086588
37820,RENO 12,39.6729,-119.789,NEVP,NV,rail,5.5e-05
37820,RENO 12,39.6729,-119.789,NEVP,NV,road,0.001618
37821,WASHOE VALLEY,39.2309,-119.871,NEVP,NV,bldg,0.047277
37821,WASHOE VALLEY,39.2309,-119.871,NEVP,NV,ind,0.019673
37821,WASHOE VALLEY,39.2309,-119.871,NEVP,NV,rail,1.3e-05
37821,WASHOE VALLEY,39.2309,-119.871,NEVP,NV,road,0.000368
37822,RENO 13,39.5352,-119.814,NEVP,NV,bldg,0.138651
37822,RENO 13,39.5352,-119.814,NEVP,NV,ind,0.057696
37822,RENO 13,39.5352,-119.814,NEVP,NV,rail,3.7e-05
37822,RENO 13,39.5352,-119.814,NEVP,NV,road,0.001078
37823,RENO 14,39.5422,-119.789,NEVP,NV,bldg,0.138651
37823,RENO 14,39.5422,-119.789,NEVP,NV,ind,0.057696
37823,RENO 14,39.5422,-119.789,NEVP,NV,rail,3.7e-05
37823,RENO 14,39.5422,-119.789,NEVP,NV,road,0.001078
37824,GARDNERVILLE 1,38.9139,-119.76,NEVP,NV,bldg,0.153615
37824,GARDNERVILLE 1,38.9139,-119.76,NEVP,NV,ind,0.063922
37824,GARDNERVILLE 1,38.9139,-119.76,NEVP,NV,rail,4.1e-05
37824,GARDNERVILLE 1,38.9139,-119.76,NEVP,NV,road,0.001194
37825,SUN VALLEY 3,39.6769,-119.832,NEVP,NV,bldg,0.218892
37825,SUN VALLEY 3,39.6769,-119.832,NEVP,NV,ind,0.091086
37825,SUN VALLEY 3,39.6769,-119.832,NEVP,NV,rail,5.8e-05
37825,SUN VALLEY 3,39.6769,-119.832,NEVP,NV,road,0.001702
37826,MINDEN,39.0285,-119.782,NEVP,NV,bldg,0.131856
37826,MINDEN,39.0285,-119.782,NEVP,NV,ind,0.054868
37826,MINDEN,39.0285,-119.782,NEVP,NV,rail,3.5e-05
37826,MINDEN,39.0285,-119.782,NEVP,NV,road,0.001025
37827,SPARKS 1,39.5842,-119.815,NEVP,NV,bldg,0.196193
37827,SPARKS 1,39.5842,-119.815,NEVP,NV,ind,0.081641
37827,SPARKS 1,39.5842,-119.815,NEVP,NV,rail,5.2e-05
37827,SPARKS 1,39.5842,-119.815,NEVP,NV,road,0.001526
37828,SPARKS 2,39.5425,-119.777,NEVP,NV,bldg,0.196193
37828,SPARKS 2,39.5425,-119.777,NEVP,NV,ind,0.081641
37828,SPARKS 2,39.5425,-119.777,NEVP,NV,rail,5.2e-05
37828,SPARKS 2,39.5425,-119.777,NEVP,NV,road,0.001526
37829,RENO 15,39.4433,-119.757,NEVP,NV,bldg,0.282326
37829,RENO 15,39.4433,-119.757,NEVP,NV,ind,0.117482
37829,RENO 15,39.4433,-119.757,NEVP,NV,rail,7.5e-05
37829,RENO 15,39.4433,-119.757,NEVP,NV,road,0.002195
37830,RENO 16,39.4353,-119.694,NEVP,NV,bldg,0.236205
37830,RENO 16,39.4353,-119.694,NEVP,NV,ind,0.09829
37830,RENO 16,39.4353,-119.694,NEVP,NV,rail,6.3e-05
37830,RENO 16,39.4353,-119.694,NEVP,NV,road,0.001837
37831,CARSON CITY 3,39.22,-119.824,NEVP,NV,bldg,0.151699
37831,CARSON CITY 3,39.22,-119.824,NEVP,NV,ind,0.063126
37831,CARSON CITY 3,39.22,-119.824,NEVP,NV,rail,4e-05
37831,CARSON CITY 3,39.22,-119.824,NEVP,NV,road,0.00118
37832,CARSON CITY 4,39.0634,-119.679,NEVP,NV,bldg,0.149783
37832,CARSON CITY 4,39.0634,-119.679,NEVP,NV,ind,0.062328
37832,CARSON CITY 4,39.0634,-119.679,NEVP,NV,rail,4e-05
37832,CARSON CITY 4,39.0634,-119.679,NEVP,NV,road,0.001165
37833,CARSON CITY 5,39.3225,-119.628,NEVP,NV,bldg,0.22182
37833,CARSON CITY 5,39.3225,-119.628,NEVP,NV,ind,0.092304
37833,CARSON CITY 5,39.3225,-119.628,NEVP,NV,rail,5.9e-05
37833,CARSON CITY 5,39.3225,-119.628,NEVP,NV,road,0.001725
37834,RENO 17,39.4734,-119.721,NEVP,NV,bldg,0.13941
37834,RENO 17,39.4734,-119.721,NEVP,NV,ind,0.058011
37834,RENO 17,39.4734,-119.721,NEVP,NV,rail,3.7e-05
37834,RENO 17,39.4734,-119.721,NEVP,NV,road,0.001084
37835,RENO 18,39.3836,-119.643,NEVP,NV,bldg,0.13941
37835,RENO 18,39.3836,-119.643,NEVP,NV,ind,0.058011
37835,RENO 18,39.3836,-119.643,NEVP,NV,rail,3.7e-05
37835,RENO 18,39.3836,-119.643,NEVP,NV,road,0.001084
37836,SPARKS 3,39.6189,-119.653,NEVP,NV,bldg,0.19988
37836,SPARKS 3,39.6189,-119.653,NEVP,NV,ind,0.083174
37836,SPARKS 3,39.6189,-119.653,NEVP,NV,rail,5.3e-05
37836,SPARKS 3,39.6189,-119.653,NEVP,NV,road,0.001554
37837,SPARKS 4,39.6407,-119.738,NEVP,NV,bldg,0.19988
37837,SPARKS 4,39.6407,-119.738,NEVP,NV,ind,0.083174
37837,SPARKS 4,39.6407,-119.738,NEVP,NV,rail,5.3e-05
37837,SPARKS 4,39.6407,-119.738,NEVP,NV,road,0.001554
37838,SPARKS 5,39.6136,-119.701,NEVP,NV,bldg,0.125169
37838,SPARKS 5,39.6136,-119.701,NEVP,NV,ind,0.052086
37838,SPARKS 5,39.6136,-119.701,NEVP,NV,rail,3.3e-05
37838,SPARKS 5,39.6136,-119.701,NEVP,NV,road,0.000973
37839,SPARKS 6,39.5504,-119.622,NEVP,NV,bldg,0.137783
37839,SPARKS 6,39.5504,-119.622,NEVP,NV,ind,0.057335
37839,SPARKS 6,39.5504,-119.622,NEVP,NV,rail,3.7e-05
37839,SPARKS 6,39.5504,-119.622,NEVP,NV,road,0.001071
37840,SPARKS 7,39.5769,-119.663,NEVP,NV,bldg,0.137783
37840,SPARKS 7,39.5769,-119.663,NEVP,NV,ind,0.057335
37840,SPARKS 7,39.5769,-119.663,NEVP,NV,rail,3.7e-05
37840,SPARKS 7,39.5769,-119.663,NEVP,NV,road,0.001071
37841,RENO 19,40.094,-119.6,NEVP,NV,bldg,0.024
37841,RENO 19,40.094,-119.6,NEVP,NV,ind,0.009987
37841,RENO 19,40.094,-119.6,NEVP,NV,rail,6e-06
37841,RENO 19,40.094,-119.6,NEVP,NV,road,0.000187
37842,GARDNERVILLE 2,38.8188,-119.68,NEVP,NV,bldg,0.11447
37842,GARDNERVILLE 2,38.8188,-119.68,NEVP,NV,ind,0.047634
37842,GARDNERVILLE 2,38.8188,-119.68,NEVP,NV,rail,3e-05
37842,GARDNERVILLE 2,38.8188,-119.68,NEVP,NV,road,0.00089
37843,DAYTON 7,39.1947,-119.499,NEVP,NV,bldg,0.153506
37843,DAYTON 7,39.1947,-119.499,NEVP,NV,ind,0.063877
37843,DAYTON 7,39.1947,-119.499,NEVP,NV,rail,4.1e-05
37843,DAYTON 7,39.1947,-119.499,NEVP,NV,road,0.001194
37844,WELLINGTON 1,38.6735,-119.299,NEVP,NV,bldg,0.034337
37844,WELLINGTON 1,38.6735,-119.299,NEVP,NV,ind,0.014289
37844,WELLINGTON 1,38.6735,-119.299,NEVP,NV,rail,9e-06
37844,WELLINGTON 1,38.6735,-119.299,NEVP,NV,road,0.000267
37845,SILVER SPRINGS,39.2712,-119.376,NEVP,NV,bldg,0.082699
37845,SILVER SPRINGS,39.2712,-119.376,NEVP,NV,ind,0.034413
37845,SILVER SPRINGS,39.2712,-119.376,NEVP,NV,rail,2.2e-05
37845,SILVER SPRINGS,39.2712,-119.376,NEVP,NV,road,0.000643
37846,FERNLEY 1,39.6351,-119.161,NEVP,NV,bldg,0.21282
37846,FERNLEY 1,39.6351,-119.161,NEVP,NV,ind,0.088559
37846,FERNLEY 1,39.6351,-119.161,NEVP,NV,rail,5.6e-05
37846,FERNLEY 1,39.6351,-119.161,NEVP,NV,road,0.001655
37847,YERINGTON 1,38.7551,-119.196,NEVP,NV,bldg,0.085988
37847,YERINGTON 1,38.7551,-119.196,NEVP,NV,ind,0.035782
37847,YERINGTON 1,38.7551,-119.196,NEVP,NV,rail,2.3e-05
37847,YERINGTON 1,38.7551,-119.196,NEVP,NV,road,0.000669
37848,HAWTHORNE 4,38.526,-118.654,NEVP,NV,bldg,0.051542
37848,HAWTHORNE 4,38.526,-118.654,NEVP,NV,ind,0.021448
37848,HAWTHORNE 4,38.526,-118.654,NEVP,NV,rail,1.4e-05
37848,HAWTHORNE 4,38.526,-118.654,NEVP,NV,road,0.000401
37849,FALLON 1,39.5399,-118.221,NEVP,NV,bldg,0.268627
37849,FALLON 1,39.5399,-118.221,NEVP,NV,ind,0.111782
37849,FALLON 1,39.5399,-118.221,NEVP,NV,rail,7.1e-05
37849,FALLON 1,39.5399,-118.221,NEVP,NV,road,0.002089
37850,WINNEMUCCA 1,41.2532,-118.184,NEVP,NV,bldg,0.17982
37850,WINNEMUCCA 1,41.2532,-118.184,NEVP,NV,ind,0.074827
37850,WINNEMUCCA 1,41.2532,-118.184,NEVP,NV,rail,4.8e-05
37850,WINNEMUCCA 1,41.2532,-118.184,NEVP,NV,road,0.001398
37851,LOVELOCK,40.3694,-118.177,NEVP,NV,bldg,0.060036
37851,LOVELOCK,40.3694,-118.177,NEVP,NV,ind,0.024983
37851,LOVELOCK,40.3694,-118.177,NEVP,NV,rail,1.6e-05
37851,LOVELOCK,40.3694,-118.177,NEVP,NV,road,0.000467
37852,MC DERMITT,41.9967,-117.955,NEVP,NV,bldg,0.009687
37852,MC DERMITT,41.9967,-117.955,NEVP,NV,ind,0.004031
37852,MC DERMITT,41.9967,-117.955,NEVP,NV,rail,3e-06
37852,MC DERMITT,41.9967,-117.955,NEVP,NV,road,7.5e-05
37853,BATTLE MOUNTAIN 1,40.4639,-116.954,NEVP,NV,bldg,0.058084
37853,BATTLE MOUNTAIN 1,40.4639,-116.954,NEVP,NV,ind,0.02417
37853,BATTLE MOUNTAIN 1,40.4639,-116.954,NEVP,NV,rail,1.5e-05
37853,BATTLE MOUNTAIN 1,40.4639,-116.954,NEVP,NV,road,0.000452
37854,ROUND MOUNTAIN,38.8938,-116.914,NEVP,NV,bldg,0.023024
37854,ROUND MOUNTAIN,38.8938,-116.914,NEVP,NV,ind,0.009581
37854,ROUND MOUNTAIN,38.8938,-116.914,NEVP,NV,rail,6e-06
37854,ROUND MOUNTAIN,38.8938,-116.914,NEVP,NV,road,0.000179
37855,BEATTY,36.949,-116.815,CISO-VEA,NV,bldg,0.030609
37855,BEATTY,36.949,-116.815,CISO-VEA,NV,ind,4.8e-05
37855,BEATTY,36.949,-116.815,CISO-VEA,NV,road,0.000208
37856,AMARGOSA VALLEY,36.5285,-116.464,CISO-VEA,NV,bldg,0.031326
37856,AMARGOSA VALLEY,36.5285,-116.464,CISO-VEA,NV,ind,4.9e-05
37856,AMARGOSA VALLEY,36.5285,-116.464,CISO-VEA,NV,road,0.000213
37857,TONOPAH 1,38.3484,-116.259,NEVP,NV,bldg,0.031265
37857,TONOPAH 1,38.3484,-116.259,NEVP,NV,ind,0.01301
37857,TONOPAH 1,38.3484,-116.259,NEVP,NV,rail,8e-06
37857,TONOPAH 1,38.3484,-116.259,NEVP,NV,road,0.000243
37858,CARLIN,40.4476,-116.19,NEVP,NV,bldg,0.027253
37858,CARLIN,40.4476,-116.19,NEVP,NV,ind,0.011341
37858,CARLIN,40.4476,-116.19,NEVP,NV,rail,7e-06
37858,CARLIN,40.4476,-116.19,NEVP,NV,road,0.000212
37859,PAHRUMP 3,36.1843,-116.007,CISO-VEA,NV,bldg,0.455264
37859,PAHRUMP 3,36.1843,-116.007,CISO-VEA,NV,ind,0.000703
37859,PAHRUMP 3,36.1843,-116.007,CISO-VEA,NV,road,0.003099
37860,EUREKA 4,39.7583,-115.941,NEVP,NV,bldg,0.015253
37860,EUREKA 4,39.7583,-115.941,NEVP,NV,ind,0.006346
37860,EUREKA 4,39.7583,-115.941,NEVP,NV,rail,4e-06
37860,EUREKA 4,39.7583,-115.941,NEVP,NV,road,0.000119
37861,ELKO,41.3406,-115.79,NEVP,NV,bldg,0.252615
37861,ELKO,41.3406,-115.79,NEVP,NV,ind,0.105119
37861,ELKO,41.3406,-115.79,NEVP,NV,rail,6.7e-05
37861,ELKO,41.3406,-115.79,NEVP,NV,road,0.001964
37862,SPRING CREEK,40.6548,-115.501,NEVP,NV,bldg,0.149783
37862,SPRING CREEK,40.6548,-115.501,NEVP,NV,ind,0.062328
37862,SPRING CREEK,40.6548,-115.501,NEVP,NV,rail,4e-05
37862,SPRING CREEK,40.6548,-115.501,NEVP,NV,road,0.001165
37863,LAS VEGAS 1,36.3153,-115.574,NEVP,NV,bldg,0.16435
37863,LAS VEGAS 1,36.3153,-115.574,NEVP,NV,ind,0.068389
37863,LAS VEGAS 1,36.3153,-115.574,NEVP,NV,rail,4.4e-05
37863,LAS VEGAS 1,36.3153,-115.574,NEVP,NV,road,0.001278
37864,ALAMO 2,37.2615,-115.41,NEVP,NV,bldg,0.015181
37864,ALAMO 2,37.2615,-115.41,NEVP,NV,ind,0.006317
37864,ALAMO 2,37.2615,-115.41,NEVP,NV,rail,4e-06
37864,ALAMO 2,37.2615,-115.41,NEVP,NV,road,0.000118
37865,LAS VEGAS 2,36.1052,-115.368,NEVP,NV,bldg,0.261796
37865,LAS VEGAS 2,36.1052,-115.368,NEVP,NV,ind,0.108939
37865,LAS VEGAS 2,36.1052,-115.368,NEVP,NV,rail,6.9e-05
37865,LAS VEGAS 2,36.1052,-115.368,NEVP,NV,road,0.002036
37866,LAS VEGAS 3,36.0816,-115.35,NEVP,NV,bldg,0.131386
37866,LAS VEGAS 3,36.0816,-115.35,NEVP,NV,ind,0.054673
37866,LAS VEGAS 3,36.0816,-115.35,NEVP,NV,rail,3.5e-05
37866,LAS VEGAS 3,36.0816,-115.35,NEVP,NV,road,0.001022
37867,LAS VEGAS 4,36.1792,-115.264,NEVP,NV,bldg,0.202916
37867,LAS VEGAS 4,36.1792,-115.264,NEVP,NV,ind,0.084439
37867,LAS VEGAS 4,36.1792,-115.264,NEVP,NV,rail,5.4e-05
37867,LAS VEGAS 4,36.1792,-115.264,NEVP,NV,road,0.001578
37868,LAS VEGAS 5,36.1254,-115.244,NEVP,NV,bldg,0.260675
37868,LAS VEGAS 5,36.1254,-115.244,NEVP,NV,ind,0.108472
37868,LAS VEGAS 5,36.1254,-115.244,NEVP,NV,rail,6.9e-05
37868,LAS VEGAS 5,36.1254,-115.244,NEVP,NV,road,0.002027
37869,LAS VEGAS 6,36.0686,-115.213,NEVP,NV,bldg,0.215314
37869,LAS VEGAS 6,36.0686,-115.213,NEVP,NV,ind,0.089597
37869,LAS VEGAS 6,36.0686,-115.213,NEVP,NV,rail,5.7e-05
37869,LAS VEGAS 6,36.0686,-115.213,NEVP,NV,road,0.001674
37870,LAS VEGAS 7,36.1415,-115.198,NEVP,NV,bldg,0.215314
37870,LAS VEGAS 7,36.1415,-115.198,NEVP,NV,ind,0.089597
37870,LAS VEGAS 7,36.1415,-115.198,NEVP,NV,rail,5.7e-05
37870,LAS VEGAS 7,36.1415,-115.198,NEVP,NV,road,0.001674
37871,LAS VEGAS 8,36.2685,-115.2,NEVP,NV,bldg,0.138651
37871,LAS VEGAS 8,36.2685,-115.2,NEVP,NV,ind,0.057696
37871,LAS VEGAS 8,36.2685,-115.2,NEVP,NV,rail,3.7e-05
37871,LAS VEGAS 8,36.2685,-115.2,NEVP,NV,road,0.001078
37872,LAS VEGAS 9,36.3465,-115.392,NEVP,NV,bldg,0.168832
37872,LAS VEGAS 9,36.3465,-115.392,NEVP,NV,ind,0.070255
37872,LAS VEGAS 9,36.3465,-115.392,NEVP,NV,rail,4.5e-05
37872,LAS VEGAS 9,36.3465,-115.392,NEVP,NV,road,0.001313
37873,LAS VEGAS 10,36.258,-115.258,NEVP,NV,bldg,0.168832
37873,LAS VEGAS 10,36.258,-115.258,NEVP,NV,ind,0.070255
37873,LAS VEGAS 10,36.258,-115.258,NEVP,NV,rail,4.5e-05
37873,LAS VEGAS 10,36.258,-115.258,NEVP,NV,road,0.001313
37874,LAS VEGAS 11,36.2386,-115.336,NEVP,NV,bldg,0.27788
37874,LAS VEGAS 11,36.2386,-115.336,NEVP,NV,ind,0.115632
37874,LAS VEGAS 11,36.2386,-115.336,NEVP,NV,rail,7.4e-05
37874,LAS VEGAS 11,36.2386,-115.336,NEVP,NV,road,0.002161
37875,LAS VEGAS 12,36.145,-115.374,NEVP,NV,bldg,0.27788
37875,LAS VEGAS 12,36.145,-115.374,NEVP,NV,ind,0.115632
37875,LAS VEGAS 12,36.145,-115.374,NEVP,NV,rail,7.4e-05
37875,LAS VEGAS 12,36.145,-115.374,NEVP,NV,road,0.002161
37876,LAS VEGAS 13,35.9835,-115.322,NEVP,NV,bldg,0.176097
37876,LAS VEGAS 13,35.9835,-115.322,NEVP,NV,ind,0.073277
37876,LAS VEGAS 13,35.9835,-115.322,NEVP,NV,rail,4.7e-05
37876,LAS VEGAS 13,35.9835,-115.322,NEVP,NV,road,0.001369
37877,LAS VEGAS 14,36.0558,-115.31,NEVP,NV,bldg,0.149567
37877,LAS VEGAS 14,36.0558,-115.31,NEVP,NV,ind,0.062238
37877,LAS VEGAS 14,36.0558,-115.31,NEVP,NV,rail,4e-05
37877,LAS VEGAS 14,36.0558,-115.31,NEVP,NV,road,0.001163
37878,LAS VEGAS 15,36.0695,-115.362,NEVP,NV,bldg,0.30582
37878,LAS VEGAS 15,36.0695,-115.362,NEVP,NV,ind,0.127259
37878,LAS VEGAS 15,36.0695,-115.362,NEVP,NV,rail,8.1e-05
37878,LAS VEGAS 15,36.0695,-115.362,NEVP,NV,road,0.002378
37879,LAS VEGAS 16,36.1784,-115.215,NEVP,NV,bldg,0.300434
37879,LAS VEGAS 16,36.1784,-115.215,NEVP,NV,ind,0.125017
37879,LAS VEGAS 16,36.1784,-115.215,NEVP,NV,rail,8e-05
37879,LAS VEGAS 16,36.1784,-115.215,NEVP,NV,road,0.002336
37880,LAS VEGAS 17,36.1191,-115.195,NEVP,NV,bldg,0.269892
37880,LAS VEGAS 17,36.1191,-115.195,NEVP,NV,ind,0.112308
37880,LAS VEGAS 17,36.1191,-115.195,NEVP,NV,rail,7.2e-05
37880,LAS VEGAS 17,36.1191,-115.195,NEVP,NV,road,0.002099
37881,LAS VEGAS 18,36.0983,-115.305,NEVP,NV,bldg,0.269892
37881,LAS VEGAS 18,36.0983,-115.305,NEVP,NV,ind,0.112308
37881,LAS VEGAS 18,36.0983,-115.305,NEVP,NV,rail,7.2e-05
37881,LAS VEGAS 18,36.0983,-115.305,NEVP,NV,road,0.002099
37882,LAS VEGAS 19,36.0679,-115.257,NEVP,NV,bldg,0.251422
37882,LAS VEGAS 19,36.0679,-115.257,NEVP,NV,ind,0.104622
37882,LAS VEGAS 19,36.0679,-115.257,NEVP,NV,rail,6.7e-05
37882,LAS VEGAS 19,36.0679,-115.257,NEVP,NV,road,0.001955
37883,LAS VEGAS 20,36.2054,-115.237,NEVP,NV,bldg,0.193374
37883,LAS VEGAS 20,36.2054,-115.237,NEVP,NV,ind,0.080467
37883,LAS VEGAS 20,36.2054,-115.237,NEVP,NV,rail,5.1e-05
37883,LAS VEGAS 20,36.2054,-115.237,NEVP,NV,road,0.001504
37884,LAS VEGAS 21,36.1294,-115.351,NEVP,NV,bldg,0.193374
37884,LAS VEGAS 21,36.1294,-115.351,NEVP,NV,ind,0.080467
37884,LAS VEGAS 21,36.1294,-115.351,NEVP,NV,rail,5.1e-05
37884,LAS VEGAS 21,36.1294,-115.351,NEVP,NV,road,0.001504
37885,LAS VEGAS 22,36.0569,-115.286,NEVP,NV,bldg,0.258073
37885,LAS VEGAS 22,36.0569,-115.286,NEVP,NV,ind,0.10739
37885,LAS VEGAS 22,36.0569,-115.286,NEVP,NV,rail,6.8e-05
37885,LAS VEGAS 22,36.0569,-115.286,NEVP,NV,road,0.002007
37886,LAS VEGAS 23,36.3525,-115.339,NEVP,NV,bldg,0.233531
37886,LAS VEGAS 23,36.3525,-115.339,NEVP,NV,ind,0.097177
37886,LAS VEGAS 23,36.3525,-115.339,NEVP,NV,rail,6.2e-05
37886,LAS VEGAS 23,36.3525,-115.339,NEVP,NV,road,0.001816
37887,LAS VEGAS 24,36.2543,-115.339,NEVP,NV,bldg,0.233531
37887,LAS VEGAS 24,36.2543,-115.339,NEVP,NV,ind,0.097177
37887,LAS VEGAS 24,36.2543,-115.339,NEVP,NV,rail,6.2e-05
37887,LAS VEGAS 24,36.2543,-115.339,NEVP,NV,road,0.001816
37888,LAS VEGAS 25,36.2518,-115.168,NEVP,NV,bldg,0.178988
37888,LAS VEGAS 25,36.2518,-115.168,NEVP,NV,ind,0.074481
37888,LAS VEGAS 25,36.2518,-115.168,NEVP,NV,rail,4.8e-05
37888,LAS VEGAS 25,36.2518,-115.168,NEVP,NV,road,0.001392
37889,LAS VEGAS 26,36.1946,-115.315,NEVP,NV,bldg,0.178988
37889,LAS VEGAS 26,36.1946,-115.315,NEVP,NV,ind,0.074481
37889,LAS VEGAS 26,36.1946,-115.315,NEVP,NV,rail,4.8e-05
37889,LAS VEGAS 26,36.1946,-115.315,NEVP,NV,road,0.001392
37890,LAS VEGAS 27,36.216,-115.185,NEVP,NV,bldg,0.24329
37890,LAS VEGAS 27,36.216,-115.185,NEVP,NV,ind,0.101238
37890,LAS VEGAS 27,36.216,-115.185,NEVP,NV,rail,6.5e-05
37890,LAS VEGAS 27,36.216,-115.185,NEVP,NV,road,0.001892
37891,LAS VEGAS 28,36.1694,-115.287,NEVP,NV,bldg,0.380169
37891,LAS VEGAS 28,36.1694,-115.287,NEVP,NV,ind,0.158197
37891,LAS VEGAS 28,36.1694,-115.287,NEVP,NV,rail,0.000101
37891,LAS VEGAS 28,36.1694,-115.287,NEVP,NV,road,0.002956
37892,LAS VEGAS 29,36.1852,-115.18,NEVP,NV,bldg,0.380169
37892,LAS VEGAS 29,36.1852,-115.18,NEVP,NV,ind,0.158197
37892,LAS VEGAS 29,36.1852,-115.18,NEVP,NV,rail,0.000101
37892,LAS VEGAS 29,36.1852,-115.18,NEVP,NV,road,0.002956
37893,LAS VEGAS 30,36.0268,-115.215,NEVP,NV,bldg,0.209458
37893,LAS VEGAS 30,36.0268,-115.215,NEVP,NV,ind,0.08716
37893,LAS VEGAS 30,36.0268,-115.215,NEVP,NV,rail,5.6e-05
37893,LAS VEGAS 30,36.0268,-115.215,NEVP,NV,road,0.001629
37894,LAS VEGAS 31,36.0658,-115.147,NEVP,NV,bldg,0.273904
37894,LAS VEGAS 31,36.0658,-115.147,NEVP,NV,ind,0.113977
37894,LAS VEGAS 31,36.0658,-115.147,NEVP,NV,rail,7.3e-05
37894,LAS VEGAS 31,36.0658,-115.147,NEVP,NV,road,0.00213
37895,LAS VEGAS 32,36.17,-115.135,NEVP,NV,bldg,0.273904
37895,LAS VEGAS 32,36.17,-115.135,NEVP,NV,ind,0.113977
37895,LAS VEGAS 32,36.17,-115.135,NEVP,NV,rail,7.3e-05
37895,LAS VEGAS 32,36.17,-115.135,NEVP,NV,road,0.00213
37896,LAS VEGAS 33,36.1191,-115.228,NEVP,NV,bldg,0.165253
37896,LAS VEGAS 33,36.1191,-115.228,NEVP,NV,ind,0.068765
37896,LAS VEGAS 33,36.1191,-115.228,NEVP,NV,rail,4.4e-05
37896,LAS VEGAS 33,36.1191,-115.228,NEVP,NV,road,0.001285
37897,LAS VEGAS 34,35.9661,-115.209,NEVP,NV,bldg,0.165253
37897,LAS VEGAS 34,35.9661,-115.209,NEVP,NV,ind,0.068765
37897,LAS VEGAS 34,35.9661,-115.209,NEVP,NV,rail,4.4e-05
37897,LAS VEGAS 34,35.9661,-115.209,NEVP,NV,road,0.001285
37898,LAS VEGAS 35,36.2519,-115.301,NEVP,NV,bldg,0.196699
37898,LAS VEGAS 35,36.2519,-115.301,NEVP,NV,ind,0.081852
37898,LAS VEGAS 35,36.2519,-115.301,NEVP,NV,rail,5.2e-05
37898,LAS VEGAS 35,36.2519,-115.301,NEVP,NV,road,0.001529
37899,LAS VEGAS 36,36.1115,-115.206,NEVP,NV,bldg,0.196699
37899,LAS VEGAS 36,36.1115,-115.206,NEVP,NV,ind,0.081852
37899,LAS VEGAS 36,36.1115,-115.206,NEVP,NV,rail,5.2e-05
37899,LAS VEGAS 36,36.1115,-115.206,NEVP,NV,road,0.001529
37900,LAS VEGAS 37,35.9712,-115.262,NEVP,NV,bldg,0.136338
37900,LAS VEGAS 37,35.9712,-115.262,NEVP,NV,ind,0.056733
37900,LAS VEGAS 37,35.9712,-115.262,NEVP,NV,rail,3.6e-05
37900,LAS VEGAS 37,35.9712,-115.262,NEVP,NV,road,0.00106
37901,LAS VEGAS 38,35.9287,-115.201,NEVP,NV,bldg,0.137964
37901,LAS VEGAS 38,35.9287,-115.201,NEVP,NV,ind,0.05741
37901,LAS VEGAS 38,35.9287,-115.201,NEVP,NV,rail,3.7e-05
37901,LAS VEGAS 38,35.9287,-115.201,NEVP,NV,road,0.001073
37902,LAS VEGAS 39,36.0682,-115.16,NEVP,NV,bldg,0.19388
37902,LAS VEGAS 39,36.0682,-115.16,NEVP,NV,ind,0.080677
37902,LAS VEGAS 39,36.0682,-115.16,NEVP,NV,rail,5.1e-05
37902,LAS VEGAS 39,36.0682,-115.16,NEVP,NV,road,0.001508
37903,LAS VEGAS 40,36.1339,-115.099,NEVP,NV,bldg,0.19388
37903,LAS VEGAS 40,36.1339,-115.099,NEVP,NV,ind,0.080677
37903,LAS VEGAS 40,36.1339,-115.099,NEVP,NV,rail,5.1e-05
37903,LAS VEGAS 40,36.1339,-115.099,NEVP,NV,road,0.001508
37904,HENDERSON 1,35.9575,-115.164,NEVP,NV,bldg,0.154627
37904,HENDERSON 1,35.9575,-115.164,NEVP,NV,ind,0.064344
37904,HENDERSON 1,35.9575,-115.164,NEVP,NV,rail,4.1e-05
37904,HENDERSON 1,35.9575,-115.164,NEVP,NV,road,0.001202
37905,NORTH LAS VEGAS 1,36.3461,-115.202,NEVP,NV,bldg,0.236784
37905,NORTH LAS VEGAS 1,36.3461,-115.202,NEVP,NV,ind,0.09853
37905,NORTH LAS VEGAS 1,36.3461,-115.202,NEVP,NV,rail,6.3e-05
37905,NORTH LAS VEGAS 1,36.3461,-115.202,NEVP,NV,road,0.001841
37906,NORTH LAS VEGAS 2,36.3205,-115.184,NEVP,NV,bldg,0.218494
37906,NORTH LAS VEGAS 2,36.3205,-115.184,NEVP,NV,ind,0.090921
37906,NORTH LAS VEGAS 2,36.3205,-115.184,NEVP,NV,rail,5.8e-05
37906,NORTH LAS VEGAS 2,36.3205,-115.184,NEVP,NV,road,0.001699
37907,NORTH LAS VEGAS 3,36.2834,-115.238,NEVP,NV,bldg,0.218494
37907,NORTH LAS VEGAS 3,36.2834,-115.238,NEVP,NV,ind,0.090921
37907,NORTH LAS VEGAS 3,36.2834,-115.238,NEVP,NV,rail,5.8e-05
37907,NORTH LAS VEGAS 3,36.2834,-115.238,NEVP,NV,road,0.001699
37908,NORTH LAS VEGAS 4,36.3338,-115.192,NEVP,NV,bldg,0.328483
37908,NORTH LAS VEGAS 4,36.3338,-115.192,NEVP,NV,ind,0.136689
37908,NORTH LAS VEGAS 4,36.3338,-115.192,NEVP,NV,rail,8.7e-05
37908,NORTH LAS VEGAS 4,36.3338,-115.192,NEVP,NV,road,0.002554
37909,NORTH LAS VEGAS 5,36.1976,-115.234,NEVP,NV,bldg,0.328483
37909,NORTH LAS VEGAS 5,36.1976,-115.234,NEVP,NV,ind,0.136689
37909,NORTH LAS VEGAS 5,36.1976,-115.234,NEVP,NV,rail,8.7e-05
37909,NORTH LAS VEGAS 5,36.1976,-115.234,NEVP,NV,road,0.002554
37910,LAS VEGAS 41,36.0803,-115.196,NEVP,NV,bldg,0.084253
37910,LAS VEGAS 41,36.0803,-115.196,NEVP,NV,ind,0.035059
37910,LAS VEGAS 41,36.0803,-115.196,NEVP,NV,rail,2.2e-05
37910,LAS VEGAS 41,36.0803,-115.196,NEVP,NV,road,0.000655
37911,LAS VEGAS 42,36.1045,-115.202,NEVP,NV,bldg,0.139663
37911,LAS VEGAS 42,36.1045,-115.202,NEVP,NV,ind,0.058117
37911,LAS VEGAS 42,36.1045,-115.202,NEVP,NV,rail,3.7e-05
37911,LAS VEGAS 42,36.1045,-115.202,NEVP,NV,road,0.001086
37912,LAS VEGAS 43,36.209,-115.119,NEVP,NV,bldg,0.139663
37912,LAS VEGAS 43,36.209,-115.119,NEVP,NV,ind,0.058117
37912,LAS VEGAS 43,36.209,-115.119,NEVP,NV,rail,3.7e-05
37912,LAS VEGAS 43,36.209,-115.119,NEVP,NV,road,0.001086
37913,LAS VEGAS 44,35.9271,-115.168,NEVP,NV,bldg,0.195217
37913,LAS VEGAS 44,35.9271,-115.168,NEVP,NV,ind,0.081235
37913,LAS VEGAS 44,35.9271,-115.168,NEVP,NV,rail,5.2e-05
37913,LAS VEGAS 44,35.9271,-115.168,NEVP,NV,road,0.001518
37914,LAS VEGAS 45,35.9979,-115.12,NEVP,NV,bldg,0.195217
37914,LAS VEGAS 45,35.9979,-115.12,NEVP,NV,ind,0.081235
37914,LAS VEGAS 45,35.9979,-115.12,NEVP,NV,rail,5.2e-05
37914,LAS VEGAS 45,35.9979,-115.12,NEVP,NV,road,0.001518
37915,LAS VEGAS 46,35.9556,-115.075,NEVP,NV,bldg,0.305242
37915,LAS VEGAS 46,35.9556,-115.075,NEVP,NV,ind,0.127018
37915,LAS VEGAS 46,35.9556,-115.075,NEVP,NV,rail,8.1e-05
37915,LAS VEGAS 46,35.9556,-115.075,NEVP,NV,road,0.002373
37916,LAS VEGAS 47,36.0064,-115.053,NEVP,NV,bldg,0.305242
37916,LAS VEGAS 47,36.0064,-115.053,NEVP,NV,ind,0.127018
37916,LAS VEGAS 47,36.0064,-115.053,NEVP,NV,rail,8.1e-05
37916,LAS VEGAS 47,36.0064,-115.053,NEVP,NV,road,0.002373
37917,LAS VEGAS 48,36.1271,-115.124,NEVP,NV,bldg,0.268085
37917,LAS VEGAS 48,36.1271,-115.124,NEVP,NV,ind,0.111556
37917,LAS VEGAS 48,36.1271,-115.124,NEVP,NV,rail,7.1e-05
37917,LAS VEGAS 48,36.1271,-115.124,NEVP,NV,road,0.002085
37918,LAS VEGAS 49,36.0725,-115.18,NEVP,NV,bldg,0.268085
37918,LAS VEGAS 49,36.0725,-115.18,NEVP,NV,ind,0.111556
37918,LAS VEGAS 49,36.0725,-115.18,NEVP,NV,rail,7.1e-05
37918,LAS VEGAS 49,36.0725,-115.18,NEVP,NV,road,0.002085
37919,LAS VEGAS 50,36.153,-115.198,NEVP,NV,bldg,0.252687
37919,LAS VEGAS 50,36.153,-115.198,NEVP,NV,ind,0.105148
37919,LAS VEGAS 50,36.153,-115.198,NEVP,NV,rail,6.7e-05
37919,LAS VEGAS 50,36.153,-115.198,NEVP,NV,road,0.001965
37920,NORTH LAS VEGAS 6,36.2653,-115.111,NEVP,NV,bldg,0.301663
37920,NORTH LAS VEGAS 6,36.2653,-115.111,NEVP,NV,ind,0.125529
37920,NORTH LAS VEGAS 6,36.2653,-115.111,NEVP,NV,rail,8e-05
37920,NORTH LAS VEGAS 6,36.2653,-115.111,NEVP,NV,road,0.002346
37921,NORTH LAS VEGAS 7,36.1227,-115.082,NEVP,NV,bldg,0.292374
37921,NORTH LAS VEGAS 7,36.1227,-115.082,NEVP,NV,ind,0.121663
37921,NORTH LAS VEGAS 7,36.1227,-115.082,NEVP,NV,rail,7.8e-05
37921,NORTH LAS VEGAS 7,36.1227,-115.082,NEVP,NV,road,0.002273
37922,LAS VEGAS 51,36.2156,-115.077,NEVP,NV,bldg,0.249687
37922,LAS VEGAS 51,36.2156,-115.077,NEVP,NV,ind,0.103901
37922,LAS VEGAS 51,36.2156,-115.077,NEVP,NV,rail,6.6e-05
37922,LAS VEGAS 51,36.2156,-115.077,NEVP,NV,road,0.001942
37923,LAS VEGAS 52,36.1019,-115.062,NEVP,NV,bldg,0.249687
37923,LAS VEGAS 52,36.1019,-115.062,NEVP,NV,ind,0.103901
37923,LAS VEGAS 52,36.1019,-115.062,NEVP,NV,rail,6.6e-05
37923,LAS VEGAS 52,36.1019,-115.062,NEVP,NV,road,0.001942
37924,LAS VEGAS 53,36.0574,-115.083,NEVP,NV,bldg,0.216362
37924,LAS VEGAS 53,36.0574,-115.083,NEVP,NV,ind,0.090032
37924,LAS VEGAS 53,36.0574,-115.083,NEVP,NV,rail,5.7e-05
37924,LAS VEGAS 53,36.0574,-115.083,NEVP,NV,road,0.001682
37925,LAS VEGAS 54,36.1088,-115.198,NEVP,NV,bldg,0.216362
37925,LAS VEGAS 54,36.1088,-115.198,NEVP,NV,ind,0.090032
37925,LAS VEGAS 54,36.1088,-115.198,NEVP,NV,rail,5.7e-05
37925,LAS VEGAS 54,36.1088,-115.198,NEVP,NV,road,0.001682
37926,NORTH LAS VEGAS 8,36.2685,-115.03,NEVP,NV,bldg,0.051253
37926,NORTH LAS VEGAS 8,36.2685,-115.03,NEVP,NV,ind,0.021328
37926,NORTH LAS VEGAS 8,36.2685,-115.03,NEVP,NV,rail,1.4e-05
37926,NORTH LAS VEGAS 8,36.2685,-115.03,NEVP,NV,road,0.000399
37927,NORTH LAS VEGAS 9,36.3575,-115.119,NEVP,NV,bldg,0.161422
37927,NORTH LAS VEGAS 9,36.3575,-115.119,NEVP,NV,ind,0.067171
37927,NORTH LAS VEGAS 9,36.3575,-115.119,NEVP,NV,rail,4.3e-05
37927,NORTH LAS VEGAS 9,36.3575,-115.119,NEVP,NV,road,0.001255
37928,NORTH LAS VEGAS 10,36.3149,-115.07,NEVP,NV,bldg,0.161422
37928,NORTH LAS VEGAS 10,36.3149,-115.07,NEVP,NV,ind,0.067171
37928,NORTH LAS VEGAS 10,36.3149,-115.07,NEVP,NV,rail,4.3e-05
37928,NORTH LAS VEGAS 10,36.3149,-115.07,NEVP,NV,road,0.001255
37929,LAS VEGAS 55,35.9946,-115.044,NEVP,NV,bldg,0.25276
37929,LAS VEGAS 55,35.9946,-115.044,NEVP,NV,ind,0.10518
37929,LAS VEGAS 55,35.9946,-115.044,NEVP,NV,rail,6.7e-05
37929,LAS VEGAS 55,35.9946,-115.044,NEVP,NV,road,0.001965
37930,LAS VEGAS 56,36.2197,-115.005,NEVP,NV,bldg,0.347495
37930,LAS VEGAS 56,36.2197,-115.005,NEVP,NV,ind,0.1446
37930,LAS VEGAS 56,36.2197,-115.005,NEVP,NV,rail,9.2e-05
37930,LAS VEGAS 56,36.2197,-115.005,NEVP,NV,road,0.002702
37931,LAS VEGAS 57,36.0498,-115.062,NEVP,NV,bldg,0.347495
37931,LAS VEGAS 57,36.0498,-115.062,NEVP,NV,ind,0.1446
37931,LAS VEGAS 57,36.0498,-115.062,NEVP,NV,rail,9.2e-05
37931,LAS VEGAS 57,36.0498,-115.062,NEVP,NV,road,0.002702
37932,HENDERSON 2,35.9513,-115.158,NEVP,NV,bldg,0.255326
37932,HENDERSON 2,35.9513,-115.158,NEVP,NV,ind,0.106248
37932,HENDERSON 2,35.9513,-115.158,NEVP,NV,rail,6.8e-05
37932,HENDERSON 2,35.9513,-115.158,NEVP,NV,road,0.001985
37933,HENDERSON 3,35.9451,-115.016,NEVP,NV,bldg,0.255326
37933,HENDERSON 3,35.9451,-115.016,NEVP,NV,ind,0.106248
37933,HENDERSON 3,35.9451,-115.016,NEVP,NV,rail,6.8e-05
37933,HENDERSON 3,35.9451,-115.016,NEVP,NV,road,0.001985
37934,HENDERSON 4,36.0573,-115.106,NEVP,NV,bldg,0.200169
37934,HENDERSON 4,36.0573,-115.106,NEVP,NV,ind,0.083294
37934,HENDERSON 4,36.0573,-115.106,NEVP,NV,rail,5.3e-05
37934,HENDERSON 4,36.0573,-115.106,NEVP,NV,road,0.001556
37935,HENDERSON 5,36.1459,-114.985,NEVP,NV,bldg,0.200169
37935,HENDERSON 5,36.1459,-114.985,NEVP,NV,ind,0.083294
37935,HENDERSON 5,36.1459,-114.985,NEVP,NV,rail,5.3e-05
37935,HENDERSON 5,36.1459,-114.985,NEVP,NV,road,0.001556
37936,HENDERSON 6,35.9877,-115.151,NEVP,NV,bldg,0.255976
37936,HENDERSON 6,35.9877,-115.151,NEVP,NV,ind,0.106518
37936,HENDERSON 6,35.9877,-115.151,NEVP,NV,rail,6.8e-05
37936,HENDERSON 6,35.9877,-115.151,NEVP,NV,road,0.00199
37937,HENDERSON 7,36.0454,-115.047,NEVP,NV,bldg,0.255976
37937,HENDERSON 7,36.0454,-115.047,NEVP,NV,ind,0.106518
37937,HENDERSON 7,36.0454,-115.047,NEVP,NV,rail,6.8e-05
37937,HENDERSON 7,36.0454,-115.047,NEVP,NV,road,0.00199
37938,LAS VEGAS 58,36.1495,-114.963,NEVP,NV,bldg,0.384904
37938,LAS VEGAS 58,36.1495,-114.963,NEVP,NV,ind,0.160167
37938,LAS VEGAS 58,36.1495,-114.963,NEVP,NV,rail,0.000102
37938,LAS VEGAS 58,36.1495,-114.963,NEVP,NV,road,0.002993
37939,LAS VEGAS 59,36.2656,-115.062,NEVP,NV,bldg,0.384904
37939,LAS VEGAS 59,36.2656,-115.062,NEVP,NV,ind,0.160167
37939,LAS VEGAS 59,36.2656,-115.062,NEVP,NV,rail,0.000102
37939,LAS VEGAS 59,36.2656,-115.062,NEVP,NV,road,0.002993
37940,HENDERSON 8,36.0511,-115.002,NEVP,NV,bldg,0.157699
37940,HENDERSON 8,36.0511,-115.002,NEVP,NV,ind,0.065622
37940,HENDERSON 8,36.0511,-115.002,NEVP,NV,rail,4.2e-05
37940,HENDERSON 8,36.0511,-115.002,NEVP,NV,road,0.001226
37941,HENDERSON 9,35.9252,-114.995,NEVP,NV,bldg,0.157699
37941,HENDERSON 9,35.9252,-114.995,NEVP,NV,ind,0.065622
37941,HENDERSON 9,35.9252,-114.995,NEVP,NV,rail,4.2e-05
37941,HENDERSON 9,35.9252,-114.995,NEVP,NV,road,0.001226
37942,LAS VEGAS 60,36.2701,-115.091,NEVP,NV,bldg,0.31876
37942,LAS VEGAS 60,36.2701,-115.091,NEVP,NV,ind,0.132644
37942,LAS VEGAS 60,36.2701,-115.091,NEVP,NV,rail,8.5e-05
37942,LAS VEGAS 60,36.2701,-115.091,NEVP,NV,road,0.002479
37943,LAS VEGAS 61,36.2731,-115.099,NEVP,NV,bldg,0.31876
37943,LAS VEGAS 61,36.2731,-115.099,NEVP,NV,ind,0.132644
37943,LAS VEGAS 61,36.2731,-115.099,NEVP,NV,rail,8.5e-05
37943,LAS VEGAS 61,36.2731,-115.099,NEVP,NV,road,0.002479
37944,LAS VEGAS 62,36.1294,-114.953,NEVP,NV,bldg,0.24788
37944,LAS VEGAS 62,36.1294,-114.953,NEVP,NV,ind,0.103149
37944,LAS VEGAS 62,36.1294,-114.953,NEVP,NV,rail,6.6e-05
37944,LAS VEGAS 62,36.1294,-114.953,NEVP,NV,road,0.001927
37945,LAS VEGAS 63,36.1152,-115.131,NEVP,NV,bldg,0.24788
37945,LAS VEGAS 63,36.1152,-115.131,NEVP,NV,ind,0.103149
37945,LAS VEGAS 63,36.1152,-115.131,NEVP,NV,rail,6.6e-05
37945,LAS VEGAS 63,36.1152,-115.131,NEVP,NV,road,0.001927
37946,LAS VEGAS 64,36.0774,-115.0,NEVP,NV,bldg,0.182892
37946,LAS VEGAS 64,36.0774,-115.0,NEVP,NV,ind,0.076106
37946,LAS VEGAS 64,36.0774,-115.0,NEVP,NV,rail,4.9e-05
37946,LAS VEGAS 64,36.0774,-115.0,NEVP,NV,road,0.001422
37947,LAS VEGAS 65,36.1624,-114.994,NEVP,NV,bldg,0.182892
37947,LAS VEGAS 65,36.1624,-114.994,NEVP,NV,ind,0.076106
37947,LAS VEGAS 65,36.1624,-114.994,NEVP,NV,rail,4.9e-05
37947,LAS VEGAS 65,36.1624,-114.994,NEVP,NV,road,0.001422
37948,LAS VEGAS 66,36.0931,-114.911,NEVP,NV,bldg,0.150687
37948,LAS VEGAS 66,36.0931,-114.911,NEVP,NV,ind,0.062704
37948,LAS VEGAS 66,36.0931,-114.911,NEVP,NV,rail,4e-05
37948,LAS VEGAS 66,36.0931,-114.911,NEVP,NV,road,0.001172
37949,LAS VEGAS 67,36.09,-115.055,NEVP,NV,bldg,0.150687
37949,LAS VEGAS 67,36.09,-115.055,NEVP,NV,ind,0.062704
37949,LAS VEGAS 67,36.09,-115.055,NEVP,NV,rail,4e-05
37949,LAS VEGAS 67,36.09,-115.055,NEVP,NV,road,0.001172
37950,HENDERSON 10,36.1397,-114.997,NEVP,NV,bldg,0.211988
37950,HENDERSON 10,36.1397,-114.997,NEVP,NV,ind,0.088214
37950,HENDERSON 10,36.1397,-114.997,NEVP,NV,rail,5.6e-05
37950,HENDERSON 10,36.1397,-114.997,NEVP,NV,road,0.001648
37951,HENDERSON 11,35.9457,-114.989,NEVP,NV,bldg,0.172844
37951,HENDERSON 11,35.9457,-114.989,NEVP,NV,ind,0.071924
37951,HENDERSON 11,35.9457,-114.989,NEVP,NV,rail,4.6e-05
37951,HENDERSON 11,35.9457,-114.989,NEVP,NV,road,0.001344
37952,HENDERSON 12,36.0149,-115.011,NEVP,NV,bldg,0.172844
37952,HENDERSON 12,36.0149,-115.011,NEVP,NV,ind,0.071924
37952,HENDERSON 12,36.0149,-115.011,NEVP,NV,rail,4.6e-05
37952,HENDERSON 12,36.0149,-115.011,NEVP,NV,road,0.001344
37953,HENDERSON 13,36.0687,-115.007,NEVP,NV,bldg,0.21141
37953,HENDERSON 13,36.0687,-115.007,NEVP,NV,ind,0.087973
37953,HENDERSON 13,36.0687,-115.007,NEVP,NV,rail,5.6e-05
37953,HENDERSON 13,36.0687,-115.007,NEVP,NV,road,0.001644
37954,HENDERSON 14,36.0036,-114.941,NEVP,NV,bldg,0.21141
37954,HENDERSON 14,36.0036,-114.941,NEVP,NV,ind,0.087973
37954,HENDERSON 14,36.0036,-114.941,NEVP,NV,rail,5.6e-05
37954,HENDERSON 14,36.0036,-114.941,NEVP,NV,road,0.001644
37955,MOAPA 1,36.6178,-114.895,NEVP,NV,bldg,0.015181
37955,MOAPA 1,36.6178,-114.895,NEVP,NV,ind,0.006317
37955,MOAPA 1,36.6178,-114.895,NEVP,NV,rail,4e-06
37955,MOAPA 1,36.6178,-114.895,NEVP,NV,road,0.000118
37956,WELLS,41.0379,-114.772,NEVP,NV,bldg,0.025663
37956,WELLS,41.0379,-114.772,NEVP,NV,ind,0.010679
37956,WELLS,41.0379,-114.772,NEVP,NV,rail,7e-06
37956,WELLS,41.0379,-114.772,NEVP,NV,road,0.0002
37957,BOULDER CITY 1,36.0664,-114.871,NEVP,NV,bldg,0.163374
37957,BOULDER CITY 1,36.0664,-114.871,NEVP,NV,ind,0.067983
37957,BOULDER CITY 1,36.0664,-114.871,NEVP,NV,rail,4.3e-05
37957,BOULDER CITY 1,36.0664,-114.871,NEVP,NV,road,0.00127
37958,JACKPOT,41.8837,-114.813,NEVP,NV,bldg,0.013771
37958,JACKPOT,41.8837,-114.813,NEVP,NV,ind,0.00573
37958,JACKPOT,41.8837,-114.813,NEVP,NV,rail,4e-06
37958,JACKPOT,41.8837,-114.813,NEVP,NV,road,0.000107
37959,ELY 1,39.5735,-114.713,NEVP,NV,bldg,0.105398
37959,ELY 1,39.5735,-114.713,NEVP,NV,ind,0.043859
37959,ELY 1,39.5735,-114.713,NEVP,NV,rail,2.8e-05
37959,ELY 1,39.5735,-114.713,NEVP,NV,road,0.00082
37960,LAUGHLIN,35.1842,-114.62,NEVP,NV,bldg,0.081831
37960,LAUGHLIN,35.1842,-114.62,NEVP,NV,ind,0.034052
37960,LAUGHLIN,35.1842,-114.62,NEVP,NV,rail,2.2e-05
37960,LAUGHLIN,35.1842,-114.62,NEVP,NV,road,0.000636
37961,OVERTON,36.3154,-114.548,NEVP,NV,bldg,0.040337
37961,OVERTON,36.3154,-114.548,NEVP,NV,ind,0.016785
37961,OVERTON,36.3154,-114.548,NEVP,NV,rail,1.1e-05
37961,OVERTON,36.3154,-114.548,NEVP,NV,road,0.000314
37962,CALIENTE,37.2614,-114.575,NEVP,NV,bldg,0.016337
37962,CALIENTE,37.2614,-114.575,NEVP,NV,ind,0.006798
37962,CALIENTE,37.2614,-114.575,NEVP,NV,rail,4e-06
37962,CALIENTE,37.2614,-114.575,NEVP,NV,road,0.000127
37963,PIOCHE,38.1595,-114.532,NEVP,NV,bldg,0.020675
37963,PIOCHE,38.1595,-114.532,NEVP,NV,ind,0.008602
37963,PIOCHE,38.1595,-114.532,NEVP,NV,rail,5e-06
37963,PIOCHE,38.1595,-114.532,NEVP,NV,road,0.000161
37964,LOGANDALE,36.5501,-114.545,NEVP,NV,bldg,0.039072
37964,LOGANDALE,36.5501,-114.545,NEVP,NV,ind,0.016259
37964,LOGANDALE,36.5501,-114.545,NEVP,NV,rail,1e-05
37964,LOGANDALE,36.5501,-114.545,NEVP,NV,road,0.000304
37965,PANACA,37.663,-114.262,NEVP,NV,bldg,0.010952
37965,PANACA,37.663,-114.262,NEVP,NV,ind,0.004557
37965,PANACA,37.663,-114.262,NEVP,NV,rail,3e-06
37965,PANACA,37.663,-114.262,NEVP,NV,road,8.5e-05
37966,WEST WENDOVER,40.9177,-114.238,NEVP,NV,bldg,0.048651
37966,WEST WENDOVER,40.9177,-114.238,NEVP,NV,ind,0.020245
37966,WEST WENDOVER,40.9177,-114.238,NEVP,NV,rail,1.3e-05
37966,WEST WENDOVER,40.9177,-114.238,NEVP,NV,road,0.000378
37967,MESQUITE 1,36.8253,-114.12,NEVP,NV,bldg,0.18029
37967,MESQUITE 1,36.8253,-114.12,NEVP,NV,ind,0.075023
37967,MESQUITE 1,36.8253,-114.12,NEVP,NV,rail,4.8e-05
37967,MESQUITE 1,36.8253,-114.12,NEVP,NV,road,0.001402
37972,FALLON 2,39.2944,-118.573,NEVP,NV,bldg,0.003072
37972,FALLON 2,39.2944,-118.573,NEVP,NV,ind,0.001279
37972,FALLON 2,39.2944,-118.573,NEVP,NV,rail,1e-06
37972,FALLON 2,39.2944,-118.573,NEVP,NV,road,2.4e-05
37973,SPARKS 8,39.5603,-119.511,NEVP,NV,bldg,0.012108
37973,SPARKS 8,39.5603,-119.511,NEVP,NV,ind,0.005038
37973,SPARKS 8,39.5603,-119.511,NEVP,NV,rail,3e-06
37973,SPARKS 8,39.5603,-119.511,NEVP,NV,road,9.4e-05
37974,SEARCHLIGHT,35.4797,-114.936,NEVP,NV,bldg,0.01059
37974,SEARCHLIGHT,35.4797,-114.936,NEVP,NV,ind,0.004407
37974,SEARCHLIGHT,35.4797,-114.936,NEVP,NV,rail,3e-06
37974,SEARCHLIGHT,35.4797,-114.936,NEVP,NV,road,8.2e-05
37975,FALLON 3,39.796,-119.01,NEVP,NV,bldg,0.003687
37975,FALLON 3,39.796,-119.01,NEVP,NV,ind,0.001535
37975,FALLON 3,39.796,-119.01,NEVP,NV,rail,1e-06
37975,FALLON 3,39.796,-119.01,NEVP,NV,road,2.9e-05
37976,TUSCARORA,41.4828,-116.151,NEVP,NV,bldg,0.002205
37976,TUSCARORA,41.4828,-116.151,NEVP,NV,ind,0.000918
37976,TUSCARORA,41.4828,-116.151,NEVP,NV,rail,1e-06
37976,TUSCARORA,41.4828,-116.151,NEVP,NV,road,1.7e-05
37983,VALMY,40.8813,-117.152,NEVP,NV,bldg,0.004301
37983,VALMY,40.8813,-117.152,NEVP,NV,ind,0.001789
37983,VALMY,40.8813,-117.152,NEVP,NV,rail,1e-06
37983,VALMY,40.8813,-117.152,NEVP,NV,road,3.3e-05
37984,CRESCENT VALLEY,40.5547,-116.618,NEVP,NV,bldg,0.005241
37984,CRESCENT VALLEY,40.5547,-116.618,NEVP,NV,ind,0.002181
37984,CRESCENT VALLEY,40.5547,-116.618,NEVP,NV,rail,1e-06
37984,CRESCENT VALLEY,40.5547,-116.618,NEVP,NV,road,4.1e-05
37985,HENDERSON 15,36.0417,-115.012,NEVP,NV,phase1,0.039811
38008,NORTH LAS VEGAS 11,36.2319,-115.122,NEVP,NV,phase1,0.021709
38015,SAN LUIS 1,32.4567,-114.689,Arizona,AZ,bldg,0.155178
38015,SAN LUIS 1,32.4567,-114.689,Arizona,AZ,ind,0.023193
38015,SAN LUIS 1,32.4567,-114.689,Arizona,AZ,rail,2.2e-05
38015,SAN LUIS 1,32.4567,-114.689,Arizona,AZ,road,0.000845
38016,SAN LUIS 2,32.5779,-114.704,Arizona,AZ,bldg,0.163691
38016,SAN LUIS 2,32.5779,-114.704,Arizona,AZ,ind,0.024466
38016,SAN LUIS 2,32.5779,-114.704,Arizona,AZ,rail,2.3e-05
38016,SAN LUIS 2,32.5779,-114.704,Arizona,AZ,road,0.000891
38017,SOMERTON,32.605,-114.666,Arizona,AZ,bldg,0.257982
38017,SOMERTON,32.605,-114.666,Arizona,AZ,ind,0.038558
38017,SOMERTON,32.605,-114.666,Arizona,AZ,rail,3.6e-05
38017,SOMERTON,32.605,-114.666,Arizona,AZ,road,0.001405
38018,YUMA 1,32.6839,-114.616,Arizona,AZ,bldg,0.455481
38018,YUMA 1,32.6839,-114.616,Arizona,AZ,ind,0.068077
38018,YUMA 1,32.6839,-114.616,Arizona,AZ,rail,6.3e-05
38018,YUMA 1,32.6839,-114.616,Arizona,AZ,road,0.00248
38019,YUMA 2,32.7326,-114.672,Arizona,AZ,bldg,0.455481
38019,YUMA 2,32.7326,-114.672,Arizona,AZ,ind,0.068077
38019,YUMA 2,32.7326,-114.672,Arizona,AZ,rail,6.3e-05
38019,YUMA 2,32.7326,-114.672,Arizona,AZ,road,0.00248
38020,FORT MOHAVE,34.9171,-114.535,WALC,AZ,bldg,0.217054
38020,FORT MOHAVE,34.9171,-114.535,WALC,AZ,ind,0.104309
38020,FORT MOHAVE,34.9171,-114.535,WALC,AZ,rail,0.0011
38020,FORT MOHAVE,34.9171,-114.535,WALC,AZ,road,0.001515
38021,BULLHEAD CITY 1,35.0718,-114.464,WALC,AZ,bldg,0.259254
38021,BULLHEAD CITY 1,35.0718,-114.464,WALC,AZ,ind,0.124588
38021,BULLHEAD CITY 1,35.0718,-114.464,WALC,AZ,rail,0.001314
38021,BULLHEAD CITY 1,35.0718,-114.464,WALC,AZ,road,0.001809
38022,BULLHEAD CITY 2,35.1043,-114.602,WALC,AZ,bldg,0.259254
38022,BULLHEAD CITY 2,35.1043,-114.602,WALC,AZ,ind,0.124588
38022,BULLHEAD CITY 2,35.1043,-114.602,WALC,AZ,rail,0.001314
38022,BULLHEAD CITY 2,35.1043,-114.602,WALC,AZ,road,0.001809
38023,MOHAVE VALLEY 1,34.986,-114.581,WALC,AZ,bldg,0.107284
38023,MOHAVE VALLEY 1,34.986,-114.581,WALC,AZ,ind,0.051557
38023,MOHAVE VALLEY 1,34.986,-114.581,WALC,AZ,rail,0.000544
38023,MOHAVE VALLEY 1,34.986,-114.581,WALC,AZ,road,0.000749
38024,EHRENBERG,33.5377,-114.428,Arizona,AZ,bldg,0.021161
38024,EHRENBERG,33.5377,-114.428,Arizona,AZ,ind,0.003162
38024,EHRENBERG,33.5377,-114.428,Arizona,AZ,rail,3e-06
38024,EHRENBERG,33.5377,-114.428,Arizona,AZ,road,0.000115
38025,BULLHEAD CITY 3,35.2434,-114.546,WALC,AZ,bldg,0.111271
38025,BULLHEAD CITY 3,35.2434,-114.546,WALC,AZ,ind,0.053473
38025,BULLHEAD CITY 3,35.2434,-114.546,WALC,AZ,rail,0.000564
38025,BULLHEAD CITY 3,35.2434,-114.546,WALC,AZ,road,0.000777
38026,YUMA 3,32.742,-114.472,Arizona,AZ,bldg,0.248455
38026,YUMA 3,32.742,-114.472,Arizona,AZ,ind,0.037135
38026,YUMA 3,32.742,-114.472,Arizona,AZ,rail,3.5e-05
38026,YUMA 3,32.742,-114.472,Arizona,AZ,road,0.001353
38027,TOPOCK,34.7819,-114.33,WALC,AZ,bldg,0.032672
38027,TOPOCK,34.7819,-114.33,WALC,AZ,ind,0.015701
38027,TOPOCK,34.7819,-114.33,WALC,AZ,rail,0.000166
38027,TOPOCK,34.7819,-114.33,WALC,AZ,road,0.000228
38028,DOLAN SPRINGS,35.5803,-114.434,WALC,AZ,bldg,0.045617
38028,DOLAN SPRINGS,35.5803,-114.434,WALC,AZ,ind,0.021922
38028,DOLAN SPRINGS,35.5803,-114.434,WALC,AZ,rail,0.000231
38028,DOLAN SPRINGS,35.5803,-114.434,WALC,AZ,road,0.000318
38029,LAKE HAVASU CITY 1,34.5776,-114.363,WALC,AZ,bldg,0.245481
38029,LAKE HAVASU CITY 1,34.5776,-114.363,WALC,AZ,ind,0.117969
38029,LAKE HAVASU CITY 1,34.5776,-114.363,WALC,AZ,rail,0.001244
38029,LAKE HAVASU CITY 1,34.5776,-114.363,WALC,AZ,road,0.001713
38030,GOLDEN VALLEY 1,35.2648,-114.359,WALC,AZ,bldg,0.188007
38030,GOLDEN VALLEY 1,35.2648,-114.359,WALC,AZ,ind,0.09035
38030,GOLDEN VALLEY 1,35.2648,-114.359,WALC,AZ,rail,0.000953
38030,GOLDEN VALLEY 1,35.2648,-114.359,WALC,AZ,road,0.001312
38031,LAKE HAVASU CITY 2,34.588,-114.265,WALC,AZ,bldg,0.252315
38031,LAKE HAVASU CITY 2,34.588,-114.265,WALC,AZ,ind,0.121254
38031,LAKE HAVASU CITY 2,34.588,-114.265,WALC,AZ,rail,0.001279
38031,LAKE HAVASU CITY 2,34.588,-114.265,WALC,AZ,road,0.001761
38032,PARKER 1,34.0169,-114.251,Arizona,AZ,bldg,0.111235
38032,PARKER 1,34.0169,-114.251,Arizona,AZ,ind,0.016626
38032,PARKER 1,34.0169,-114.251,Arizona,AZ,rail,1.5e-05
38032,PARKER 1,34.0169,-114.251,Arizona,AZ,road,0.000606
38033,WELLTON,32.6905,-114.078,Arizona,AZ,bldg,0.069522
38033,WELLTON,32.6905,-114.078,Arizona,AZ,ind,0.010391
38033,WELLTON,32.6905,-114.078,Arizona,AZ,rail,1e-05
38033,WELLTON,32.6905,-114.078,Arizona,AZ,road,0.000379
38034,QUARTZSITE,33.7255,-114.164,Arizona,AZ,bldg,0.058901
38034,QUARTZSITE,33.7255,-114.164,Arizona,AZ,ind,0.008803
38034,QUARTZSITE,33.7255,-114.164,Arizona,AZ,rail,8e-06
38034,QUARTZSITE,33.7255,-114.164,Arizona,AZ,road,0.000321
38035,YUMA 4,33.0558,-114.105,Arizona,AZ,bldg,0.283115
38035,YUMA 4,33.0558,-114.105,Arizona,AZ,ind,0.042315
38035,YUMA 4,33.0558,-114.105,Arizona,AZ,rail,3.9e-05
38035,YUMA 4,33.0558,-114.105,Arizona,AZ,road,0.001542
38036,YUMA 5,33.0592,-114.06,Arizona,AZ,bldg,0.283115
38036,YUMA 5,33.0592,-114.06,Arizona,AZ,ind,0.042315
38036,YUMA 5,33.0592,-114.06,Arizona,AZ,rail,3.9e-05
38036,YUMA 5,33.0592,-114.06,Arizona,AZ,road,0.001542
38037,LAKE HAVASU CITY 3,34.3739,-114.106,WALC,AZ,bldg,0.383314
38037,LAKE HAVASU CITY 3,34.3739,-114.106,WALC,AZ,ind,0.184208
38037,LAKE HAVASU CITY 3,34.3739,-114.106,WALC,AZ,rail,0.001943
38037,LAKE HAVASU CITY 3,34.3739,-114.106,WALC,AZ,road,0.002675
38038,MEADVIEW,35.905,-114.071,WALC,AZ,bldg,0.021229
38038,MEADVIEW,35.905,-114.071,WALC,AZ,ind,0.010202
38038,MEADVIEW,35.905,-114.071,WALC,AZ,rail,0.000108
38038,MEADVIEW,35.905,-114.071,WALC,AZ,road,0.000148
38039,KINGMAN 1,35.3941,-114.021,WALC,AZ,bldg,0.205611
38039,KINGMAN 1,35.3941,-114.021,WALC,AZ,ind,0.098809
38039,KINGMAN 1,35.3941,-114.021,WALC,AZ,rail,0.001042
38039,KINGMAN 1,35.3941,-114.021,WALC,AZ,road,0.001435
38040,KINGMAN 2,35.3797,-114.07,WALC,AZ,bldg,0.205611
38040,KINGMAN 2,35.3797,-114.07,WALC,AZ,ind,0.098809
38040,KINGMAN 2,35.3797,-114.07,WALC,AZ,rail,0.001042
38040,KINGMAN 2,35.3797,-114.07,WALC,AZ,road,0.001435
38041,BOUSE,33.993,-113.963,Arizona,AZ,bldg,0.014756
38041,BOUSE,33.993,-113.963,Arizona,AZ,ind,0.002205
38041,BOUSE,33.993,-113.963,Arizona,AZ,rail,2e-06
38041,BOUSE,33.993,-113.963,Arizona,AZ,road,8e-05
38042,SALOME,33.6878,-113.624,Arizona,AZ,bldg,0.03389
38042,SALOME,33.6878,-113.624,Arizona,AZ,ind,0.005065
38042,SALOME,33.6878,-113.624,Arizona,AZ,rail,5e-06
38042,SALOME,33.6878,-113.624,Arizona,AZ,road,0.000185
38043,KINGMAN 3,35.0805,-113.673,WALC,AZ,bldg,0.377308
38043,KINGMAN 3,35.0805,-113.673,WALC,AZ,ind,0.181321
38043,KINGMAN 3,35.0805,-113.673,WALC,AZ,rail,0.001913
38043,KINGMAN 3,35.0805,-113.673,WALC,AZ,road,0.002633
38044,PEACH SPRINGS,35.5887,-113.58,WALC,AZ,bldg,0.027805
38044,PEACH SPRINGS,35.5887,-113.58,WALC,AZ,ind,0.013362
38044,PEACH SPRINGS,35.5887,-113.58,WALC,AZ,rail,0.000141
38044,PEACH SPRINGS,35.5887,-113.58,WALC,AZ,road,0.000194
38045,LITTLEFIELD,36.2669,-113.466,WALC,AZ,bldg,0.068658
38045,LITTLEFIELD,36.2669,-113.466,WALC,AZ,ind,0.032994
38045,LITTLEFIELD,36.2669,-113.466,WALC,AZ,rail,0.000348
38045,LITTLEFIELD,36.2669,-113.466,WALC,AZ,road,0.000479
38046,AGUILA,33.9827,-113.294,Arizona,AZ,bldg,0.023796
38046,AGUILA,33.9827,-113.294,Arizona,AZ,ind,0.003557
38046,AGUILA,33.9827,-113.294,Arizona,AZ,rail,3e-06
38046,AGUILA,33.9827,-113.294,Arizona,AZ,road,0.00013
38047,BAGDAD 1,34.4377,-113.004,Arizona,AZ,bldg,0.035065
38047,BAGDAD 1,34.4377,-113.004,Arizona,AZ,ind,0.005241
38047,BAGDAD 1,34.4377,-113.004,Arizona,AZ,rail,5e-06
38047,BAGDAD 1,34.4377,-113.004,Arizona,AZ,road,0.000191
38048,TONOPAH 2,33.3457,-113.053,Arizona,AZ,bldg,0.080792
38048,TONOPAH 2,33.3457,-113.053,Arizona,AZ,ind,0.012075
38048,TONOPAH 2,33.3457,-113.053,Arizona,AZ,rail,1.1e-05
38048,TONOPAH 2,33.3457,-113.053,Arizona,AZ,road,0.00044
38049,SELIGMAN,35.3467,-112.948,Arizona,AZ,bldg,0.015404
38049,SELIGMAN,35.3467,-112.948,Arizona,AZ,ind,0.002303
38049,SELIGMAN,35.3467,-112.948,Arizona,AZ,rail,2e-06
38049,SELIGMAN,35.3467,-112.948,Arizona,AZ,road,8.4e-05
38050,COLORADO CITY,36.9612,-113.093,WALC,AZ,bldg,0.094495
38050,COLORADO CITY,36.9612,-113.093,WALC,AZ,ind,0.045411
38050,COLORADO CITY,36.9612,-113.093,WALC,AZ,rail,0.000479
38050,COLORADO CITY,36.9612,-113.093,WALC,AZ,road,0.00066
38051,PRESCOTT 1,34.765,-112.895,Arizona,AZ,bldg,0.22012
38051,PRESCOTT 1,34.765,-112.895,Arizona,AZ,ind,0.0329
38051,PRESCOTT 1,34.765,-112.895,Arizona,AZ,rail,3.1e-05
38051,PRESCOTT 1,34.765,-112.895,Arizona,AZ,road,0.001199
38052,CONGRESS,34.0916,-112.999,Arizona,AZ,bldg,0.026106
38052,CONGRESS,34.0916,-112.999,Arizona,AZ,ind,0.003902
38052,CONGRESS,34.0916,-112.999,Arizona,AZ,rail,4e-06
38052,CONGRESS,34.0916,-112.999,Arizona,AZ,road,0.000142
38053,WICKENBURG,33.94,-112.877,Arizona,AZ,bldg,0.10483
38053,WICKENBURG,33.94,-112.877,Arizona,AZ,ind,0.015668
38053,WICKENBURG,33.94,-112.877,Arizona,AZ,rail,1.5e-05
38053,WICKENBURG,33.94,-112.877,Arizona,AZ,road,0.000571
38054,FREDONIA,36.7665,-112.836,WALC,AZ,bldg,0.034329
38054,FREDONIA,36.7665,-112.836,WALC,AZ,ind,0.016497
38054,FREDONIA,36.7665,-112.836,WALC,AZ,rail,0.000174
38054,FREDONIA,36.7665,-112.836,WALC,AZ,road,0.00024
38055,GILA BEND 1,33.0065,-112.783,Arizona,AZ,bldg,0.033971
38055,GILA BEND 1,33.0065,-112.783,Arizona,AZ,ind,0.005077
38055,GILA BEND 1,33.0065,-112.783,Arizona,AZ,rail,5e-06
38055,GILA BEND 1,33.0065,-112.783,Arizona,AZ,road,0.000185
38056,BUCKEYE 1,33.5298,-112.724,Arizona,AZ,bldg,0.147922
38056,BUCKEYE 1,33.5298,-112.724,Arizona,AZ,ind,0.022109
38056,BUCKEYE 1,33.5298,-112.724,Arizona,AZ,rail,2.1e-05
38056,BUCKEYE 1,33.5298,-112.724,Arizona,AZ,road,0.000805
38057,AJO,32.1788,-112.625,Arizona,AZ,bldg,0.054402
38057,AJO,32.1788,-112.625,Arizona,AZ,ind,0.008131
38057,AJO,32.1788,-112.625,Arizona,AZ,rail,8e-06
38057,AJO,32.1788,-112.625,Arizona,AZ,road,0.000296
38058,ASH FORK,35.2754,-112.565,Arizona,AZ,bldg,0.022904
38058,ASH FORK,35.2754,-112.565,Arizona,AZ,ind,0.003424
38058,ASH FORK,35.2754,-112.565,Arizona,AZ,rail,3e-06
38058,ASH FORK,35.2754,-112.565,Arizona,AZ,road,0.000125
38059,KIRKLAND 6,34.2662,-112.687,Arizona,AZ,bldg,0.019904
38059,KIRKLAND 6,34.2662,-112.687,Arizona,AZ,ind,0.002975
38059,KIRKLAND 6,34.2662,-112.687,Arizona,AZ,rail,3e-06
38059,KIRKLAND 6,34.2662,-112.687,Arizona,AZ,road,0.000108
38060,WITTMANN,33.7706,-112.522,Arizona,AZ,bldg,0.100655
38060,WITTMANN,33.7706,-112.522,Arizona,AZ,ind,0.015044
38060,WITTMANN,33.7706,-112.522,Arizona,AZ,rail,1.4e-05
38060,WITTMANN,33.7706,-112.522,Arizona,AZ,road,0.000548
38061,BUCKEYE 2,33.2216,-112.535,Arizona,AZ,bldg,0.31441
38061,BUCKEYE 2,33.2216,-112.535,Arizona,AZ,ind,0.046992
38061,BUCKEYE 2,33.2216,-112.535,Arizona,AZ,rail,4.4e-05
38061,BUCKEYE 2,33.2216,-112.535,Arizona,AZ,road,0.001712
38062,BUCKEYE 3,33.2906,-112.498,Arizona,AZ,bldg,0.316802
38062,BUCKEYE 3,33.2906,-112.498,Arizona,AZ,ind,0.04735
38062,BUCKEYE 3,33.2906,-112.498,Arizona,AZ,rail,4.4e-05
38062,BUCKEYE 3,33.2906,-112.498,Arizona,AZ,road,0.001725
38063,PAULDEN,35.0395,-112.545,Arizona,AZ,bldg,0.060644
38063,PAULDEN,35.0395,-112.545,Arizona,AZ,ind,0.009064
38063,PAULDEN,35.0395,-112.545,Arizona,AZ,rail,8e-06
38063,PAULDEN,35.0395,-112.545,Arizona,AZ,road,0.00033
38064,WADDELL,33.5746,-112.393,Arizona,AZ,bldg,0.10633
38064,WADDELL,33.5746,-112.393,Arizona,AZ,ind,0.015893
38064,WADDELL,33.5746,-112.393,Arizona,AZ,rail,1.5e-05
38064,WADDELL,33.5746,-112.393,Arizona,AZ,road,0.000579
38065,SURPRISE 1,33.6427,-112.443,Arizona,AZ,bldg,0.116424
38065,SURPRISE 1,33.6427,-112.443,Arizona,AZ,ind,0.017401
38065,SURPRISE 1,33.6427,-112.443,Arizona,AZ,rail,1.6e-05
38065,SURPRISE 1,33.6427,-112.443,Arizona,AZ,road,0.000634
38066,PRESCOTT 2,34.4511,-112.35,Arizona,AZ,bldg,0.207756
38066,PRESCOTT 2,34.4511,-112.35,Arizona,AZ,ind,0.031052
38066,PRESCOTT 2,34.4511,-112.35,Arizona,AZ,rail,2.9e-05
38066,PRESCOTT 2,34.4511,-112.35,Arizona,AZ,road,0.001131
38067,SURPRISE 2,33.6011,-112.357,Arizona,AZ,bldg,0.285669
38067,SURPRISE 2,33.6011,-112.357,Arizona,AZ,ind,0.042697
38067,SURPRISE 2,33.6011,-112.357,Arizona,AZ,rail,4e-05
38067,SURPRISE 2,33.6011,-112.357,Arizona,AZ,road,0.001556
38068,PRESCOTT 3,34.6071,-112.444,Arizona,AZ,bldg,0.253969
38068,PRESCOTT 3,34.6071,-112.444,Arizona,AZ,ind,0.037959
38068,PRESCOTT 3,34.6071,-112.444,Arizona,AZ,rail,3.5e-05
38068,PRESCOTT 3,34.6071,-112.444,Arizona,AZ,road,0.001383
38069,LITCHFIELD PARK 1,33.4971,-112.471,Arizona,AZ,bldg,0.177758
38069,LITCHFIELD PARK 1,33.4971,-112.471,Arizona,AZ,ind,0.026568
38069,LITCHFIELD PARK 1,33.4971,-112.471,Arizona,AZ,rail,2.5e-05
38069,LITCHFIELD PARK 1,33.4971,-112.471,Arizona,AZ,road,0.000968
38070,LITCHFIELD PARK 2,33.607,-112.426,Arizona,AZ,bldg,0.159678
38070,LITCHFIELD PARK 2,33.607,-112.426,Arizona,AZ,ind,0.023866
38070,LITCHFIELD PARK 2,33.607,-112.426,Arizona,AZ,rail,2.2e-05
38070,LITCHFIELD PARK 2,33.607,-112.426,Arizona,AZ,road,0.00087
38071,GOODYEAR 1,33.3403,-112.364,Arizona,AZ,bldg,0.249996
38071,GOODYEAR 1,33.3403,-112.364,Arizona,AZ,ind,0.037365
38071,GOODYEAR 1,33.3403,-112.364,Arizona,AZ,rail,3.5e-05
38071,GOODYEAR 1,33.3403,-112.364,Arizona,AZ,road,0.001361
38072,GOODYEAR 2,33.2883,-112.324,Arizona,AZ,bldg,0.249996
38072,GOODYEAR 2,33.2883,-112.324,Arizona,AZ,ind,0.037365
38072,GOODYEAR 2,33.2883,-112.324,Arizona,AZ,rail,3.5e-05
38072,GOODYEAR 2,33.2883,-112.324,Arizona,AZ,road,0.001361
38073,CHINO VALLEY 1,34.7375,-112.375,Arizona,AZ,bldg,0.192432
38073,CHINO VALLEY 1,34.7375,-112.375,Arizona,AZ,ind,0.028761
38073,CHINO VALLEY 1,34.7375,-112.375,Arizona,AZ,rail,2.7e-05
38073,CHINO VALLEY 1,34.7375,-112.375,Arizona,AZ,road,0.001048
38074,GOODYEAR 3,33.4306,-112.31,Arizona,AZ,bldg,0.157611
38074,GOODYEAR 3,33.4306,-112.31,Arizona,AZ,ind,0.023557
38074,GOODYEAR 3,33.4306,-112.31,Arizona,AZ,rail,2.2e-05
38074,GOODYEAR 3,33.4306,-112.31,Arizona,AZ,road,0.000858
38075,GOODYEAR 4,33.4749,-112.46,Arizona,AZ,bldg,0.157611
38075,GOODYEAR 4,33.4749,-112.46,Arizona,AZ,ind,0.023557
38075,GOODYEAR 4,33.4749,-112.46,Arizona,AZ,rail,2.2e-05
38075,GOODYEAR 4,33.4749,-112.46,Arizona,AZ,road,0.000858
38076,SURPRISE 3,33.5724,-112.449,Arizona,AZ,bldg,0.286683
38076,SURPRISE 3,33.5724,-112.449,Arizona,AZ,ind,0.042848
38076,SURPRISE 3,33.5724,-112.449,Arizona,AZ,rail,4e-05
38076,SURPRISE 3,33.5724,-112.449,Arizona,AZ,road,0.001561
38077,SURPRISE 4,33.6131,-112.34,Arizona,AZ,bldg,0.286683
38077,SURPRISE 4,33.6131,-112.34,Arizona,AZ,ind,0.042848
38077,SURPRISE 4,33.6131,-112.34,Arizona,AZ,rail,4e-05
38077,SURPRISE 4,33.6131,-112.34,Arizona,AZ,road,0.001561
38078,SURPRISE 5,33.529,-112.415,Arizona,AZ,bldg,0.241605
38078,SURPRISE 5,33.529,-112.415,Arizona,AZ,ind,0.036111
38078,SURPRISE 5,33.529,-112.415,Arizona,AZ,rail,3.4e-05
38078,SURPRISE 5,33.529,-112.415,Arizona,AZ,road,0.001316
38079,SURPRISE 6,33.6076,-112.275,Arizona,AZ,bldg,0.241605
38079,SURPRISE 6,33.6076,-112.275,Arizona,AZ,ind,0.036111
38079,SURPRISE 6,33.6076,-112.275,Arizona,AZ,rail,3.4e-05
38079,SURPRISE 6,33.6076,-112.275,Arizona,AZ,road,0.001316
38080,SUN CITY WEST 1,33.6732,-112.313,Arizona,AZ,bldg,0.168434
38080,SUN CITY WEST 1,33.6732,-112.313,Arizona,AZ,ind,0.025175
38080,SUN CITY WEST 1,33.6732,-112.313,Arizona,AZ,rail,2.3e-05
38080,SUN CITY WEST 1,33.6732,-112.313,Arizona,AZ,road,0.000917
38081,SUN CITY WEST 2,33.6222,-112.355,Arizona,AZ,bldg,0.168434
38081,SUN CITY WEST 2,33.6222,-112.355,Arizona,AZ,ind,0.025175
38081,SUN CITY WEST 2,33.6222,-112.355,Arizona,AZ,rail,2.3e-05
38081,SUN CITY WEST 2,33.6222,-112.355,Arizona,AZ,road,0.000917
38082,EL MIRAGE 1,33.6796,-112.273,Arizona,AZ,bldg,0.193284
38082,EL MIRAGE 1,33.6796,-112.273,Arizona,AZ,ind,0.028888
38082,EL MIRAGE 1,33.6796,-112.273,Arizona,AZ,rail,2.7e-05
38082,EL MIRAGE 1,33.6796,-112.273,Arizona,AZ,road,0.001052
38083,EL MIRAGE 2,33.6392,-112.342,Arizona,AZ,bldg,0.193284
38083,EL MIRAGE 2,33.6392,-112.342,Arizona,AZ,ind,0.028888
38083,EL MIRAGE 2,33.6392,-112.342,Arizona,AZ,rail,2.7e-05
38083,EL MIRAGE 2,33.6392,-112.342,Arizona,AZ,road,0.001052
38084,AVONDALE 1,33.4334,-112.376,Arizona,AZ,bldg,0.240226
38084,AVONDALE 1,33.4334,-112.376,Arizona,AZ,ind,0.035904
38084,AVONDALE 1,33.4334,-112.376,Arizona,AZ,rail,3.3e-05
38084,AVONDALE 1,33.4334,-112.376,Arizona,AZ,road,0.001308
38085,AVONDALE 2,33.3963,-112.257,Arizona,AZ,bldg,0.240226
38085,AVONDALE 2,33.3963,-112.257,Arizona,AZ,ind,0.035904
38085,AVONDALE 2,33.3963,-112.257,Arizona,AZ,rail,3.3e-05
38085,AVONDALE 2,33.3963,-112.257,Arizona,AZ,road,0.001308
38086,GLENDALE 9,33.5392,-112.273,Arizona,AZ,bldg,0.112249
38086,GLENDALE 9,33.5392,-112.273,Arizona,AZ,ind,0.016777
38086,GLENDALE 9,33.5392,-112.273,Arizona,AZ,rail,1.6e-05
38086,GLENDALE 9,33.5392,-112.273,Arizona,AZ,road,0.000611
38087,AVONDALE 3,33.3881,-112.287,Arizona,AZ,bldg,0.214688
38087,AVONDALE 3,33.3881,-112.287,Arizona,AZ,ind,0.032088
38087,AVONDALE 3,33.3881,-112.287,Arizona,AZ,rail,3e-05
38087,AVONDALE 3,33.3881,-112.287,Arizona,AZ,road,0.001169
38088,AVONDALE 4,33.5572,-112.252,Arizona,AZ,bldg,0.214688
38088,AVONDALE 4,33.5572,-112.252,Arizona,AZ,ind,0.032088
38088,AVONDALE 4,33.5572,-112.252,Arizona,AZ,rail,3e-05
38088,AVONDALE 4,33.5572,-112.252,Arizona,AZ,road,0.001169
38089,PRESCOTT VALLEY 1,34.7197,-112.222,Arizona,AZ,bldg,0.209174
38089,PRESCOTT VALLEY 1,34.7197,-112.222,Arizona,AZ,ind,0.031263
38089,PRESCOTT VALLEY 1,34.7197,-112.222,Arizona,AZ,rail,2.9e-05
38089,PRESCOTT VALLEY 1,34.7197,-112.222,Arizona,AZ,road,0.001139
38090,PRESCOTT VALLEY 2,34.6407,-112.338,Arizona,AZ,bldg,0.209174
38090,PRESCOTT VALLEY 2,34.6407,-112.338,Arizona,AZ,ind,0.031263
38090,PRESCOTT VALLEY 2,34.6407,-112.338,Arizona,AZ,rail,2.9e-05
38090,PRESCOTT VALLEY 2,34.6407,-112.338,Arizona,AZ,road,0.001139
38091,YOUNGTOWN,33.5712,-112.295,Arizona,AZ,bldg,0.074873
38091,YOUNGTOWN,33.5712,-112.295,Arizona,AZ,ind,0.01119
38091,YOUNGTOWN,33.5712,-112.295,Arizona,AZ,rail,1e-05
38091,YOUNGTOWN,33.5712,-112.295,Arizona,AZ,road,0.000408
38092,SUN CITY 5,33.6136,-112.295,Arizona,AZ,bldg,0.21108
38092,SUN CITY 5,33.6136,-112.295,Arizona,AZ,ind,0.031548
38092,SUN CITY 5,33.6136,-112.295,Arizona,AZ,rail,2.9e-05
38092,SUN CITY 5,33.6136,-112.295,Arizona,AZ,road,0.001149
38093,SUN CITY 6,33.6472,-112.363,Arizona,AZ,bldg,0.168961
38093,SUN CITY 6,33.6472,-112.363,Arizona,AZ,ind,0.025253
38093,SUN CITY 6,33.6472,-112.363,Arizona,AZ,rail,2.3e-05
38093,SUN CITY 6,33.6472,-112.363,Arizona,AZ,road,0.00092
38094,SUN CITY 7,33.6244,-112.328,Arizona,AZ,bldg,0.168961
38094,SUN CITY 7,33.6244,-112.328,Arizona,AZ,ind,0.025253
38094,SUN CITY 7,33.6244,-112.328,Arizona,AZ,rail,2.3e-05
38094,SUN CITY 7,33.6244,-112.328,Arizona,AZ,road,0.00092
38095,TOLLESON 1,33.435,-112.229,Arizona,AZ,bldg,0.188581
38095,TOLLESON 1,33.435,-112.229,Arizona,AZ,ind,0.028185
38095,TOLLESON 1,33.435,-112.229,Arizona,AZ,rail,2.6e-05
38095,TOLLESON 1,33.435,-112.229,Arizona,AZ,road,0.001027
38096,TOLLESON 2,33.4017,-112.241,Arizona,AZ,bldg,0.188581
38096,TOLLESON 2,33.4017,-112.241,Arizona,AZ,ind,0.028185
38096,TOLLESON 2,33.4017,-112.241,Arizona,AZ,rail,2.6e-05
38096,TOLLESON 2,33.4017,-112.241,Arizona,AZ,road,0.001027
38097,PRESCOTT VALLEY 3,34.7342,-112.257,Arizona,AZ,bldg,0.087967
38097,PRESCOTT VALLEY 3,34.7342,-112.257,Arizona,AZ,ind,0.013147
38097,PRESCOTT VALLEY 3,34.7342,-112.257,Arizona,AZ,rail,1.2e-05
38097,PRESCOTT VALLEY 3,34.7342,-112.257,Arizona,AZ,road,0.000479
38098,PHOENIX 2,33.464,-112.348,Arizona,AZ,bldg,0.272251
38098,PHOENIX 2,33.464,-112.348,Arizona,AZ,ind,0.040691
38098,PHOENIX 2,33.464,-112.348,Arizona,AZ,rail,3.8e-05
38098,PHOENIX 2,33.464,-112.348,Arizona,AZ,road,0.001482
38099,PHOENIX 3,33.5287,-112.28,Arizona,AZ,bldg,0.272251
38099,PHOENIX 3,33.5287,-112.28,Arizona,AZ,ind,0.040691
38099,PHOENIX 3,33.5287,-112.28,Arizona,AZ,rail,3.8e-05
38099,PHOENIX 3,33.5287,-112.28,Arizona,AZ,road,0.001482
38100,GLENDALE 10,33.5879,-112.189,Arizona,AZ,bldg,0.131626
38100,GLENDALE 10,33.5879,-112.189,Arizona,AZ,ind,0.019673
38100,GLENDALE 10,33.5879,-112.189,Arizona,AZ,rail,1.8e-05
38100,GLENDALE 10,33.5879,-112.189,Arizona,AZ,road,0.000717
38101,PEORIA 1,33.6525,-112.232,Arizona,AZ,bldg,0.245983
38101,PEORIA 1,33.6525,-112.232,Arizona,AZ,ind,0.036765
38101,PEORIA 1,33.6525,-112.232,Arizona,AZ,rail,3.4e-05
38101,PEORIA 1,33.6525,-112.232,Arizona,AZ,road,0.001339
38102,PEORIA 2,33.6839,-112.195,Arizona,AZ,bldg,0.245983
38102,PEORIA 2,33.6839,-112.195,Arizona,AZ,ind,0.036765
38102,PEORIA 2,33.6839,-112.195,Arizona,AZ,rail,3.4e-05
38102,PEORIA 2,33.6839,-112.195,Arizona,AZ,road,0.001339
38103,PEORIA 3,33.7358,-112.224,Arizona,AZ,bldg,0.226079
38103,PEORIA 3,33.7358,-112.224,Arizona,AZ,ind,0.03379
38103,PEORIA 3,33.7358,-112.224,Arizona,AZ,rail,3.1e-05
38103,PEORIA 3,33.7358,-112.224,Arizona,AZ,road,0.001231
38104,PEORIA 4,33.8047,-112.329,Arizona,AZ,bldg,0.226079
38104,PEORIA 4,33.8047,-112.329,Arizona,AZ,ind,0.03379
38104,PEORIA 4,33.8047,-112.329,Arizona,AZ,rail,3.1e-05
38104,PEORIA 4,33.8047,-112.329,Arizona,AZ,road,0.001231
38105,PEORIA 5,33.5405,-112.146,Arizona,AZ,bldg,0.341773
38105,PEORIA 5,33.5405,-112.146,Arizona,AZ,ind,0.051082
38105,PEORIA 5,33.5405,-112.146,Arizona,AZ,rail,4.7e-05
38105,PEORIA 5,33.5405,-112.146,Arizona,AZ,road,0.001861
38106,PEORIA 6,33.6576,-112.288,Arizona,AZ,bldg,0.341773
38106,PEORIA 6,33.6576,-112.288,Arizona,AZ,ind,0.051082
38106,PEORIA 6,33.6576,-112.288,Arizona,AZ,rail,4.7e-05
38106,PEORIA 6,33.6576,-112.288,Arizona,AZ,road,0.001861
38107,PEORIA 7,33.6375,-112.265,Arizona,AZ,bldg,0.294912
38107,PEORIA 7,33.6375,-112.265,Arizona,AZ,ind,0.044078
38107,PEORIA 7,33.6375,-112.265,Arizona,AZ,rail,4.1e-05
38107,PEORIA 7,33.6375,-112.265,Arizona,AZ,road,0.001606
38108,GLENDALE 11,33.4626,-112.201,Arizona,AZ,bldg,0.184325
38108,GLENDALE 11,33.4626,-112.201,Arizona,AZ,ind,0.02755
38108,GLENDALE 11,33.4626,-112.201,Arizona,AZ,rail,2.6e-05
38108,GLENDALE 11,33.4626,-112.201,Arizona,AZ,road,0.001004
38109,GLENDALE 12,33.4388,-112.17,Arizona,AZ,bldg,0.184325
38109,GLENDALE 12,33.4388,-112.17,Arizona,AZ,ind,0.02755
38109,GLENDALE 12,33.4388,-112.17,Arizona,AZ,rail,2.6e-05
38109,GLENDALE 12,33.4388,-112.17,Arizona,AZ,road,0.001004
38110,PHOENIX 4,33.3944,-112.214,Arizona,AZ,bldg,0.322518
38110,PHOENIX 4,33.3944,-112.214,Arizona,AZ,ind,0.048204
38110,PHOENIX 4,33.3944,-112.214,Arizona,AZ,rail,4.5e-05
38110,PHOENIX 4,33.3944,-112.214,Arizona,AZ,road,0.001756
38111,PHOENIX 5,33.4989,-112.158,Arizona,AZ,bldg,0.322518
38111,PHOENIX 5,33.4989,-112.158,Arizona,AZ,ind,0.048204
38111,PHOENIX 5,33.4989,-112.158,Arizona,AZ,rail,4.5e-05
38111,PHOENIX 5,33.4989,-112.158,Arizona,AZ,road,0.001756
38112,PHOENIX 6,33.4221,-112.17,Arizona,AZ,bldg,0.185825
38112,PHOENIX 6,33.4221,-112.17,Arizona,AZ,ind,0.027774
38112,PHOENIX 6,33.4221,-112.17,Arizona,AZ,rail,2.6e-05
38112,PHOENIX 6,33.4221,-112.17,Arizona,AZ,road,0.001012
38113,PHOENIX 7,33.4295,-112.261,Arizona,AZ,bldg,0.185825
38113,PHOENIX 7,33.4295,-112.261,Arizona,AZ,ind,0.027774
38113,PHOENIX 7,33.4295,-112.261,Arizona,AZ,rail,2.6e-05
38113,PHOENIX 7,33.4295,-112.261,Arizona,AZ,road,0.001012
38114,PHOENIX 8,33.5576,-112.287,Arizona,AZ,bldg,0.28875
38114,PHOENIX 8,33.5576,-112.287,Arizona,AZ,ind,0.043158
38114,PHOENIX 8,33.5576,-112.287,Arizona,AZ,rail,4e-05
38114,PHOENIX 8,33.5576,-112.287,Arizona,AZ,road,0.001572
38115,PHOENIX 9,33.5572,-112.24,Arizona,AZ,bldg,0.28875
38115,PHOENIX 9,33.5572,-112.24,Arizona,AZ,ind,0.043158
38115,PHOENIX 9,33.5572,-112.24,Arizona,AZ,rail,4e-05
38115,PHOENIX 9,33.5572,-112.24,Arizona,AZ,road,0.001572
38116,GLENDALE 13,33.6352,-112.194,Arizona,AZ,bldg,0.388392
38116,GLENDALE 13,33.6352,-112.194,Arizona,AZ,ind,0.05805
38116,GLENDALE 13,33.6352,-112.194,Arizona,AZ,rail,5.4e-05
38116,GLENDALE 13,33.6352,-112.194,Arizona,AZ,road,0.002115
38117,GLENDALE 14,33.7222,-112.143,Arizona,AZ,bldg,0.388392
38117,GLENDALE 14,33.7222,-112.143,Arizona,AZ,ind,0.05805
38117,GLENDALE 14,33.7222,-112.143,Arizona,AZ,rail,5.4e-05
38117,GLENDALE 14,33.7222,-112.143,Arizona,AZ,road,0.002115
38118,GLENDALE 15,33.6473,-112.134,Arizona,AZ,bldg,0.157367
38118,GLENDALE 15,33.6473,-112.134,Arizona,AZ,ind,0.023521
38118,GLENDALE 15,33.6473,-112.134,Arizona,AZ,rail,2.2e-05
38118,GLENDALE 15,33.6473,-112.134,Arizona,AZ,road,0.000857
38119,GLENDALE 16,33.526,-112.178,Arizona,AZ,bldg,0.157367
38119,GLENDALE 16,33.526,-112.178,Arizona,AZ,ind,0.023521
38119,GLENDALE 16,33.526,-112.178,Arizona,AZ,rail,2.2e-05
38119,GLENDALE 16,33.526,-112.178,Arizona,AZ,road,0.000857
38120,GLENDALE 17,33.5901,-112.158,Arizona,AZ,bldg,0.224417
38120,GLENDALE 17,33.5901,-112.158,Arizona,AZ,ind,0.033542
38120,GLENDALE 17,33.5901,-112.158,Arizona,AZ,rail,3.1e-05
38120,GLENDALE 17,33.5901,-112.158,Arizona,AZ,road,0.001222
38121,GLENDALE 18,33.5812,-112.196,Arizona,AZ,bldg,0.224417
38121,GLENDALE 18,33.5812,-112.196,Arizona,AZ,ind,0.033542
38121,GLENDALE 18,33.5812,-112.196,Arizona,AZ,rail,3.1e-05
38121,GLENDALE 18,33.5812,-112.196,Arizona,AZ,road,0.001222
38122,GLENDALE 19,33.5665,-112.169,Arizona,AZ,bldg,0.365812
38122,GLENDALE 19,33.5665,-112.169,Arizona,AZ,ind,0.054675
38122,GLENDALE 19,33.5665,-112.169,Arizona,AZ,rail,5.1e-05
38122,GLENDALE 19,33.5665,-112.169,Arizona,AZ,road,0.001992
38123,GLENDALE 20,33.511,-112.216,Arizona,AZ,bldg,0.365812
38123,GLENDALE 20,33.511,-112.216,Arizona,AZ,ind,0.054675
38123,GLENDALE 20,33.511,-112.216,Arizona,AZ,rail,5.1e-05
38123,GLENDALE 20,33.511,-112.216,Arizona,AZ,road,0.001992
38124,GLENDALE 21,33.6046,-112.259,Arizona,AZ,bldg,0.294182
38124,GLENDALE 21,33.6046,-112.259,Arizona,AZ,ind,0.043969
38124,GLENDALE 21,33.6046,-112.259,Arizona,AZ,rail,4.1e-05
38124,GLENDALE 21,33.6046,-112.259,Arizona,AZ,road,0.001602
38125,PHOENIX 10,33.5285,-112.199,Arizona,AZ,bldg,0.185419
38125,PHOENIX 10,33.5285,-112.199,Arizona,AZ,ind,0.027714
38125,PHOENIX 10,33.5285,-112.199,Arizona,AZ,rail,2.6e-05
38125,PHOENIX 10,33.5285,-112.199,Arizona,AZ,road,0.00101
38126,PHOENIX 11,33.4291,-112.103,Arizona,AZ,bldg,0.185419
38126,PHOENIX 11,33.4291,-112.103,Arizona,AZ,ind,0.027714
38126,PHOENIX 11,33.4291,-112.103,Arizona,AZ,rail,2.6e-05
38126,PHOENIX 11,33.4291,-112.103,Arizona,AZ,road,0.00101
38127,LAVEEN 1,33.3164,-112.138,Arizona,AZ,bldg,0.21639
38127,LAVEEN 1,33.3164,-112.138,Arizona,AZ,ind,0.032342
38127,LAVEEN 1,33.3164,-112.138,Arizona,AZ,rail,3e-05
38127,LAVEEN 1,33.3164,-112.138,Arizona,AZ,road,0.001178
38128,LAVEEN 2,33.1467,-112.071,Arizona,AZ,bldg,0.21639
38128,LAVEEN 2,33.1467,-112.071,Arizona,AZ,ind,0.032342
38128,LAVEEN 2,33.1467,-112.071,Arizona,AZ,rail,3e-05
38128,LAVEEN 2,33.1467,-112.071,Arizona,AZ,road,0.001178
38129,GLENDALE 22,33.6928,-112.082,Arizona,AZ,bldg,0.231146
38129,GLENDALE 22,33.6928,-112.082,Arizona,AZ,ind,0.034548
38129,GLENDALE 22,33.6928,-112.082,Arizona,AZ,rail,3.2e-05
38129,GLENDALE 22,33.6928,-112.082,Arizona,AZ,road,0.001259
38130,PHOENIX 12,33.7661,-112.155,Arizona,AZ,bldg,0.22016
38130,PHOENIX 12,33.7661,-112.155,Arizona,AZ,ind,0.032906
38130,PHOENIX 12,33.7661,-112.155,Arizona,AZ,rail,3.1e-05
38130,PHOENIX 12,33.7661,-112.155,Arizona,AZ,road,0.001199
38131,MARICOPA 2,32.9936,-112.208,Arizona,AZ,bldg,0.21866
38131,MARICOPA 2,32.9936,-112.208,Arizona,AZ,ind,0.032681
38131,MARICOPA 2,32.9936,-112.208,Arizona,AZ,rail,3e-05
38131,MARICOPA 2,32.9936,-112.208,Arizona,AZ,road,0.001191
38132,PHOENIX 13,33.5034,-112.062,Arizona,AZ,bldg,0.15226
38132,PHOENIX 13,33.5034,-112.062,Arizona,AZ,ind,0.022757
38132,PHOENIX 13,33.5034,-112.062,Arizona,AZ,rail,2.1e-05
38132,PHOENIX 13,33.5034,-112.062,Arizona,AZ,road,0.000829
38133,PHOENIX 14,33.5077,-112.226,Arizona,AZ,bldg,0.15226
38133,PHOENIX 14,33.5077,-112.226,Arizona,AZ,ind,0.022757
38133,PHOENIX 14,33.5077,-112.226,Arizona,AZ,rail,2.1e-05
38133,PHOENIX 14,33.5077,-112.226,Arizona,AZ,road,0.000829
38134,PHOENIX 15,33.5283,-112.205,Arizona,AZ,bldg,0.245496
38134,PHOENIX 15,33.5283,-112.205,Arizona,AZ,ind,0.036693
38134,PHOENIX 15,33.5283,-112.205,Arizona,AZ,rail,3.4e-05
38134,PHOENIX 15,33.5283,-112.205,Arizona,AZ,road,0.001337
38135,PHOENIX 16,33.6493,-112.135,Arizona,AZ,bldg,0.245496
38135,PHOENIX 16,33.6493,-112.135,Arizona,AZ,ind,0.036693
38135,PHOENIX 16,33.6493,-112.135,Arizona,AZ,rail,3.4e-05
38135,PHOENIX 16,33.6493,-112.135,Arizona,AZ,road,0.001337
38136,PHOENIX 17,33.667,-112.095,Arizona,AZ,bldg,0.173177
38136,PHOENIX 17,33.667,-112.095,Arizona,AZ,ind,0.025884
38136,PHOENIX 17,33.667,-112.095,Arizona,AZ,rail,2.4e-05
38136,PHOENIX 17,33.667,-112.095,Arizona,AZ,road,0.000943
38137,PHOENIX 18,33.6521,-112.075,Arizona,AZ,bldg,0.173177
38137,PHOENIX 18,33.6521,-112.075,Arizona,AZ,ind,0.025884
38137,PHOENIX 18,33.6521,-112.075,Arizona,AZ,rail,2.4e-05
38137,PHOENIX 18,33.6521,-112.075,Arizona,AZ,road,0.000943
38138,PHOENIX 19,33.4015,-112.16,Arizona,AZ,bldg,0.319356
38138,PHOENIX 19,33.4015,-112.16,Arizona,AZ,ind,0.047732
38138,PHOENIX 19,33.4015,-112.16,Arizona,AZ,rail,4.4e-05
38138,PHOENIX 19,33.4015,-112.16,Arizona,AZ,road,0.001739
38139,PHOENIX 20,33.3774,-112.196,Arizona,AZ,bldg,0.319356
38139,PHOENIX 20,33.3774,-112.196,Arizona,AZ,ind,0.047732
38139,PHOENIX 20,33.3774,-112.196,Arizona,AZ,rail,4.4e-05
38139,PHOENIX 20,33.3774,-112.196,Arizona,AZ,road,0.001739
38140,NEW RIVER,33.8677,-112.126,Arizona,AZ,bldg,0.093723
38140,NEW RIVER,33.8677,-112.126,Arizona,AZ,ind,0.014008
38140,NEW RIVER,33.8677,-112.126,Arizona,AZ,rail,1.3e-05
38140,NEW RIVER,33.8677,-112.126,Arizona,AZ,road,0.00051
38141,WILLIAMS 2,35.3844,-112.033,Arizona,AZ,bldg,0.087967
38141,WILLIAMS 2,35.3844,-112.033,Arizona,AZ,ind,0.013147
38141,WILLIAMS 2,35.3844,-112.033,Arizona,AZ,rail,1.2e-05
38141,WILLIAMS 2,35.3844,-112.033,Arizona,AZ,road,0.000479
38142,PHOENIX 21,33.5114,-112.047,Arizona,AZ,bldg,0.304235
38142,PHOENIX 21,33.5114,-112.047,Arizona,AZ,ind,0.045471
38142,PHOENIX 21,33.5114,-112.047,Arizona,AZ,rail,4.2e-05
38142,PHOENIX 21,33.5114,-112.047,Arizona,AZ,road,0.001657
38143,PHOENIX 22,33.4392,-112.087,Arizona,AZ,bldg,0.236375
38143,PHOENIX 22,33.4392,-112.087,Arizona,AZ,ind,0.035329
38143,PHOENIX 22,33.4392,-112.087,Arizona,AZ,rail,3.3e-05
38143,PHOENIX 22,33.4392,-112.087,Arizona,AZ,road,0.001287
38144,CLARKDALE,34.8017,-112.196,Arizona,AZ,bldg,0.056469
38144,CLARKDALE,34.8017,-112.196,Arizona,AZ,ind,0.00844
38144,CLARKDALE,34.8017,-112.196,Arizona,AZ,rail,8e-06
38144,CLARKDALE,34.8017,-112.196,Arizona,AZ,road,0.000307
38145,PHOENIX 23,33.8636,-112.05,Arizona,AZ,bldg,0.246226
38145,PHOENIX 23,33.8636,-112.05,Arizona,AZ,ind,0.036802
38145,PHOENIX 23,33.8636,-112.05,Arizona,AZ,rail,3.4e-05
38145,PHOENIX 23,33.8636,-112.05,Arizona,AZ,road,0.001341
38146,PHOENIX 24,33.7407,-112.12,Arizona,AZ,bldg,0.246226
38146,PHOENIX 24,33.7407,-112.12,Arizona,AZ,ind,0.036802
38146,PHOENIX 24,33.7407,-112.12,Arizona,AZ,rail,3.4e-05
38146,PHOENIX 24,33.7407,-112.12,Arizona,AZ,road,0.001341
38147,PHOENIX 25,33.3923,-112.026,Arizona,AZ,bldg,0.334112
38147,PHOENIX 25,33.3923,-112.026,Arizona,AZ,ind,0.049937
38147,PHOENIX 25,33.3923,-112.026,Arizona,AZ,rail,4.6e-05
38147,PHOENIX 25,33.3923,-112.026,Arizona,AZ,road,0.001819
38148,PHOENIX 26,33.4008,-112.14,Arizona,AZ,bldg,0.334112
38148,PHOENIX 26,33.4008,-112.14,Arizona,AZ,ind,0.049937
38148,PHOENIX 26,33.4008,-112.14,Arizona,AZ,rail,4.6e-05
38148,PHOENIX 26,33.4008,-112.14,Arizona,AZ,road,0.001819
38149,PHOENIX 27,33.6547,-112.183,Arizona,AZ,bldg,0.262887
38149,PHOENIX 27,33.6547,-112.183,Arizona,AZ,ind,0.039291
38149,PHOENIX 27,33.6547,-112.183,Arizona,AZ,rail,3.7e-05
38149,PHOENIX 27,33.6547,-112.183,Arizona,AZ,road,0.001432
38150,PHOENIX 28,33.5712,-112.144,Arizona,AZ,bldg,0.262887
38150,PHOENIX 28,33.5712,-112.144,Arizona,AZ,ind,0.039291
38150,PHOENIX 28,33.5712,-112.144,Arizona,AZ,rail,3.7e-05
38150,PHOENIX 28,33.5712,-112.144,Arizona,AZ,road,0.001432
38151,DEWEY,34.4912,-112.141,Arizona,AZ,bldg,0.122059
38151,DEWEY,34.4912,-112.141,Arizona,AZ,ind,0.018243
38151,DEWEY,34.4912,-112.141,Arizona,AZ,rail,1.7e-05
38151,DEWEY,34.4912,-112.141,Arizona,AZ,road,0.000665
38152,PHOENIX 29,33.3626,-112.11,Arizona,AZ,bldg,0.088007
38152,PHOENIX 29,33.3626,-112.11,Arizona,AZ,ind,0.013153
38152,PHOENIX 29,33.3626,-112.11,Arizona,AZ,rail,1.2e-05
38152,PHOENIX 29,33.3626,-112.11,Arizona,AZ,road,0.000479
38153,PHOENIX 30,33.5005,-112.008,Arizona,AZ,bldg,0.228916
38153,PHOENIX 30,33.5005,-112.008,Arizona,AZ,ind,0.034214
38153,PHOENIX 30,33.5005,-112.008,Arizona,AZ,rail,3.2e-05
38153,PHOENIX 30,33.5005,-112.008,Arizona,AZ,road,0.001247
38154,PHOENIX 31,33.4172,-112.034,Arizona,AZ,bldg,0.228916
38154,PHOENIX 31,33.4172,-112.034,Arizona,AZ,ind,0.034214
38154,PHOENIX 31,33.4172,-112.034,Arizona,AZ,rail,3.2e-05
38154,PHOENIX 31,33.4172,-112.034,Arizona,AZ,road,0.001247
38155,PHOENIX 32,33.6231,-112.125,Arizona,AZ,bldg,0.190162
38155,PHOENIX 32,33.6231,-112.125,Arizona,AZ,ind,0.028422
38155,PHOENIX 32,33.6231,-112.125,Arizona,AZ,rail,2.6e-05
38155,PHOENIX 32,33.6231,-112.125,Arizona,AZ,road,0.001035
38156,PHOENIX 33,33.6204,-112.136,Arizona,AZ,bldg,0.190162
38156,PHOENIX 33,33.6204,-112.136,Arizona,AZ,ind,0.028422
38156,PHOENIX 33,33.6204,-112.136,Arizona,AZ,rail,2.6e-05
38156,PHOENIX 33,33.6204,-112.136,Arizona,AZ,road,0.001035
38157,PHOENIX 34,33.5203,-111.995,Arizona,AZ,bldg,0.229484
38157,PHOENIX 34,33.5203,-111.995,Arizona,AZ,ind,0.034299
38157,PHOENIX 34,33.5203,-111.995,Arizona,AZ,rail,3.2e-05
38157,PHOENIX 34,33.5203,-111.995,Arizona,AZ,road,0.00125
38158,PHOENIX 35,33.4958,-112.018,Arizona,AZ,bldg,0.229484
38158,PHOENIX 35,33.4958,-112.018,Arizona,AZ,ind,0.034299
38158,PHOENIX 35,33.4958,-112.018,Arizona,AZ,rail,3.2e-05
38158,PHOENIX 35,33.4958,-112.018,Arizona,AZ,road,0.00125
38159,PHOENIX 36,33.6727,-112.015,Arizona,AZ,bldg,0.225835
38159,PHOENIX 36,33.6727,-112.015,Arizona,AZ,ind,0.033754
38159,PHOENIX 36,33.6727,-112.015,Arizona,AZ,rail,3.1e-05
38159,PHOENIX 36,33.6727,-112.015,Arizona,AZ,road,0.00123
38160,PHOENIX 37,33.6632,-112.13,Arizona,AZ,bldg,0.225835
38160,PHOENIX 37,33.6632,-112.13,Arizona,AZ,ind,0.033754
38160,PHOENIX 37,33.6632,-112.13,Arizona,AZ,rail,3.1e-05
38160,PHOENIX 37,33.6632,-112.13,Arizona,AZ,road,0.00123
38161,PHOENIX 38,33.4745,-112.03,Arizona,AZ,bldg,0.170745
38161,PHOENIX 38,33.4745,-112.03,Arizona,AZ,ind,0.02552
38161,PHOENIX 38,33.4745,-112.03,Arizona,AZ,rail,2.4e-05
38161,PHOENIX 38,33.4745,-112.03,Arizona,AZ,road,0.00093
38162,PHOENIX 39,33.7496,-111.991,Arizona,AZ,bldg,0.213026
38162,PHOENIX 39,33.7496,-111.991,Arizona,AZ,ind,0.031839
38162,PHOENIX 39,33.7496,-111.991,Arizona,AZ,rail,3e-05
38162,PHOENIX 39,33.7496,-111.991,Arizona,AZ,road,0.00116
38163,PHOENIX 40,33.4261,-112.154,Arizona,AZ,bldg,0.234875
38163,PHOENIX 40,33.4261,-112.154,Arizona,AZ,ind,0.035105
38163,PHOENIX 40,33.4261,-112.154,Arizona,AZ,rail,3.3e-05
38163,PHOENIX 40,33.4261,-112.154,Arizona,AZ,road,0.001279
38164,MAYER,34.3155,-112.162,Arizona,AZ,bldg,0.071873
38164,MAYER,34.3155,-112.162,Arizona,AZ,ind,0.010743
38164,MAYER,34.3155,-112.162,Arizona,AZ,rail,1e-05
38164,MAYER,34.3155,-112.162,Arizona,AZ,road,0.000391
38165,PHOENIX 41,33.5169,-112.086,Arizona,AZ,bldg,0.113951
38165,PHOENIX 41,33.5169,-112.086,Arizona,AZ,ind,0.017032
38165,PHOENIX 41,33.5169,-112.086,Arizona,AZ,rail,1.6e-05
38165,PHOENIX 41,33.5169,-112.086,Arizona,AZ,road,0.000621
38166,PHOENIX 42,33.5273,-112.023,Arizona,AZ,bldg,0.060361
38166,PHOENIX 42,33.5273,-112.023,Arizona,AZ,ind,0.009022
38166,PHOENIX 42,33.5273,-112.023,Arizona,AZ,rail,8e-06
38166,PHOENIX 42,33.5273,-112.023,Arizona,AZ,road,0.000329
38167,PHOENIX 43,33.5475,-112.012,Arizona,AZ,bldg,0.301398
38167,PHOENIX 43,33.5475,-112.012,Arizona,AZ,ind,0.045047
38167,PHOENIX 43,33.5475,-112.012,Arizona,AZ,rail,4.2e-05
38167,PHOENIX 43,33.5475,-112.012,Arizona,AZ,road,0.001641
38168,PHOENIX 44,33.2215,-112.157,Arizona,AZ,bldg,0.203378
38168,PHOENIX 44,33.2215,-112.157,Arizona,AZ,ind,0.030398
38168,PHOENIX 44,33.2215,-112.157,Arizona,AZ,rail,2.8e-05
38168,PHOENIX 44,33.2215,-112.157,Arizona,AZ,road,0.001107
38169,PHOENIX 45,33.3139,-111.981,Arizona,AZ,bldg,0.203378
38169,PHOENIX 45,33.3139,-111.981,Arizona,AZ,ind,0.030398
38169,PHOENIX 45,33.3139,-111.981,Arizona,AZ,rail,2.8e-05
38169,PHOENIX 45,33.3139,-111.981,Arizona,AZ,road,0.001107
38170,PHOENIX 46,33.607,-112.095,Arizona,AZ,bldg,0.199729
38170,PHOENIX 46,33.607,-112.095,Arizona,AZ,ind,0.029852
38170,PHOENIX 46,33.607,-112.095,Arizona,AZ,rail,2.8e-05
38170,PHOENIX 46,33.607,-112.095,Arizona,AZ,road,0.001088
38171,PHOENIX 47,33.5216,-111.979,Arizona,AZ,bldg,0.199729
38171,PHOENIX 47,33.5216,-111.979,Arizona,AZ,ind,0.029852
38171,PHOENIX 47,33.5216,-111.979,Arizona,AZ,rail,2.8e-05
38171,PHOENIX 47,33.5216,-111.979,Arizona,AZ,road,0.001088
38172,PHOENIX 48,33.5015,-112.002,Arizona,AZ,bldg,0.156516
38172,PHOENIX 48,33.5015,-112.002,Arizona,AZ,ind,0.023393
38172,PHOENIX 48,33.5015,-112.002,Arizona,AZ,rail,2.2e-05
38172,PHOENIX 48,33.5015,-112.002,Arizona,AZ,road,0.000852
38173,PHOENIX 49,33.374,-111.98,Arizona,AZ,bldg,0.156516
38173,PHOENIX 49,33.374,-111.98,Arizona,AZ,ind,0.023393
38173,PHOENIX 49,33.374,-111.98,Arizona,AZ,rail,2.2e-05
38173,PHOENIX 49,33.374,-111.98,Arizona,AZ,road,0.000852
38174,PHOENIX 50,33.6798,-112.076,Arizona,AZ,bldg,0.282102
38174,PHOENIX 50,33.6798,-112.076,Arizona,AZ,ind,0.042164
38174,PHOENIX 50,33.6798,-112.076,Arizona,AZ,rail,3.9e-05
38174,PHOENIX 50,33.6798,-112.076,Arizona,AZ,road,0.001536
38175,PHOENIX 51,33.6375,-112.043,Arizona,AZ,bldg,0.282102
38175,PHOENIX 51,33.6375,-112.043,Arizona,AZ,ind,0.042164
38175,PHOENIX 51,33.6375,-112.043,Arizona,AZ,rail,3.9e-05
38175,PHOENIX 51,33.6375,-112.043,Arizona,AZ,road,0.001536
38176,BLACK CANYON CITY,34.0833,-111.965,Arizona,AZ,bldg,0.035106
38176,BLACK CANYON CITY,34.0833,-111.965,Arizona,AZ,ind,0.005247
38176,BLACK CANYON CITY,34.0833,-111.965,Arizona,AZ,rail,5e-06
38176,BLACK CANYON CITY,34.0833,-111.965,Arizona,AZ,road,0.000191
38177,PHOENIX 52,33.4222,-112.027,Arizona,AZ,bldg,0.249064
38177,PHOENIX 52,33.4222,-112.027,Arizona,AZ,ind,0.037226
38177,PHOENIX 52,33.4222,-112.027,Arizona,AZ,rail,3.5e-05
38177,PHOENIX 52,33.4222,-112.027,Arizona,AZ,road,0.001356
38178,PHOENIX 53,33.4242,-111.978,Arizona,AZ,bldg,0.249064
38178,PHOENIX 53,33.4242,-111.978,Arizona,AZ,ind,0.037226
38178,PHOENIX 53,33.4242,-111.978,Arizona,AZ,rail,3.5e-05
38178,PHOENIX 53,33.4242,-111.978,Arizona,AZ,road,0.001356
38179,PHOENIX 54,33.7976,-112.061,Arizona,AZ,bldg,0.278453
38179,PHOENIX 54,33.7976,-112.061,Arizona,AZ,ind,0.041619
38179,PHOENIX 54,33.7976,-112.061,Arizona,AZ,rail,3.9e-05
38179,PHOENIX 54,33.7976,-112.061,Arizona,AZ,road,0.001516
38180,PHOENIX 55,33.3216,-112.123,Arizona,AZ,bldg,0.178487
38180,PHOENIX 55,33.3216,-112.123,Arizona,AZ,ind,0.026677
38180,PHOENIX 55,33.3216,-112.123,Arizona,AZ,rail,2.5e-05
38180,PHOENIX 55,33.3216,-112.123,Arizona,AZ,road,0.000972
38181,PHOENIX 56,33.4913,-112.082,Arizona,AZ,bldg,0.256198
38181,PHOENIX 56,33.4913,-112.082,Arizona,AZ,ind,0.038292
38181,PHOENIX 56,33.4913,-112.082,Arizona,AZ,rail,3.6e-05
38181,PHOENIX 56,33.4913,-112.082,Arizona,AZ,road,0.001395
38182,COTTONWOOD 2,34.7616,-112.015,Arizona,AZ,bldg,0.283885
38182,COTTONWOOD 2,34.7616,-112.015,Arizona,AZ,ind,0.04243
38182,COTTONWOOD 2,34.7616,-112.015,Arizona,AZ,rail,3.9e-05
38182,COTTONWOOD 2,34.7616,-112.015,Arizona,AZ,road,0.001546
38183,GRAND CANYON,36.111,-112.108,Arizona,AZ,bldg,0.032268
38183,GRAND CANYON,36.111,-112.108,Arizona,AZ,ind,0.004823
38183,GRAND CANYON,36.111,-112.108,Arizona,AZ,rail,4e-06
38183,GRAND CANYON,36.111,-112.108,Arizona,AZ,road,0.000176
38184,PHOENIX 57,33.4588,-112.042,Arizona,AZ,bldg,0.206094
38184,PHOENIX 57,33.4588,-112.042,Arizona,AZ,ind,0.030804
38184,PHOENIX 57,33.4588,-112.042,Arizona,AZ,rail,2.9e-05
38184,PHOENIX 57,33.4588,-112.042,Arizona,AZ,road,0.001122
38185,PHOENIX 58,33.4707,-112.018,Arizona,AZ,bldg,0.206094
38185,PHOENIX 58,33.4707,-112.018,Arizona,AZ,ind,0.030804
38185,PHOENIX 58,33.4707,-112.018,Arizona,AZ,rail,2.9e-05
38185,PHOENIX 58,33.4707,-112.018,Arizona,AZ,road,0.001122
38186,PHOENIX 59,33.297,-112.039,Arizona,AZ,bldg,0.231024
38186,PHOENIX 59,33.297,-112.039,Arizona,AZ,ind,0.034529
38186,PHOENIX 59,33.297,-112.039,Arizona,AZ,rail,3.2e-05
38186,PHOENIX 59,33.297,-112.039,Arizona,AZ,road,0.001258
38187,PHOENIX 60,33.422,-112.041,Arizona,AZ,bldg,0.231024
38187,PHOENIX 60,33.422,-112.041,Arizona,AZ,ind,0.034529
38187,PHOENIX 60,33.422,-112.041,Arizona,AZ,rail,3.2e-05
38187,PHOENIX 60,33.422,-112.041,Arizona,AZ,road,0.001258
38188,CHANDLER 1,33.2646,-111.986,Arizona,AZ,bldg,0.227254
38188,CHANDLER 1,33.2646,-111.986,Arizona,AZ,ind,0.033966
38188,CHANDLER 1,33.2646,-111.986,Arizona,AZ,rail,3.2e-05
38188,CHANDLER 1,33.2646,-111.986,Arizona,AZ,road,0.001237
38189,CHANDLER 2,33.1705,-112.073,Arizona,AZ,bldg,0.227254
38189,CHANDLER 2,33.1705,-112.073,Arizona,AZ,ind,0.033966
38189,CHANDLER 2,33.1705,-112.073,Arizona,AZ,rail,3.2e-05
38189,CHANDLER 2,33.1705,-112.073,Arizona,AZ,road,0.001237
38190,PHOENIX 61,33.6185,-112.07,Arizona,AZ,bldg,0.23297
38190,PHOENIX 61,33.6185,-112.07,Arizona,AZ,ind,0.03482
38190,PHOENIX 61,33.6185,-112.07,Arizona,AZ,rail,3.2e-05
38190,PHOENIX 61,33.6185,-112.07,Arizona,AZ,road,0.001269
38191,PHOENIX 62,33.5746,-112.098,Arizona,AZ,bldg,0.398202
38191,PHOENIX 62,33.5746,-112.098,Arizona,AZ,ind,0.059516
38191,PHOENIX 62,33.5746,-112.098,Arizona,AZ,rail,5.5e-05
38191,PHOENIX 62,33.5746,-112.098,Arizona,AZ,road,0.002168
38192,PHOENIX 63,33.5541,-111.935,Arizona,AZ,bldg,0.398202
38192,PHOENIX 63,33.5541,-111.935,Arizona,AZ,ind,0.059516
38192,PHOENIX 63,33.5541,-111.935,Arizona,AZ,rail,5.5e-05
38192,PHOENIX 63,33.5541,-111.935,Arizona,AZ,road,0.002168
38193,PHOENIX 64,33.6573,-111.961,Arizona,AZ,bldg,0.156475
38193,PHOENIX 64,33.6573,-111.961,Arizona,AZ,ind,0.023387
38193,PHOENIX 64,33.6573,-111.961,Arizona,AZ,rail,2.2e-05
38193,PHOENIX 64,33.6573,-111.961,Arizona,AZ,road,0.000852
38194,PHOENIX 65,33.6314,-112.043,Arizona,AZ,bldg,0.156475
38194,PHOENIX 65,33.6314,-112.043,Arizona,AZ,ind,0.023387
38194,PHOENIX 65,33.6314,-112.043,Arizona,AZ,rail,2.2e-05
38194,PHOENIX 65,33.6314,-112.043,Arizona,AZ,road,0.000852
38195,SELLS,31.9997,-112.008,Arizona,AZ,bldg,0.078927
38195,SELLS,31.9997,-112.008,Arizona,AZ,ind,0.011797
38195,SELLS,31.9997,-112.008,Arizona,AZ,rail,1.1e-05
38195,SELLS,31.9997,-112.008,Arizona,AZ,road,0.00043
38196,MARICOPA 3,32.9497,-111.937,Arizona,AZ,bldg,0.221133
38196,MARICOPA 3,32.9497,-111.937,Arizona,AZ,ind,0.033051
38196,MARICOPA 3,32.9497,-111.937,Arizona,AZ,rail,3.1e-05
38196,MARICOPA 3,32.9497,-111.937,Arizona,AZ,road,0.001204
38197,MARICOPA 4,33.0444,-112.068,Arizona,AZ,bldg,0.204513
38197,MARICOPA 4,33.0444,-112.068,Arizona,AZ,ind,0.030567
38197,MARICOPA 4,33.0444,-112.068,Arizona,AZ,rail,2.8e-05
38197,MARICOPA 4,33.0444,-112.068,Arizona,AZ,road,0.001114
38198,PHOENIX 66,33.5567,-111.926,Arizona,AZ,bldg,0.219309
38198,PHOENIX 66,33.5567,-111.926,Arizona,AZ,ind,0.032779
38198,PHOENIX 66,33.5567,-111.926,Arizona,AZ,rail,3e-05
38198,PHOENIX 66,33.5567,-111.926,Arizona,AZ,road,0.001194
38199,PHOENIX 67,33.6003,-111.976,Arizona,AZ,bldg,0.219309
38199,PHOENIX 67,33.6003,-111.976,Arizona,AZ,ind,0.032779
38199,PHOENIX 67,33.6003,-111.976,Arizona,AZ,rail,3e-05
38199,PHOENIX 67,33.6003,-111.976,Arizona,AZ,road,0.001194
38200,PHOENIX 68,33.4022,-112.033,Arizona,AZ,bldg,0.341408
38200,PHOENIX 68,33.4022,-112.033,Arizona,AZ,ind,0.051028
38200,PHOENIX 68,33.4022,-112.033,Arizona,AZ,rail,4.7e-05
38200,PHOENIX 68,33.4022,-112.033,Arizona,AZ,road,0.001859
38201,PHOENIX 69,33.4533,-112.014,Arizona,AZ,bldg,0.341408
38201,PHOENIX 69,33.4533,-112.014,Arizona,AZ,ind,0.051028
38201,PHOENIX 69,33.4533,-112.014,Arizona,AZ,rail,4.7e-05
38201,PHOENIX 69,33.4533,-112.014,Arizona,AZ,road,0.001859
38202,PARADISE VALLEY,33.4656,-111.93,Arizona,AZ,bldg,0.20731
38202,PARADISE VALLEY,33.4656,-111.93,Arizona,AZ,ind,0.030985
38202,PARADISE VALLEY,33.4656,-111.93,Arizona,AZ,rail,2.9e-05
38202,PARADISE VALLEY,33.4656,-111.93,Arizona,AZ,road,0.001129
38203,SCOTTSDALE 1,33.6017,-111.964,Arizona,AZ,bldg,0.278494
38203,SCOTTSDALE 1,33.6017,-111.964,Arizona,AZ,ind,0.041625
38203,SCOTTSDALE 1,33.6017,-111.964,Arizona,AZ,rail,3.9e-05
38203,SCOTTSDALE 1,33.6017,-111.964,Arizona,AZ,road,0.001516
38204,SCOTTSDALE 2,33.6768,-111.923,Arizona,AZ,bldg,0.278494
38204,SCOTTSDALE 2,33.6768,-111.923,Arizona,AZ,ind,0.041625
38204,SCOTTSDALE 2,33.6768,-111.923,Arizona,AZ,rail,3.9e-05
38204,SCOTTSDALE 2,33.6768,-111.923,Arizona,AZ,road,0.001516
38205,PHOENIX 70,33.7702,-111.982,Arizona,AZ,bldg,0.065468
38205,PHOENIX 70,33.7702,-111.982,Arizona,AZ,ind,0.009785
38205,PHOENIX 70,33.7702,-111.982,Arizona,AZ,rail,9e-06
38205,PHOENIX 70,33.7702,-111.982,Arizona,AZ,road,0.000356
38206,TEMPE 1,33.3545,-111.866,Arizona,AZ,bldg,0.200418
38206,TEMPE 1,33.3545,-111.866,Arizona,AZ,ind,0.029955
38206,TEMPE 1,33.3545,-111.866,Arizona,AZ,rail,2.8e-05
38206,TEMPE 1,33.3545,-111.866,Arizona,AZ,road,0.001091
38207,TEMPE 2,33.4335,-111.978,Arizona,AZ,bldg,0.348705
38207,TEMPE 2,33.4335,-111.978,Arizona,AZ,ind,0.052118
38207,TEMPE 2,33.4335,-111.978,Arizona,AZ,rail,4.8e-05
38207,TEMPE 2,33.4335,-111.978,Arizona,AZ,road,0.001899
38208,TEMPE 3,33.4811,-111.974,Arizona,AZ,bldg,0.348705
38208,TEMPE 3,33.4811,-111.974,Arizona,AZ,ind,0.052118
38208,TEMPE 3,33.4811,-111.974,Arizona,AZ,rail,4.8e-05
38208,TEMPE 3,33.4811,-111.974,Arizona,AZ,road,0.001899
38209,TEMPE 4,33.3084,-111.994,Arizona,AZ,bldg,0.295966
38209,TEMPE 4,33.3084,-111.994,Arizona,AZ,ind,0.044236
38209,TEMPE 4,33.3084,-111.994,Arizona,AZ,rail,4.1e-05
38209,TEMPE 4,33.3084,-111.994,Arizona,AZ,road,0.001612
38210,TEMPE 5,33.4202,-111.877,Arizona,AZ,bldg,0.295966
38210,TEMPE 5,33.4202,-111.877,Arizona,AZ,ind,0.044236
38210,TEMPE 5,33.4202,-111.877,Arizona,AZ,rail,4.1e-05
38210,TEMPE 5,33.4202,-111.877,Arizona,AZ,road,0.001612
38211,TEMPE 6,33.3284,-111.929,Arizona,AZ,bldg,0.272494
38211,TEMPE 6,33.3284,-111.929,Arizona,AZ,ind,0.040728
38211,TEMPE 6,33.3284,-111.929,Arizona,AZ,rail,3.8e-05
38211,TEMPE 6,33.3284,-111.929,Arizona,AZ,road,0.001484
38212,TEMPE 7,33.3184,-111.958,Arizona,AZ,bldg,0.272494
38212,TEMPE 7,33.3184,-111.958,Arizona,AZ,ind,0.040728
38212,TEMPE 7,33.3184,-111.958,Arizona,AZ,rail,3.8e-05
38212,TEMPE 7,33.3184,-111.958,Arizona,AZ,road,0.001484
38213,SCOTTSDALE 3,33.5579,-111.841,Arizona,AZ,bldg,0.209134
38213,SCOTTSDALE 3,33.5579,-111.841,Arizona,AZ,ind,0.031257
38213,SCOTTSDALE 3,33.5579,-111.841,Arizona,AZ,rail,2.9e-05
38213,SCOTTSDALE 3,33.5579,-111.841,Arizona,AZ,road,0.001139
38214,SCOTTSDALE 4,33.5401,-111.914,Arizona,AZ,bldg,0.209134
38214,SCOTTSDALE 4,33.5401,-111.914,Arizona,AZ,ind,0.031257
38214,SCOTTSDALE 4,33.5401,-111.914,Arizona,AZ,rail,2.9e-05
38214,SCOTTSDALE 4,33.5401,-111.914,Arizona,AZ,road,0.001139
38215,SCOTTSDALE 5,33.7482,-111.974,Arizona,AZ,bldg,0.13872
38215,SCOTTSDALE 5,33.7482,-111.974,Arizona,AZ,ind,0.020733
38215,SCOTTSDALE 5,33.7482,-111.974,Arizona,AZ,rail,1.9e-05
38215,SCOTTSDALE 5,33.7482,-111.974,Arizona,AZ,road,0.000755
38216,SCOTTSDALE 6,33.4133,-111.883,Arizona,AZ,bldg,0.162678
38216,SCOTTSDALE 6,33.4133,-111.883,Arizona,AZ,ind,0.024314
38216,SCOTTSDALE 6,33.4133,-111.883,Arizona,AZ,rail,2.3e-05
38216,SCOTTSDALE 6,33.4133,-111.883,Arizona,AZ,road,0.000886
38217,SCOTTSDALE 7,33.5001,-111.86,Arizona,AZ,bldg,0.162678
38217,SCOTTSDALE 7,33.5001,-111.86,Arizona,AZ,ind,0.024314
38217,SCOTTSDALE 7,33.5001,-111.86,Arizona,AZ,rail,2.3e-05
38217,SCOTTSDALE 7,33.5001,-111.86,Arizona,AZ,road,0.000886
38218,CAREFREE,33.8064,-111.925,Arizona,AZ,bldg,0.037092
38218,CAREFREE,33.8064,-111.925,Arizona,AZ,ind,0.005544
38218,CAREFREE,33.8064,-111.925,Arizona,AZ,rail,5e-06
38218,CAREFREE,33.8064,-111.925,Arizona,AZ,road,0.000202
38219,CAVE CREEK 1,33.923,-111.975,Arizona,AZ,bldg,0.163934
38219,CAVE CREEK 1,33.923,-111.975,Arizona,AZ,ind,0.024502
38219,CAVE CREEK 1,33.923,-111.975,Arizona,AZ,rail,2.3e-05
38219,CAVE CREEK 1,33.923,-111.975,Arizona,AZ,road,0.000893
38220,CAVE CREEK 2,33.9654,-112.008,Arizona,AZ,bldg,0.163934
38220,CAVE CREEK 2,33.9654,-112.008,Arizona,AZ,ind,0.024502
38220,CAVE CREEK 2,33.9654,-112.008,Arizona,AZ,rail,2.3e-05
38220,CAVE CREEK 2,33.9654,-112.008,Arizona,AZ,road,0.000893
38221,CORNVILLE,34.83,-111.859,Arizona,AZ,bldg,0.062671
38221,CORNVILLE,34.83,-111.859,Arizona,AZ,ind,0.009367
38221,CORNVILLE,34.83,-111.859,Arizona,AZ,rail,9e-06
38221,CORNVILLE,34.83,-111.859,Arizona,AZ,road,0.000341
38222,SCOTTSDALE 8,33.6333,-111.907,Arizona,AZ,bldg,0.283885
38222,SCOTTSDALE 8,33.6333,-111.907,Arizona,AZ,ind,0.04243
38222,SCOTTSDALE 8,33.6333,-111.907,Arizona,AZ,rail,3.9e-05
38222,SCOTTSDALE 8,33.6333,-111.907,Arizona,AZ,road,0.001546
38223,SCOTTSDALE 9,33.5482,-111.87,Arizona,AZ,bldg,0.219228
38223,SCOTTSDALE 9,33.5482,-111.87,Arizona,AZ,ind,0.032767
38223,SCOTTSDALE 9,33.5482,-111.87,Arizona,AZ,rail,3e-05
38223,SCOTTSDALE 9,33.5482,-111.87,Arizona,AZ,road,0.001194
38224,SCOTTSDALE 10,33.6174,-111.875,Arizona,AZ,bldg,0.219228
38224,SCOTTSDALE 10,33.6174,-111.875,Arizona,AZ,ind,0.032767
38224,SCOTTSDALE 10,33.6174,-111.875,Arizona,AZ,rail,3e-05
38224,SCOTTSDALE 10,33.6174,-111.875,Arizona,AZ,road,0.001194
38225,SCOTTSDALE 11,33.517,-111.819,Arizona,AZ,bldg,0.193446
38225,SCOTTSDALE 11,33.517,-111.819,Arizona,AZ,ind,0.028913
38225,SCOTTSDALE 11,33.517,-111.819,Arizona,AZ,rail,2.7e-05
38225,SCOTTSDALE 11,33.517,-111.819,Arizona,AZ,road,0.001053
38226,CHANDLER 3,33.2869,-111.927,Arizona,AZ,bldg,0.260211
38226,CHANDLER 3,33.2869,-111.927,Arizona,AZ,ind,0.038892
38226,CHANDLER 3,33.2869,-111.927,Arizona,AZ,rail,3.6e-05
38226,CHANDLER 3,33.2869,-111.927,Arizona,AZ,road,0.001417
38227,CHANDLER 4,33.2727,-111.788,Arizona,AZ,bldg,0.260211
38227,CHANDLER 4,33.2727,-111.788,Arizona,AZ,ind,0.038892
38227,CHANDLER 4,33.2727,-111.788,Arizona,AZ,rail,3.6e-05
38227,CHANDLER 4,33.2727,-111.788,Arizona,AZ,road,0.001417
38228,MESA 2,33.3299,-111.834,Arizona,AZ,bldg,0.226646
38228,MESA 2,33.3299,-111.834,Arizona,AZ,ind,0.033875
38228,MESA 2,33.3299,-111.834,Arizona,AZ,rail,3.1e-05
38228,MESA 2,33.3299,-111.834,Arizona,AZ,road,0.001234
38229,MESA 3,33.4716,-111.86,Arizona,AZ,bldg,0.226646
38229,MESA 3,33.4716,-111.86,Arizona,AZ,ind,0.033875
38229,MESA 3,33.4716,-111.86,Arizona,AZ,rail,3.1e-05
38229,MESA 3,33.4716,-111.86,Arizona,AZ,road,0.001234
38230,CHANDLER 5,33.1433,-111.806,Arizona,AZ,bldg,0.181325
38230,CHANDLER 5,33.1433,-111.806,Arizona,AZ,ind,0.027101
38230,CHANDLER 5,33.1433,-111.806,Arizona,AZ,rail,2.5e-05
38230,CHANDLER 5,33.1433,-111.806,Arizona,AZ,road,0.000987
38231,CHANDLER 6,33.3063,-111.905,Arizona,AZ,bldg,0.181325
38231,CHANDLER 6,33.3063,-111.905,Arizona,AZ,ind,0.027101
38231,CHANDLER 6,33.3063,-111.905,Arizona,AZ,rail,2.5e-05
38231,CHANDLER 6,33.3063,-111.905,Arizona,AZ,road,0.000987
38232,SEDONA 1,34.8862,-111.826,Arizona,AZ,bldg,0.137666
38232,SEDONA 1,34.8862,-111.826,Arizona,AZ,ind,0.020575
38232,SEDONA 1,34.8862,-111.826,Arizona,AZ,rail,1.9e-05
38232,SEDONA 1,34.8862,-111.826,Arizona,AZ,road,0.00075
38233,MESA 4,33.3376,-111.752,Arizona,AZ,bldg,0.280278
38233,MESA 4,33.3376,-111.752,Arizona,AZ,ind,0.041891
38233,MESA 4,33.3376,-111.752,Arizona,AZ,rail,3.9e-05
38233,MESA 4,33.3376,-111.752,Arizona,AZ,road,0.001526
38234,MESA 5,33.3563,-111.788,Arizona,AZ,bldg,0.280278
38234,MESA 5,33.3563,-111.788,Arizona,AZ,ind,0.041891
38234,MESA 5,33.3563,-111.788,Arizona,AZ,rail,3.9e-05
38234,MESA 5,33.3563,-111.788,Arizona,AZ,road,0.001526
38235,SCOTTSDALE 12,33.5849,-111.933,Arizona,AZ,bldg,0.060482
38235,SCOTTSDALE 12,33.5849,-111.933,Arizona,AZ,ind,0.00904
38235,SCOTTSDALE 12,33.5849,-111.933,Arizona,AZ,rail,8e-06
38235,SCOTTSDALE 12,33.5849,-111.933,Arizona,AZ,road,0.000329
38236,MESA 6,33.4239,-111.786,Arizona,AZ,bldg,0.221741
38236,MESA 6,33.4239,-111.786,Arizona,AZ,ind,0.033142
38236,MESA 6,33.4239,-111.786,Arizona,AZ,rail,3.1e-05
38236,MESA 6,33.4239,-111.786,Arizona,AZ,road,0.001207
38237,MESA 7,33.3698,-111.874,Arizona,AZ,bldg,0.221741
38237,MESA 7,33.3698,-111.874,Arizona,AZ,ind,0.033142
38237,MESA 7,33.3698,-111.874,Arizona,AZ,rail,3.1e-05
38237,MESA 7,33.3698,-111.874,Arizona,AZ,road,0.001207
38238,CHANDLER 7,33.217,-111.86,Arizona,AZ,bldg,0.263211
38238,CHANDLER 7,33.217,-111.86,Arizona,AZ,ind,0.03934
38238,CHANDLER 7,33.217,-111.86,Arizona,AZ,rail,3.7e-05
38238,CHANDLER 7,33.217,-111.86,Arizona,AZ,road,0.001433
38239,CHANDLER 8,33.3144,-111.767,Arizona,AZ,bldg,0.2367
38239,CHANDLER 8,33.3144,-111.767,Arizona,AZ,ind,0.035378
38239,CHANDLER 8,33.3144,-111.767,Arizona,AZ,rail,3.3e-05
38239,CHANDLER 8,33.3144,-111.767,Arizona,AZ,road,0.001289
38240,CHANDLER 9,33.3397,-111.763,Arizona,AZ,bldg,0.424511
38240,CHANDLER 9,33.3397,-111.763,Arizona,AZ,ind,0.063448
38240,CHANDLER 9,33.3397,-111.763,Arizona,AZ,rail,5.9e-05
38240,CHANDLER 9,33.3397,-111.763,Arizona,AZ,road,0.002312
38241,CHANDLER 10,33.2318,-111.798,Arizona,AZ,bldg,0.424511
38241,CHANDLER 10,33.2318,-111.798,Arizona,AZ,ind,0.063448
38241,CHANDLER 10,33.2318,-111.798,Arizona,AZ,rail,5.9e-05
38241,CHANDLER 10,33.2318,-111.798,Arizona,AZ,road,0.002312
38242,SCOTTSDALE 13,33.6526,-111.904,Arizona,AZ,bldg,0.226646
38242,SCOTTSDALE 13,33.6526,-111.904,Arizona,AZ,ind,0.033875
38242,SCOTTSDALE 13,33.6526,-111.904,Arizona,AZ,rail,3.1e-05
38242,SCOTTSDALE 13,33.6526,-111.904,Arizona,AZ,road,0.001234
38243,SCOTTSDALE 14,33.6006,-111.772,Arizona,AZ,bldg,0.226646
38243,SCOTTSDALE 14,33.6006,-111.772,Arizona,AZ,ind,0.033875
38243,SCOTTSDALE 14,33.6006,-111.772,Arizona,AZ,rail,3.1e-05
38243,SCOTTSDALE 14,33.6006,-111.772,Arizona,AZ,road,0.001234
38244,CASA GRANDE 1,32.7951,-111.79,Arizona,AZ,bldg,0.059671
38244,CASA GRANDE 1,32.7951,-111.79,Arizona,AZ,ind,0.008918
38244,CASA GRANDE 1,32.7951,-111.79,Arizona,AZ,rail,8e-06
38244,CASA GRANDE 1,32.7951,-111.79,Arizona,AZ,road,0.000325
38245,GILBERT 1,33.3974,-111.866,Arizona,AZ,bldg,0.22843
38245,GILBERT 1,33.3974,-111.866,Arizona,AZ,ind,0.034142
38245,GILBERT 1,33.3974,-111.866,Arizona,AZ,rail,3.2e-05
38245,GILBERT 1,33.3974,-111.866,Arizona,AZ,road,0.001244
38246,GILBERT 2,33.4526,-111.742,Arizona,AZ,bldg,0.22843
38246,GILBERT 2,33.4526,-111.742,Arizona,AZ,ind,0.034142
38246,GILBERT 2,33.4526,-111.742,Arizona,AZ,rail,3.2e-05
38246,GILBERT 2,33.4526,-111.742,Arizona,AZ,road,0.001244
38247,SCOTTSDALE 15,33.6836,-111.78,Arizona,AZ,bldg,0.260536
38247,SCOTTSDALE 15,33.6836,-111.78,Arizona,AZ,ind,0.038941
38247,SCOTTSDALE 15,33.6836,-111.78,Arizona,AZ,rail,3.6e-05
38247,SCOTTSDALE 15,33.6836,-111.78,Arizona,AZ,road,0.001419
38248,SCOTTSDALE 16,33.7787,-111.761,Arizona,AZ,bldg,0.137139
38248,SCOTTSDALE 16,33.7787,-111.761,Arizona,AZ,ind,0.020497
38248,SCOTTSDALE 16,33.7787,-111.761,Arizona,AZ,rail,1.9e-05
38248,SCOTTSDALE 16,33.7787,-111.761,Arizona,AZ,road,0.000747
38249,MESA 8,33.4282,-111.759,Arizona,AZ,bldg,0.216106
38249,MESA 8,33.4282,-111.759,Arizona,AZ,ind,0.0323
38249,MESA 8,33.4282,-111.759,Arizona,AZ,rail,3e-05
38249,MESA 8,33.4282,-111.759,Arizona,AZ,road,0.001177
38250,MESA 9,33.4003,-111.859,Arizona,AZ,bldg,0.216106
38250,MESA 9,33.4003,-111.859,Arizona,AZ,ind,0.0323
38250,MESA 9,33.4003,-111.859,Arizona,AZ,rail,3e-05
38250,MESA 9,33.4003,-111.859,Arizona,AZ,road,0.001177
38251,CAMP VERDE,34.524,-111.868,Arizona,AZ,bldg,0.139612
38251,CAMP VERDE,34.524,-111.868,Arizona,AZ,ind,0.020866
38251,CAMP VERDE,34.524,-111.868,Arizona,AZ,rail,1.9e-05
38251,CAMP VERDE,34.524,-111.868,Arizona,AZ,road,0.00076
38252,CHANDLER 11,33.2354,-111.838,Arizona,AZ,bldg,0.224417
38252,CHANDLER 11,33.2354,-111.838,Arizona,AZ,ind,0.033542
38252,CHANDLER 11,33.2354,-111.838,Arizona,AZ,rail,3.1e-05
38252,CHANDLER 11,33.2354,-111.838,Arizona,AZ,road,0.001222
38253,CHANDLER 12,33.2804,-111.767,Arizona,AZ,bldg,0.224417
38253,CHANDLER 12,33.2804,-111.767,Arizona,AZ,ind,0.033542
38253,CHANDLER 12,33.2804,-111.767,Arizona,AZ,rail,3.1e-05
38253,CHANDLER 12,33.2804,-111.767,Arizona,AZ,road,0.001222
38254,MESA 10,33.3342,-111.806,Arizona,AZ,bldg,0.370231
38254,MESA 10,33.3342,-111.806,Arizona,AZ,ind,0.055336
38254,MESA 10,33.3342,-111.806,Arizona,AZ,rail,5.1e-05
38254,MESA 10,33.3342,-111.806,Arizona,AZ,road,0.002016
38255,MESA 11,33.3181,-111.713,Arizona,AZ,bldg,0.370231
38255,MESA 11,33.3181,-111.713,Arizona,AZ,ind,0.055336
38255,MESA 11,33.3181,-111.713,Arizona,AZ,rail,5.1e-05
38255,MESA 11,33.3181,-111.713,Arizona,AZ,road,0.002016
38256,SEDONA 2,34.8281,-111.784,Arizona,AZ,bldg,0.085332
38256,SEDONA 2,34.8281,-111.784,Arizona,AZ,ind,0.012754
38256,SEDONA 2,34.8281,-111.784,Arizona,AZ,rail,1.2e-05
38256,SEDONA 2,34.8281,-111.784,Arizona,AZ,road,0.000465
38257,MESA 12,33.403,-111.794,Arizona,AZ,bldg,0.193365
38257,MESA 12,33.403,-111.794,Arizona,AZ,ind,0.028901
38257,MESA 12,33.403,-111.794,Arizona,AZ,rail,2.7e-05
38257,MESA 12,33.403,-111.794,Arizona,AZ,road,0.001053
38258,MESA 13,33.4282,-111.749,Arizona,AZ,bldg,0.193365
38258,MESA 13,33.4282,-111.749,Arizona,AZ,ind,0.028901
38258,MESA 13,33.4282,-111.749,Arizona,AZ,rail,2.7e-05
38258,MESA 13,33.4282,-111.749,Arizona,AZ,road,0.001053
38259,CASA GRANDE 2,32.83,-111.712,Arizona,AZ,bldg,0.309748
38259,CASA GRANDE 2,32.83,-111.712,Arizona,AZ,ind,0.046295
38259,CASA GRANDE 2,32.83,-111.712,Arizona,AZ,rail,4.3e-05
38259,CASA GRANDE 2,32.83,-111.712,Arizona,AZ,road,0.001687
38260,CASA GRANDE 3,32.9914,-111.721,Arizona,AZ,bldg,0.309748
38260,CASA GRANDE 3,32.9914,-111.721,Arizona,AZ,ind,0.046295
38260,CASA GRANDE 3,32.9914,-111.721,Arizona,AZ,rail,4.3e-05
38260,CASA GRANDE 3,32.9914,-111.721,Arizona,AZ,road,0.001687
38261,FOUNTAIN HILLS,33.6384,-111.817,Arizona,AZ,bldg,0.275859
38261,FOUNTAIN HILLS,33.6384,-111.817,Arizona,AZ,ind,0.04123
38261,FOUNTAIN HILLS,33.6384,-111.817,Arizona,AZ,rail,3.8e-05
38261,FOUNTAIN HILLS,33.6384,-111.817,Arizona,AZ,road,0.001502
38262,GILBERT 3,33.3406,-111.836,Arizona,AZ,bldg,0.233092
38262,GILBERT 3,33.3406,-111.836,Arizona,AZ,ind,0.034838
38262,GILBERT 3,33.3406,-111.836,Arizona,AZ,rail,3.2e-05
38262,GILBERT 3,33.3406,-111.836,Arizona,AZ,road,0.001269
38263,GILBERT 4,33.3386,-111.789,Arizona,AZ,bldg,0.233092
38263,GILBERT 4,33.3386,-111.789,Arizona,AZ,ind,0.034838
38263,GILBERT 4,33.3386,-111.789,Arizona,AZ,rail,3.2e-05
38263,GILBERT 4,33.3386,-111.789,Arizona,AZ,road,0.001269
38264,GILBERT 5,33.2492,-111.826,Arizona,AZ,bldg,0.223768
38264,GILBERT 5,33.2492,-111.826,Arizona,AZ,ind,0.033445
38264,GILBERT 5,33.2492,-111.826,Arizona,AZ,rail,3.1e-05
38264,GILBERT 5,33.2492,-111.826,Arizona,AZ,road,0.001218
38265,GILBERT 6,33.4089,-111.722,Arizona,AZ,bldg,0.223768
38265,GILBERT 6,33.4089,-111.722,Arizona,AZ,ind,0.033445
38265,GILBERT 6,33.4089,-111.722,Arizona,AZ,rail,3.1e-05
38265,GILBERT 6,33.4089,-111.722,Arizona,AZ,road,0.001218
38266,GILBERT 7,33.3705,-111.641,Arizona,AZ,bldg,0.304114
38266,GILBERT 7,33.3705,-111.641,Arizona,AZ,ind,0.045453
38266,GILBERT 7,33.3705,-111.641,Arizona,AZ,rail,4.2e-05
38266,GILBERT 7,33.3705,-111.641,Arizona,AZ,road,0.001656
38267,GILBERT 8,33.3311,-111.76,Arizona,AZ,bldg,0.304114
38267,GILBERT 8,33.3311,-111.76,Arizona,AZ,ind,0.045453
38267,GILBERT 8,33.3311,-111.76,Arizona,AZ,rail,4.2e-05
38267,GILBERT 8,33.3311,-111.76,Arizona,AZ,road,0.001656
38268,SACATON,33.1834,-111.764,Arizona,AZ,bldg,0.055253
38268,SACATON,33.1834,-111.764,Arizona,AZ,ind,0.008258
38268,SACATON,33.1834,-111.764,Arizona,AZ,rail,8e-06
38268,SACATON,33.1834,-111.764,Arizona,AZ,road,0.000301
38269,GILBERT 9,33.2678,-111.663,Arizona,AZ,bldg,0.164056
38269,GILBERT 9,33.2678,-111.663,Arizona,AZ,ind,0.02452
38269,GILBERT 9,33.2678,-111.663,Arizona,AZ,rail,2.3e-05
38269,GILBERT 9,33.2678,-111.663,Arizona,AZ,road,0.000893
38270,GILBERT 10,33.342,-111.674,Arizona,AZ,bldg,0.164056
38270,GILBERT 10,33.342,-111.674,Arizona,AZ,ind,0.02452
38270,GILBERT 10,33.342,-111.674,Arizona,AZ,rail,2.3e-05
38270,GILBERT 10,33.342,-111.674,Arizona,AZ,road,0.000893
38271,GILBERT 11,33.302,-111.721,Arizona,AZ,bldg,0.261225
38271,GILBERT 11,33.302,-111.721,Arizona,AZ,ind,0.039043
38271,GILBERT 11,33.302,-111.721,Arizona,AZ,rail,3.6e-05
38271,GILBERT 11,33.302,-111.721,Arizona,AZ,road,0.001422
38272,MESA 14,33.3657,-111.71,Arizona,AZ,bldg,0.242375
38272,MESA 14,33.3657,-111.71,Arizona,AZ,ind,0.036226
38272,MESA 14,33.3657,-111.71,Arizona,AZ,rail,3.4e-05
38272,MESA 14,33.3657,-111.71,Arizona,AZ,road,0.00132
38273,MESA 15,33.472,-111.679,Arizona,AZ,bldg,0.242375
38273,MESA 15,33.472,-111.679,Arizona,AZ,ind,0.036226
38273,MESA 15,33.472,-111.679,Arizona,AZ,rail,3.4e-05
38273,MESA 15,33.472,-111.679,Arizona,AZ,road,0.00132
38274,MESA 16,33.4028,-111.778,Arizona,AZ,bldg,0.201594
38274,MESA 16,33.4028,-111.778,Arizona,AZ,ind,0.03013
38274,MESA 16,33.4028,-111.778,Arizona,AZ,rail,2.8e-05
38274,MESA 16,33.4028,-111.778,Arizona,AZ,road,0.001098
38275,MESA 17,33.3938,-111.656,Arizona,AZ,bldg,0.201594
38275,MESA 17,33.3938,-111.656,Arizona,AZ,ind,0.03013
38275,MESA 17,33.3938,-111.656,Arizona,AZ,rail,2.8e-05
38275,MESA 17,33.3938,-111.656,Arizona,AZ,road,0.001098
38276,ARIZONA CITY,32.6673,-111.654,Arizona,AZ,bldg,0.129842
38276,ARIZONA CITY,32.6673,-111.654,Arizona,AZ,ind,0.019407
38276,ARIZONA CITY,32.6673,-111.654,Arizona,AZ,rail,1.8e-05
38276,ARIZONA CITY,32.6673,-111.654,Arizona,AZ,road,0.000707
38277,RIMROCK,34.6564,-111.663,Arizona,AZ,bldg,0.067009
38277,RIMROCK,34.6564,-111.663,Arizona,AZ,ind,0.010016
38277,RIMROCK,34.6564,-111.663,Arizona,AZ,rail,9e-06
38277,RIMROCK,34.6564,-111.663,Arizona,AZ,road,0.000365
38278,FLAGSTAFF 1,35.0951,-111.592,Arizona,AZ,bldg,0.078603
38278,FLAGSTAFF 1,35.0951,-111.592,Arizona,AZ,ind,0.011748
38278,FLAGSTAFF 1,35.0951,-111.592,Arizona,AZ,rail,1.1e-05
38278,FLAGSTAFF 1,35.0951,-111.592,Arizona,AZ,road,0.000428
38279,FLAGSTAFF 2,35.3274,-111.547,Arizona,AZ,bldg,0.247928
38279,FLAGSTAFF 2,35.3274,-111.547,Arizona,AZ,ind,0.037056
38279,FLAGSTAFF 2,35.3274,-111.547,Arizona,AZ,rail,3.4e-05
38279,FLAGSTAFF 2,35.3274,-111.547,Arizona,AZ,road,0.00135
38280,FLAGSTAFF 3,35.3292,-111.618,Arizona,AZ,bldg,0.247928
38280,FLAGSTAFF 3,35.3292,-111.618,Arizona,AZ,ind,0.037056
38280,FLAGSTAFF 3,35.3292,-111.618,Arizona,AZ,rail,3.4e-05
38280,FLAGSTAFF 3,35.3292,-111.618,Arizona,AZ,road,0.00135
38281,MESA 18,33.3579,-111.695,Arizona,AZ,bldg,0.227295
38281,MESA 18,33.3579,-111.695,Arizona,AZ,ind,0.033972
38281,MESA 18,33.3579,-111.695,Arizona,AZ,rail,3.2e-05
38281,MESA 18,33.3579,-111.695,Arizona,AZ,road,0.001238
38282,MESA 19,33.3498,-111.703,Arizona,AZ,bldg,0.227295
38282,MESA 19,33.3498,-111.703,Arizona,AZ,ind,0.033972
38282,MESA 19,33.3498,-111.703,Arizona,AZ,rail,3.2e-05
38282,MESA 19,33.3498,-111.703,Arizona,AZ,road,0.001238
38283,QUEEN CREEK 1,33.2014,-111.718,Arizona,AZ,bldg,0.297141
38283,QUEEN CREEK 1,33.2014,-111.718,Arizona,AZ,ind,0.044412
38283,QUEEN CREEK 1,33.2014,-111.718,Arizona,AZ,rail,4.1e-05
38283,QUEEN CREEK 1,33.2014,-111.718,Arizona,AZ,road,0.001618
38284,QUEEN CREEK 2,33.1485,-111.662,Arizona,AZ,bldg,0.297141
38284,QUEEN CREEK 2,33.1485,-111.662,Arizona,AZ,ind,0.044412
38284,QUEEN CREEK 2,33.1485,-111.662,Arizona,AZ,rail,4.1e-05
38284,QUEEN CREEK 2,33.1485,-111.662,Arizona,AZ,road,0.001618
38285,MESA 20,33.3974,-111.684,Arizona,AZ,bldg,0.272089
38285,MESA 20,33.3974,-111.684,Arizona,AZ,ind,0.040667
38285,MESA 20,33.3974,-111.684,Arizona,AZ,rail,3.8e-05
38285,MESA 20,33.3974,-111.684,Arizona,AZ,road,0.001482
38286,MESA 21,33.4065,-111.637,Arizona,AZ,bldg,0.272089
38286,MESA 21,33.4065,-111.637,Arizona,AZ,ind,0.040667
38286,MESA 21,33.4065,-111.637,Arizona,AZ,rail,3.8e-05
38286,MESA 21,33.4065,-111.637,Arizona,AZ,road,0.001482
38287,MESA 22,33.2312,-111.656,Arizona,AZ,bldg,0.297871
38287,MESA 22,33.2312,-111.656,Arizona,AZ,ind,0.04452
38287,MESA 22,33.2312,-111.656,Arizona,AZ,rail,4.1e-05
38287,MESA 22,33.2312,-111.656,Arizona,AZ,road,0.001622
38288,CASA GRANDE 4,32.9418,-111.726,Arizona,AZ,bldg,0.081724
38288,CASA GRANDE 4,32.9418,-111.726,Arizona,AZ,ind,0.012215
38288,CASA GRANDE 4,32.9418,-111.726,Arizona,AZ,rail,1.1e-05
38288,CASA GRANDE 4,32.9418,-111.726,Arizona,AZ,road,0.000445
38289,MESA 23,33.4768,-111.566,Arizona,AZ,bldg,0.211364
38289,MESA 23,33.4768,-111.566,Arizona,AZ,ind,0.031591
38289,MESA 23,33.4768,-111.566,Arizona,AZ,rail,2.9e-05
38289,MESA 23,33.4768,-111.566,Arizona,AZ,road,0.001151
38290,MESA 24,33.3575,-111.532,Arizona,AZ,bldg,0.211364
38290,MESA 24,33.3575,-111.532,Arizona,AZ,ind,0.031591
38290,MESA 24,33.3575,-111.532,Arizona,AZ,rail,2.9e-05
38290,MESA 24,33.3575,-111.532,Arizona,AZ,road,0.001151
38291,MESA 25,33.432,-111.505,Arizona,AZ,bldg,0.194135
38291,MESA 25,33.432,-111.505,Arizona,AZ,ind,0.029015
38291,MESA 25,33.432,-111.505,Arizona,AZ,rail,2.7e-05
38291,MESA 25,33.432,-111.505,Arizona,AZ,road,0.001057
38292,APACHE JUNCTION 1,33.4661,-111.62,Arizona,AZ,bldg,0.171272
38292,APACHE JUNCTION 1,33.4661,-111.62,Arizona,AZ,ind,0.025599
38292,APACHE JUNCTION 1,33.4661,-111.62,Arizona,AZ,rail,2.4e-05
38292,APACHE JUNCTION 1,33.4661,-111.62,Arizona,AZ,road,0.000933
38293,APACHE JUNCTION 2,33.4078,-111.566,Arizona,AZ,bldg,0.171272
38293,APACHE JUNCTION 2,33.4078,-111.566,Arizona,AZ,ind,0.025599
38293,APACHE JUNCTION 2,33.4078,-111.566,Arizona,AZ,rail,2.4e-05
38293,APACHE JUNCTION 2,33.4078,-111.566,Arizona,AZ,road,0.000933
38294,PINE 1,34.2744,-111.503,Arizona,AZ,bldg,0.035876
38294,PINE 1,34.2744,-111.503,Arizona,AZ,ind,0.005362
38294,PINE 1,34.2744,-111.503,Arizona,AZ,rail,5e-06
38294,PINE 1,34.2744,-111.503,Arizona,AZ,road,0.000195
38295,ELOY,32.6181,-111.526,Arizona,AZ,bldg,0.22539
38295,ELOY,32.6181,-111.526,Arizona,AZ,ind,0.033687
38295,ELOY,32.6181,-111.526,Arizona,AZ,rail,3.1e-05
38295,ELOY,32.6181,-111.526,Arizona,AZ,road,0.001227
38296,SAN TAN VALLEY 1,33.1472,-111.539,Arizona,AZ,bldg,0.223241
38296,SAN TAN VALLEY 1,33.1472,-111.539,Arizona,AZ,ind,0.033366
38296,SAN TAN VALLEY 1,33.1472,-111.539,Arizona,AZ,rail,3.1e-05
38296,SAN TAN VALLEY 1,33.1472,-111.539,Arizona,AZ,road,0.001216
38297,SAN TAN VALLEY 2,33.3376,-111.59,Arizona,AZ,bldg,0.223241
38297,SAN TAN VALLEY 2,33.3376,-111.59,Arizona,AZ,ind,0.033366
38297,SAN TAN VALLEY 2,33.3376,-111.59,Arizona,AZ,rail,3.1e-05
38297,SAN TAN VALLEY 2,33.3376,-111.59,Arizona,AZ,road,0.001216
38298,COOLIDGE,32.9302,-111.514,Arizona,AZ,bldg,0.180271
38298,COOLIDGE,32.9302,-111.514,Arizona,AZ,ind,0.026944
38298,COOLIDGE,32.9302,-111.514,Arizona,AZ,rail,2.5e-05
38298,COOLIDGE,32.9302,-111.514,Arizona,AZ,road,0.000982
38299,RIO VERDE,33.9361,-111.522,Arizona,AZ,bldg,0.02566
38299,RIO VERDE,33.9361,-111.522,Arizona,AZ,ind,0.003836
38299,RIO VERDE,33.9361,-111.522,Arizona,AZ,rail,4e-06
38299,RIO VERDE,33.9361,-111.522,Arizona,AZ,road,0.00014
38300,SAN TAN VALLEY 3,33.23,-111.446,Arizona,AZ,bldg,0.212904
38300,SAN TAN VALLEY 3,33.23,-111.446,Arizona,AZ,ind,0.031821
38300,SAN TAN VALLEY 3,33.23,-111.446,Arizona,AZ,rail,3e-05
38300,SAN TAN VALLEY 3,33.23,-111.446,Arizona,AZ,road,0.001159
38301,SAN TAN VALLEY 4,33.0919,-111.548,Arizona,AZ,bldg,0.212904
38301,SAN TAN VALLEY 4,33.0919,-111.548,Arizona,AZ,ind,0.031821
38301,SAN TAN VALLEY 4,33.0919,-111.548,Arizona,AZ,rail,3e-05
38301,SAN TAN VALLEY 4,33.0919,-111.548,Arizona,AZ,road,0.001159
38302,APACHE JUNCTION 3,33.4389,-111.483,Arizona,AZ,bldg,0.258063
38302,APACHE JUNCTION 3,33.4389,-111.483,Arizona,AZ,ind,0.03857
38302,APACHE JUNCTION 3,33.4389,-111.483,Arizona,AZ,rail,3.6e-05
38302,APACHE JUNCTION 3,33.4389,-111.483,Arizona,AZ,road,0.001405
38303,CAMERON,35.965,-111.43,Arizona,AZ,bldg,0.023593
38303,CAMERON,35.965,-111.43,Arizona,AZ,ind,0.003526
38303,CAMERON,35.965,-111.43,Arizona,AZ,rail,3e-06
38303,CAMERON,35.965,-111.43,Arizona,AZ,road,0.000128
38304,PAGE 1,36.7916,-111.525,Arizona,AZ,bldg,0.129761
38304,PAGE 1,36.7916,-111.525,Arizona,AZ,ind,0.019394
38304,PAGE 1,36.7916,-111.525,Arizona,AZ,rail,1.8e-05
38304,PAGE 1,36.7916,-111.525,Arizona,AZ,road,0.000707
38305,MARANA 1,32.4681,-111.425,Arizona,AZ,bldg,0.209053
38305,MARANA 1,32.4681,-111.425,Arizona,AZ,ind,0.031246
38305,MARANA 1,32.4681,-111.425,Arizona,AZ,rail,2.9e-05
38305,MARANA 1,32.4681,-111.425,Arizona,AZ,road,0.001138
38306,FLAGSTAFF 4,35.4574,-111.442,Arizona,AZ,bldg,0.227781
38306,FLAGSTAFF 4,35.4574,-111.442,Arizona,AZ,ind,0.034045
38306,FLAGSTAFF 4,35.4574,-111.442,Arizona,AZ,rail,3.2e-05
38306,FLAGSTAFF 4,35.4574,-111.442,Arizona,AZ,road,0.00124
38307,FLAGSTAFF 5,35.3834,-111.456,Arizona,AZ,bldg,0.227052
38307,FLAGSTAFF 5,35.3834,-111.456,Arizona,AZ,ind,0.033935
38307,FLAGSTAFF 5,35.3834,-111.456,Arizona,AZ,rail,3.2e-05
38307,FLAGSTAFF 5,35.3834,-111.456,Arizona,AZ,road,0.001236
38308,TUCSON 1,31.8328,-111.451,Arizona,AZ,bldg,0.061171
38308,TUCSON 1,31.8328,-111.451,Arizona,AZ,ind,0.009143
38308,TUCSON 1,31.8328,-111.451,Arizona,AZ,rail,8e-06
38308,TUCSON 1,31.8328,-111.451,Arizona,AZ,road,0.000333
38309,TUCSON 2,32.1846,-111.398,Arizona,AZ,bldg,0.136815
38309,TUCSON 2,32.1846,-111.398,Arizona,AZ,ind,0.020448
38309,TUCSON 2,32.1846,-111.398,Arizona,AZ,rail,1.9e-05
38309,TUCSON 2,32.1846,-111.398,Arizona,AZ,road,0.000745
38310,GOLD CANYON,33.2853,-111.325,Arizona,AZ,bldg,0.148935
38310,GOLD CANYON,33.2853,-111.325,Arizona,AZ,ind,0.02226
38310,GOLD CANYON,33.2853,-111.325,Arizona,AZ,rail,2.1e-05
38310,GOLD CANYON,33.2853,-111.325,Arizona,AZ,road,0.000811
38311,PAYSON 1,34.2803,-111.264,Arizona,AZ,bldg,0.266049
38311,PAYSON 1,34.2803,-111.264,Arizona,AZ,ind,0.039764
38311,PAYSON 1,34.2803,-111.264,Arizona,AZ,rail,3.7e-05
38311,PAYSON 1,34.2803,-111.264,Arizona,AZ,road,0.001449
38312,FLORENCE 2,32.9552,-111.188,Arizona,AZ,bldg,0.204026
38312,FLORENCE 2,32.9552,-111.188,Arizona,AZ,ind,0.030494
38312,FLORENCE 2,32.9552,-111.188,Arizona,AZ,rail,2.8e-05
38312,FLORENCE 2,32.9552,-111.188,Arizona,AZ,road,0.001111
38313,FLORENCE 3,33.0082,-111.286,Arizona,AZ,bldg,0.204026
38313,FLORENCE 3,33.0082,-111.286,Arizona,AZ,ind,0.030494
38313,FLORENCE 3,33.0082,-111.286,Arizona,AZ,rail,2.8e-05
38313,FLORENCE 3,33.0082,-111.286,Arizona,AZ,road,0.001111
38314,TONTO BASIN,33.8292,-111.121,Arizona,AZ,bldg,0.027728
38314,TONTO BASIN,33.8292,-111.121,Arizona,AZ,ind,0.004144
38314,TONTO BASIN,33.8292,-111.121,Arizona,AZ,rail,4e-06
38314,TONTO BASIN,33.8292,-111.121,Arizona,AZ,road,0.000151
38315,TUCSON 3,32.3374,-111.173,Arizona,AZ,bldg,0.177231
38315,TUCSON 3,32.3374,-111.173,Arizona,AZ,ind,0.026489
38315,TUCSON 3,32.3374,-111.173,Arizona,AZ,rail,2.5e-05
38315,TUCSON 3,32.3374,-111.173,Arizona,AZ,road,0.000965
38316,TUCSON 4,32.2412,-111.217,Arizona,AZ,bldg,0.177231
38316,TUCSON 4,32.2412,-111.217,Arizona,AZ,ind,0.026489
38316,TUCSON 4,32.2412,-111.217,Arizona,AZ,rail,2.5e-05
38316,TUCSON 4,32.2412,-111.217,Arizona,AZ,road,0.000965
38317,AMADO,31.6499,-111.152,Arizona,AZ,bldg,0.035633
38317,AMADO,31.6499,-111.152,Arizona,AZ,ind,0.005326
38317,AMADO,31.6499,-111.152,Arizona,AZ,rail,5e-06
38317,AMADO,31.6499,-111.152,Arizona,AZ,road,0.000194
38318,MARANA 2,32.611,-111.053,Arizona,AZ,bldg,0.094737
38318,MARANA 2,32.611,-111.053,Arizona,AZ,ind,0.014159
38318,MARANA 2,32.611,-111.053,Arizona,AZ,rail,1.3e-05
38318,MARANA 2,32.611,-111.053,Arizona,AZ,road,0.000516
38319,SUPERIOR 1,33.3185,-111.026,Arizona,AZ,bldg,0.034943
38319,SUPERIOR 1,33.3185,-111.026,Arizona,AZ,ind,0.005223
38319,SUPERIOR 1,33.3185,-111.026,Arizona,AZ,rail,5e-06
38319,SUPERIOR 1,33.3185,-111.026,Arizona,AZ,road,0.00019
38320,TUCSON 5,32.1777,-111.054,Arizona,AZ,bldg,0.20658
38320,TUCSON 5,32.1777,-111.054,Arizona,AZ,ind,0.030876
38320,TUCSON 5,32.1777,-111.054,Arizona,AZ,rail,2.9e-05
38320,TUCSON 5,32.1777,-111.054,Arizona,AZ,road,0.001125
38321,TUBA CITY,36.1006,-111.085,Arizona,AZ,bldg,0.138071
38321,TUBA CITY,36.1006,-111.085,Arizona,AZ,ind,0.020636
38321,TUBA CITY,36.1006,-111.085,Arizona,AZ,rail,1.9e-05
38321,TUBA CITY,36.1006,-111.085,Arizona,AZ,road,0.000752
38322,TUCSON 6,32.2844,-111.125,Arizona,AZ,bldg,0.225025
38322,TUCSON 6,32.2844,-111.125,Arizona,AZ,ind,0.033633
38322,TUCSON 6,32.2844,-111.125,Arizona,AZ,rail,3.1e-05
38322,TUCSON 6,32.2844,-111.125,Arizona,AZ,road,0.001225
38323,TUCSON 7,32.3405,-111.078,Arizona,AZ,bldg,0.225025
38323,TUCSON 7,32.3405,-111.078,Arizona,AZ,ind,0.033633
38323,TUCSON 7,32.3405,-111.078,Arizona,AZ,rail,3.1e-05
38323,TUCSON 7,32.3405,-111.078,Arizona,AZ,road,0.001225
38324,GREEN VALLEY 1,31.8726,-111.099,Arizona,AZ,bldg,0.076941
38324,GREEN VALLEY 1,31.8726,-111.099,Arizona,AZ,ind,0.0115
38324,GREEN VALLEY 1,31.8726,-111.099,Arizona,AZ,rail,1.1e-05
38324,GREEN VALLEY 1,31.8726,-111.099,Arizona,AZ,road,0.000419
38325,TUCSON 8,32.404,-110.988,Arizona,AZ,bldg,0.153314
38325,TUCSON 8,32.404,-110.988,Arizona,AZ,ind,0.022915
38325,TUCSON 8,32.404,-110.988,Arizona,AZ,rail,2.1e-05
38325,TUCSON 8,32.404,-110.988,Arizona,AZ,road,0.000835
38326,TUCSON 9,32.443,-111.028,Arizona,AZ,bldg,0.153314
38326,TUCSON 9,32.443,-111.028,Arizona,AZ,ind,0.022915
38326,TUCSON 9,32.443,-111.028,Arizona,AZ,rail,2.1e-05
38326,TUCSON 9,32.443,-111.028,Arizona,AZ,road,0.000835
38327,KAIBETO,36.7933,-111.119,Arizona,AZ,bldg,0.028093
38327,KAIBETO,36.7933,-111.119,Arizona,AZ,ind,0.004199
38327,KAIBETO,36.7933,-111.119,Arizona,AZ,rail,4e-06
38327,KAIBETO,36.7933,-111.119,Arizona,AZ,road,0.000153
38328,TUCSON 10,32.0233,-111.05,Arizona,AZ,bldg,0.261833
38328,TUCSON 10,32.0233,-111.05,Arizona,AZ,ind,0.039134
38328,TUCSON 10,32.0233,-111.05,Arizona,AZ,rail,3.6e-05
38328,TUCSON 10,32.0233,-111.05,Arizona,AZ,road,0.001426
38329,TUCSON 11,32.1276,-111.024,Arizona,AZ,bldg,0.261833
38329,TUCSON 11,32.1276,-111.024,Arizona,AZ,ind,0.039134
38329,TUCSON 11,32.1276,-111.024,Arizona,AZ,rail,3.6e-05
38329,TUCSON 11,32.1276,-111.024,Arizona,AZ,road,0.001426
38330,TUCSON 12,32.395,-110.978,Arizona,AZ,bldg,0.200662
38330,TUCSON 12,32.395,-110.978,Arizona,AZ,ind,0.029991
38330,TUCSON 12,32.395,-110.978,Arizona,AZ,rail,2.8e-05
38330,TUCSON 12,32.395,-110.978,Arizona,AZ,road,0.001093
38331,TUCSON 13,32.376,-111.134,Arizona,AZ,bldg,0.201837
38331,TUCSON 13,32.376,-111.134,Arizona,AZ,ind,0.030167
38331,TUCSON 13,32.376,-111.134,Arizona,AZ,rail,2.8e-05
38331,TUCSON 13,32.376,-111.134,Arizona,AZ,road,0.001099
38332,RIO RICO,31.5573,-110.955,Arizona,AZ,bldg,0.253361
38332,RIO RICO,31.5573,-110.955,Arizona,AZ,ind,0.037867
38332,RIO RICO,31.5573,-110.955,Arizona,AZ,rail,3.5e-05
38332,RIO RICO,31.5573,-110.955,Arizona,AZ,road,0.00138
38333,KEARNY,33.0856,-111.121,Arizona,AZ,bldg,0.028336
38333,KEARNY,33.0856,-111.121,Arizona,AZ,ind,0.004235
38333,KEARNY,33.0856,-111.121,Arizona,AZ,rail,4e-06
38333,KEARNY,33.0856,-111.121,Arizona,AZ,road,0.000154
38334,SAHUARITA,31.9039,-110.92,Arizona,AZ,bldg,0.286601
38334,SAHUARITA,31.9039,-110.92,Arizona,AZ,ind,0.042836
38334,SAHUARITA,31.9039,-110.92,Arizona,AZ,rail,4e-05
38334,SAHUARITA,31.9039,-110.92,Arizona,AZ,road,0.001561
38335,TUCSON 14,32.1579,-111.063,Arizona,AZ,bldg,0.304965
38335,TUCSON 14,32.1579,-111.063,Arizona,AZ,ind,0.04558
38335,TUCSON 14,32.1579,-111.063,Arizona,AZ,rail,4.2e-05
38335,TUCSON 14,32.1579,-111.063,Arizona,AZ,road,0.001661
38336,TUCSON 15,32.1342,-111.054,Arizona,AZ,bldg,0.304965
38336,TUCSON 15,32.1342,-111.054,Arizona,AZ,ind,0.04558
38336,TUCSON 15,32.1342,-111.054,Arizona,AZ,rail,4.2e-05
38336,TUCSON 15,32.1342,-111.054,Arizona,AZ,road,0.001661
38337,TUCSON 16,32.2498,-110.951,Arizona,AZ,bldg,0.349759
38337,TUCSON 16,32.2498,-110.951,Arizona,AZ,ind,0.052276
38337,TUCSON 16,32.2498,-110.951,Arizona,AZ,rail,4.9e-05
38337,TUCSON 16,32.2498,-110.951,Arizona,AZ,road,0.001905
38338,TUCSON 17,32.3428,-111.049,Arizona,AZ,bldg,0.349759
38338,TUCSON 17,32.3428,-111.049,Arizona,AZ,ind,0.052276
38338,TUCSON 17,32.3428,-111.049,Arizona,AZ,rail,4.9e-05
38338,TUCSON 17,32.3428,-111.049,Arizona,AZ,road,0.001905
38339,TUCSON 18,32.6258,-110.944,Arizona,AZ,bldg,0.217039
38339,TUCSON 18,32.6258,-110.944,Arizona,AZ,ind,0.032439
38339,TUCSON 18,32.6258,-110.944,Arizona,AZ,rail,3e-05
38339,TUCSON 18,32.6258,-110.944,Arizona,AZ,road,0.001182
38340,TUCSON 19,32.3582,-111.054,Arizona,AZ,bldg,0.188054
38340,TUCSON 19,32.3582,-111.054,Arizona,AZ,ind,0.028107
38340,TUCSON 19,32.3582,-111.054,Arizona,AZ,rail,2.6e-05
38340,TUCSON 19,32.3582,-111.054,Arizona,AZ,road,0.001024
38341,TUCSON 20,32.3812,-110.919,Arizona,AZ,bldg,0.188054
38341,TUCSON 20,32.3812,-110.919,Arizona,AZ,ind,0.028107
38341,TUCSON 20,32.3812,-110.919,Arizona,AZ,rail,2.6e-05
38341,TUCSON 20,32.3812,-110.919,Arizona,AZ,road,0.001024
38342,TUCSON 21,32.5043,-110.903,Arizona,AZ,bldg,0.183717
38342,TUCSON 21,32.5043,-110.903,Arizona,AZ,ind,0.027458
38342,TUCSON 21,32.5043,-110.903,Arizona,AZ,rail,2.6e-05
38342,TUCSON 21,32.5043,-110.903,Arizona,AZ,road,0.001
38343,TUCSON 22,32.168,-110.959,Arizona,AZ,bldg,0.060604
38343,TUCSON 22,32.168,-110.959,Arizona,AZ,ind,0.009058
38343,TUCSON 22,32.168,-110.959,Arizona,AZ,rail,8e-06
38343,TUCSON 22,32.168,-110.959,Arizona,AZ,road,0.00033
38344,TUCSON 23,32.1295,-110.972,Arizona,AZ,bldg,0.182541
38344,TUCSON 23,32.1295,-110.972,Arizona,AZ,ind,0.027283
38344,TUCSON 23,32.1295,-110.972,Arizona,AZ,rail,2.5e-05
38344,TUCSON 23,32.1295,-110.972,Arizona,AZ,road,0.000994
38345,TUCSON 24,32.2527,-110.883,Arizona,AZ,bldg,0.267468
38345,TUCSON 24,32.2527,-110.883,Arizona,AZ,ind,0.039976
38345,TUCSON 24,32.2527,-110.883,Arizona,AZ,rail,3.7e-05
38345,TUCSON 24,32.2527,-110.883,Arizona,AZ,road,0.001456
38346,TUCSON 25,32.2493,-110.901,Arizona,AZ,bldg,0.267468
38346,TUCSON 25,32.2493,-110.901,Arizona,AZ,ind,0.039976
38346,TUCSON 25,32.2493,-110.901,Arizona,AZ,rail,3.7e-05
38346,TUCSON 25,32.2493,-110.901,Arizona,AZ,road,0.001456
38347,TUCSON 26,32.4197,-111.046,Arizona,AZ,bldg,0.252063
38347,TUCSON 26,32.4197,-111.046,Arizona,AZ,ind,0.037674
38347,TUCSON 26,32.4197,-111.046,Arizona,AZ,rail,3.5e-05
38347,TUCSON 26,32.4197,-111.046,Arizona,AZ,road,0.001373
38348,LEUPP,35.4901,-110.929,Arizona,AZ,bldg,0.021931
38348,LEUPP,35.4901,-110.929,Arizona,AZ,ind,0.003278
38348,LEUPP,35.4901,-110.929,Arizona,AZ,rail,3e-06
38348,LEUPP,35.4901,-110.929,Arizona,AZ,road,0.000119
38349,TUCSON 27,32.0899,-110.916,Arizona,AZ,bldg,0.335693
38349,TUCSON 27,32.0899,-110.916,Arizona,AZ,ind,0.050174
38349,TUCSON 27,32.0899,-110.916,Arizona,AZ,rail,4.7e-05
38349,TUCSON 27,32.0899,-110.916,Arizona,AZ,road,0.001828
38350,TUCSON 28,32.2087,-110.887,Arizona,AZ,bldg,0.343719
38350,TUCSON 28,32.2087,-110.887,Arizona,AZ,ind,0.051373
38350,TUCSON 28,32.2087,-110.887,Arizona,AZ,rail,4.8e-05
38350,TUCSON 28,32.2087,-110.887,Arizona,AZ,road,0.001872
38351,TUCSON 29,32.1922,-110.878,Arizona,AZ,bldg,0.19977
38351,TUCSON 29,32.1922,-110.878,Arizona,AZ,ind,0.029858
38351,TUCSON 29,32.1922,-110.878,Arizona,AZ,rail,2.8e-05
38351,TUCSON 29,32.1922,-110.878,Arizona,AZ,road,0.001088
38352,TUCSON 30,32.2027,-110.851,Arizona,AZ,bldg,0.19977
38352,TUCSON 30,32.2027,-110.851,Arizona,AZ,ind,0.029858
38352,TUCSON 30,32.2027,-110.851,Arizona,AZ,rail,2.8e-05
38352,TUCSON 30,32.2027,-110.851,Arizona,AZ,road,0.001088
38353,GREEN VALLEY 2,31.7712,-110.884,Arizona,AZ,bldg,0.281696
38353,GREEN VALLEY 2,31.7712,-110.884,Arizona,AZ,ind,0.042103
38353,GREEN VALLEY 2,31.7712,-110.884,Arizona,AZ,rail,3.9e-05
38353,GREEN VALLEY 2,31.7712,-110.884,Arizona,AZ,road,0.001534
38354,TUCSON 31,32.3811,-110.99,Arizona,AZ,bldg,0.166407
38354,TUCSON 31,32.3811,-110.99,Arizona,AZ,ind,0.024872
38354,TUCSON 31,32.3811,-110.99,Arizona,AZ,rail,2.3e-05
38354,TUCSON 31,32.3811,-110.99,Arizona,AZ,road,0.000906
38355,TUCSON 32,32.3007,-110.904,Arizona,AZ,bldg,0.166407
38355,TUCSON 32,32.3007,-110.904,Arizona,AZ,ind,0.024872
38355,TUCSON 32,32.3007,-110.904,Arizona,AZ,rail,2.3e-05
38355,TUCSON 32,32.3007,-110.904,Arizona,AZ,road,0.000906
38356,NOGALES 1,31.3635,-110.818,Arizona,AZ,bldg,0.280359
38356,NOGALES 1,31.3635,-110.818,Arizona,AZ,ind,0.041903
38356,NOGALES 1,31.3635,-110.818,Arizona,AZ,rail,3.9e-05
38356,NOGALES 1,31.3635,-110.818,Arizona,AZ,road,0.001527
38357,TUCSON 33,32.0363,-110.863,Arizona,AZ,bldg,0.217079
38357,TUCSON 33,32.0363,-110.863,Arizona,AZ,ind,0.032445
38357,TUCSON 33,32.0363,-110.863,Arizona,AZ,rail,3e-05
38357,TUCSON 33,32.0363,-110.863,Arizona,AZ,road,0.001182
38358,TUCSON 34,31.9889,-110.863,Arizona,AZ,bldg,0.217079
38358,TUCSON 34,31.9889,-110.863,Arizona,AZ,ind,0.032445
38358,TUCSON 34,31.9889,-110.863,Arizona,AZ,rail,3e-05
38358,TUCSON 34,31.9889,-110.863,Arizona,AZ,road,0.001182
38359,MIAMI,33.3527,-110.82,Arizona,AZ,bldg,0.054969
38359,MIAMI,33.3527,-110.82,Arizona,AZ,ind,0.008215
38359,MIAMI,33.3527,-110.82,Arizona,AZ,rail,8e-06
38359,MIAMI,33.3527,-110.82,Arizona,AZ,road,0.000299
38360,TUCSON 35,32.2199,-110.959,Arizona,AZ,bldg,0.198635
38360,TUCSON 35,32.2199,-110.959,Arizona,AZ,ind,0.029689
38360,TUCSON 35,32.2199,-110.959,Arizona,AZ,rail,2.8e-05
38360,TUCSON 35,32.2199,-110.959,Arizona,AZ,road,0.001082
38361,TUCSON 36,32.2375,-110.794,Arizona,AZ,bldg,0.198635
38361,TUCSON 36,32.2375,-110.794,Arizona,AZ,ind,0.029689
38361,TUCSON 36,32.2375,-110.794,Arizona,AZ,rail,2.8e-05
38361,TUCSON 36,32.2375,-110.794,Arizona,AZ,road,0.001082
38362,TUCSON 37,32.2383,-110.937,Arizona,AZ,bldg,0.250847
38362,TUCSON 37,32.2383,-110.937,Arizona,AZ,ind,0.037492
38362,TUCSON 37,32.2383,-110.937,Arizona,AZ,rail,3.5e-05
38362,TUCSON 37,32.2383,-110.937,Arizona,AZ,road,0.001366
38363,TUCSON 38,32.3019,-110.824,Arizona,AZ,bldg,0.250847
38363,TUCSON 38,32.3019,-110.824,Arizona,AZ,ind,0.037492
38363,TUCSON 38,32.3019,-110.824,Arizona,AZ,rail,3.5e-05
38363,TUCSON 38,32.3019,-110.824,Arizona,AZ,road,0.001366
38364,TUCSON 39,32.1286,-110.872,Arizona,AZ,bldg,0.036241
38364,TUCSON 39,32.1286,-110.872,Arizona,AZ,ind,0.005416
38364,TUCSON 39,32.1286,-110.872,Arizona,AZ,rail,5e-06
38364,TUCSON 39,32.1286,-110.872,Arizona,AZ,road,0.000197
38365,TUCSON 40,32.1835,-110.756,Arizona,AZ,bldg,0.215296
38365,TUCSON 40,32.1835,-110.756,Arizona,AZ,ind,0.032179
38365,TUCSON 40,32.1835,-110.756,Arizona,AZ,rail,3e-05
38365,TUCSON 40,32.1835,-110.756,Arizona,AZ,road,0.001172
38366,TUCSON 41,32.3862,-110.811,Arizona,AZ,bldg,0.294425
38366,TUCSON 41,32.3862,-110.811,Arizona,AZ,ind,0.044006
38366,TUCSON 41,32.3862,-110.811,Arizona,AZ,rail,4.1e-05
38366,TUCSON 41,32.3862,-110.811,Arizona,AZ,road,0.001603
38367,TUCSON 42,32.146,-110.738,Arizona,AZ,bldg,0.331031
38367,TUCSON 42,32.146,-110.738,Arizona,AZ,ind,0.049477
38367,TUCSON 42,32.146,-110.738,Arizona,AZ,rail,4.6e-05
38367,TUCSON 42,32.146,-110.738,Arizona,AZ,road,0.001803
38368,TUCSON 43,32.3139,-110.848,Arizona,AZ,bldg,0.331031
38368,TUCSON 43,32.3139,-110.848,Arizona,AZ,ind,0.049477
38368,TUCSON 43,32.3139,-110.848,Arizona,AZ,rail,4.6e-05
38368,TUCSON 43,32.3139,-110.848,Arizona,AZ,road,0.001803
38369,TONALEA,36.6207,-110.755,Arizona,AZ,bldg,0.051686
38369,TONALEA,36.6207,-110.755,Arizona,AZ,ind,0.007725
38369,TONALEA,36.6207,-110.755,Arizona,AZ,rail,7e-06
38369,TONALEA,36.6207,-110.755,Arizona,AZ,road,0.000281
38370,ORACLE,32.6137,-110.804,Arizona,AZ,bldg,0.049537
38370,ORACLE,32.6137,-110.804,Arizona,AZ,ind,0.007404
38370,ORACLE,32.6137,-110.804,Arizona,AZ,rail,7e-06
38370,ORACLE,32.6137,-110.804,Arizona,AZ,road,0.00027
38371,TUCSON 44,32.1224,-110.688,Arizona,AZ,bldg,0.280399
38371,TUCSON 44,32.1224,-110.688,Arizona,AZ,ind,0.04191
38371,TUCSON 44,32.1224,-110.688,Arizona,AZ,rail,3.9e-05
38371,TUCSON 44,32.1224,-110.688,Arizona,AZ,road,0.001527
38372,GLOBE 1,33.5072,-110.666,Arizona,AZ,bldg,0.162313
38372,GLOBE 1,33.5072,-110.666,Arizona,AZ,ind,0.024259
38372,GLOBE 1,33.5072,-110.666,Arizona,AZ,rail,2.3e-05
38372,GLOBE 1,33.5072,-110.666,Arizona,AZ,road,0.000884
38373,TUCSON 45,32.2579,-110.774,Arizona,AZ,bldg,0.219957
38373,TUCSON 45,32.2579,-110.774,Arizona,AZ,ind,0.032875
38373,TUCSON 45,32.2579,-110.774,Arizona,AZ,rail,3.1e-05
38373,TUCSON 45,32.2579,-110.774,Arizona,AZ,road,0.001198
38374,TUCSON 46,32.1118,-110.741,Arizona,AZ,bldg,0.233011
38374,TUCSON 46,32.1118,-110.741,Arizona,AZ,ind,0.034826
38374,TUCSON 46,32.1118,-110.741,Arizona,AZ,rail,3.2e-05
38374,TUCSON 46,32.1118,-110.741,Arizona,AZ,road,0.001269
38375,TUCSON 47,32.2075,-110.846,Arizona,AZ,bldg,0.233011
38375,TUCSON 47,32.2075,-110.846,Arizona,AZ,ind,0.034826
38375,TUCSON 47,32.2075,-110.846,Arizona,AZ,rail,3.2e-05
38375,TUCSON 47,32.2075,-110.846,Arizona,AZ,road,0.001269
38376,TUCSON 48,32.2983,-110.817,Arizona,AZ,bldg,0.23147
38376,TUCSON 48,32.2983,-110.817,Arizona,AZ,ind,0.034596
38376,TUCSON 48,32.2983,-110.817,Arizona,AZ,rail,3.2e-05
38376,TUCSON 48,32.2983,-110.817,Arizona,AZ,road,0.00126
38377,HOTEVILLA,36.0179,-110.804,Arizona,AZ,bldg,0.016702
38377,HOTEVILLA,36.0179,-110.804,Arizona,AZ,ind,0.002496
38377,HOTEVILLA,36.0179,-110.804,Arizona,AZ,rail,2e-06
38377,HOTEVILLA,36.0179,-110.804,Arizona,AZ,road,9.1e-05
38378,PATAGONIA,31.5537,-110.738,Arizona,AZ,bldg,0.01735
38378,PATAGONIA,31.5537,-110.738,Arizona,AZ,ind,0.002594
38378,PATAGONIA,31.5537,-110.738,Arizona,AZ,rail,2e-06
38378,PATAGONIA,31.5537,-110.738,Arizona,AZ,road,9.4e-05
38379,WINKELMAN,33.0515,-110.752,Arizona,AZ,bldg,0.033444
38379,WINKELMAN,33.0515,-110.752,Arizona,AZ,ind,0.004998
38379,WINKELMAN,33.0515,-110.752,Arizona,AZ,rail,5e-06
38379,WINKELMAN,33.0515,-110.752,Arizona,AZ,road,0.000182
38380,WINSLOW,35.189,-110.604,Arizona,AZ,bldg,0.182055
38380,WINSLOW,35.189,-110.604,Arizona,AZ,ind,0.02721
38380,WINSLOW,35.189,-110.604,Arizona,AZ,rail,2.5e-05
38380,WINSLOW,35.189,-110.604,Arizona,AZ,road,0.000991
38381,VAIL 1,31.9901,-110.562,Arizona,AZ,bldg,0.264549
38381,VAIL 1,31.9901,-110.562,Arizona,AZ,ind,0.03954
38381,VAIL 1,31.9901,-110.562,Arizona,AZ,rail,3.7e-05
38381,VAIL 1,31.9901,-110.562,Arizona,AZ,road,0.001441
38382,SHONTO,36.6934,-110.638,Arizona,AZ,bldg,0.023512
38382,SHONTO,36.6934,-110.638,Arizona,AZ,ind,0.003514
38382,SHONTO,36.6934,-110.638,Arizona,AZ,rail,3e-06
38382,SHONTO,36.6934,-110.638,Arizona,AZ,road,0.000128
38383,SAN MANUEL,32.6159,-110.58,Arizona,AZ,bldg,0.065104
38383,SAN MANUEL,32.6159,-110.58,Arizona,AZ,ind,0.009731
38383,SAN MANUEL,32.6159,-110.58,Arizona,AZ,rail,9e-06
38383,SAN MANUEL,32.6159,-110.58,Arizona,AZ,road,0.000355
38384,SECOND MESA,35.9071,-110.494,Arizona,AZ,bldg,0.02185
38384,SECOND MESA,35.9071,-110.494,Arizona,AZ,ind,0.003266
38384,SECOND MESA,35.9071,-110.494,Arizona,AZ,rail,3e-06
38384,SECOND MESA,35.9071,-110.494,Arizona,AZ,road,0.000119
38385,KYKOTSMOVI VILLAGE,36.1102,-110.479,Arizona,AZ,bldg,0.017837
38385,KYKOTSMOVI VILLAGE,36.1102,-110.479,Arizona,AZ,ind,0.002666
38385,KYKOTSMOVI VILLAGE,36.1102,-110.479,Arizona,AZ,rail,2e-06
38385,KYKOTSMOVI VILLAGE,36.1102,-110.479,Arizona,AZ,road,9.7e-05
38386,OVERGAARD,34.4207,-110.561,Arizona,AZ,bldg,0.060361
38386,OVERGAARD,34.4207,-110.561,Arizona,AZ,ind,0.009022
38386,OVERGAARD,34.4207,-110.561,Arizona,AZ,rail,8e-06
38386,OVERGAARD,34.4207,-110.561,Arizona,AZ,road,0.000329
38387,SAN CARLOS 3,33.4447,-110.488,Arizona,AZ,bldg,0.058253
38387,SAN CARLOS 3,33.4447,-110.488,Arizona,AZ,ind,0.008707
38387,SAN CARLOS 3,33.4447,-110.488,Arizona,AZ,rail,8e-06
38387,SAN CARLOS 3,33.4447,-110.488,Arizona,AZ,road,0.000317
38388,BENSON,32.1891,-110.316,Arizona,AZ,bldg,0.115086
38388,BENSON,32.1891,-110.316,Arizona,AZ,ind,0.017202
38388,BENSON,32.1891,-110.316,Arizona,AZ,rail,1.6e-05
38388,BENSON,32.1891,-110.316,Arizona,AZ,road,0.000627
38389,FORT HUACHUCA 1,31.5658,-110.335,Arizona,AZ,bldg,0.068103
38389,FORT HUACHUCA 1,31.5658,-110.335,Arizona,AZ,ind,0.010179
38389,FORT HUACHUCA 1,31.5658,-110.335,Arizona,AZ,rail,9e-06
38389,FORT HUACHUCA 1,31.5658,-110.335,Arizona,AZ,road,0.000371
38390,CIBECUE,34.1483,-110.455,Arizona,AZ,bldg,0.02189
38390,CIBECUE,34.1483,-110.455,Arizona,AZ,ind,0.003272
38390,CIBECUE,34.1483,-110.455,Arizona,AZ,rail,3e-06
38390,CIBECUE,34.1483,-110.455,Arizona,AZ,road,0.000119
38391,MONUMENT VALLEY,37.1737,-110.336,PACE,AZ,bldg,0.017208
38391,MONUMENT VALLEY,37.1737,-110.336,PACE,AZ,ind,0.073604
38391,MONUMENT VALLEY,37.1737,-110.336,PACE,AZ,rail,2.7e-05
38391,MONUMENT VALLEY,37.1737,-110.336,PACE,AZ,road,0.000105
38392,HUACHUCA CITY,31.7189,-110.39,Arizona,AZ,bldg,0.079413
38392,HUACHUCA CITY,31.7189,-110.39,Arizona,AZ,ind,0.011869
38392,HUACHUCA CITY,31.7189,-110.39,Arizona,AZ,rail,1.1e-05
38392,HUACHUCA CITY,31.7189,-110.39,Arizona,AZ,road,0.000432
38393,PERIDOT,33.3623,-110.253,Arizona,AZ,bldg,0.038876
38393,PERIDOT,33.3623,-110.253,Arizona,AZ,ind,0.005811
38393,PERIDOT,33.3623,-110.253,Arizona,AZ,rail,5e-06
38393,PERIDOT,33.3623,-110.253,Arizona,AZ,road,0.000212
38394,JOSEPH CITY 1,35.0691,-110.243,Arizona,AZ,bldg,0.018364
38394,JOSEPH CITY 1,35.0691,-110.243,Arizona,AZ,ind,0.002744
38394,JOSEPH CITY 1,35.0691,-110.243,Arizona,AZ,rail,3e-06
38394,JOSEPH CITY 1,35.0691,-110.243,Arizona,AZ,road,0.0001
38395,KAYENTA,36.6282,-110.183,Arizona,AZ,bldg,0.095385
38395,KAYENTA,36.6282,-110.183,Arizona,AZ,ind,0.014256
38395,KAYENTA,36.6282,-110.183,Arizona,AZ,rail,1.3e-05
38395,KAYENTA,36.6282,-110.183,Arizona,AZ,road,0.000519
38396,PINON,36.294,-110.18,Arizona,AZ,bldg,0.065144
38396,PINON,36.294,-110.18,Arizona,AZ,ind,0.009737
38396,PINON,36.294,-110.18,Arizona,AZ,rail,9e-06
38396,PINON,36.294,-110.18,Arizona,AZ,road,0.000355
38397,HEREFORD,31.3837,-110.149,Arizona,AZ,bldg,0.114478
38397,HEREFORD,31.3837,-110.149,Arizona,AZ,ind,0.01711
38397,HEREFORD,31.3837,-110.149,Arizona,AZ,rail,1.6e-05
38397,HEREFORD,31.3837,-110.149,Arizona,AZ,road,0.000623
38398,SIERRA VISTA 1,31.4068,-110.227,Arizona,AZ,bldg,0.185825
38398,SIERRA VISTA 1,31.4068,-110.227,Arizona,AZ,ind,0.027774
38398,SIERRA VISTA 1,31.4068,-110.227,Arizona,AZ,rail,2.6e-05
38398,SIERRA VISTA 1,31.4068,-110.227,Arizona,AZ,road,0.001012
38399,BYLAS,33.1482,-110.29,Arizona,AZ,bldg,0.025174
38399,BYLAS,33.1482,-110.29,Arizona,AZ,ind,0.003762
38399,BYLAS,33.1482,-110.29,Arizona,AZ,rail,3e-06
38399,BYLAS,33.1482,-110.29,Arizona,AZ,road,0.000137
38400,SAINT DAVID,31.8104,-110.146,Arizona,AZ,bldg,0.046051
38400,SAINT DAVID,31.8104,-110.146,Arizona,AZ,ind,0.006883
38400,SAINT DAVID,31.8104,-110.146,Arizona,AZ,phase1,0.020207
38400,SAINT DAVID,31.8104,-110.146,Arizona,AZ,rail,6e-06
38400,SAINT DAVID,31.8104,-110.146,Arizona,AZ,road,0.000251
38401,SIERRA VISTA 2,31.5365,-110.124,Arizona,AZ,bldg,0.211161
38401,SIERRA VISTA 2,31.5365,-110.124,Arizona,AZ,ind,0.03156
38401,SIERRA VISTA 2,31.5365,-110.124,Arizona,AZ,rail,2.9e-05
38401,SIERRA VISTA 2,31.5365,-110.124,Arizona,AZ,road,0.00115
38402,SIERRA VISTA 3,31.6092,-110.174,Arizona,AZ,bldg,0.211161
38402,SIERRA VISTA 3,31.6092,-110.174,Arizona,AZ,ind,0.03156
38402,SIERRA VISTA 3,31.6092,-110.174,Arizona,AZ,rail,2.9e-05
38402,SIERRA VISTA 3,31.6092,-110.174,Arizona,AZ,road,0.00115
38403,KEAMS CANYON,35.7699,-110.196,Arizona,AZ,bldg,0.049253
38403,KEAMS CANYON,35.7699,-110.196,Arizona,AZ,ind,0.007362
38403,KEAMS CANYON,35.7699,-110.196,Arizona,AZ,rail,7e-06
38403,KEAMS CANYON,35.7699,-110.196,Arizona,AZ,road,0.000268
38404,HOLBROOK,35.0214,-110.038,Arizona,AZ,bldg,0.073495
38404,HOLBROOK,35.0214,-110.038,Arizona,AZ,ind,0.010985
38404,HOLBROOK,35.0214,-110.038,Arizona,AZ,rail,1e-05
38404,HOLBROOK,35.0214,-110.038,Arizona,AZ,road,0.0004
38405,TAYLOR,34.4757,-110.153,Arizona,AZ,bldg,0.060482
38405,TAYLOR,34.4757,-110.153,Arizona,AZ,ind,0.00904
38405,TAYLOR,34.4757,-110.153,Arizona,AZ,rail,8e-06
38405,TAYLOR,34.4757,-110.153,Arizona,AZ,road,0.000329
38406,SNOWFLAKE 1,34.6019,-110.138,Arizona,AZ,bldg,0.095993
38406,SNOWFLAKE 1,34.6019,-110.138,Arizona,AZ,ind,0.014348
38406,SNOWFLAKE 1,34.6019,-110.138,Arizona,AZ,rail,1.3e-05
38406,SNOWFLAKE 1,34.6019,-110.138,Arizona,AZ,road,0.000523
38407,INDIAN WELLS,35.3136,-109.97,Arizona,AZ,bldg,0.022579
38407,INDIAN WELLS,35.3136,-109.97,Arizona,AZ,ind,0.003375
38407,INDIAN WELLS,35.3136,-109.97,Arizona,AZ,rail,3e-06
38407,INDIAN WELLS,35.3136,-109.97,Arizona,AZ,road,0.000123
38408,TOMBSTONE,31.7554,-110.061,Arizona,AZ,bldg,0.023998
38408,TOMBSTONE,31.7554,-110.061,Arizona,AZ,ind,0.003586
38408,TOMBSTONE,31.7554,-110.061,Arizona,AZ,rail,3e-06
38408,TOMBSTONE,31.7554,-110.061,Arizona,AZ,road,0.000131
38409,SHOW LOW,34.2772,-109.965,Arizona,AZ,bldg,0.209256
38409,SHOW LOW,34.2772,-109.965,Arizona,AZ,ind,0.031276
38409,SHOW LOW,34.2772,-109.965,Arizona,AZ,rail,2.9e-05
38409,SHOW LOW,34.2772,-109.965,Arizona,AZ,road,0.001139
38410,PIMA,33.0038,-110.054,Arizona,AZ,bldg,0.051442
38410,PIMA,33.0038,-110.054,Arizona,AZ,ind,0.007688
38410,PIMA,33.0038,-110.054,Arizona,AZ,rail,7e-06
38410,PIMA,33.0038,-110.054,Arizona,AZ,road,0.00028
38411,WHITERIVER,33.7921,-109.923,Arizona,AZ,bldg,0.124126
38411,WHITERIVER,33.7921,-109.923,Arizona,AZ,ind,0.018552
38411,WHITERIVER,33.7921,-109.923,Arizona,AZ,rail,1.7e-05
38411,WHITERIVER,33.7921,-109.923,Arizona,AZ,road,0.000676
38412,WILLCOX,32.3775,-109.96,Arizona,AZ,bldg,0.126559
38412,WILLCOX,32.3775,-109.96,Arizona,AZ,ind,0.018915
38412,WILLCOX,32.3775,-109.96,Arizona,AZ,rail,1.8e-05
38412,WILLCOX,32.3775,-109.96,Arizona,AZ,road,0.000689
38413,LAKESIDE 3,34.1522,-109.931,Arizona,AZ,bldg,0.101223
38413,LAKESIDE 3,34.1522,-109.931,Arizona,AZ,ind,0.015129
38413,LAKESIDE 3,34.1522,-109.931,Arizona,AZ,rail,1.4e-05
38413,LAKESIDE 3,34.1522,-109.931,Arizona,AZ,road,0.000551
38414,BLUE GAP,36.1128,-109.899,WALC,AZ,bldg,0.027857
38414,BLUE GAP,36.1128,-109.899,WALC,AZ,ind,0.013387
38414,BLUE GAP,36.1128,-109.899,WALC,AZ,rail,0.000141
38414,BLUE GAP,36.1128,-109.899,WALC,AZ,road,0.000194
38415,BISBEE,31.5009,-109.945,Arizona,AZ,bldg,0.113465
38415,BISBEE,31.5009,-109.945,Arizona,AZ,ind,0.016958
38415,BISBEE,31.5009,-109.945,Arizona,AZ,rail,1.6e-05
38415,BISBEE,31.5009,-109.945,Arizona,AZ,road,0.000618
38416,PINETOP,34.105,-109.864,Arizona,AZ,bldg,0.070779
38416,PINETOP,34.105,-109.864,Arizona,AZ,ind,0.010579
38416,PINETOP,34.105,-109.864,Arizona,AZ,rail,1e-05
38416,PINETOP,34.105,-109.864,Arizona,AZ,road,0.000385
38417,DENNEHOTSO,36.787,-109.817,WALC,AZ,bldg,0.028582
38417,DENNEHOTSO,36.787,-109.817,WALC,AZ,ind,0.013736
38417,DENNEHOTSO,36.787,-109.817,WALC,AZ,rail,0.000145
38417,DENNEHOTSO,36.787,-109.817,WALC,AZ,road,0.000199
38418,THATCHER,32.883,-109.786,Arizona,AZ,bldg,0.088372
38418,THATCHER,32.883,-109.786,Arizona,AZ,ind,0.013208
38418,THATCHER,32.883,-109.786,Arizona,AZ,rail,1.2e-05
38418,THATCHER,32.883,-109.786,Arizona,AZ,road,0.000481
38419,GANADO,35.7136,-109.7,WALC,AZ,bldg,0.119349
38419,GANADO,35.7136,-109.7,WALC,AZ,ind,0.057355
38419,GANADO,35.7136,-109.7,WALC,AZ,rail,0.000605
38419,GANADO,35.7136,-109.7,WALC,AZ,road,0.000833
38420,CHINLE,36.0565,-109.614,WALC,AZ,bldg,0.166415
38420,CHINLE,36.0565,-109.614,WALC,AZ,ind,0.079973
38420,CHINLE,36.0565,-109.614,WALC,AZ,rail,0.000844
38420,CHINLE,36.0565,-109.614,WALC,AZ,road,0.001162
38421,VERNON,34.3099,-109.631,WALC,AZ,bldg,0.02242
38421,VERNON,34.3099,-109.631,WALC,AZ,ind,0.010774
38421,VERNON,34.3099,-109.631,WALC,AZ,rail,0.000114
38421,VERNON,34.3099,-109.631,WALC,AZ,road,0.000156
38422,CONCHO,34.6205,-109.728,WALC,AZ,bldg,0.041681
38422,CONCHO,34.6205,-109.728,WALC,AZ,ind,0.020031
38422,CONCHO,34.6205,-109.728,WALC,AZ,rail,0.000211
38422,CONCHO,34.6205,-109.728,WALC,AZ,road,0.000291
38423,PEARCE,31.8507,-109.666,Arizona,AZ,bldg,0.050469
38423,PEARCE,31.8507,-109.666,Arizona,AZ,ind,0.007543
38423,PEARCE,31.8507,-109.666,Arizona,AZ,rail,7e-06
38423,PEARCE,31.8507,-109.666,Arizona,AZ,road,0.000275
38424,ROCK POINT,36.6295,-109.547,WALC,AZ,bldg,0.043804
38424,ROCK POINT,36.6295,-109.547,WALC,AZ,ind,0.021051
38424,ROCK POINT,36.6295,-109.547,WALC,AZ,rail,0.000222
38424,ROCK POINT,36.6295,-109.547,WALC,AZ,road,0.000306
38425,MANY FARMS,36.4531,-109.575,WALC,AZ,bldg,0.036297
38425,MANY FARMS,36.4531,-109.575,WALC,AZ,ind,0.017443
38425,MANY FARMS,36.4531,-109.575,WALC,AZ,rail,0.000184
38425,MANY FARMS,36.4531,-109.575,WALC,AZ,road,0.000253
38426,CHAMBERS,35.1524,-109.59,WALC,AZ,bldg,0.022731
38426,CHAMBERS,35.1524,-109.59,WALC,AZ,ind,0.010924
38426,CHAMBERS,35.1524,-109.59,WALC,AZ,rail,0.000115
38426,CHAMBERS,35.1524,-109.59,WALC,AZ,road,0.000159
38427,CLIFTON 1,33.3726,-109.309,PNM,AZ,bldg,0.043675
38427,CLIFTON 1,33.3726,-109.309,PNM,AZ,ind,0.001066
38427,CLIFTON 1,33.3726,-109.309,PNM,AZ,road,0.000174
38428,MORENCI,32.9396,-109.296,PNM,AZ,bldg,0.042065
38428,MORENCI,32.9396,-109.296,PNM,AZ,ind,0.001025
38428,MORENCI,32.9396,-109.296,PNM,AZ,road,0.000168
38429,DOUGLAS 1,31.4738,-109.29,Arizona,AZ,bldg,0.230132
38429,DOUGLAS 1,31.4738,-109.29,Arizona,AZ,ind,0.034396
38429,DOUGLAS 1,31.4738,-109.29,Arizona,AZ,rail,3.2e-05
38429,DOUGLAS 1,31.4738,-109.29,Arizona,AZ,road,0.001253
38430,SAFFORD,32.7683,-109.323,Arizona,AZ,bldg,0.239294
38430,SAFFORD,32.7683,-109.323,Arizona,AZ,ind,0.035765
38430,SAFFORD,32.7683,-109.323,Arizona,AZ,rail,3.3e-05
38430,SAFFORD,32.7683,-109.323,Arizona,AZ,road,0.001303
38431,SPRINGERVILLE 1,34.227,-109.245,WALC,AZ,bldg,0.036763
38431,SPRINGERVILLE 1,34.227,-109.245,WALC,AZ,ind,0.017667
38431,SPRINGERVILLE 1,34.227,-109.245,WALC,AZ,rail,0.000186
38431,SPRINGERVILLE 1,34.227,-109.245,WALC,AZ,road,0.000257
38432,TEEC NOS POS,36.8242,-109.406,WALC,AZ,bldg,0.051519
38432,TEEC NOS POS,36.8242,-109.406,WALC,AZ,ind,0.024758
38432,TEEC NOS POS,36.8242,-109.406,WALC,AZ,rail,0.000261
38432,TEEC NOS POS,36.8242,-109.406,WALC,AZ,road,0.00036
38433,EAGAR,34.1025,-109.412,WALC,AZ,bldg,0.091596
38433,EAGAR,34.1025,-109.412,WALC,AZ,ind,0.044018
38433,EAGAR,34.1025,-109.412,WALC,AZ,rail,0.000464
38433,EAGAR,34.1025,-109.412,WALC,AZ,road,0.000639
38434,SAINT JOHNS 1,34.588,-109.292,WALC,AZ,bldg,0.06669
38434,SAINT JOHNS 1,34.588,-109.292,WALC,AZ,ind,0.032049
38434,SAINT JOHNS 1,34.588,-109.292,WALC,AZ,rail,0.000338
38434,SAINT JOHNS 1,34.588,-109.292,WALC,AZ,road,0.000465
38435,LUKACHUKAI,36.3963,-109.272,WALC,AZ,bldg,0.036348
38435,LUKACHUKAI,36.3963,-109.272,WALC,AZ,ind,0.017468
38435,LUKACHUKAI,36.3963,-109.272,WALC,AZ,rail,0.000184
38435,LUKACHUKAI,36.3963,-109.272,WALC,AZ,road,0.000254
38436,TSAILE,36.3011,-109.157,WALC,AZ,bldg,0.032465
38436,TSAILE,36.3011,-109.157,WALC,AZ,ind,0.015602
38436,TSAILE,36.3011,-109.157,WALC,AZ,rail,0.000165
38436,TSAILE,36.3011,-109.157,WALC,AZ,road,0.000227
38437,SANDERS,35.0629,-109.239,WALC,AZ,bldg,0.037902
38437,SANDERS,35.0629,-109.239,WALC,AZ,ind,0.018215
38437,SANDERS,35.0629,-109.239,WALC,AZ,rail,0.000192
38437,SANDERS,35.0629,-109.239,WALC,AZ,road,0.000265
38438,HOUCK,35.2972,-109.22,WALC,AZ,bldg,0.020504
38438,HOUCK,35.2972,-109.22,WALC,AZ,ind,0.009854
38438,HOUCK,35.2972,-109.22,WALC,AZ,rail,0.000104
38438,HOUCK,35.2972,-109.22,WALC,AZ,road,0.000143
38439,SAINT MICHAELS,35.4722,-109.094,WALC,AZ,bldg,0.069072
38439,SAINT MICHAELS,35.4722,-109.094,WALC,AZ,ind,0.033194
38439,SAINT MICHAELS,35.4722,-109.094,WALC,AZ,rail,0.00035
38439,SAINT MICHAELS,35.4722,-109.094,WALC,AZ,road,0.000482
38440,RED VALLEY,36.6164,-109.101,WALC,AZ,bldg,0.019676
38440,RED VALLEY,36.6164,-109.101,WALC,AZ,ind,0.009455
38440,RED VALLEY,36.6164,-109.101,WALC,AZ,rail,0.0001
38440,RED VALLEY,36.6164,-109.101,WALC,AZ,road,0.000137
38441,DUNCAN,32.7487,-109.125,PNM,AZ,bldg,0.037868
38441,DUNCAN,32.7487,-109.125,PNM,AZ,ind,0.000922
38441,DUNCAN,32.7487,-109.125,PNM,AZ,road,0.000151
38442,FORT DEFIANCE,36.0177,-109.203,WALC,AZ,bldg,0.119245
38442,FORT DEFIANCE,36.0177,-109.203,WALC,AZ,ind,0.057305
38442,FORT DEFIANCE,36.0177,-109.203,WALC,AZ,rail,0.000605
38442,FORT DEFIANCE,36.0177,-109.203,WALC,AZ,road,0.000832
38443,NAVAJO,35.9839,-109.002,PNM,AZ,bldg,0.03904
38443,NAVAJO,35.9839,-109.002,PNM,AZ,ind,0.000952
38443,NAVAJO,35.9839,-109.002,PNM,AZ,road,0.000156
38444,WINDOW ROCK,35.7123,-108.977,PNM,AZ,bldg,0.065586
38444,WINDOW ROCK,35.7123,-108.977,PNM,AZ,ind,0.001598
38444,WINDOW ROCK,35.7123,-108.977,PNM,AZ,road,0.000262
38446,DATELAND 1,32.9774,-113.495,Arizona,AZ,bldg,0.009607
38446,DATELAND 1,32.9774,-113.495,Arizona,AZ,ind,0.001436
38446,DATELAND 1,32.9774,-113.495,Arizona,AZ,rail,1e-06
38446,DATELAND 1,32.9774,-113.495,Arizona,AZ,road,5.2e-05
38450,PHOENIX 71,33.6711,-111.162,Arizona,AZ,bldg,0.007094
38450,PHOENIX 71,33.6711,-111.162,Arizona,AZ,ind,0.00106
38450,PHOENIX 71,33.6711,-111.162,Arizona,AZ,rail,1e-06
38450,PHOENIX 71,33.6711,-111.162,Arizona,AZ,road,3.9e-05
38455,DOUGLAS 2,31.3641,-109.554,Arizona,AZ,bldg,0.040457
38455,DOUGLAS 2,31.3641,-109.554,Arizona,AZ,ind,0.006047
38455,DOUGLAS 2,31.3641,-109.554,Arizona,AZ,rail,6e-06
38455,DOUGLAS 2,31.3641,-109.554,Arizona,AZ,road,0.00022
38459,BAGDAD 2,34.5858,-113.177,Arizona,AZ,bldg,0.002716
38459,BAGDAD 2,34.5858,-113.177,Arizona,AZ,ind,0.000406
38459,BAGDAD 2,34.5858,-113.177,Arizona,AZ,rail,0.0
38459,BAGDAD 2,34.5858,-113.177,Arizona,AZ,road,1.5e-05
38462,COCHISE,32.0603,-109.893,Arizona,AZ,bldg,0.019174
38462,COCHISE,32.0603,-109.893,Arizona,AZ,ind,0.002866
38462,COCHISE,32.0603,-109.893,Arizona,AZ,rail,3e-06
38462,COCHISE,32.0603,-109.893,Arizona,AZ,road,0.000104
38464,PHOENIX 72,33.5536,-111.443,Arizona,AZ,bldg,0.015202
38464,PHOENIX 72,33.5536,-111.443,Arizona,AZ,ind,0.002272
38464,PHOENIX 72,33.5536,-111.443,Arizona,AZ,rail,2e-06
38464,PHOENIX 72,33.5536,-111.443,Arizona,AZ,road,8.3e-05
38465,BUCKEYE 4,33.305,-112.834,Arizona,AZ,bldg,0.009162
38465,BUCKEYE 4,33.305,-112.834,Arizona,AZ,ind,0.001369
38465,BUCKEYE 4,33.305,-112.834,Arizona,AZ,rail,1e-06
38465,BUCKEYE 4,33.305,-112.834,Arizona,AZ,road,5e-05
38482,CHANDLER 15,33.4172,-111.928,Arizona,AZ,phase1,0.080644
38484,CASA GRANDE 5,32.9042,-111.789,Arizona,AZ,phase1,0.04526
38517,ENTERPRISE 2,37.6319,-113.83,PACE,UT,bldg,0.02897
38517,ENTERPRISE 2,37.6319,-113.83,PACE,UT,ind,0.009799
38517,ENTERPRISE 2,37.6319,-113.83,PACE,UT,rail,4.6e-05
38517,ENTERPRISE 2,37.6319,-113.83,PACE,UT,road,0.000176
38518,IVINS,37.2524,-113.728,PACE,UT,bldg,0.080792
38518,IVINS,37.2524,-113.728,PACE,UT,ind,0.02733
38518,IVINS,37.2524,-113.728,PACE,UT,rail,0.000128
38518,IVINS,37.2524,-113.728,PACE,UT,road,0.000491
38519,SANTA CLARA 9,37.0728,-113.727,PACE,UT,bldg,0.063031
38519,SANTA CLARA 9,37.0728,-113.727,PACE,UT,ind,0.021322
38519,SANTA CLARA 9,37.0728,-113.727,PACE,UT,rail,0.0001
38519,SANTA CLARA 9,37.0728,-113.727,PACE,UT,road,0.000383
38520,SAINT GEORGE 1,37.2645,-113.62,PACE,UT,bldg,0.219089
38520,SAINT GEORGE 1,37.2645,-113.62,PACE,UT,ind,0.074112
38520,SAINT GEORGE 1,37.2645,-113.62,PACE,UT,rail,0.000348
38520,SAINT GEORGE 1,37.2645,-113.62,PACE,UT,road,0.001331
38521,SAINT GEORGE 2,37.1174,-113.63,PACE,UT,bldg,0.200776
38521,SAINT GEORGE 2,37.1174,-113.63,PACE,UT,ind,0.067917
38521,SAINT GEORGE 2,37.1174,-113.63,PACE,UT,rail,0.000319
38521,SAINT GEORGE 2,37.1174,-113.63,PACE,UT,road,0.00122
38522,WENDOVER,40.7559,-113.541,PACE,UT,bldg,0.016261
38522,WENDOVER,40.7559,-113.541,PACE,UT,ind,0.005501
38522,WENDOVER,40.7559,-113.541,PACE,UT,rail,2.6e-05
38522,WENDOVER,40.7559,-113.541,PACE,UT,road,9.9e-05
38523,SAINT GEORGE 3,37.029,-113.527,PACE,UT,bldg,0.183528
38523,SAINT GEORGE 3,37.029,-113.527,PACE,UT,ind,0.062082
38523,SAINT GEORGE 3,37.029,-113.527,PACE,UT,rail,0.000291
38523,SAINT GEORGE 3,37.029,-113.527,PACE,UT,road,0.001115
38524,SAINT GEORGE 4,37.1042,-113.633,PACE,UT,bldg,0.183528
38524,SAINT GEORGE 4,37.1042,-113.633,PACE,UT,ind,0.062082
38524,SAINT GEORGE 4,37.1042,-113.633,PACE,UT,rail,0.000291
38524,SAINT GEORGE 4,37.1042,-113.633,PACE,UT,road,0.001115
38525,WASHINGTON,37.1967,-113.537,PACE,UT,bldg,0.192487
38525,WASHINGTON,37.1967,-113.537,PACE,UT,ind,0.065114
38525,WASHINGTON,37.1967,-113.537,PACE,UT,rail,0.000305
38525,WASHINGTON,37.1967,-113.537,PACE,UT,road,0.00117
38526,TOQUERVILLE,37.3144,-113.228,PACE,UT,bldg,0.020918
38526,TOQUERVILLE,37.3144,-113.228,PACE,UT,ind,0.007076
38526,TOQUERVILLE,37.3144,-113.228,PACE,UT,rail,3.3e-05
38526,TOQUERVILLE,37.3144,-113.228,PACE,UT,road,0.000127
38527,NEW HARMONY,37.4969,-113.236,PACE,UT,bldg,0.013893
38527,NEW HARMONY,37.4969,-113.236,PACE,UT,ind,0.0047
38527,NEW HARMONY,37.4969,-113.236,PACE,UT,rail,2.2e-05
38527,NEW HARMONY,37.4969,-113.236,PACE,UT,road,8.4e-05
38528,LA VERKIN,37.2161,-113.299,PACE,UT,bldg,0.053519
38528,LA VERKIN,37.2161,-113.299,PACE,UT,ind,0.018104
38528,LA VERKIN,37.2161,-113.299,PACE,UT,rail,8.5e-05
38528,LA VERKIN,37.2161,-113.299,PACE,UT,road,0.000325
38529,HURRICANE,36.9661,-113.209,WALC,UT,bldg,0.19976
38529,HURRICANE,36.9661,-113.209,WALC,UT,ind,0.003164
38529,HURRICANE,36.9661,-113.209,WALC,UT,rail,0.001013
38529,HURRICANE,36.9661,-113.209,WALC,UT,road,0.001394
38530,CEDAR CITY 1,37.6225,-113.165,PACE,UT,bldg,0.204881
38530,CEDAR CITY 1,37.6225,-113.165,PACE,UT,ind,0.069305
38530,CEDAR CITY 1,37.6225,-113.165,PACE,UT,rail,0.000325
38530,CEDAR CITY 1,37.6225,-113.165,PACE,UT,road,0.001245
38531,CEDAR CITY 2,37.8112,-113.106,PACE,UT,bldg,0.215103
38531,CEDAR CITY 2,37.8112,-113.106,PACE,UT,ind,0.072764
38531,CEDAR CITY 2,37.8112,-113.106,PACE,UT,rail,0.000341
38531,CEDAR CITY 2,37.8112,-113.106,PACE,UT,road,0.001307
38532,HILDALE,37.1202,-113.056,PACE,UT,bldg,0.030667
38532,HILDALE,37.1202,-113.056,PACE,UT,ind,0.010374
38532,HILDALE,37.1202,-113.056,PACE,UT,rail,4.9e-05
38532,HILDALE,37.1202,-113.056,PACE,UT,road,0.000186
38533,MILFORD 1,38.3497,-112.966,PACE,UT,bldg,0.029443
38533,MILFORD 1,38.3497,-112.966,PACE,UT,ind,0.00996
38533,MILFORD 1,38.3497,-112.966,PACE,UT,rail,4.7e-05
38533,MILFORD 1,38.3497,-112.966,PACE,UT,road,0.000179
38534,PAROWAN,37.7887,-112.91,PACE,UT,bldg,0.034811
38534,PAROWAN,37.7887,-112.91,PACE,UT,ind,0.011776
38534,PAROWAN,37.7887,-112.91,PACE,UT,rail,5.5e-05
38534,PAROWAN,37.7887,-112.91,PACE,UT,road,0.000212
38535,GRANTSVILLE 1,40.6526,-112.733,PACE,UT,bldg,0.097211
38535,GRANTSVILLE 1,40.6526,-112.733,PACE,UT,ind,0.032884
38535,GRANTSVILLE 1,40.6526,-112.733,PACE,UT,rail,0.000154
38535,GRANTSVILLE 1,40.6526,-112.733,PACE,UT,road,0.000591
38536,ORDERVILLE,37.3471,-112.726,PACE,UT,bldg,0.02155
38536,ORDERVILLE,37.3471,-112.726,PACE,UT,ind,0.00729
38536,ORDERVILLE,37.3471,-112.726,PACE,UT,rail,3.4e-05
38536,ORDERVILLE,37.3471,-112.726,PACE,UT,road,0.000131
38537,BEAVER 1,38.4068,-112.732,PACE,UT,bldg,0.038916
38537,BEAVER 1,38.4068,-112.732,PACE,UT,ind,0.013164
38537,BEAVER 1,38.4068,-112.732,PACE,UT,rail,6.2e-05
38537,BEAVER 1,38.4068,-112.732,PACE,UT,road,0.000237
38538,DELTA 1,39.5582,-112.729,PACE,UT,bldg,0.068636
38538,DELTA 1,39.5582,-112.729,PACE,UT,ind,0.023217
38538,DELTA 1,39.5582,-112.729,PACE,UT,rail,0.000109
38538,DELTA 1,39.5582,-112.729,PACE,UT,road,0.000417
38539,DUGWAY,40.4075,-112.708,PACE,UT,bldg,0.017485
38539,DUGWAY,40.4075,-112.708,PACE,UT,ind,0.005914
38539,DUGWAY,40.4075,-112.708,PACE,UT,rail,2.8e-05
38539,DUGWAY,40.4075,-112.708,PACE,UT,road,0.000106
38540,CORINNE,41.4395,-112.557,PACE,UT,bldg,0.016182
38540,CORINNE,41.4395,-112.557,PACE,UT,ind,0.005474
38540,CORINNE,41.4395,-112.557,PACE,UT,rail,2.6e-05
38540,CORINNE,41.4395,-112.557,PACE,UT,road,9.8e-05
38541,PANGUITCH,37.9535,-112.494,PACE,UT,bldg,0.027391
38541,PANGUITCH,37.9535,-112.494,PACE,UT,ind,0.009266
38541,PANGUITCH,37.9535,-112.494,PACE,UT,rail,4.3e-05
38541,PANGUITCH,37.9535,-112.494,PACE,UT,road,0.000166
38542,FILLMORE 2,39.0321,-112.459,PACE,UT,bldg,0.03635
38542,FILLMORE 2,39.0321,-112.459,PACE,UT,ind,0.012296
38542,FILLMORE 2,39.0321,-112.459,PACE,UT,rail,5.8e-05
38542,FILLMORE 2,39.0321,-112.459,PACE,UT,road,0.000221
38543,OAK CITY,39.4164,-112.319,PACE,UT,bldg,0.012038
38543,OAK CITY,39.4164,-112.319,PACE,UT,ind,0.004072
38543,OAK CITY,39.4164,-112.319,PACE,UT,rail,1.9e-05
38543,OAK CITY,39.4164,-112.319,PACE,UT,road,7.3e-05
38544,TREMONTON,41.8591,-112.278,PACE,UT,bldg,0.125194
38544,TREMONTON,41.8591,-112.278,PACE,UT,ind,0.04235
38544,TREMONTON,41.8591,-112.278,PACE,UT,rail,0.000199
38544,TREMONTON,41.8591,-112.278,PACE,UT,road,0.000761
38545,TOOELE 1,40.5154,-112.203,PACE,UT,bldg,0.227338
38545,TOOELE 1,40.5154,-112.203,PACE,UT,ind,0.076902
38545,TOOELE 1,40.5154,-112.203,PACE,UT,rail,0.000361
38545,TOOELE 1,40.5154,-112.203,PACE,UT,road,0.001382
38546,TOOELE 2,40.5126,-112.32,PACE,UT,bldg,0.239376
38546,TOOELE 2,40.5126,-112.32,PACE,UT,ind,0.080974
38546,TOOELE 2,40.5126,-112.32,PACE,UT,rail,0.00038
38546,TOOELE 2,40.5126,-112.32,PACE,UT,road,0.001455
38547,CIRCLEVILLE,38.2379,-112.24,PACE,UT,bldg,0.011406
38547,CIRCLEVILLE,38.2379,-112.24,PACE,UT,ind,0.003858
38547,CIRCLEVILLE,38.2379,-112.24,PACE,UT,rail,1.8e-05
38547,CIRCLEVILLE,38.2379,-112.24,PACE,UT,road,6.9e-05
38548,KANAB,37.1031,-112.16,PACE,UT,bldg,0.057032
38548,KANAB,37.1031,-112.16,PACE,UT,ind,0.019292
38548,KANAB,37.1031,-112.16,PACE,UT,rail,9.1e-05
38548,KANAB,37.1031,-112.16,PACE,UT,road,0.000347
38549,MAGNA 1,40.7397,-112.249,PACE,UT,bldg,0.136087
38549,MAGNA 1,40.7397,-112.249,PACE,UT,ind,0.046035
38549,MAGNA 1,40.7397,-112.249,PACE,UT,rail,0.000216
38549,MAGNA 1,40.7397,-112.249,PACE,UT,road,0.000827
38550,MAGNA 2,40.6644,-112.14,PACE,UT,bldg,0.136087
38550,MAGNA 2,40.6644,-112.14,PACE,UT,ind,0.046035
38550,MAGNA 2,40.6644,-112.14,PACE,UT,rail,0.000216
38550,MAGNA 2,40.6644,-112.14,PACE,UT,road,0.000827
38551,GARLAND,41.678,-112.176,PACE,UT,bldg,0.054269
38551,GARLAND,41.678,-112.176,PACE,UT,ind,0.018357
38551,GARLAND,41.678,-112.176,PACE,UT,rail,8.6e-05
38551,GARLAND,41.678,-112.176,PACE,UT,road,0.00033
38552,ELSINORE,38.696,-112.216,PACE,UT,bldg,0.027904
38552,ELSINORE,38.696,-112.216,PACE,UT,ind,0.009439
38552,ELSINORE,38.696,-112.216,PACE,UT,rail,4.4e-05
38552,ELSINORE,38.696,-112.216,PACE,UT,road,0.00017
38553,HOOPER,41.1525,-112.175,PACE,UT,bldg,0.077792
38553,HOOPER,41.1525,-112.175,PACE,UT,ind,0.026315
38553,HOOPER,41.1525,-112.175,PACE,UT,rail,0.000123
38553,HOOPER,41.1525,-112.175,PACE,UT,road,0.000473
38554,OGDEN 1,41.2621,-112.071,PACE,UT,bldg,0.289185
38554,OGDEN 1,41.2621,-112.071,PACE,UT,ind,0.097824
38554,OGDEN 1,41.2621,-112.071,PACE,UT,rail,0.000459
38554,OGDEN 1,41.2621,-112.071,PACE,UT,road,0.001757
38555,OGDEN 2,41.2036,-112.16,PACE,UT,bldg,0.289185
38555,OGDEN 2,41.2036,-112.16,PACE,UT,ind,0.097824
38555,OGDEN 2,41.2036,-112.16,PACE,UT,rail,0.000459
38555,OGDEN 2,41.2036,-112.16,PACE,UT,road,0.001757
38556,MONROE 4,38.5404,-112.124,PACE,UT,bldg,0.044599
38556,MONROE 4,38.5404,-112.124,PACE,UT,ind,0.015087
38556,MONROE 4,38.5404,-112.124,PACE,UT,rail,7.1e-05
38556,MONROE 4,38.5404,-112.124,PACE,UT,road,0.000271
38557,HERRIMAN 1,40.6102,-112.108,PACE,UT,bldg,0.171332
38557,HERRIMAN 1,40.6102,-112.108,PACE,UT,ind,0.057957
38557,HERRIMAN 1,40.6102,-112.108,PACE,UT,rail,0.000272
38557,HERRIMAN 1,40.6102,-112.108,PACE,UT,road,0.001041
38558,HERRIMAN 2,40.5952,-112.148,PACE,UT,bldg,0.179818
38558,HERRIMAN 2,40.5952,-112.148,PACE,UT,ind,0.060828
38558,HERRIMAN 2,40.5952,-112.148,PACE,UT,rail,0.000285
38558,HERRIMAN 2,40.5952,-112.148,PACE,UT,road,0.001093
38559,SYRACUSE,41.0429,-112.042,PACE,UT,bldg,0.251493
38559,SYRACUSE,41.0429,-112.042,PACE,UT,ind,0.085073
38559,SYRACUSE,41.0429,-112.042,PACE,UT,rail,0.000399
38559,SYRACUSE,41.0429,-112.042,PACE,UT,road,0.001528
38560,TROPIC,37.5869,-112.013,PACE,UT,bldg,0.016024
38560,TROPIC,37.5869,-112.013,PACE,UT,ind,0.00542
38560,TROPIC,37.5869,-112.013,PACE,UT,rail,2.5e-05
38560,TROPIC,37.5869,-112.013,PACE,UT,road,9.7e-05
38561,CLARKSTON 2,41.9118,-112.016,PACE,UT,bldg,0.031298
38561,CLARKSTON 2,41.9118,-112.016,PACE,UT,ind,0.010587
38561,CLARKSTON 2,41.9118,-112.016,PACE,UT,rail,5e-05
38561,CLARKSTON 2,41.9118,-112.016,PACE,UT,road,0.00019
38562,CLEARFIELD 1,41.0385,-112.141,PACE,UT,bldg,0.320641
38562,CLEARFIELD 1,41.0385,-112.141,PACE,UT,ind,0.108464
38562,CLEARFIELD 1,41.0385,-112.141,PACE,UT,rail,0.000509
38562,CLEARFIELD 1,41.0385,-112.141,PACE,UT,road,0.001949
38563,CLEARFIELD 2,41.1496,-111.985,PACE,UT,bldg,0.320641
38563,CLEARFIELD 2,41.1496,-111.985,PACE,UT,ind,0.108464
38563,CLEARFIELD 2,41.1496,-111.985,PACE,UT,rail,0.000509
38563,CLEARFIELD 2,41.1496,-111.985,PACE,UT,road,0.001949
38564,BRIGHAM CITY,41.6191,-112.082,PACE,UT,bldg,0.252282
38564,BRIGHAM CITY,41.6191,-112.082,PACE,UT,ind,0.085341
38564,BRIGHAM CITY,41.6191,-112.082,PACE,UT,phase1,0.027314
38564,BRIGHAM CITY,41.6191,-112.082,PACE,UT,rail,0.0004
38564,BRIGHAM CITY,41.6191,-112.082,PACE,UT,road,0.001533
38565,ROY 2,41.2551,-112.142,PACE,UT,bldg,0.192132
38565,ROY 2,41.2551,-112.142,PACE,UT,ind,0.064993
38565,ROY 2,41.2551,-112.142,PACE,UT,rail,0.000305
38565,ROY 2,41.2551,-112.142,PACE,UT,road,0.001168
38566,ROY 3,41.2563,-112.011,PACE,UT,bldg,0.192132
38566,ROY 3,41.2563,-112.011,PACE,UT,ind,0.064993
38566,ROY 3,41.2563,-112.011,PACE,UT,rail,0.000305
38566,ROY 3,41.2563,-112.011,PACE,UT,road,0.001168
38567,SALT LAKE CITY 1,40.7077,-112.008,PACE,UT,bldg,0.143586
38567,SALT LAKE CITY 1,40.7077,-112.008,PACE,UT,ind,0.048572
38567,SALT LAKE CITY 1,40.7077,-112.008,PACE,UT,rail,0.000228
38567,SALT LAKE CITY 1,40.7077,-112.008,PACE,UT,road,0.000873
38568,SALT LAKE CITY 2,40.6135,-112.116,PACE,UT,bldg,0.143586
38568,SALT LAKE CITY 2,40.6135,-112.116,PACE,UT,ind,0.048572
38568,SALT LAKE CITY 2,40.6135,-112.116,PACE,UT,rail,0.000228
38568,SALT LAKE CITY 2,40.6135,-112.116,PACE,UT,road,0.000873
38569,WEST JORDAN 1,40.6499,-112.128,PACE,UT,bldg,0.208985
38569,WEST JORDAN 1,40.6499,-112.128,PACE,UT,ind,0.070694
38569,WEST JORDAN 1,40.6499,-112.128,PACE,UT,rail,0.000332
38569,WEST JORDAN 1,40.6499,-112.128,PACE,UT,road,0.00127
38570,WEST JORDAN 2,40.5954,-112.033,PACE,UT,bldg,0.208985
38570,WEST JORDAN 2,40.5954,-112.033,PACE,UT,ind,0.070694
38570,WEST JORDAN 2,40.5954,-112.033,PACE,UT,rail,0.000332
38570,WEST JORDAN 2,40.5954,-112.033,PACE,UT,road,0.00127
38571,WILLARD 1,41.4597,-112.029,PACE,UT,bldg,0.034574
38571,WILLARD 1,41.4597,-112.029,PACE,UT,ind,0.011696
38571,WILLARD 1,41.4597,-112.029,PACE,UT,rail,5.5e-05
38571,WILLARD 1,41.4597,-112.029,PACE,UT,road,0.00021
38572,OGDEN 3,41.1367,-112.072,PACE,UT,bldg,0.182778
38572,OGDEN 3,41.1367,-112.072,PACE,UT,ind,0.061829
38572,OGDEN 3,41.1367,-112.072,PACE,UT,rail,0.00029
38572,OGDEN 3,41.1367,-112.072,PACE,UT,road,0.001111
38573,OGDEN 4,41.123,-112.069,PACE,UT,bldg,0.182778
38573,OGDEN 4,41.123,-112.069,PACE,UT,ind,0.061829
38573,OGDEN 4,41.123,-112.069,PACE,UT,rail,0.00029
38573,OGDEN 4,41.123,-112.069,PACE,UT,road,0.001111
38574,SALT LAKE CITY 3,40.7083,-111.918,PACE,UT,bldg,0.370332
38574,SALT LAKE CITY 3,40.7083,-111.918,PACE,UT,ind,0.125273
38574,SALT LAKE CITY 3,40.7083,-111.918,PACE,UT,rail,0.000588
38574,SALT LAKE CITY 3,40.7083,-111.918,PACE,UT,road,0.002251
38575,SALT LAKE CITY 4,40.7044,-111.963,PACE,UT,bldg,0.350401
38575,SALT LAKE CITY 4,40.7044,-111.963,PACE,UT,ind,0.118531
38575,SALT LAKE CITY 4,40.7044,-111.963,PACE,UT,rail,0.000556
38575,SALT LAKE CITY 4,40.7044,-111.963,PACE,UT,road,0.002129
38576,SALT LAKE CITY 5,40.7739,-111.956,PACE,UT,bldg,0.251177
38576,SALT LAKE CITY 5,40.7739,-111.956,PACE,UT,ind,0.084966
38576,SALT LAKE CITY 5,40.7739,-111.956,PACE,UT,rail,0.000399
38576,SALT LAKE CITY 5,40.7739,-111.956,PACE,UT,road,0.001526
38577,SALT LAKE CITY 6,40.6067,-111.998,PACE,UT,bldg,0.251177
38577,SALT LAKE CITY 6,40.6067,-111.998,PACE,UT,ind,0.084966
38577,SALT LAKE CITY 6,40.6067,-111.998,PACE,UT,rail,0.000399
38577,SALT LAKE CITY 6,40.6067,-111.998,PACE,UT,road,0.001526
38578,EAGLE MOUNTAIN,40.2364,-111.985,PACE,UT,bldg,0.230061
38578,EAGLE MOUNTAIN,40.2364,-111.985,PACE,UT,ind,0.077823
38578,EAGLE MOUNTAIN,40.2364,-111.985,PACE,UT,rail,0.000365
38578,EAGLE MOUNTAIN,40.2364,-111.985,PACE,UT,road,0.001398
38579,HILL AFB,41.2161,-112.086,PACE,UT,bldg,0.033982
38579,HILL AFB,41.2161,-112.086,PACE,UT,ind,0.011495
38579,HILL AFB,41.2161,-112.086,PACE,UT,rail,5.4e-05
38579,HILL AFB,41.2161,-112.086,PACE,UT,road,0.000207
38580,LAYTON 1,41.1563,-112.009,PACE,UT,bldg,0.228956
38580,LAYTON 1,41.1563,-112.009,PACE,UT,ind,0.07745
38580,LAYTON 1,41.1563,-112.009,PACE,UT,rail,0.000363
38580,LAYTON 1,41.1563,-112.009,PACE,UT,road,0.001391
38581,LAYTON 2,41.162,-112.008,PACE,UT,bldg,0.228956
38581,LAYTON 2,41.162,-112.008,PACE,UT,ind,0.07745
38581,LAYTON 2,41.162,-112.008,PACE,UT,rail,0.000363
38581,LAYTON 2,41.162,-112.008,PACE,UT,road,0.001391
38582,SALT LAKE CITY 7,40.6883,-112.066,PACE,UT,bldg,0.255203
38582,SALT LAKE CITY 7,40.6883,-112.066,PACE,UT,ind,0.086328
38582,SALT LAKE CITY 7,40.6883,-112.066,PACE,UT,rail,0.000405
38582,SALT LAKE CITY 7,40.6883,-112.066,PACE,UT,road,0.001551
38583,SOUTH JORDAN 1,40.502,-112.043,PACE,UT,bldg,0.259465
38583,SOUTH JORDAN 1,40.502,-112.043,PACE,UT,ind,0.087771
38583,SOUTH JORDAN 1,40.502,-112.043,PACE,UT,rail,0.000412
38583,SOUTH JORDAN 1,40.502,-112.043,PACE,UT,road,0.001577
38584,SOUTH JORDAN 2,40.6045,-111.928,PACE,UT,bldg,0.259465
38584,SOUTH JORDAN 2,40.6045,-111.928,PACE,UT,ind,0.087771
38584,SOUTH JORDAN 2,40.6045,-111.928,PACE,UT,rail,0.000412
38584,SOUTH JORDAN 2,40.6045,-111.928,PACE,UT,road,0.001577
38585,OGDEN 5,41.3018,-112.027,PACE,UT,bldg,0.136008
38585,OGDEN 5,41.3018,-112.027,PACE,UT,ind,0.046008
38585,OGDEN 5,41.3018,-112.027,PACE,UT,rail,0.000216
38585,OGDEN 5,41.3018,-112.027,PACE,UT,road,0.000827
38586,OGDEN 6,41.4202,-112.058,PACE,UT,bldg,0.136008
38586,OGDEN 6,41.4202,-112.058,PACE,UT,ind,0.046008
38586,OGDEN 6,41.4202,-112.058,PACE,UT,rail,0.000216
38586,OGDEN 6,41.4202,-112.058,PACE,UT,road,0.000827
38587,OGDEN 7,41.2154,-112.044,PACE,UT,bldg,0.160834
38587,OGDEN 7,41.2154,-112.044,PACE,UT,ind,0.054405
38587,OGDEN 7,41.2154,-112.044,PACE,UT,rail,0.000255
38587,OGDEN 7,41.2154,-112.044,PACE,UT,road,0.000977
38588,OGDEN 8,41.1171,-112.041,PACE,UT,bldg,0.160834
38588,OGDEN 8,41.1171,-112.041,PACE,UT,ind,0.054405
38588,OGDEN 8,41.1171,-112.041,PACE,UT,rail,0.000255
38588,OGDEN 8,41.1171,-112.041,PACE,UT,road,0.000977
38589,WEST JORDAN 3,40.712,-111.872,PACE,UT,bldg,0.245257
38589,WEST JORDAN 3,40.712,-111.872,PACE,UT,ind,0.082964
38589,WEST JORDAN 3,40.712,-111.872,PACE,UT,rail,0.000389
38589,WEST JORDAN 3,40.712,-111.872,PACE,UT,road,0.001491
38590,WEST JORDAN 4,40.6272,-111.95,PACE,UT,bldg,0.191106
38590,WEST JORDAN 4,40.6272,-111.95,PACE,UT,ind,0.064646
38590,WEST JORDAN 4,40.6272,-111.95,PACE,UT,rail,0.000303
38590,WEST JORDAN 4,40.6272,-111.95,PACE,UT,road,0.001161
38591,WEST JORDAN 5,40.609,-111.922,PACE,UT,bldg,0.18266
38591,WEST JORDAN 5,40.609,-111.922,PACE,UT,ind,0.061789
38591,WEST JORDAN 5,40.609,-111.922,PACE,UT,rail,0.00029
38591,WEST JORDAN 5,40.609,-111.922,PACE,UT,road,0.00111
38592,WEST JORDAN 6,40.5501,-112.024,PACE,UT,bldg,0.18266
38592,WEST JORDAN 6,40.5501,-112.024,PACE,UT,ind,0.061789
38592,WEST JORDAN 6,40.5501,-112.024,PACE,UT,rail,0.00029
38592,WEST JORDAN 6,40.5501,-112.024,PACE,UT,road,0.00111
38593,SALT LAKE CITY 8,40.8021,-111.918,PACE,UT,bldg,0.170859
38593,SALT LAKE CITY 8,40.8021,-111.918,PACE,UT,ind,0.057797
38593,SALT LAKE CITY 8,40.8021,-111.918,PACE,UT,rail,0.000271
38593,SALT LAKE CITY 8,40.8021,-111.918,PACE,UT,road,0.001038
38594,SALT LAKE CITY 9,40.7747,-111.865,PACE,UT,bldg,0.170859
38594,SALT LAKE CITY 9,40.7747,-111.865,PACE,UT,ind,0.057797
38594,SALT LAKE CITY 9,40.7747,-111.865,PACE,UT,rail,0.000271
38594,SALT LAKE CITY 9,40.7747,-111.865,PACE,UT,road,0.001038
38595,KAYSVILLE 1,41.0976,-111.992,PACE,UT,bldg,0.171214
38595,KAYSVILLE 1,41.0976,-111.992,PACE,UT,ind,0.057917
38595,KAYSVILLE 1,41.0976,-111.992,PACE,UT,rail,0.000272
38595,KAYSVILLE 1,41.0976,-111.992,PACE,UT,road,0.001041
38596,KAYSVILLE 2,41.1032,-112.04,PACE,UT,bldg,0.171214
38596,KAYSVILLE 2,41.1032,-112.04,PACE,UT,ind,0.057917
38596,KAYSVILLE 2,41.1032,-112.04,PACE,UT,rail,0.000272
38596,KAYSVILLE 2,41.1032,-112.04,PACE,UT,road,0.001041
38597,SALT LAKE CITY 10,40.6125,-111.981,PACE,UT,bldg,0.272332
38597,SALT LAKE CITY 10,40.6125,-111.981,PACE,UT,ind,0.092123
38597,SALT LAKE CITY 10,40.6125,-111.981,PACE,UT,rail,0.000432
38597,SALT LAKE CITY 10,40.6125,-111.981,PACE,UT,road,0.001655
38598,SALT LAKE CITY 11,40.7287,-111.848,PACE,UT,bldg,0.272332
38598,SALT LAKE CITY 11,40.7287,-111.848,PACE,UT,ind,0.092123
38598,SALT LAKE CITY 11,40.7287,-111.848,PACE,UT,rail,0.000432
38598,SALT LAKE CITY 11,40.7287,-111.848,PACE,UT,road,0.001655
38599,WELLSVILLE,41.5505,-111.846,PACE,UT,bldg,0.051783
38599,WELLSVILLE,41.5505,-111.846,PACE,UT,ind,0.017517
38599,WELLSVILLE,41.5505,-111.846,PACE,UT,rail,8.2e-05
38599,WELLSVILLE,41.5505,-111.846,PACE,UT,road,0.000315
38600,RIVERTON 1,40.5268,-111.921,PACE,UT,bldg,0.195842
38600,RIVERTON 1,40.5268,-111.921,PACE,UT,ind,0.066248
38600,RIVERTON 1,40.5268,-111.921,PACE,UT,rail,0.000311
38600,RIVERTON 1,40.5268,-111.921,PACE,UT,road,0.00119
38601,RIVERTON 2,40.4323,-111.936,PACE,UT,bldg,0.195842
38601,RIVERTON 2,40.4323,-111.936,PACE,UT,ind,0.066248
38601,RIVERTON 2,40.4323,-111.936,PACE,UT,rail,0.000311
38601,RIVERTON 2,40.4323,-111.936,PACE,UT,road,0.00119
38602,WOODS CROSS,40.8458,-111.929,PACE,UT,bldg,0.145994
38602,WOODS CROSS,40.8458,-111.929,PACE,UT,ind,0.049386
38602,WOODS CROSS,40.8458,-111.929,PACE,UT,rail,0.000232
38602,WOODS CROSS,40.8458,-111.929,PACE,UT,road,0.000887
38603,LAYTON 3,41.0129,-111.98,PACE,UT,bldg,0.236297
38603,LAYTON 3,41.0129,-111.98,PACE,UT,ind,0.079933
38603,LAYTON 3,41.0129,-111.98,PACE,UT,rail,0.000375
38603,LAYTON 3,41.0129,-111.98,PACE,UT,road,0.001436
38604,AURORA 1,38.8705,-111.83,PACE,UT,bldg,0.028417
38604,AURORA 1,38.8705,-111.83,PACE,UT,ind,0.009613
38604,AURORA 1,38.8705,-111.83,PACE,UT,rail,4.5e-05
38604,AURORA 1,38.8705,-111.83,PACE,UT,road,0.000173
38605,SALT LAKE CITY 12,40.6259,-111.92,PACE,UT,bldg,0.194461
38605,SALT LAKE CITY 12,40.6259,-111.92,PACE,UT,ind,0.065781
38605,SALT LAKE CITY 12,40.6259,-111.92,PACE,UT,rail,0.000309
38605,SALT LAKE CITY 12,40.6259,-111.92,PACE,UT,road,0.001182
38606,SALT LAKE CITY 13,40.6592,-111.998,PACE,UT,bldg,0.194461
38606,SALT LAKE CITY 13,40.6592,-111.998,PACE,UT,ind,0.065781
38606,SALT LAKE CITY 13,40.6592,-111.998,PACE,UT,rail,0.000309
38606,SALT LAKE CITY 13,40.6592,-111.998,PACE,UT,road,0.001182
38607,NORTH SALT LAKE,40.9069,-111.852,PACE,UT,bldg,0.166202
38607,NORTH SALT LAKE,40.9069,-111.852,PACE,UT,ind,0.056222
38607,NORTH SALT LAKE,40.9069,-111.852,PACE,UT,rail,0.000264
38607,NORTH SALT LAKE,40.9069,-111.852,PACE,UT,road,0.00101
38608,SARATOGA SPRINGS,40.3978,-111.854,PACE,UT,bldg,0.173148
38608,SARATOGA SPRINGS,40.3978,-111.854,PACE,UT,ind,0.058571
38608,SARATOGA SPRINGS,40.3978,-111.854,PACE,UT,rail,0.000275
38608,SARATOGA SPRINGS,40.3978,-111.854,PACE,UT,road,0.001052
38609,OGDEN 9,41.2732,-111.955,PACE,UT,bldg,0.187712
38609,OGDEN 9,41.2732,-111.955,PACE,UT,ind,0.063498
38609,OGDEN 9,41.2732,-111.955,PACE,UT,rail,0.000298
38609,OGDEN 9,41.2732,-111.955,PACE,UT,road,0.001141
38610,OGDEN 10,41.0973,-111.861,PACE,UT,bldg,0.187712
38610,OGDEN 10,41.0973,-111.861,PACE,UT,ind,0.063498
38610,OGDEN 10,41.0973,-111.861,PACE,UT,rail,0.000298
38610,OGDEN 10,41.0973,-111.861,PACE,UT,road,0.001141
38611,FARMINGTON 1,40.8891,-111.896,PACE,UT,bldg,0.187317
38611,FARMINGTON 1,40.8891,-111.896,PACE,UT,ind,0.063365
38611,FARMINGTON 1,40.8891,-111.896,PACE,UT,rail,0.000297
38611,FARMINGTON 1,40.8891,-111.896,PACE,UT,road,0.001138
38612,MIDVALE 1,40.6572,-111.817,PACE,UT,bldg,0.14848
38612,MIDVALE 1,40.6572,-111.817,PACE,UT,ind,0.050227
38612,MIDVALE 1,40.6572,-111.817,PACE,UT,rail,0.000236
38612,MIDVALE 1,40.6572,-111.817,PACE,UT,road,0.000902
38613,MIDVALE 2,40.5513,-111.932,PACE,UT,bldg,0.14848
38613,MIDVALE 2,40.5513,-111.932,PACE,UT,ind,0.050227
38613,MIDVALE 2,40.5513,-111.932,PACE,UT,rail,0.000236
38613,MIDVALE 2,40.5513,-111.932,PACE,UT,road,0.000902
38614,SALT LAKE CITY 14,40.746,-111.968,PACE,UT,bldg,0.25315
38614,SALT LAKE CITY 14,40.746,-111.968,PACE,UT,ind,0.085634
38614,SALT LAKE CITY 14,40.746,-111.968,PACE,UT,rail,0.000402
38614,SALT LAKE CITY 14,40.746,-111.968,PACE,UT,road,0.001538
38615,SANDY 3,40.6078,-111.795,PACE,UT,bldg,0.255124
38615,SANDY 3,40.6078,-111.795,PACE,UT,ind,0.086301
38615,SANDY 3,40.6078,-111.795,PACE,UT,rail,0.000405
38615,SANDY 3,40.6078,-111.795,PACE,UT,road,0.00155
38616,SALT LAKE CITY 15,40.5926,-111.956,PACE,UT,bldg,0.158347
38616,SALT LAKE CITY 15,40.5926,-111.956,PACE,UT,ind,0.053564
38616,SALT LAKE CITY 15,40.5926,-111.956,PACE,UT,rail,0.000251
38616,SALT LAKE CITY 15,40.5926,-111.956,PACE,UT,road,0.000962
38617,SALT LAKE CITY 16,40.6267,-111.934,PACE,UT,bldg,0.158347
38617,SALT LAKE CITY 16,40.6267,-111.934,PACE,UT,ind,0.053564
38617,SALT LAKE CITY 16,40.6267,-111.934,PACE,UT,rail,0.000251
38617,SALT LAKE CITY 16,40.6267,-111.934,PACE,UT,road,0.000962
38618,CENTERVILLE 2,40.8896,-111.892,PACE,UT,bldg,0.15669
38618,CENTERVILLE 2,40.8896,-111.892,PACE,UT,ind,0.053004
38618,CENTERVILLE 2,40.8896,-111.892,PACE,UT,rail,0.000249
38618,CENTERVILLE 2,40.8896,-111.892,PACE,UT,road,0.000952
38619,SALT LAKE CITY 17,40.7814,-111.929,PACE,UT,bldg,0.110235
38619,SALT LAKE CITY 17,40.7814,-111.929,PACE,UT,ind,0.037289
38619,SALT LAKE CITY 17,40.7814,-111.929,PACE,UT,rail,0.000175
38619,SALT LAKE CITY 17,40.7814,-111.929,PACE,UT,road,0.00067
38620,SMITHFIELD,41.7415,-111.974,PACE,UT,bldg,0.132772
38620,SMITHFIELD,41.7415,-111.974,PACE,UT,ind,0.044913
38620,SMITHFIELD,41.7415,-111.974,PACE,UT,rail,0.000211
38620,SMITHFIELD,41.7415,-111.974,PACE,UT,road,0.000807
38621,LEHI 1,40.4601,-111.789,PACE,UT,bldg,0.251572
38621,LEHI 1,40.4601,-111.789,PACE,UT,ind,0.0851
38621,LEHI 1,40.4601,-111.789,PACE,UT,rail,0.000399
38621,LEHI 1,40.4601,-111.789,PACE,UT,road,0.001529
38622,LEHI 2,40.3896,-111.877,PACE,UT,bldg,0.251572
38622,LEHI 2,40.3896,-111.877,PACE,UT,ind,0.0851
38622,LEHI 2,40.3896,-111.877,PACE,UT,rail,0.000399
38622,LEHI 2,40.3896,-111.877,PACE,UT,road,0.001529
38623,DRAPER 1,40.4564,-111.83,PACE,UT,bldg,0.204012
38623,DRAPER 1,40.4564,-111.83,PACE,UT,ind,0.069012
38623,DRAPER 1,40.4564,-111.83,PACE,UT,rail,0.000324
38623,DRAPER 1,40.4564,-111.83,PACE,UT,road,0.00124
38624,DRAPER 2,40.4545,-111.803,PACE,UT,bldg,0.204012
38624,DRAPER 2,40.4545,-111.803,PACE,UT,ind,0.069012
38624,DRAPER 2,40.4545,-111.803,PACE,UT,rail,0.000324
38624,DRAPER 2,40.4545,-111.803,PACE,UT,road,0.00124
38625,BOUNTIFUL 1,40.8019,-111.789,PACE,UT,bldg,0.229982
38625,BOUNTIFUL 1,40.8019,-111.789,PACE,UT,ind,0.077797
38625,BOUNTIFUL 1,40.8019,-111.789,PACE,UT,rail,0.000365
38625,BOUNTIFUL 1,40.8019,-111.789,PACE,UT,road,0.001398
38626,BOUNTIFUL 2,40.9301,-111.9,PACE,UT,bldg,0.229982
38626,BOUNTIFUL 2,40.9301,-111.9,PACE,UT,ind,0.077797
38626,BOUNTIFUL 2,40.9301,-111.9,PACE,UT,rail,0.000365
38626,BOUNTIFUL 2,40.9301,-111.9,PACE,UT,road,0.001398
38627,NEPHI,39.7294,-111.876,PACE,UT,bldg,0.059282
38627,NEPHI,39.7294,-111.876,PACE,UT,ind,0.020053
38627,NEPHI,39.7294,-111.876,PACE,UT,rail,9.4e-05
38627,NEPHI,39.7294,-111.876,PACE,UT,road,0.00036
38628,SALT LAKE CITY 18,40.6936,-111.766,PACE,UT,bldg,0.178752
38628,SALT LAKE CITY 18,40.6936,-111.766,PACE,UT,ind,0.060467
38628,SALT LAKE CITY 18,40.6936,-111.766,PACE,UT,rail,0.000284
38628,SALT LAKE CITY 18,40.6936,-111.766,PACE,UT,road,0.001086
38629,SANDY 4,40.6601,-111.856,PACE,UT,bldg,0.14402
38629,SANDY 4,40.6601,-111.856,PACE,UT,ind,0.048719
38629,SANDY 4,40.6601,-111.856,PACE,UT,rail,0.000229
38629,SANDY 4,40.6601,-111.856,PACE,UT,road,0.000875
38630,SANDY 5,40.5919,-111.771,PACE,UT,bldg,0.14402
38630,SANDY 5,40.5919,-111.771,PACE,UT,ind,0.048719
38630,SANDY 5,40.5919,-111.771,PACE,UT,rail,0.000229
38630,SANDY 5,40.5919,-111.771,PACE,UT,road,0.000875
38631,SALT LAKE CITY 19,40.6769,-111.791,PACE,UT,bldg,0.22718
38631,SALT LAKE CITY 19,40.6769,-111.791,PACE,UT,ind,0.076849
38631,SALT LAKE CITY 19,40.6769,-111.791,PACE,UT,rail,0.000361
38631,SALT LAKE CITY 19,40.6769,-111.791,PACE,UT,road,0.001381
38632,SALT LAKE CITY 20,40.7062,-111.904,PACE,UT,bldg,0.171293
38632,SALT LAKE CITY 20,40.7062,-111.904,PACE,UT,ind,0.057944
38632,SALT LAKE CITY 20,40.7062,-111.904,PACE,UT,rail,0.000272
38632,SALT LAKE CITY 20,40.7062,-111.904,PACE,UT,road,0.001041
38633,SALT LAKE CITY 21,40.6182,-111.783,PACE,UT,bldg,0.171293
38633,SALT LAKE CITY 21,40.6182,-111.783,PACE,UT,ind,0.057944
38633,SALT LAKE CITY 21,40.6182,-111.783,PACE,UT,rail,0.000272
38633,SALT LAKE CITY 21,40.6182,-111.783,PACE,UT,road,0.001041
38634,EDEN,41.4344,-111.75,PACE,UT,bldg,0.042192
38634,EDEN,41.4344,-111.75,PACE,UT,ind,0.014273
38634,EDEN,41.4344,-111.75,PACE,UT,rail,6.7e-05
38634,EDEN,41.4344,-111.75,PACE,UT,road,0.000256
38635,LEWISTON 1,42.0303,-111.836,PACE,UT,bldg,0.022971
38635,LEWISTON 1,42.0303,-111.836,PACE,UT,ind,0.00777
38635,LEWISTON 1,42.0303,-111.836,PACE,UT,rail,3.6e-05
38635,LEWISTON 1,42.0303,-111.836,PACE,UT,road,0.00014
38636,MONA 1,39.8276,-111.779,PACE,UT,bldg,0.026878
38636,MONA 1,39.8276,-111.779,PACE,UT,ind,0.009092
38636,MONA 1,39.8276,-111.779,PACE,UT,rail,4.3e-05
38636,MONA 1,39.8276,-111.779,PACE,UT,road,0.000163
38637,SALT LAKE CITY 22,40.7162,-111.82,PACE,UT,bldg,0.216366
38637,SALT LAKE CITY 22,40.7162,-111.82,PACE,UT,ind,0.073191
38637,SALT LAKE CITY 22,40.7162,-111.82,PACE,UT,rail,0.000343
38637,SALT LAKE CITY 22,40.7162,-111.82,PACE,UT,road,0.001315
38638,LOGAN 1,41.6373,-111.936,PACE,UT,bldg,0.226154
38638,LOGAN 1,41.6373,-111.936,PACE,UT,ind,0.076502
38638,LOGAN 1,41.6373,-111.936,PACE,UT,rail,0.000359
38638,LOGAN 1,41.6373,-111.936,PACE,UT,road,0.001374
38639,LOGAN 2,41.7457,-111.849,PACE,UT,bldg,0.226154
38639,LOGAN 2,41.7457,-111.849,PACE,UT,ind,0.076502
38639,LOGAN 2,41.7457,-111.849,PACE,UT,rail,0.000359
38639,LOGAN 2,41.7457,-111.849,PACE,UT,road,0.001374
38640,PARADISE 3,41.4649,-111.932,PACE,UT,bldg,0.024273
38640,PARADISE 3,41.4649,-111.932,PACE,UT,ind,0.008211
38640,PARADISE 3,41.4649,-111.932,PACE,UT,rail,3.9e-05
38640,PARADISE 3,41.4649,-111.932,PACE,UT,road,0.000148
38641,SALT LAKE CITY 23,40.5977,-111.799,PACE,UT,bldg,0.249401
38641,SALT LAKE CITY 23,40.5977,-111.799,PACE,UT,ind,0.084366
38641,SALT LAKE CITY 23,40.5977,-111.799,PACE,UT,rail,0.000396
38641,SALT LAKE CITY 23,40.5977,-111.799,PACE,UT,road,0.001516
38642,SANDY 6,40.5515,-111.898,PACE,UT,bldg,0.237363
38642,SANDY 6,40.5515,-111.898,PACE,UT,ind,0.080293
38642,SANDY 6,40.5515,-111.898,PACE,UT,rail,0.000377
38642,SANDY 6,40.5515,-111.898,PACE,UT,road,0.001443
38643,CENTERFIELD,39.1491,-111.74,PACE,UT,bldg,0.021787
38643,CENTERFIELD,39.1491,-111.74,PACE,UT,ind,0.00737
38643,CENTERFIELD,39.1491,-111.74,PACE,UT,rail,3.5e-05
38643,CENTERFIELD,39.1491,-111.74,PACE,UT,road,0.000132
38644,MILLVILLE,41.6913,-111.762,PACE,UT,bldg,0.018077
38644,MILLVILLE,41.6913,-111.762,PACE,UT,ind,0.006115
38644,MILLVILLE,41.6913,-111.762,PACE,UT,rail,2.9e-05
38644,MILLVILLE,41.6913,-111.762,PACE,UT,road,0.00011
38645,HYDE PARK,41.7801,-111.906,PACE,UT,bldg,0.061531
38645,HYDE PARK,41.7801,-111.906,PACE,UT,ind,0.020814
38645,HYDE PARK,41.7801,-111.906,PACE,UT,rail,9.8e-05
38645,HYDE PARK,41.7801,-111.906,PACE,UT,road,0.000374
38646,SALT LAKE CITY 24,40.6445,-111.857,PACE,UT,bldg,0.218537
38646,SALT LAKE CITY 24,40.6445,-111.857,PACE,UT,ind,0.073925
38646,SALT LAKE CITY 24,40.6445,-111.857,PACE,UT,rail,0.000347
38646,SALT LAKE CITY 24,40.6445,-111.857,PACE,UT,road,0.001328
38647,PROVIDENCE,41.6698,-111.86,PACE,UT,bldg,0.074082
38647,PROVIDENCE,41.6698,-111.86,PACE,UT,ind,0.02506
38647,PROVIDENCE,41.6698,-111.86,PACE,UT,phase1,0.086162
38647,PROVIDENCE,41.6698,-111.86,PACE,UT,rail,0.000118
38647,PROVIDENCE,41.6698,-111.86,PACE,UT,road,0.00045
38648,RICHMOND 6,41.8454,-111.73,PACE,UT,bldg,0.027944
38648,RICHMOND 6,41.8454,-111.73,PACE,UT,ind,0.009453
38648,RICHMOND 6,41.8454,-111.73,PACE,UT,rail,4.4e-05
38648,RICHMOND 6,41.8454,-111.73,PACE,UT,road,0.00017
38649,GUNNISON 1,39.2312,-111.899,PACE,UT,bldg,0.041402
38649,GUNNISON 1,39.2312,-111.899,PACE,UT,ind,0.014005
38649,GUNNISON 1,39.2312,-111.899,PACE,UT,rail,6.6e-05
38649,GUNNISON 1,39.2312,-111.899,PACE,UT,road,0.000252
38650,SANTAQUIN,39.9941,-111.89,PACE,UT,bldg,0.119826
38650,SANTAQUIN,39.9941,-111.89,PACE,UT,ind,0.040534
38650,SANTAQUIN,39.9941,-111.89,PACE,UT,rail,0.00019
38650,SANTAQUIN,39.9941,-111.89,PACE,UT,road,0.000728
38651,LOGAN 3,41.7156,-111.883,PACE,UT,bldg,0.206341
38651,LOGAN 3,41.7156,-111.883,PACE,UT,ind,0.0698
38651,LOGAN 3,41.7156,-111.883,PACE,UT,rail,0.000327
38651,LOGAN 3,41.7156,-111.883,PACE,UT,road,0.001254
38652,ALPINE 2,40.5762,-111.78,PACE,UT,bldg,0.100763
38652,ALPINE 2,40.5762,-111.78,PACE,UT,ind,0.034085
38652,ALPINE 2,40.5762,-111.78,PACE,UT,rail,0.00016
38652,ALPINE 2,40.5762,-111.78,PACE,UT,road,0.000612
38653,SALT LAKE CITY 25,40.7926,-111.721,PACE,UT,bldg,0.212814
38653,SALT LAKE CITY 25,40.7926,-111.721,PACE,UT,ind,0.071989
38653,SALT LAKE CITY 25,40.7926,-111.721,PACE,UT,rail,0.000338
38653,SALT LAKE CITY 25,40.7926,-111.721,PACE,UT,road,0.001293
38654,OREM 1,40.312,-111.821,PACE,UT,bldg,0.15669
38654,OREM 1,40.312,-111.821,PACE,UT,ind,0.053004
38654,OREM 1,40.312,-111.821,PACE,UT,rail,0.000249
38654,OREM 1,40.312,-111.821,PACE,UT,road,0.000952
38655,OREM 2,40.3002,-111.744,PACE,UT,bldg,0.15669
38655,OREM 2,40.3002,-111.744,PACE,UT,ind,0.053004
38655,OREM 2,40.3002,-111.744,PACE,UT,rail,0.000249
38655,OREM 2,40.3002,-111.744,PACE,UT,road,0.000952
38656,LINDON,40.3679,-111.725,PACE,UT,bldg,0.103565
38656,LINDON,40.3679,-111.725,PACE,UT,ind,0.035033
38656,LINDON,40.3679,-111.725,PACE,UT,rail,0.000164
38656,LINDON,40.3679,-111.725,PACE,UT,road,0.000629
38657,PAYSON 2,39.9668,-111.806,PACE,UT,bldg,0.251453
38657,PAYSON 2,39.9668,-111.806,PACE,UT,ind,0.08506
38657,PAYSON 2,39.9668,-111.806,PACE,UT,rail,0.000399
38657,PAYSON 2,39.9668,-111.806,PACE,UT,road,0.001528
38658,SALT LAKE CITY 26,40.5474,-111.722,PACE,UT,bldg,0.213958
38658,SALT LAKE CITY 26,40.5474,-111.722,PACE,UT,ind,0.072376
38658,SALT LAKE CITY 26,40.5474,-111.722,PACE,UT,rail,0.00034
38658,SALT LAKE CITY 26,40.5474,-111.722,PACE,UT,road,0.0013
38659,SALT LAKE CITY 27,40.6731,-111.631,PACE,UT,bldg,0.213958
38659,SALT LAKE CITY 27,40.6731,-111.631,PACE,UT,ind,0.072376
38659,SALT LAKE CITY 27,40.6731,-111.631,PACE,UT,rail,0.00034
38659,SALT LAKE CITY 27,40.6731,-111.631,PACE,UT,road,0.0013
38660,OREM 3,40.2473,-111.766,PACE,UT,bldg,0.188146
38660,OREM 3,40.2473,-111.766,PACE,UT,ind,0.063644
38660,OREM 3,40.2473,-111.766,PACE,UT,rail,0.000299
38660,OREM 3,40.2473,-111.766,PACE,UT,road,0.001143
38661,OREM 4,40.2762,-111.794,PACE,UT,bldg,0.188146
38661,OREM 4,40.2762,-111.794,PACE,UT,ind,0.063644
38661,OREM 4,40.2762,-111.794,PACE,UT,rail,0.000299
38661,OREM 4,40.2762,-111.794,PACE,UT,road,0.001143
38662,SANDY 7,40.6348,-111.653,PACE,UT,bldg,0.15148
38662,SANDY 7,40.6348,-111.653,PACE,UT,ind,0.051241
38662,SANDY 7,40.6348,-111.653,PACE,UT,rail,0.00024
38662,SANDY 7,40.6348,-111.653,PACE,UT,road,0.000921
38663,SANDY 8,40.6216,-111.777,PACE,UT,bldg,0.15148
38663,SANDY 8,40.6216,-111.777,PACE,UT,ind,0.051241
38663,SANDY 8,40.6216,-111.777,PACE,UT,rail,0.00024
38663,SANDY 8,40.6216,-111.777,PACE,UT,road,0.000921
38664,SALT LAKE CITY 28,40.6962,-111.676,PACE,UT,bldg,0.244823
38664,SALT LAKE CITY 28,40.6962,-111.676,PACE,UT,ind,0.082817
38664,SALT LAKE CITY 28,40.6962,-111.676,PACE,UT,rail,0.000389
38664,SALT LAKE CITY 28,40.6962,-111.676,PACE,UT,road,0.001488
38665,RICHFIELD,38.6551,-111.791,PACE,UT,bldg,0.10096
38665,RICHFIELD,38.6551,-111.791,PACE,UT,ind,0.034152
38665,RICHFIELD,38.6551,-111.791,PACE,UT,rail,0.00016
38665,RICHFIELD,38.6551,-111.791,PACE,UT,road,0.000614
38666,PROVO 1,40.1627,-111.795,PACE,UT,bldg,0.161544
38666,PROVO 1,40.1627,-111.795,PACE,UT,ind,0.054646
38666,PROVO 1,40.1627,-111.795,PACE,UT,rail,0.000256
38666,PROVO 1,40.1627,-111.795,PACE,UT,road,0.000982
38667,PROVO 2,40.1557,-111.782,PACE,UT,bldg,0.161544
38667,PROVO 2,40.1557,-111.782,PACE,UT,ind,0.054646
38667,PROVO 2,40.1557,-111.782,PACE,UT,rail,0.000256
38667,PROVO 2,40.1557,-111.782,PACE,UT,road,0.000982
38668,SPANISH FORK 1,40.0724,-111.745,PACE,UT,bldg,0.194935
38668,SPANISH FORK 1,40.0724,-111.745,PACE,UT,ind,0.065941
38668,SPANISH FORK 1,40.0724,-111.745,PACE,UT,rail,0.000309
38668,SPANISH FORK 1,40.0724,-111.745,PACE,UT,road,0.001185
38669,SPANISH FORK 2,40.1028,-111.792,PACE,UT,bldg,0.194935
38669,SPANISH FORK 2,40.1028,-111.792,PACE,UT,ind,0.065941
38669,SPANISH FORK 2,40.1028,-111.792,PACE,UT,rail,0.000309
38669,SPANISH FORK 2,40.1028,-111.792,PACE,UT,road,0.001185
38670,AMERICAN FORK 1,40.494,-111.64,PACE,UT,bldg,0.217471
38670,AMERICAN FORK 1,40.494,-111.64,PACE,UT,ind,0.073565
38670,AMERICAN FORK 1,40.494,-111.64,PACE,UT,rail,0.000345
38670,AMERICAN FORK 1,40.494,-111.64,PACE,UT,road,0.001322
38671,AMERICAN FORK 2,40.4994,-111.767,PACE,UT,bldg,0.217471
38671,AMERICAN FORK 2,40.4994,-111.767,PACE,UT,ind,0.073565
38671,AMERICAN FORK 2,40.4994,-111.767,PACE,UT,rail,0.000345
38671,AMERICAN FORK 2,40.4994,-111.767,PACE,UT,road,0.001322
38672,MORGAN,40.9889,-111.66,PACE,UT,bldg,0.105933
38672,MORGAN,40.9889,-111.66,PACE,UT,ind,0.035834
38672,MORGAN,40.9889,-111.66,PACE,UT,rail,0.000168
38672,MORGAN,40.9889,-111.66,PACE,UT,road,0.000644
38673,OREM 5,40.3324,-111.757,PACE,UT,bldg,0.218813
38673,OREM 5,40.3324,-111.757,PACE,UT,ind,0.074018
38673,OREM 5,40.3324,-111.757,PACE,UT,rail,0.000347
38673,OREM 5,40.3324,-111.757,PACE,UT,road,0.00133
38674,PLEASANT GROVE 1,40.5128,-111.767,PACE,UT,bldg,0.22201
38674,PLEASANT GROVE 1,40.5128,-111.767,PACE,UT,ind,0.0751
38674,PLEASANT GROVE 1,40.5128,-111.767,PACE,UT,rail,0.000352
38674,PLEASANT GROVE 1,40.5128,-111.767,PACE,UT,road,0.001349
38675,PLEASANT GROVE 2,40.4903,-111.759,PACE,UT,bldg,0.22201
38675,PLEASANT GROVE 2,40.4903,-111.759,PACE,UT,ind,0.0751
38675,PLEASANT GROVE 2,40.4903,-111.759,PACE,UT,rail,0.000352
38675,PLEASANT GROVE 2,40.4903,-111.759,PACE,UT,road,0.001349
38676,HYRUM,41.6449,-111.662,PACE,UT,bldg,0.081108
38676,HYRUM,41.6449,-111.662,PACE,UT,ind,0.027437
38676,HYRUM,41.6449,-111.662,PACE,UT,rail,0.000129
38676,HYRUM,41.6449,-111.662,PACE,UT,road,0.000493
38677,SALEM 14,39.9572,-111.579,PACE,UT,bldg,0.081542
38677,SALEM 14,39.9572,-111.579,PACE,UT,ind,0.027584
38677,SALEM 14,39.9572,-111.579,PACE,UT,rail,0.000129
38677,SALEM 14,39.9572,-111.579,PACE,UT,road,0.000496
38678,LOA,38.4635,-111.568,PACE,UT,bldg,0.024194
38678,LOA,38.4635,-111.568,PACE,UT,ind,0.008185
38678,LOA,38.4635,-111.568,PACE,UT,rail,3.8e-05
38678,LOA,38.4635,-111.568,PACE,UT,road,0.000147
38679,SALINA,38.939,-111.676,PACE,UT,bldg,0.027588
38679,SALINA,38.939,-111.676,PACE,UT,ind,0.009332
38679,SALINA,38.939,-111.676,PACE,UT,rail,4.4e-05
38679,SALINA,38.939,-111.676,PACE,UT,road,0.000168
38680,PROVO 3,40.1237,-111.63,PACE,UT,bldg,0.165688
38680,PROVO 3,40.1237,-111.63,PACE,UT,ind,0.056048
38680,PROVO 3,40.1237,-111.63,PACE,UT,rail,0.000263
38680,PROVO 3,40.1237,-111.63,PACE,UT,road,0.001007
38681,PROVO 4,40.1996,-111.63,PACE,UT,bldg,0.165688
38681,PROVO 4,40.1996,-111.63,PACE,UT,ind,0.056048
38681,PROVO 4,40.1996,-111.63,PACE,UT,rail,0.000263
38681,PROVO 4,40.1996,-111.63,PACE,UT,road,0.001007
38682,HUNTSVILLE,41.3273,-111.69,PACE,UT,bldg,0.029601
38682,HUNTSVILLE,41.3273,-111.69,PACE,UT,ind,0.010013
38682,HUNTSVILLE,41.3273,-111.69,PACE,UT,rail,4.7e-05
38682,HUNTSVILLE,41.3273,-111.69,PACE,UT,road,0.00018
38683,MANTI,39.2692,-111.519,PACE,UT,bldg,0.041837
38683,MANTI,39.2692,-111.519,PACE,UT,ind,0.014152
38683,MANTI,39.2692,-111.519,PACE,UT,rail,6.6e-05
38683,MANTI,39.2692,-111.519,PACE,UT,road,0.000254
38684,MORONI,39.5628,-111.689,PACE,UT,bldg,0.042823
38684,MORONI,39.5628,-111.689,PACE,UT,ind,0.014486
38684,MORONI,39.5628,-111.689,PACE,UT,rail,6.8e-05
38684,MORONI,39.5628,-111.689,PACE,UT,road,0.00026
38685,ESCALANTE,37.7802,-111.611,PACE,UT,bldg,0.017327
38685,ESCALANTE,37.7802,-111.611,PACE,UT,ind,0.005861
38685,ESCALANTE,37.7802,-111.611,PACE,UT,rail,2.7e-05
38685,ESCALANTE,37.7802,-111.611,PACE,UT,road,0.000105
38686,PROVO 5,40.3173,-111.619,PACE,UT,bldg,0.252164
38686,PROVO 5,40.3173,-111.619,PACE,UT,ind,0.0853
38686,PROVO 5,40.3173,-111.619,PACE,UT,rail,0.0004
38686,PROVO 5,40.3173,-111.619,PACE,UT,road,0.001532
38687,PROVO 6,40.3105,-111.597,PACE,UT,bldg,0.252164
38687,PROVO 6,40.3105,-111.597,PACE,UT,ind,0.0853
38687,PROVO 6,40.3105,-111.597,PACE,UT,rail,0.0004
38687,PROVO 6,40.3105,-111.597,PACE,UT,road,0.001532
38688,MAPLETON,40.1767,-111.579,PACE,UT,bldg,0.08245
38688,MAPLETON,40.1767,-111.579,PACE,UT,ind,0.02789
38688,MAPLETON,40.1767,-111.579,PACE,UT,rail,0.000131
38688,MAPLETON,40.1767,-111.579,PACE,UT,road,0.000501
38689,EPHRAIM,39.392,-111.467,PACE,UT,bldg,0.082963
38689,EPHRAIM,39.392,-111.467,PACE,UT,ind,0.028064
38689,EPHRAIM,39.392,-111.467,PACE,UT,rail,0.000132
38689,EPHRAIM,39.392,-111.467,PACE,UT,road,0.000504
38690,PARK CITY 1,40.7062,-111.591,PACE,UT,bldg,0.177332
38690,PARK CITY 1,40.7062,-111.591,PACE,UT,ind,0.059986
38690,PARK CITY 1,40.7062,-111.591,PACE,UT,rail,0.000281
38690,PARK CITY 1,40.7062,-111.591,PACE,UT,road,0.001078
38691,MIDWAY,40.4277,-111.49,PACE,UT,bldg,0.052493
38691,MIDWAY,40.4277,-111.49,PACE,UT,ind,0.017757
38691,MIDWAY,40.4277,-111.49,PACE,UT,rail,8.3e-05
38691,MIDWAY,40.4277,-111.49,PACE,UT,road,0.000319
38692,PARK CITY 2,40.6076,-111.486,PACE,UT,bldg,0.07795
38692,PARK CITY 2,40.6076,-111.486,PACE,UT,ind,0.026368
38692,PARK CITY 2,40.6076,-111.486,PACE,UT,rail,0.000124
38692,PARK CITY 2,40.6076,-111.486,PACE,UT,road,0.000474
38693,SPRINGVILLE 1,40.241,-111.578,PACE,UT,bldg,0.153808
38693,SPRINGVILLE 1,40.241,-111.578,PACE,UT,ind,0.052029
38693,SPRINGVILLE 1,40.241,-111.578,PACE,UT,rail,0.000244
38693,SPRINGVILLE 1,40.241,-111.578,PACE,UT,road,0.000935
38694,SPRINGVILLE 2,40.1093,-111.408,PACE,UT,bldg,0.153808
38694,SPRINGVILLE 2,40.1093,-111.408,PACE,UT,ind,0.052029
38694,SPRINGVILLE 2,40.1093,-111.408,PACE,UT,rail,0.000244
38694,SPRINGVILLE 2,40.1093,-111.408,PACE,UT,road,0.000935
38695,FAIRVIEW 2,39.8452,-111.467,PACE,UT,bldg,0.02597
38695,FAIRVIEW 2,39.8452,-111.467,PACE,UT,ind,0.008785
38695,FAIRVIEW 2,39.8452,-111.467,PACE,UT,rail,4.1e-05
38695,FAIRVIEW 2,39.8452,-111.467,PACE,UT,road,0.000158
38696,GARDEN CITY 1,41.8719,-111.366,PACE,UT,bldg,0.019103
38696,GARDEN CITY 1,41.8719,-111.366,PACE,UT,ind,0.006462
38696,GARDEN CITY 1,41.8719,-111.366,PACE,UT,rail,3e-05
38696,GARDEN CITY 1,41.8719,-111.366,PACE,UT,road,0.000116
38697,MOUNT PLEASANT,39.5765,-111.469,PACE,UT,bldg,0.041245
38697,MOUNT PLEASANT,39.5765,-111.469,PACE,UT,ind,0.013952
38697,MOUNT PLEASANT,39.5765,-111.469,PACE,UT,rail,6.5e-05
38697,MOUNT PLEASANT,39.5765,-111.469,PACE,UT,road,0.000251
38698,HEBER CITY,40.5508,-111.317,PACE,UT,bldg,0.177016
38698,HEBER CITY,40.5508,-111.317,PACE,UT,ind,0.059879
38698,HEBER CITY,40.5508,-111.317,PACE,UT,rail,0.000281
38698,HEBER CITY,40.5508,-111.317,PACE,UT,road,0.001076
38699,COALVILLE,40.9378,-111.212,PACE,UT,bldg,0.03714
38699,COALVILLE,40.9378,-111.212,PACE,UT,ind,0.012563
38699,COALVILLE,40.9378,-111.212,PACE,UT,rail,5.9e-05
38699,COALVILLE,40.9378,-111.212,PACE,UT,road,0.000226
38700,ORANGEVILLE,39.3259,-111.204,PACE,UT,bldg,0.015432
38700,ORANGEVILLE,39.3259,-111.204,PACE,UT,ind,0.00522
38700,ORANGEVILLE,39.3259,-111.204,PACE,UT,rail,2.4e-05
38700,ORANGEVILLE,39.3259,-111.204,PACE,UT,road,9.4e-05
38701,OAKLEY 3,40.6187,-111.235,PACE,UT,bldg,0.018432
38701,OAKLEY 3,40.6187,-111.235,PACE,UT,ind,0.006235
38701,OAKLEY 3,40.6187,-111.235,PACE,UT,rail,2.9e-05
38701,OAKLEY 3,40.6187,-111.235,PACE,UT,road,0.000112
38702,FERRON,39.1885,-111.248,PACE,UT,bldg,0.02076
38702,FERRON,39.1885,-111.248,PACE,UT,ind,0.007023
38702,FERRON,39.1885,-111.248,PACE,UT,rail,3.3e-05
38702,FERRON,39.1885,-111.248,PACE,UT,road,0.000126
38703,HUNTINGTON 1,39.4631,-111.014,PACE,UT,bldg,0.028141
38703,HUNTINGTON 1,39.4631,-111.014,PACE,UT,ind,0.00952
38703,HUNTINGTON 1,39.4631,-111.014,PACE,UT,rail,4.5e-05
38703,HUNTINGTON 1,39.4631,-111.014,PACE,UT,road,0.000171
38704,KAMAS,40.7224,-110.928,PACE,UT,bldg,0.064689
38704,KAMAS,40.7224,-110.928,PACE,UT,ind,0.021882
38704,KAMAS,40.7224,-110.928,PACE,UT,rail,0.000103
38704,KAMAS,40.7224,-110.928,PACE,UT,road,0.000393
38705,CASTLE DALE 1,39.1695,-110.967,PACE,UT,bldg,0.020839
38705,CASTLE DALE 1,39.1695,-110.967,PACE,UT,ind,0.007049
38705,CASTLE DALE 1,39.1695,-110.967,PACE,UT,rail,3.3e-05
38705,CASTLE DALE 1,39.1695,-110.967,PACE,UT,road,0.000127
38706,HELPER 1,39.7829,-110.967,PACE,UT,bldg,0.042429
38706,HELPER 1,39.7829,-110.967,PACE,UT,ind,0.014353
38706,HELPER 1,39.7829,-110.967,PACE,UT,rail,6.7e-05
38706,HELPER 1,39.7829,-110.967,PACE,UT,road,0.000258
38707,PRICE,39.6262,-110.666,PACE,UT,bldg,0.141534
38707,PRICE,39.6262,-110.666,PACE,UT,ind,0.047877
38707,PRICE,39.6262,-110.666,PACE,UT,rail,0.000225
38707,PRICE,39.6262,-110.666,PACE,UT,road,0.00086
38708,WELLINGTON 2,39.5188,-110.749,PACE,UT,bldg,0.034338
38708,WELLINGTON 2,39.5188,-110.749,PACE,UT,ind,0.011615
38708,WELLINGTON 2,39.5188,-110.749,PACE,UT,rail,5.4e-05
38708,WELLINGTON 2,39.5188,-110.749,PACE,UT,road,0.000209
38709,EVANSTON 1,41.1071,-110.632,PACE,UT,bldg,0.14998
38709,EVANSTON 1,41.1071,-110.632,PACE,UT,ind,0.050734
38709,EVANSTON 1,41.1071,-110.632,PACE,UT,rail,0.000238
38709,EVANSTON 1,41.1071,-110.632,PACE,UT,road,0.000911
38710,DUCHESNE,40.0733,-110.609,PACE,UT,bldg,0.038719
38710,DUCHESNE,40.0733,-110.609,PACE,UT,ind,0.013097
38710,DUCHESNE,40.0733,-110.609,PACE,UT,rail,6.1e-05
38710,DUCHESNE,40.0733,-110.609,PACE,UT,road,0.000235
38711,EAST CARBON,39.4803,-110.511,PACE,UT,bldg,0.017248
38711,EAST CARBON,39.4803,-110.511,PACE,UT,ind,0.005835
38711,EAST CARBON,39.4803,-110.511,PACE,UT,rail,2.7e-05
38711,EAST CARBON,39.4803,-110.511,PACE,UT,road,0.000105
38712,ALTAMONT,40.3906,-110.369,PACE,UT,bldg,0.020445
38712,ALTAMONT,40.3906,-110.369,PACE,UT,ind,0.006916
38712,ALTAMONT,40.3906,-110.369,PACE,UT,rail,3.2e-05
38712,ALTAMONT,40.3906,-110.369,PACE,UT,road,0.000124
38713,GREEN RIVER 1,39.095,-110.069,PACE,UT,bldg,0.01263
38713,GREEN RIVER 1,39.095,-110.069,PACE,UT,ind,0.004273
38713,GREEN RIVER 1,39.095,-110.069,PACE,UT,rail,2e-05
38713,GREEN RIVER 1,39.095,-110.069,PACE,UT,road,7.7e-05
38714,ROOSEVELT 3,40.3086,-110.116,PACE,UT,bldg,0.123378
38714,ROOSEVELT 3,40.3086,-110.116,PACE,UT,ind,0.041736
38714,ROOSEVELT 3,40.3086,-110.116,PACE,UT,rail,0.000196
38714,ROOSEVELT 3,40.3086,-110.116,PACE,UT,road,0.00075
38715,NEOLA,40.5047,-110.059,PACE,UT,bldg,0.016892
38715,NEOLA,40.5047,-110.059,PACE,UT,ind,0.005715
38715,NEOLA,40.5047,-110.059,PACE,UT,rail,2.7e-05
38715,NEOLA,40.5047,-110.059,PACE,UT,road,0.000103
38716,MYTON,40.1279,-110.079,PACE,UT,bldg,0.01784
38716,MYTON,40.1279,-110.079,PACE,UT,ind,0.006034
38716,MYTON,40.1279,-110.079,PACE,UT,rail,2.8e-05
38716,MYTON,40.1279,-110.079,PACE,UT,road,0.000108
38717,FORT DUCHESNE,40.3376,-109.826,PACE,UT,bldg,0.017129
38717,FORT DUCHESNE,40.3376,-109.826,PACE,UT,ind,0.005795
38717,FORT DUCHESNE,40.3376,-109.826,PACE,UT,rail,2.7e-05
38717,FORT DUCHESNE,40.3376,-109.826,PACE,UT,road,0.000104
38718,LAPOINT,40.5381,-109.798,PACE,UT,bldg,0.015314
38718,LAPOINT,40.5381,-109.798,PACE,UT,ind,0.00518
38718,LAPOINT,40.5381,-109.798,PACE,UT,rail,2.4e-05
38718,LAPOINT,40.5381,-109.798,PACE,UT,road,9.3e-05
38719,BLUFF,37.1113,-109.626,PACE,UT,bldg,0.013972
38719,BLUFF,37.1113,-109.626,PACE,UT,ind,0.004726
38719,BLUFF,37.1113,-109.626,PACE,UT,rail,2.2e-05
38719,BLUFF,37.1113,-109.626,PACE,UT,road,8.5e-05
38720,MONTICELLO,37.9082,-109.47,PACE,UT,bldg,0.026681
38720,MONTICELLO,37.9082,-109.47,PACE,UT,ind,0.009025
38720,MONTICELLO,37.9082,-109.47,PACE,UT,rail,4.2e-05
38720,MONTICELLO,37.9082,-109.47,PACE,UT,road,0.000162
38721,MOAB,38.6072,-109.575,PACE,UT,bldg,0.105144
38721,MOAB,38.6072,-109.575,PACE,UT,ind,0.035567
38721,MOAB,38.6072,-109.575,PACE,UT,rail,0.000167
38721,MOAB,38.6072,-109.575,PACE,UT,road,0.000639
38722,VERNAL 1,40.6192,-109.568,PACE,UT,bldg,0.143507
38722,VERNAL 1,40.6192,-109.568,PACE,UT,ind,0.048545
38722,VERNAL 1,40.6192,-109.568,PACE,UT,rail,0.000228
38722,VERNAL 1,40.6192,-109.568,PACE,UT,road,0.000872
38723,VERNAL 2,40.588,-109.533,PACE,UT,bldg,0.132653
38723,VERNAL 2,40.588,-109.533,PACE,UT,ind,0.044873
38723,VERNAL 2,40.588,-109.533,PACE,UT,rail,0.000211
38723,VERNAL 2,40.588,-109.533,PACE,UT,road,0.000806
38724,BLANDING,37.6045,-109.346,PACE,UT,bldg,0.047954
38724,BLANDING,37.6045,-109.346,PACE,UT,ind,0.016221
38724,BLANDING,37.6045,-109.346,PACE,UT,rail,7.6e-05
38724,BLANDING,37.6045,-109.346,PACE,UT,road,0.000291
38725,MONTEZUMA CREEK,37.1945,-109.187,PACE,UT,bldg,0.027233
38725,MONTEZUMA CREEK,37.1945,-109.187,PACE,UT,ind,0.009212
38725,MONTEZUMA CREEK,37.1945,-109.187,PACE,UT,rail,4.3e-05
38725,MONTEZUMA CREEK,37.1945,-109.187,PACE,UT,road,0.000166
38726,JENSEN,40.3446,-109.181,PACE,UT,bldg,0.007657
38726,JENSEN,40.3446,-109.181,PACE,UT,ind,0.00259
38726,JENSEN,40.3446,-109.181,PACE,UT,rail,1.2e-05
38726,JENSEN,40.3446,-109.181,PACE,UT,road,4.7e-05
38751,LAS VEGAS 79,35.5753,-104.898,PNM,NM,bldg,0.144153
38751,LAS VEGAS 79,35.5753,-104.898,PNM,NM,ind,0.063015
38751,LAS VEGAS 79,35.5753,-104.898,PNM,NM,road,0.000575
38752,ANGEL FIRE,36.4001,-105.287,PNM,NM,bldg,0.030256
38752,ANGEL FIRE,36.4001,-105.287,PNM,NM,ind,0.013226
38752,ANGEL FIRE,36.4001,-105.287,PNM,NM,road,0.000121
38753,CAPITAN,33.706,-105.246,PNM,NM,bldg,0.018105
38753,CAPITAN,33.706,-105.246,PNM,NM,ind,0.007915
38753,CAPITAN,33.706,-105.246,PNM,NM,road,7.2e-05
38754,MORA,35.8952,-105.433,PNM,NM,bldg,0.030597
38754,MORA,35.8952,-105.433,PNM,NM,ind,0.013375
38754,MORA,35.8952,-105.433,PNM,NM,road,0.000122
38755,TAOS,36.4014,-105.527,PNM,NM,bldg,0.079982
38755,TAOS,36.4014,-105.527,PNM,NM,ind,0.034963
38755,TAOS,36.4014,-105.527,PNM,NM,road,0.000319
38756,QUESTA,36.8006,-105.52,PNM,NM,bldg,0.030012
38756,QUESTA,36.8006,-105.52,PNM,NM,ind,0.013119
38756,QUESTA,36.8006,-105.52,PNM,NM,road,0.00012
38757,RIBERA,35.2915,-105.604,PNM,NM,bldg,0.024888
38757,RIBERA,35.2915,-105.604,PNM,NM,ind,0.010878
38757,RIBERA,35.2915,-105.604,PNM,NM,road,9.9e-05
38758,RUIDOSO DOWNS,33.323,-105.555,PNM,NM,bldg,0.028401
38758,RUIDOSO DOWNS,33.323,-105.555,PNM,NM,ind,0.012415
38758,RUIDOSO DOWNS,33.323,-105.555,PNM,NM,road,0.000113
38759,MESCALERO,33.1937,-105.606,EPE,NM,bldg,0.031094
38759,MESCALERO,33.1937,-105.606,EPE,NM,ind,0.022908
38759,MESCALERO,33.1937,-105.606,EPE,NM,road,3e-05
38760,PECOS,35.5972,-105.657,PNM,NM,bldg,0.02762
38760,PECOS,35.5972,-105.657,PNM,NM,ind,0.012074
38760,PECOS,35.5972,-105.657,PNM,NM,road,0.00011
38761,EL PRADO,36.4612,-105.532,PNM,NM,bldg,0.046506
38761,EL PRADO,36.4612,-105.532,PNM,NM,ind,0.020329
38761,EL PRADO,36.4612,-105.532,PNM,NM,road,0.000185
38762,ALTO,33.4472,-105.752,PNM,NM,bldg,0.021521
38762,ALTO,33.4472,-105.752,PNM,NM,ind,0.009408
38762,ALTO,33.4472,-105.752,PNM,NM,road,8.6e-05
38763,RUIDOSO,33.4289,-105.596,PNM,NM,bldg,0.060511
38763,RUIDOSO,33.4289,-105.596,PNM,NM,ind,0.026451
38763,RUIDOSO,33.4289,-105.596,PNM,NM,road,0.000241
38764,RANCHOS DE TAOS,36.368,-105.673,PNM,NM,bldg,0.056802
38764,RANCHOS DE TAOS,36.368,-105.673,PNM,NM,ind,0.024831
38764,RANCHOS DE TAOS,36.368,-105.673,PNM,NM,road,0.000227
38765,CARRIZOZO,33.8831,-105.807,PNM,NM,bldg,0.012639
38765,CARRIZOZO,33.8831,-105.807,PNM,NM,ind,0.005525
38765,CARRIZOZO,33.8831,-105.807,PNM,NM,road,5e-05
38766,CHIMAYO,35.9242,-105.719,PNM,NM,bldg,0.044554
38766,CHIMAYO,35.9242,-105.719,PNM,NM,ind,0.019476
38766,CHIMAYO,35.9242,-105.719,PNM,NM,road,0.000178
38767,SANTA FE 1,35.8095,-105.858,PNM,NM,bldg,0.103503
38767,SANTA FE 1,35.8095,-105.858,PNM,NM,ind,0.045246
38767,SANTA FE 1,35.8095,-105.858,PNM,NM,road,0.000413
38768,SANTA FE 2,35.5971,-105.833,PNM,NM,bldg,0.118534
38768,SANTA FE 2,35.5971,-105.833,PNM,NM,ind,0.051815
38768,SANTA FE 2,35.5971,-105.833,PNM,NM,road,0.000473
38769,SANTA FE 3,35.6786,-105.849,PNM,NM,bldg,0.107212
38769,SANTA FE 3,35.6786,-105.849,PNM,NM,ind,0.046866
38769,SANTA FE 3,35.6786,-105.849,PNM,NM,road,0.000428
38770,LA LUZ,33.0859,-105.818,EPE,NM,bldg,0.017251
38770,LA LUZ,33.0859,-105.818,EPE,NM,ind,0.012716
38770,LA LUZ,33.0859,-105.818,EPE,NM,road,1.7e-05
38771,ESTANCIA,34.823,-105.902,PNM,NM,bldg,0.031964
38771,ESTANCIA,34.823,-105.902,PNM,NM,ind,0.013972
38771,ESTANCIA,34.823,-105.902,PNM,NM,road,0.000127
38772,ALCALDE,36.0472,-106.012,PNM,NM,bldg,0.069149
38772,ALCALDE,36.0472,-106.012,PNM,NM,ind,0.030228
38772,ALCALDE,36.0472,-106.012,PNM,NM,road,0.000276
38773,MORIARTY,34.9527,-106.004,PNM,NM,bldg,0.049922
38773,MORIARTY,34.9527,-106.004,PNM,NM,ind,0.021823
38773,MORIARTY,34.9527,-106.004,PNM,NM,road,0.000199
38774,SANTA FE 4,35.4827,-105.986,PNM,NM,bldg,0.130538
38774,SANTA FE 4,35.4827,-105.986,PNM,NM,ind,0.057064
38774,SANTA FE 4,35.4827,-105.986,PNM,NM,road,0.000521
38775,SANTA FE 5,35.9009,-105.921,PNM,NM,bldg,0.099892
38775,SANTA FE 5,35.9009,-105.921,PNM,NM,ind,0.043667
38775,SANTA FE 5,35.9009,-105.921,PNM,NM,road,0.000398
38776,TULAROSA,33.2302,-106.08,EPE,NM,bldg,0.025769
38776,TULAROSA,33.2302,-106.08,EPE,NM,ind,0.018985
38776,TULAROSA,33.2302,-106.08,EPE,NM,road,2.5e-05
38777,ALAMOGORDO 1,32.6359,-106.164,EPE,NM,bldg,0.088879
38777,ALAMOGORDO 1,32.6359,-106.164,EPE,NM,ind,0.065492
38777,ALAMOGORDO 1,32.6359,-106.164,EPE,NM,road,8.6e-05
38778,ALAMOGORDO 2,32.7261,-106.034,EPE,NM,bldg,0.09967
38778,ALAMOGORDO 2,32.7261,-106.034,EPE,NM,ind,0.07345
38778,ALAMOGORDO 2,32.7261,-106.034,EPE,NM,road,9.6e-05
38779,HOLLOMAN AIR FORCE BASE,32.8294,-106.077,EPE,NM,bldg,0.015192
38779,HOLLOMAN AIR FORCE BASE,32.8294,-106.077,EPE,NM,ind,0.011189
38779,HOLLOMAN AIR FORCE BASE,32.8294,-106.077,EPE,NM,road,1.5e-05
38780,ESPANOLA,35.9958,-106.145,PNM,NM,bldg,0.145959
38780,ESPANOLA,35.9958,-106.145,PNM,NM,ind,0.063804
38780,ESPANOLA,35.9958,-106.145,PNM,NM,road,0.000582
38781,SANTA FE 6,35.5481,-106.101,PNM,NM,bldg,0.164503
38781,SANTA FE 6,35.5481,-106.101,PNM,NM,ind,0.071911
38781,SANTA FE 6,35.5481,-106.101,PNM,NM,road,0.000656
38782,SANTA FE 7,35.6826,-106.027,PNM,NM,bldg,0.156744
38782,SANTA FE 7,35.6826,-106.027,PNM,NM,ind,0.068518
38782,SANTA FE 7,35.6826,-106.027,PNM,NM,road,0.000625
38783,EDGEWOOD,35.0437,-106.256,PNM,NM,bldg,0.089547
38783,EDGEWOOD,35.0437,-106.256,PNM,NM,ind,0.039144
38783,EDGEWOOD,35.0437,-106.256,PNM,NM,road,0.000357
38784,CHAPARRAL,32.1713,-106.304,EPE,NM,bldg,0.078302
38784,CHAPARRAL,32.1713,-106.304,EPE,NM,ind,0.057696
38784,CHAPARRAL,32.1713,-106.304,EPE,NM,road,7.6e-05
38785,MOUNTAINAIR,34.3453,-106.221,PNM,NM,bldg,0.014981
38785,MOUNTAINAIR,34.3453,-106.221,PNM,NM,ind,0.00655
38785,MOUNTAINAIR,34.3453,-106.221,PNM,NM,road,6e-05
38786,LOS ALAMOS,35.8099,-106.319,PNM,NM,bldg,0.132539
38786,LOS ALAMOS,35.8099,-106.319,PNM,NM,ind,0.057937
38786,LOS ALAMOS,35.8099,-106.319,PNM,NM,road,0.000529
38787,SANDIA PARK,35.2043,-106.249,PNM,NM,bldg,0.033428
38787,SANDIA PARK,35.2043,-106.249,PNM,NM,ind,0.014612
38787,SANDIA PARK,35.2043,-106.249,PNM,NM,road,0.000133
38788,TIJERAS,34.9398,-106.396,PNM,NM,bldg,0.065635
38788,TIJERAS,34.9398,-106.396,PNM,NM,ind,0.028691
38788,TIJERAS,34.9398,-106.396,PNM,NM,road,0.000262
38789,ALGODONES 1,35.4315,-106.397,PNM,NM,bldg,0.051435
38789,ALGODONES 1,35.4315,-106.397,PNM,NM,ind,0.022484
38789,ALGODONES 1,35.4315,-106.397,PNM,NM,road,0.000205
38790,ABIQUIU,36.2943,-106.423,PNM,NM,bldg,0.030256
38790,ABIQUIU,36.2943,-106.423,PNM,NM,ind,0.013226
38790,ABIQUIU,36.2943,-106.423,PNM,NM,road,0.000121
38791,PLACITAS,35.26,-106.369,PNM,NM,bldg,0.034501
38791,PLACITAS,35.26,-106.369,PNM,NM,ind,0.015083
38791,PLACITAS,35.26,-106.369,PNM,NM,road,0.000138
38792,ALBUQUERQUE 1,34.9691,-106.55,PNM,NM,bldg,0.202273
38792,ALBUQUERQUE 1,34.9691,-106.55,PNM,NM,ind,0.088421
38792,ALBUQUERQUE 1,34.9691,-106.55,PNM,NM,road,0.000807
38793,ALBUQUERQUE 2,34.981,-106.414,PNM,NM,bldg,0.141665
38793,ALBUQUERQUE 2,34.981,-106.414,PNM,NM,ind,0.061928
38793,ALBUQUERQUE 2,34.981,-106.414,PNM,NM,road,0.000565
38794,ALBUQUERQUE 3,35.1361,-106.463,PNM,NM,bldg,0.192953
38794,ALBUQUERQUE 3,35.1361,-106.463,PNM,NM,ind,0.084347
38794,ALBUQUERQUE 3,35.1361,-106.463,PNM,NM,road,0.00077
38795,ALBUQUERQUE 4,35.1541,-106.475,PNM,NM,bldg,0.192953
38795,ALBUQUERQUE 4,35.1541,-106.475,PNM,NM,ind,0.084347
38795,ALBUQUERQUE 4,35.1541,-106.475,PNM,NM,road,0.00077
38796,ALBUQUERQUE 5,35.1848,-106.441,PNM,NM,bldg,0.122828
38796,ALBUQUERQUE 5,35.1848,-106.441,PNM,NM,ind,0.053692
38796,ALBUQUERQUE 5,35.1848,-106.441,PNM,NM,road,0.00049
38797,ALBUQUERQUE 6,35.1642,-106.42,PNM,NM,bldg,0.166308
38797,ALBUQUERQUE 6,35.1642,-106.42,PNM,NM,ind,0.072699
38797,ALBUQUERQUE 6,35.1642,-106.42,PNM,NM,road,0.000663
38798,ALBUQUERQUE 7,35.0828,-106.558,PNM,NM,bldg,0.148887
38798,ALBUQUERQUE 7,35.0828,-106.558,PNM,NM,ind,0.065084
38798,ALBUQUERQUE 7,35.0828,-106.558,PNM,NM,road,0.000594
38799,ALBUQUERQUE 8,35.1729,-106.607,PNM,NM,bldg,0.138102
38799,ALBUQUERQUE 8,35.1729,-106.607,PNM,NM,ind,0.06037
38799,ALBUQUERQUE 8,35.1729,-106.607,PNM,NM,road,0.000551
38800,ALBUQUERQUE 9,35.2397,-106.53,PNM,NM,bldg,0.138102
38800,ALBUQUERQUE 9,35.2397,-106.53,PNM,NM,ind,0.06037
38800,ALBUQUERQUE 9,35.2397,-106.53,PNM,NM,road,0.000551
38801,ALBUQUERQUE 10,35.0443,-106.483,PNM,NM,bldg,0.131807
38801,ALBUQUERQUE 10,35.0443,-106.483,PNM,NM,ind,0.057618
38801,ALBUQUERQUE 10,35.0443,-106.483,PNM,NM,road,0.000526
38802,ALBUQUERQUE 11,35.0916,-106.543,PNM,NM,bldg,0.131807
38802,ALBUQUERQUE 11,35.0916,-106.543,PNM,NM,ind,0.057618
38802,ALBUQUERQUE 11,35.0916,-106.543,PNM,NM,road,0.000526
38803,ALBUQUERQUE 12,34.9947,-106.601,PNM,NM,bldg,0.132002
38803,ALBUQUERQUE 12,34.9947,-106.601,PNM,NM,ind,0.057704
38803,ALBUQUERQUE 12,34.9947,-106.601,PNM,NM,road,0.000527
38804,ALBUQUERQUE 13,34.9921,-106.5,PNM,NM,bldg,0.132002
38804,ALBUQUERQUE 13,34.9921,-106.5,PNM,NM,ind,0.057704
38804,ALBUQUERQUE 13,34.9921,-106.5,PNM,NM,road,0.000527
38805,ALBUQUERQUE 14,35.1598,-106.514,PNM,NM,bldg,0.098916
38805,ALBUQUERQUE 14,35.1598,-106.514,PNM,NM,ind,0.043239
38805,ALBUQUERQUE 14,35.1598,-106.514,PNM,NM,road,0.000395
38806,BERNALILLO,35.3748,-106.5,PNM,NM,bldg,0.069246
38806,BERNALILLO,35.3748,-106.5,PNM,NM,ind,0.030271
38806,BERNALILLO,35.3748,-106.5,PNM,NM,road,0.000276
38807,SUNLAND PARK 1,31.8723,-106.687,EPE,NM,bldg,0.066056
38807,SUNLAND PARK 1,31.8723,-106.687,EPE,NM,ind,0.048677
38807,SUNLAND PARK 1,31.8723,-106.687,EPE,NM,road,6.4e-05
38808,ALBUQUERQUE 15,35.0513,-106.543,PNM,NM,bldg,0.197052
38808,ALBUQUERQUE 15,35.0513,-106.543,PNM,NM,ind,0.086138
38808,ALBUQUERQUE 15,35.0513,-106.543,PNM,NM,road,0.000786
38809,ALBUQUERQUE 16,35.0584,-106.691,PNM,NM,bldg,0.197052
38809,ALBUQUERQUE 16,35.0584,-106.691,PNM,NM,ind,0.086138
38809,ALBUQUERQUE 16,35.0584,-106.691,PNM,NM,road,0.000786
38810,VADO,32.0599,-106.548,EPE,NM,bldg,0.012423
38810,VADO,32.0599,-106.548,EPE,NM,ind,0.009147
38810,VADO,32.0599,-106.548,EPE,NM,road,1.2e-05
38811,ALBUQUERQUE 17,34.9691,-106.574,PNM,NM,bldg,0.09228
38811,ALBUQUERQUE 17,34.9691,-106.574,PNM,NM,ind,0.04034
38811,ALBUQUERQUE 17,34.9691,-106.574,PNM,NM,road,0.000368
38812,ALBUQUERQUE 18,35.021,-106.575,PNM,NM,bldg,0.09228
38812,ALBUQUERQUE 18,35.021,-106.575,PNM,NM,ind,0.04034
38812,ALBUQUERQUE 18,35.021,-106.575,PNM,NM,road,0.000368
38813,CORRALES,35.1957,-106.617,PNM,NM,bldg,0.059291
38813,CORRALES,35.1957,-106.617,PNM,NM,ind,0.025918
38813,CORRALES,35.1957,-106.617,PNM,NM,road,0.000236
38814,ALBUQUERQUE 19,35.2122,-106.668,PNM,NM,bldg,0.106529
38814,ALBUQUERQUE 19,35.2122,-106.668,PNM,NM,ind,0.046569
38814,ALBUQUERQUE 19,35.2122,-106.668,PNM,NM,road,0.000425
38815,ALBUQUERQUE 20,35.0662,-106.704,PNM,NM,bldg,0.106529
38815,ALBUQUERQUE 20,35.0662,-106.704,PNM,NM,ind,0.046569
38815,ALBUQUERQUE 20,35.0662,-106.704,PNM,NM,road,0.000425
38816,ALBUQUERQUE 21,35.1485,-106.692,PNM,NM,bldg,0.144885
38816,ALBUQUERQUE 21,35.1485,-106.692,PNM,NM,ind,0.063335
38816,ALBUQUERQUE 21,35.1485,-106.692,PNM,NM,road,0.000578
38817,LAS CRUCES 1,32.2821,-106.581,EPE,NM,bldg,0.077059
38817,LAS CRUCES 1,32.2821,-106.581,EPE,NM,ind,0.056779
38817,LAS CRUCES 1,32.2821,-106.581,EPE,NM,road,7.5e-05
38818,LAS CRUCES 2,32.3734,-106.714,EPE,NM,bldg,0.068825
38818,LAS CRUCES 2,32.3734,-106.714,EPE,NM,ind,0.050719
38818,LAS CRUCES 2,32.3734,-106.714,EPE,NM,road,6.7e-05
38819,VEGUITA,34.4291,-106.681,PNM,NM,bldg,0.01991
38819,VEGUITA,34.4291,-106.681,PNM,NM,ind,0.008704
38819,VEGUITA,34.4291,-106.681,PNM,NM,road,7.9e-05
38820,BELEN 1,34.7002,-106.563,PNM,NM,bldg,0.160892
38820,BELEN 1,34.7002,-106.563,PNM,NM,ind,0.070332
38820,BELEN 1,34.7002,-106.563,PNM,NM,road,0.000642
38821,MESQUITE 2,32.2241,-106.588,EPE,NM,bldg,0.019203
38821,MESQUITE 2,32.2241,-106.588,EPE,NM,ind,0.014147
38821,MESQUITE 2,32.2241,-106.588,EPE,NM,road,1.9e-05
38822,ALBUQUERQUE 22,35.083,-106.602,PNM,NM,bldg,0.08496
38822,ALBUQUERQUE 22,35.083,-106.602,PNM,NM,ind,0.037139
38822,ALBUQUERQUE 22,35.083,-106.602,PNM,NM,road,0.000339
38823,SANTA TERESA,31.7683,-106.515,EPE,NM,bldg,0.028573
38823,SANTA TERESA,31.7683,-106.515,EPE,NM,ind,0.021059
38823,SANTA TERESA,31.7683,-106.515,EPE,NM,road,2.8e-05
38824,ALBUQUERQUE 23,35.2792,-106.666,PNM,NM,bldg,0.210521
38824,ALBUQUERQUE 23,35.2792,-106.666,PNM,NM,ind,0.092027
38824,ALBUQUERQUE 23,35.2792,-106.666,PNM,NM,road,0.00084
38825,ALBUQUERQUE 24,35.2275,-106.658,PNM,NM,bldg,0.210521
38825,ALBUQUERQUE 24,35.2275,-106.658,PNM,NM,ind,0.092027
38825,ALBUQUERQUE 24,35.2275,-106.658,PNM,NM,road,0.00084
38826,PERALTA,34.9144,-106.641,PNM,NM,bldg,0.031085
38826,PERALTA,34.9144,-106.641,PNM,NM,ind,0.013589
38826,PERALTA,34.9144,-106.641,PNM,NM,road,0.000124
38827,RIO RANCHO 1,35.3482,-106.729,PNM,NM,bldg,0.12883
38827,RIO RANCHO 1,35.3482,-106.729,PNM,NM,ind,0.056317
38827,RIO RANCHO 1,35.3482,-106.729,PNM,NM,road,0.000514
38828,RIO RANCHO 2,35.248,-106.632,PNM,NM,bldg,0.12883
38828,RIO RANCHO 2,35.248,-106.632,PNM,NM,ind,0.056317
38828,RIO RANCHO 2,35.248,-106.632,PNM,NM,road,0.000514
38829,JEMEZ PUEBLO,35.6011,-106.716,PNM,NM,bldg,0.033037
38829,JEMEZ PUEBLO,35.6011,-106.716,PNM,NM,ind,0.014441
38829,JEMEZ PUEBLO,35.6011,-106.716,PNM,NM,road,0.000132
38830,LAS CRUCES 3,32.2392,-106.787,EPE,NM,bldg,0.096582
38830,LAS CRUCES 3,32.2392,-106.787,EPE,NM,ind,0.071167
38830,LAS CRUCES 3,32.2392,-106.787,EPE,NM,road,9.4e-05
38831,LAS CRUCES 4,32.3278,-106.767,EPE,NM,bldg,0.093139
38831,LAS CRUCES 4,32.3278,-106.767,EPE,NM,ind,0.068627
38831,LAS CRUCES 4,32.3278,-106.767,EPE,NM,road,9e-05
38832,ALBUQUERQUE 25,35.1645,-106.771,PNM,NM,bldg,0.198223
38832,ALBUQUERQUE 25,35.1645,-106.771,PNM,NM,ind,0.08665
38832,ALBUQUERQUE 25,35.1645,-106.771,PNM,NM,road,0.000791
38833,ALBUQUERQUE 26,35.2329,-106.835,PNM,NM,bldg,0.198223
38833,ALBUQUERQUE 26,35.2329,-106.835,PNM,NM,ind,0.08665
38833,ALBUQUERQUE 26,35.2329,-106.835,PNM,NM,road,0.000791
38834,LAS CRUCES 5,32.6024,-106.78,EPE,NM,bldg,0.064494
38834,LAS CRUCES 5,32.6024,-106.78,EPE,NM,ind,0.04752
38834,LAS CRUCES 5,32.6024,-106.78,EPE,NM,road,6.2e-05
38835,LAS CRUCES 6,32.5524,-106.723,EPE,NM,bldg,0.065843
38835,LAS CRUCES 6,32.5524,-106.723,EPE,NM,ind,0.048516
38835,LAS CRUCES 6,32.5524,-106.723,EPE,NM,road,6.4e-05
38836,RIO RANCHO 3,35.3482,-106.817,PNM,NM,bldg,0.17558
38836,RIO RANCHO 3,35.3482,-106.817,PNM,NM,ind,0.076754
38836,RIO RANCHO 3,35.3482,-106.817,PNM,NM,road,0.0007
38837,RIO RANCHO 4,35.2217,-106.864,PNM,NM,bldg,0.17558
38837,RIO RANCHO 4,35.2217,-106.864,PNM,NM,ind,0.076754
38837,RIO RANCHO 4,35.2217,-106.864,PNM,NM,road,0.0007
38838,LA MESA 4,32.0866,-106.725,EPE,NM,bldg,0.030313
38838,LA MESA 4,32.0866,-106.725,EPE,NM,ind,0.022329
38838,LA MESA 4,32.0866,-106.725,EPE,NM,road,2.9e-05
38839,LAS CRUCES 7,32.3559,-106.751,EPE,NM,bldg,0.067369
38839,LAS CRUCES 7,32.3559,-106.751,EPE,NM,ind,0.049642
38839,LAS CRUCES 7,32.3559,-106.751,EPE,NM,road,6.5e-05
38840,LAS CRUCES 8,32.2654,-106.741,EPE,NM,bldg,0.071806
38840,LAS CRUCES 8,32.2654,-106.741,EPE,NM,ind,0.052905
38840,LAS CRUCES 8,32.2654,-106.741,EPE,NM,road,7e-05
38841,SOCORRO,34.0447,-106.838,PNM,NM,bldg,0.08291
38841,SOCORRO,34.0447,-106.838,PNM,NM,ind,0.036242
38841,SOCORRO,34.0447,-106.838,PNM,NM,road,0.000331
38842,ALBUQUERQUE 27,35.0507,-106.871,PNM,NM,bldg,0.174702
38842,ALBUQUERQUE 27,35.0507,-106.871,PNM,NM,ind,0.076368
38842,ALBUQUERQUE 27,35.0507,-106.871,PNM,NM,road,0.000697
38843,ALBUQUERQUE 28,35.1712,-106.857,PNM,NM,bldg,0.174702
38843,ALBUQUERQUE 28,35.1712,-106.857,PNM,NM,ind,0.076368
38843,ALBUQUERQUE 28,35.1712,-106.857,PNM,NM,road,0.000697
38844,ALBUQUERQUE 29,35.1064,-106.89,PNM,NM,bldg,0.174702
38844,ALBUQUERQUE 29,35.1064,-106.89,PNM,NM,ind,0.076368
38844,ALBUQUERQUE 29,35.1064,-106.89,PNM,NM,road,0.000697
38845,LAS CRUCES 9,32.403,-106.979,EPE,NM,bldg,0.12732
38845,LAS CRUCES 9,32.403,-106.979,EPE,NM,ind,0.093818
38845,LAS CRUCES 9,32.403,-106.979,EPE,NM,road,0.000123
38846,DULCE,36.6855,-106.893,PNM,NM,bldg,0.036746
38846,DULCE,36.6855,-106.893,PNM,NM,ind,0.016063
38846,DULCE,36.6855,-106.893,PNM,NM,road,0.000147
38847,ANTHONY 1,31.8977,-106.977,EPE,NM,bldg,0.091541
38847,ANTHONY 1,31.8977,-106.977,EPE,NM,ind,0.067454
38847,ANTHONY 1,31.8977,-106.977,EPE,NM,road,8.9e-05
38848,LOS LUNAS 1,34.7175,-107.029,PNM,NM,bldg,0.150546
38848,LOS LUNAS 1,34.7175,-107.029,PNM,NM,ind,0.065809
38848,LOS LUNAS 1,34.7175,-107.029,PNM,NM,road,0.0006
38849,LOS LUNAS 2,34.7345,-107.004,PNM,NM,bldg,0.150546
38849,LOS LUNAS 2,34.7345,-107.004,PNM,NM,ind,0.065809
38849,LOS LUNAS 2,34.7345,-107.004,PNM,NM,road,0.0006
38850,TRUTH OR CONSEQUENCES,33.3097,-107.185,EPE,NM,bldg,0.044901
38850,TRUTH OR CONSEQUENCES,33.3097,-107.185,EPE,NM,ind,0.033084
38850,TRUTH OR CONSEQUENCES,33.3097,-107.185,EPE,NM,road,4.3e-05
38851,HATCH,32.5862,-107.166,EPE,NM,bldg,0.022468
38851,HATCH,32.5862,-107.166,EPE,NM,ind,0.016558
38851,HATCH,32.5862,-107.166,EPE,NM,road,2.2e-05
38852,LAGUNA,34.8814,-107.237,PNM,NM,bldg,0.042748
38852,LAGUNA,34.8814,-107.237,PNM,NM,ind,0.018686
38852,LAGUNA,34.8814,-107.237,PNM,NM,road,0.000171
38853,CUBA,35.8622,-107.47,PNM,NM,bldg,0.045823
38853,CUBA,35.8622,-107.47,PNM,NM,ind,0.02003
38853,CUBA,35.8622,-107.47,PNM,NM,road,0.000183
38854,ARREY,32.8881,-107.359,EPE,NM,bldg,0.016044
38854,ARREY,32.8881,-107.359,EPE,NM,ind,0.011816
38854,ARREY,32.8881,-107.359,EPE,NM,road,1.6e-05
38855,PUEBLO OF ACOMA,34.721,-107.655,PNM,NM,bldg,0.016982
38855,PUEBLO OF ACOMA,34.721,-107.655,PNM,NM,ind,0.007423
38855,PUEBLO OF ACOMA,34.721,-107.655,PNM,NM,road,6.8e-05
38856,MAGDALENA,33.7878,-107.746,PNM,NM,bldg,0.026644
38856,MAGDALENA,33.7878,-107.746,PNM,NM,ind,0.011646
38856,MAGDALENA,33.7878,-107.746,PNM,NM,road,0.000106
38857,COLUMBUS 1,31.766,-108.208,PNM,NM,bldg,0.020203
38857,COLUMBUS 1,31.766,-108.208,PNM,NM,ind,0.008831
38857,COLUMBUS 1,31.766,-108.208,PNM,NM,road,8.1e-05
38858,DEMING 1,32.2146,-107.751,EPE,NM,bldg,0.115394
38858,DEMING 1,32.2146,-107.751,EPE,NM,ind,0.085024
38858,DEMING 1,32.2146,-107.751,EPE,NM,road,0.000112
38859,MILAN,35.195,-107.854,PNM,NM,bldg,0.046896
38859,MILAN,35.195,-107.854,PNM,NM,ind,0.020501
38859,MILAN,35.195,-107.854,PNM,NM,road,0.000187
38860,AZTEC,36.908,-107.915,PNM,NM,bldg,0.127513
38860,AZTEC,36.908,-107.915,PNM,NM,ind,0.055742
38860,AZTEC,36.908,-107.915,PNM,NM,road,0.000509
38861,GRANTS,34.9141,-107.916,PNM,NM,bldg,0.077542
38861,GRANTS,34.9141,-107.916,PNM,NM,ind,0.033897
38861,GRANTS,34.9141,-107.916,PNM,NM,road,0.000309
38862,BLOOMFIELD 1,36.4421,-108.04,PNM,NM,bldg,0.117802
38862,BLOOMFIELD 1,36.4421,-108.04,PNM,NM,ind,0.051496
38862,BLOOMFIELD 1,36.4421,-108.04,PNM,NM,road,0.00047
38863,CROWNPOINT,35.8985,-108.142,PNM,NM,bldg,0.038698
38863,CROWNPOINT,35.8985,-108.142,PNM,NM,ind,0.016917
38863,CROWNPOINT,35.8985,-108.142,PNM,NM,road,0.000154
38864,BAYARD,32.7636,-108.139,PNM,NM,bldg,0.063781
38864,BAYARD,32.7636,-108.139,PNM,NM,ind,0.02788
38864,BAYARD,32.7636,-108.139,PNM,NM,road,0.000254
38865,FARMINGTON 2,36.8291,-108.168,PNM,NM,bldg,0.087644
38865,FARMINGTON 2,36.8291,-108.168,PNM,NM,ind,0.038312
38865,FARMINGTON 2,36.8291,-108.168,PNM,NM,road,0.00035
38866,FARMINGTON 3,36.6945,-108.171,PNM,NM,bldg,0.158159
38866,FARMINGTON 3,36.6945,-108.171,PNM,NM,ind,0.069136
38866,FARMINGTON 3,36.6945,-108.171,PNM,NM,road,0.000631
38867,FARMINGTON 4,36.7491,-108.093,PNM,NM,bldg,0.158159
38867,FARMINGTON 4,36.7491,-108.093,PNM,NM,ind,0.069136
38867,FARMINGTON 4,36.7491,-108.093,PNM,NM,road,0.000631
38868,THOREAU,35.3582,-108.285,PNM,NM,bldg,0.042163
38868,THOREAU,35.3582,-108.285,PNM,NM,ind,0.018431
38868,THOREAU,35.3582,-108.285,PNM,NM,road,0.000168
38869,SILVER CITY,32.5662,-108.24,PNM,NM,bldg,0.126976
38869,SILVER CITY,32.5662,-108.24,PNM,NM,ind,0.055506
38869,SILVER CITY,32.5662,-108.24,PNM,NM,road,0.000506
38870,KIRTLAND,36.7357,-108.412,PNM,NM,bldg,0.047189
38870,KIRTLAND,36.7357,-108.412,PNM,NM,ind,0.020629
38870,KIRTLAND,36.7357,-108.412,PNM,NM,road,0.000188
38871,RAMAH,34.934,-108.309,PNM,NM,bldg,0.020349
38871,RAMAH,34.934,-108.309,PNM,NM,ind,0.008895
38871,RAMAH,34.934,-108.309,PNM,NM,road,8.1e-05
38872,FRUITLAND 1,36.6558,-108.503,PNM,NM,bldg,0.050019
38872,FRUITLAND 1,36.6558,-108.503,PNM,NM,ind,0.021866
38872,FRUITLAND 1,36.6558,-108.503,PNM,NM,road,0.0002
38873,CHURCH ROCK,35.539,-108.56,PNM,NM,bldg,0.032696
38873,CHURCH ROCK,35.539,-108.56,PNM,NM,ind,0.014293
38873,CHURCH ROCK,35.539,-108.56,PNM,NM,road,0.00013
38874,TOHATCHI,36.0925,-108.628,PNM,NM,bldg,0.049239
38874,TOHATCHI,36.0925,-108.628,PNM,NM,ind,0.021523
38874,TOHATCHI,36.0925,-108.628,PNM,NM,road,0.000196
38875,GALLUP 1,35.5057,-108.821,PNM,NM,bldg,0.174263
38875,GALLUP 1,35.5057,-108.821,PNM,NM,ind,0.076176
38875,GALLUP 1,35.5057,-108.821,PNM,NM,road,0.000695
38876,RESERVE,33.7657,-108.81,PNM,NM,bldg,0.012444
38876,RESERVE,33.7657,-108.81,PNM,NM,ind,0.005439
38876,RESERVE,33.7657,-108.81,PNM,NM,road,5e-05
38877,YATAHEY,35.5919,-108.706,PNM,NM,bldg,0.048507
38877,YATAHEY,35.5919,-108.706,PNM,NM,ind,0.021205
38877,YATAHEY,35.5919,-108.706,PNM,NM,road,0.000193
38878,ZUNI,34.981,-108.866,PNM,NM,bldg,0.06017
38878,ZUNI,34.981,-108.866,PNM,NM,ind,0.026303
38878,ZUNI,34.981,-108.866,PNM,NM,road,0.00024
38879,GALLUP 2,35.3937,-108.716,PNM,NM,bldg,0.034404
38879,GALLUP 2,35.3937,-108.716,PNM,NM,ind,0.01504
38879,GALLUP 2,35.3937,-108.716,PNM,NM,road,0.000137
38880,SHIPROCK,36.8633,-108.869,PNM,NM,bldg,0.081739
38880,SHIPROCK,36.8633,-108.869,PNM,NM,ind,0.035731
38880,SHIPROCK,36.8633,-108.869,PNM,NM,road,0.000326
38882,FARMINGTON 5,36.8061,-107.613,PNM,NM,bldg,0.00976
38882,FARMINGTON 5,36.8061,-107.613,PNM,NM,ind,0.004267
38882,FARMINGTON 5,36.8061,-107.613,PNM,NM,road,3.9e-05
38884,PREWITT,35.4159,-108.082,PNM,NM,bldg,0.011956
38884,PREWITT,35.4159,-108.082,PNM,NM,ind,0.005227
38884,PREWITT,35.4159,-108.082,PNM,NM,road,4.8e-05
38885,TYRONE,32.6618,-108.363,PNM,NM,bldg,0.010248
38885,TYRONE,32.6618,-108.363,PNM,NM,ind,0.004481
38885,TYRONE,32.6618,-108.363,PNM,NM,road,4.1e-05
38887,LORDSBURG 1,32.3505,-108.698,PNM,NM,bldg,0.026596
38887,LORDSBURG 1,32.3505,-108.698,PNM,NM,ind,0.011625
38887,LORDSBURG 1,32.3505,-108.698,PNM,NM,road,0.000106
38903,DOVE CREEK,37.6341,-108.941,WACM,CO,bldg,0.029296
38903,DOVE CREEK,37.6341,-108.941,WACM,CO,ind,0.016938
38903,DOVE CREEK,37.6341,-108.941,WACM,CO,road,0.000116
38904,FRUITA,39.0588,-108.743,PSCO,CO,bldg,0.152316
38904,FRUITA,39.0588,-108.743,PSCO,CO,ind,0.033437
38904,FRUITA,39.0588,-108.743,PSCO,CO,rail,0.000362
38904,FRUITA,39.0588,-108.743,PSCO,CO,road,0.002003
38905,LOMA,39.2079,-108.781,PSCO,CO,bldg,0.039112
38905,LOMA,39.2079,-108.781,PSCO,CO,ind,0.008586
38905,LOMA,39.2079,-108.781,PSCO,CO,rail,9.3e-05
38905,LOMA,39.2079,-108.781,PSCO,CO,road,0.000514
38906,CORTEZ,37.3514,-108.722,WACM,CO,bldg,0.217744
38906,CORTEZ,37.3514,-108.722,WACM,CO,ind,0.1259
38906,CORTEZ,37.3514,-108.722,WACM,CO,road,0.000859
38907,RANGELY,40.0013,-108.635,PSCO,CO,bldg,0.030847
38907,RANGELY,40.0013,-108.635,PSCO,CO,ind,0.006771
38907,RANGELY,40.0013,-108.635,PSCO,CO,rail,7.3e-05
38907,RANGELY,40.0013,-108.635,PSCO,CO,road,0.000406
38908,GRAND JUNCTION 1,39.1,-108.681,PSCO,CO,bldg,0.14213
38908,GRAND JUNCTION 1,39.1,-108.681,PSCO,CO,ind,0.031201
38908,GRAND JUNCTION 1,39.1,-108.681,PSCO,CO,rail,0.000338
38908,GRAND JUNCTION 1,39.1,-108.681,PSCO,CO,road,0.001869
38909,GRAND JUNCTION 2,39.1519,-108.493,PSCO,CO,bldg,0.221151
38909,GRAND JUNCTION 2,39.1519,-108.493,PSCO,CO,ind,0.048548
38909,GRAND JUNCTION 2,39.1519,-108.493,PSCO,CO,rail,0.000526
38909,GRAND JUNCTION 2,39.1519,-108.493,PSCO,CO,road,0.002908
38910,GRAND JUNCTION 3,39.2037,-108.467,PSCO,CO,bldg,0.09218
38910,GRAND JUNCTION 3,39.2037,-108.467,PSCO,CO,ind,0.020236
38910,GRAND JUNCTION 3,39.2037,-108.467,PSCO,CO,rail,0.000219
38910,GRAND JUNCTION 3,39.2037,-108.467,PSCO,CO,road,0.001212
38911,GRAND JUNCTION 4,39.0428,-108.593,PSCO,CO,bldg,0.103308
38911,GRAND JUNCTION 4,39.0428,-108.593,PSCO,CO,ind,0.022679
38911,GRAND JUNCTION 4,39.0428,-108.593,PSCO,CO,rail,0.000246
38911,GRAND JUNCTION 4,39.0428,-108.593,PSCO,CO,road,0.001358
38912,GRAND JUNCTION 5,39.0926,-108.58,PSCO,CO,bldg,0.134228
38912,GRAND JUNCTION 5,39.0926,-108.58,PSCO,CO,ind,0.029467
38912,GRAND JUNCTION 5,39.0926,-108.58,PSCO,CO,rail,0.000319
38912,GRAND JUNCTION 5,39.0926,-108.58,PSCO,CO,road,0.001765
38913,GRAND JUNCTION 6,39.0205,-108.476,PSCO,CO,bldg,0.134228
38913,GRAND JUNCTION 6,39.0205,-108.476,PSCO,CO,ind,0.029467
38913,GRAND JUNCTION 6,39.0205,-108.476,PSCO,CO,rail,0.000319
38913,GRAND JUNCTION 6,39.0205,-108.476,PSCO,CO,road,0.001765
38914,WHITEWATER,38.7006,-108.539,PSCO,CO,bldg,0.020843
38914,WHITEWATER,38.7006,-108.539,PSCO,CO,ind,0.004576
38914,WHITEWATER,38.7006,-108.539,PSCO,CO,rail,5e-05
38914,WHITEWATER,38.7006,-108.539,PSCO,CO,road,0.000274
38915,GRAND JUNCTION 7,38.9438,-108.367,PSCO,CO,bldg,0.143725
38915,GRAND JUNCTION 7,38.9438,-108.367,PSCO,CO,ind,0.031551
38915,GRAND JUNCTION 7,38.9438,-108.367,PSCO,CO,rail,0.000342
38915,GRAND JUNCTION 7,38.9438,-108.367,PSCO,CO,road,0.00189
38916,CLIFTON 2,39.1667,-108.497,PSCO,CO,bldg,0.126724
38916,CLIFTON 2,39.1667,-108.497,PSCO,CO,ind,0.027819
38916,CLIFTON 2,39.1667,-108.497,PSCO,CO,rail,0.000301
38916,CLIFTON 2,39.1667,-108.497,PSCO,CO,road,0.001666
38917,NORWOOD,38.1169,-108.47,WACM,CO,bldg,0.055037
38917,NORWOOD,38.1169,-108.47,WACM,CO,ind,0.031822
38917,NORWOOD,38.1169,-108.47,WACM,CO,road,0.000217
38918,PALISADE,39.0418,-108.298,PSCO,CO,bldg,0.050131
38918,PALISADE,39.0418,-108.298,PSCO,CO,ind,0.011006
38918,PALISADE,39.0418,-108.298,PSCO,CO,rail,0.000119
38918,PALISADE,39.0418,-108.298,PSCO,CO,road,0.000659
38919,MANCOS,37.3307,-108.309,WACM,CO,bldg,0.053334
38919,MANCOS,37.3307,-108.309,WACM,CO,ind,0.030838
38919,MANCOS,37.3307,-108.309,WACM,CO,road,0.00021
38920,OLATHE,38.5626,-108.163,WACM,CO,bldg,0.070612
38920,OLATHE,38.5626,-108.163,WACM,CO,ind,0.040828
38920,OLATHE,38.5626,-108.163,WACM,CO,road,0.000278
38921,HESPERUS,37.2257,-108.235,WACM,CO,bldg,0.028545
38921,HESPERUS,37.2257,-108.235,WACM,CO,ind,0.016504
38921,HESPERUS,37.2257,-108.235,WACM,CO,road,0.000113
38922,DELTA 3,38.6897,-108.178,WACM,CO,bldg,0.180636
38922,DELTA 3,38.6897,-108.178,WACM,CO,ind,0.104443
38922,DELTA 3,38.6897,-108.178,WACM,CO,road,0.000712
38923,DOLORES,37.6942,-108.095,WACM,CO,bldg,0.061047
38923,DOLORES,37.6942,-108.095,WACM,CO,ind,0.035297
38923,DOLORES,37.6942,-108.095,WACM,CO,road,0.000241
38924,RIFLE 1,39.6562,-108.158,PSCO,CO,bldg,0.122592
38924,RIFLE 1,39.6562,-108.158,PSCO,CO,ind,0.026912
38924,RIFLE 1,39.6562,-108.158,PSCO,CO,rail,0.000292
38924,RIFLE 1,39.6562,-108.158,PSCO,CO,road,0.001612
38925,PARACHUTE,39.4053,-107.955,PSCO,CO,bldg,0.056149
38925,PARACHUTE,39.4053,-107.955,PSCO,CO,ind,0.012326
38925,PARACHUTE,39.4053,-107.955,PSCO,CO,rail,0.000134
38925,PARACHUTE,39.4053,-107.955,PSCO,CO,road,0.000738
38926,ECKERT,38.749,-108.006,WACM,CO,bldg,0.043869
38926,ECKERT,38.749,-108.006,WACM,CO,ind,0.025365
38926,ECKERT,38.749,-108.006,WACM,CO,road,0.000173
38927,MONTROSE 1,38.3544,-107.998,WACM,CO,bldg,0.137167
38927,MONTROSE 1,38.3544,-107.998,WACM,CO,ind,0.07931
38927,MONTROSE 1,38.3544,-107.998,WACM,CO,road,0.000541
38928,CEDAREDGE,39.0137,-108.044,PSCO,CO,bldg,0.058614
38928,CEDAREDGE,39.0137,-108.044,PSCO,CO,ind,0.03856
38928,CEDAREDGE,39.0137,-108.044,PSCO,CO,rail,0.000139
38928,CEDAREDGE,39.0137,-108.044,PSCO,CO,road,0.000771
38929,DURANGO 1,37.1378,-107.959,WACM,CO,bldg,0.100809
38929,DURANGO 1,37.1378,-107.959,WACM,CO,ind,0.058288
38929,DURANGO 1,37.1378,-107.959,WACM,CO,road,0.000398
38930,TELLURIDE,37.8401,-107.949,WACM,CO,bldg,0.076471
38930,TELLURIDE,37.8401,-107.949,WACM,CO,ind,0.044215
38930,TELLURIDE,37.8401,-107.949,WACM,CO,road,0.000302
38931,DURANGO 2,37.4499,-107.841,WACM,CO,bldg,0.184292
38931,DURANGO 2,37.4499,-107.841,WACM,CO,ind,0.106557
38931,DURANGO 2,37.4499,-107.841,WACM,CO,road,0.000727
38932,DURANGO 3,37.3902,-107.806,WACM,CO,bldg,0.184292
38932,DURANGO 3,37.3902,-107.806,WACM,CO,ind,0.106557
38932,DURANGO 3,37.3902,-107.806,WACM,CO,road,0.000727
38933,MONTROSE 2,38.4697,-107.861,WACM,CO,bldg,0.313145
38933,MONTROSE 2,38.4697,-107.861,WACM,CO,ind,0.181061
38933,MONTROSE 2,38.4697,-107.861,WACM,CO,road,0.001235
38934,RIDGWAY,38.0309,-107.688,WACM,CO,bldg,0.070411
38934,RIDGWAY,38.0309,-107.688,WACM,CO,ind,0.040711
38934,RIDGWAY,38.0309,-107.688,WACM,CO,road,0.000278
38935,MEEKER,40.0504,-107.668,PSCO,CO,bldg,0.037191
38935,MEEKER,40.0504,-107.668,PSCO,CO,ind,0.008165
38935,MEEKER,40.0504,-107.668,PSCO,CO,rail,8.8e-05
38935,MEEKER,40.0504,-107.668,PSCO,CO,road,0.000489
38936,HOTCHKISS,38.9519,-107.661,WACM,CO,bldg,0.070562
38936,HOTCHKISS,38.9519,-107.661,WACM,CO,ind,0.040799
38936,HOTCHKISS,38.9519,-107.661,WACM,CO,road,0.000278
38937,CRAIG 1,40.6623,-107.676,PSCO,CO,bldg,0.124114
38937,CRAIG 1,40.6623,-107.676,PSCO,CO,ind,0.027246
38937,CRAIG 1,40.6623,-107.676,PSCO,CO,rail,0.000295
38937,CRAIG 1,40.6623,-107.676,PSCO,CO,road,0.001632
38938,SILT,39.5257,-107.64,PSCO,CO,bldg,0.046217
38938,SILT,39.5257,-107.64,PSCO,CO,ind,0.010146
38938,SILT,39.5257,-107.64,PSCO,CO,rail,0.00011
38938,SILT,39.5257,-107.64,PSCO,CO,road,0.000608
38939,IGNACIO,37.087,-107.541,WACM,CO,bldg,0.071563
38939,IGNACIO,37.087,-107.541,WACM,CO,ind,0.041378
38939,IGNACIO,37.087,-107.541,WACM,CO,road,0.000282
38940,PAONIA,38.9069,-107.568,WACM,CO,bldg,0.050229
38940,PAONIA,38.9069,-107.568,WACM,CO,ind,0.029043
38940,PAONIA,38.9069,-107.568,WACM,CO,road,0.000198
38941,NEW CASTLE,39.5346,-107.518,PSCO,CO,bldg,0.066951
38941,NEW CASTLE,39.5346,-107.518,PSCO,CO,ind,0.014697
38941,NEW CASTLE,39.5346,-107.518,PSCO,CO,rail,0.000159
38941,NEW CASTLE,39.5346,-107.518,PSCO,CO,road,0.00088
38942,BAYFIELD,37.407,-107.575,WACM,CO,bldg,0.107119
38942,BAYFIELD,37.407,-107.575,WACM,CO,ind,0.061936
38942,BAYFIELD,37.407,-107.575,WACM,CO,road,0.000422
38943,GLENWOOD SPRINGS,39.6996,-107.347,PSCO,CO,bldg,0.145537
38943,GLENWOOD SPRINGS,39.6996,-107.347,PSCO,CO,ind,0.031949
38943,GLENWOOD SPRINGS,39.6996,-107.347,PSCO,CO,rail,0.000346
38943,GLENWOOD SPRINGS,39.6996,-107.347,PSCO,CO,road,0.001913
38944,HAYDEN 1,40.4882,-107.152,PSCO,CO,bldg,0.023489
38944,HAYDEN 1,40.4882,-107.152,PSCO,CO,ind,0.005157
38944,HAYDEN 1,40.4882,-107.152,PSCO,CO,rail,5.6e-05
38944,HAYDEN 1,40.4882,-107.152,PSCO,CO,road,0.000309
38945,CARBONDALE,39.2288,-107.247,PSCO,CO,bldg,0.156702
38945,CARBONDALE,39.2288,-107.247,PSCO,CO,ind,0.0344
38945,CARBONDALE,39.2288,-107.247,PSCO,CO,rail,0.000373
38945,CARBONDALE,39.2288,-107.247,PSCO,CO,road,0.00206
38946,GYPSUM,39.7908,-107.158,PSCO,CO,bldg,0.073729
38946,GYPSUM,39.7908,-107.158,PSCO,CO,ind,0.016185
38946,GYPSUM,39.7908,-107.158,PSCO,CO,rail,0.000175
38946,GYPSUM,39.7908,-107.158,PSCO,CO,road,0.000969
38947,PAGOSA SPRINGS,37.4008,-107.138,WACM,CO,bldg,0.15775
38947,PAGOSA SPRINGS,37.4008,-107.138,WACM,CO,ind,0.091211
38947,PAGOSA SPRINGS,37.4008,-107.138,WACM,CO,road,0.000622
38948,GUNNISON 2,38.3245,-106.922,WACM,CO,bldg,0.129705
38948,GUNNISON 2,38.3245,-106.922,WACM,CO,ind,0.074996
38948,GUNNISON 2,38.3245,-106.922,WACM,CO,road,0.000511
38949,CRESTED BUTTE,38.8792,-106.901,WACM,CO,bldg,0.061898
38949,CRESTED BUTTE,38.8792,-106.901,WACM,CO,ind,0.035789
38949,CRESTED BUTTE,38.8792,-106.901,WACM,CO,road,0.000244
38950,SNOWMASS VILLAGE,39.1461,-107.018,PSCO,CO,bldg,0.026933
38950,SNOWMASS VILLAGE,39.1461,-107.018,PSCO,CO,ind,0.005913
38950,SNOWMASS VILLAGE,39.1461,-107.018,PSCO,CO,rail,6.4e-05
38950,SNOWMASS VILLAGE,39.1461,-107.018,PSCO,CO,road,0.000354
38951,BASALT,39.3512,-106.892,PSCO,CO,bldg,0.058034
38951,BASALT,39.3512,-106.892,PSCO,CO,ind,0.01274
38951,BASALT,39.3512,-106.892,PSCO,CO,rail,0.000138
38951,BASALT,39.3512,-106.892,PSCO,CO,road,0.000763
38952,STEAMBOAT SPRINGS,40.4749,-106.804,PSCO,CO,bldg,0.160761
38952,STEAMBOAT SPRINGS,40.4749,-106.804,PSCO,CO,ind,0.035291
38952,STEAMBOAT SPRINGS,40.4749,-106.804,PSCO,CO,rail,0.000382
38952,STEAMBOAT SPRINGS,40.4749,-106.804,PSCO,CO,road,0.002114
38953,OAK CREEK,40.1593,-106.771,PSCO,CO,bldg,0.031391
38953,OAK CREEK,40.1593,-106.771,PSCO,CO,ind,0.006891
38953,OAK CREEK,40.1593,-106.771,PSCO,CO,rail,7.5e-05
38953,OAK CREEK,40.1593,-106.771,PSCO,CO,road,0.000413
38954,EAGLE 1,39.6113,-106.669,PSCO,CO,bldg,0.077426
38954,EAGLE 1,39.6113,-106.669,PSCO,CO,ind,0.016997
38954,EAGLE 1,39.6113,-106.669,PSCO,CO,rail,0.000184
38954,EAGLE 1,39.6113,-106.669,PSCO,CO,road,0.001018
38955,ASPEN,39.2392,-106.7,PSCO,CO,bldg,0.094064
38955,ASPEN,39.2392,-106.7,PSCO,CO,ind,0.02065
38955,ASPEN,39.2392,-106.7,PSCO,CO,rail,0.000224
38955,ASPEN,39.2392,-106.7,PSCO,CO,road,0.001237
38956,EDWARDS,39.5612,-106.583,PSCO,CO,bldg,0.107404
38956,EDWARDS,39.5612,-106.583,PSCO,CO,ind,0.023578
38956,EDWARDS,39.5612,-106.583,PSCO,CO,rail,0.000256
38956,EDWARDS,39.5612,-106.583,PSCO,CO,road,0.001412
38957,AVON,39.6229,-106.508,PSCO,CO,bldg,0.098487
38957,AVON,39.6229,-106.508,PSCO,CO,ind,0.021621
38957,AVON,39.6229,-106.508,PSCO,CO,rail,0.000234
38957,AVON,39.6229,-106.508,PSCO,CO,road,0.001295
38958,KREMMLING 1,40.1661,-106.471,PSCO,CO,bldg,0.02309
38958,KREMMLING 1,40.1661,-106.471,PSCO,CO,ind,0.005069
38958,KREMMLING 1,40.1661,-106.471,PSCO,CO,rail,5.5e-05
38958,KREMMLING 1,40.1661,-106.471,PSCO,CO,road,0.000304
38959,DEL NORTE,37.7115,-106.508,WACM,CO,bldg,0.05704
38959,DEL NORTE,37.7115,-106.508,WACM,CO,ind,0.032981
38959,DEL NORTE,37.7115,-106.508,WACM,CO,road,0.000225
38960,BUENA VISTA,38.9922,-106.402,WACM,CO,bldg,0.116384
38960,BUENA VISTA,38.9922,-106.402,WACM,CO,ind,0.067294
38960,BUENA VISTA,38.9922,-106.402,WACM,CO,road,0.000459
38961,WALDEN,40.7589,-106.431,PSCO,CO,bldg,0.01932
38961,WALDEN,40.7589,-106.431,PSCO,CO,ind,0.004241
38961,WALDEN,40.7589,-106.431,PSCO,CO,rail,4.6e-05
38961,WALDEN,40.7589,-106.431,PSCO,CO,road,0.000254
38962,ANTONITO,37.1534,-106.389,WACM,CO,bldg,0.037009
38962,ANTONITO,37.1534,-106.389,WACM,CO,ind,0.021398
38962,ANTONITO,37.1534,-106.389,WACM,CO,road,0.000146
38963,LEADVILLE 1,39.1514,-106.248,PSCO,CO,bldg,0.066806
38963,LEADVILLE 1,39.1514,-106.248,PSCO,CO,ind,0.014665
38963,LEADVILLE 1,39.1514,-106.248,PSCO,CO,rail,0.000159
38963,LEADVILLE 1,39.1514,-106.248,PSCO,CO,road,0.000878
38964,VAIL 2,39.7469,-106.342,PSCO,CO,bldg,0.054807
38964,VAIL 2,39.7469,-106.342,PSCO,CO,ind,0.012032
38964,VAIL 2,39.7469,-106.342,PSCO,CO,rail,0.00013
38964,VAIL 2,39.7469,-106.342,PSCO,CO,road,0.000721
38965,SILVERTHORNE,39.6667,-106.282,PSCO,CO,bldg,0.066008
38965,SILVERTHORNE,39.6667,-106.282,PSCO,CO,ind,0.014491
38965,SILVERTHORNE,39.6667,-106.282,PSCO,CO,rail,0.000157
38965,SILVERTHORNE,39.6667,-106.282,PSCO,CO,road,0.000868
38966,FRISCO,39.4819,-106.164,PSCO,CO,bldg,0.037263
38966,FRISCO,39.4819,-106.164,PSCO,CO,ind,0.008181
38966,FRISCO,39.4819,-106.164,PSCO,CO,rail,8.9e-05
38966,FRISCO,39.4819,-106.164,PSCO,CO,road,0.00049
38967,MONTE VISTA,37.4908,-106.077,WACM,CO,bldg,0.095601
38967,MONTE VISTA,37.4908,-106.077,WACM,CO,ind,0.055276
38967,MONTE VISTA,37.4908,-106.077,WACM,CO,road,0.000377
38968,LA JARA,37.3622,-106.057,WACM,CO,bldg,0.035757
38968,LA JARA,37.3622,-106.057,WACM,CO,ind,0.020674
38968,LA JARA,37.3622,-106.057,WACM,CO,road,0.000141
38969,CENTER,37.8213,-106.04,WACM,CO,bldg,0.072515
38969,CENTER,37.8213,-106.04,WACM,CO,ind,0.041927
38969,CENTER,37.8213,-106.04,WACM,CO,road,0.000286
38970,SALIDA,38.5118,-106.094,WACM,CO,bldg,0.135064
38970,SALIDA,38.5118,-106.094,WACM,CO,ind,0.078094
38970,SALIDA,38.5118,-106.094,WACM,CO,road,0.000533
38971,BRECKENRIDGE,39.425,-105.992,PSCO,CO,bldg,0.099538
38971,BRECKENRIDGE,39.425,-105.992,PSCO,CO,ind,0.021851
38971,BRECKENRIDGE,39.425,-105.992,PSCO,CO,rail,0.000237
38971,BRECKENRIDGE,39.425,-105.992,PSCO,CO,road,0.001309
38972,FAIRPLAY,39.3205,-105.987,PSCO,CO,bldg,0.035523
38972,FAIRPLAY,39.3205,-105.987,PSCO,CO,ind,0.007798
38972,FAIRPLAY,39.3205,-105.987,PSCO,CO,rail,8.5e-05
38972,FAIRPLAY,39.3205,-105.987,PSCO,CO,road,0.000467
38973,GRANBY,40.097,-105.909,PSCO,CO,bldg,0.057236
38973,GRANBY,40.097,-105.909,PSCO,CO,ind,0.012564
38973,GRANBY,40.097,-105.909,PSCO,CO,rail,0.000136
38973,GRANBY,40.097,-105.909,PSCO,CO,road,0.000753
38974,DILLON 1,39.6328,-105.985,PSCO,CO,bldg,0.082646
38974,DILLON 1,39.6328,-105.985,PSCO,CO,ind,0.018142
38974,DILLON 1,39.6328,-105.985,PSCO,CO,rail,0.000197
38974,DILLON 1,39.6328,-105.985,PSCO,CO,road,0.001087
38975,FRASER,39.9165,-105.816,PSCO,CO,bldg,0.040816
38975,FRASER,39.9165,-105.816,PSCO,CO,ind,0.00896
38975,FRASER,39.9165,-105.816,PSCO,CO,rail,9.7e-05
38975,FRASER,39.9165,-105.816,PSCO,CO,road,0.000537
38976,ALAMOSA 1,37.3994,-105.898,WACM,CO,bldg,0.191102
38976,ALAMOSA 1,37.3994,-105.898,WACM,CO,ind,0.110495
38976,ALAMOSA 1,37.3994,-105.898,WACM,CO,road,0.000754
38977,SANFORD,37.208,-105.73,WACM,CO,bldg,0.037009
38977,SANFORD,37.208,-105.73,WACM,CO,ind,0.021398
38977,SANFORD,37.208,-105.73,WACM,CO,road,0.000146
38978,GRAND LAKE,40.2506,-105.805,PSCO,CO,bldg,0.022945
38978,GRAND LAKE,40.2506,-105.805,PSCO,CO,ind,0.005037
38978,GRAND LAKE,40.2506,-105.805,PSCO,CO,rail,5.5e-05
38978,GRAND LAKE,40.2506,-105.805,PSCO,CO,road,0.000302
38979,IDAHO SPRINGS,39.6612,-105.738,PSCO,CO,bldg,0.035596
38979,IDAHO SPRINGS,39.6612,-105.738,PSCO,CO,ind,0.007814
38979,IDAHO SPRINGS,39.6612,-105.738,PSCO,CO,rail,8.5e-05
38979,IDAHO SPRINGS,39.6612,-105.738,PSCO,CO,road,0.000468
38980,COTOPAXI,38.2957,-105.595,WACM,CO,bldg,0.035757
38980,COTOPAXI,38.2957,-105.595,WACM,CO,ind,0.020674
38980,COTOPAXI,38.2957,-105.595,WACM,CO,road,0.000141
38981,ESTES PARK 1,40.4821,-105.608,PSCO,CO,bldg,0.090041
38981,ESTES PARK 1,40.4821,-105.608,PSCO,CO,ind,0.019766
38981,ESTES PARK 1,40.4821,-105.608,PSCO,CO,rail,0.000214
38981,ESTES PARK 1,40.4821,-105.608,PSCO,CO,road,0.001184
38982,BELLVUE,40.6437,-105.543,PSCO,CO,bldg,0.020589
38982,BELLVUE,40.6437,-105.543,PSCO,CO,ind,0.00452
38982,BELLVUE,40.6437,-105.543,PSCO,CO,rail,4.9e-05
38982,BELLVUE,40.6437,-105.543,PSCO,CO,road,0.000271
38983,BLACK HAWK,39.9342,-105.51,PSCO,CO,bldg,0.053829
38983,BLACK HAWK,39.9342,-105.51,PSCO,CO,ind,0.011816
38983,BLACK HAWK,39.9342,-105.51,PSCO,CO,rail,0.000128
38983,BLACK HAWK,39.9342,-105.51,PSCO,CO,road,0.000708
38984,BAILEY,39.3892,-105.413,PSCO,CO,bldg,0.089171
38984,BAILEY,39.3892,-105.413,PSCO,CO,ind,0.019576
38984,BAILEY,39.3892,-105.413,PSCO,CO,rail,0.000212
38984,BAILEY,39.3892,-105.413,PSCO,CO,road,0.001172
38985,EVERGREEN,39.6225,-105.421,PSCO,CO,bldg,0.23565
38985,EVERGREEN,39.6225,-105.421,PSCO,CO,ind,0.051731
38985,EVERGREEN,39.6225,-105.421,PSCO,CO,rail,0.000561
38985,EVERGREEN,39.6225,-105.421,PSCO,CO,road,0.003098
38986,WESTCLIFFE,38.1541,-105.405,WACM,CO,bldg,0.049879
38986,WESTCLIFFE,38.1541,-105.405,WACM,CO,ind,0.02884
38986,WESTCLIFFE,38.1541,-105.405,WACM,CO,road,0.000197
38987,SAN LUIS 3,37.0155,-105.364,WACM,CO,bldg,0.032852
38987,SAN LUIS 3,37.0155,-105.364,WACM,CO,ind,0.018995
38987,SAN LUIS 3,37.0155,-105.364,WACM,CO,road,0.00013
38988,CANON CITY 1,38.4964,-105.341,WACM,CO,bldg,0.193606
38988,CANON CITY 1,38.4964,-105.341,WACM,CO,ind,0.111943
38988,CANON CITY 1,38.4964,-105.341,WACM,CO,road,0.000763
38989,CANON CITY 2,38.6001,-105.445,WACM,CO,bldg,0.204123
38989,CANON CITY 2,38.6001,-105.445,WACM,CO,ind,0.118025
38989,CANON CITY 2,38.6001,-105.445,WACM,CO,road,0.000805
38990,BOULDER 1,39.9878,-105.363,PSCO,CO,bldg,0.126942
38990,BOULDER 1,39.9878,-105.363,PSCO,CO,ind,0.027867
38990,BOULDER 1,39.9878,-105.363,PSCO,CO,rail,0.000302
38990,BOULDER 1,39.9878,-105.363,PSCO,CO,road,0.001669
38991,BOULDER 2,39.9744,-105.435,PSCO,CO,bldg,0.1687
38991,BOULDER 2,39.9744,-105.435,PSCO,CO,ind,0.037034
38991,BOULDER 2,39.9744,-105.435,PSCO,CO,rail,0.000401
38991,BOULDER 2,39.9744,-105.435,PSCO,CO,road,0.002218
38992,LIVERMORE 7,40.84,-105.44,PSCO,CO,bldg,0.025555
38992,LIVERMORE 7,40.84,-105.44,PSCO,CO,ind,0.00561
38992,LIVERMORE 7,40.84,-105.44,PSCO,CO,rail,6.1e-05
38992,LIVERMORE 7,40.84,-105.44,PSCO,CO,road,0.000336
38993,LYONS 2,40.2982,-105.36,PSCO,CO,bldg,0.051581
38993,LYONS 2,40.2982,-105.36,PSCO,CO,ind,0.011323
38993,LYONS 2,40.2982,-105.36,PSCO,CO,rail,0.000123
38993,LYONS 2,40.2982,-105.36,PSCO,CO,road,0.000678
38994,PINE 2,39.4322,-105.367,PSCO,CO,bldg,0.030992
38994,PINE 2,39.4322,-105.367,PSCO,CO,ind,0.006803
38994,PINE 2,39.4322,-105.367,PSCO,CO,rail,7.4e-05
38994,PINE 2,39.4322,-105.367,PSCO,CO,road,0.000407
38995,FLORISSANT,38.8132,-105.39,PSCO,CO,bldg,0.048827
38995,FLORISSANT,38.8132,-105.39,PSCO,CO,ind,0.010719
38995,FLORISSANT,38.8132,-105.39,PSCO,CO,rail,0.000116
38995,FLORISSANT,38.8132,-105.39,PSCO,CO,road,0.000642
38996,GOLDEN 1,39.8859,-105.282,PSCO,CO,bldg,0.174028
38996,GOLDEN 1,39.8859,-105.282,PSCO,CO,ind,0.038203
38996,GOLDEN 1,39.8859,-105.282,PSCO,CO,rail,0.000414
38996,GOLDEN 1,39.8859,-105.282,PSCO,CO,road,0.002288
38997,BOULDER 3,40.0408,-105.292,PSCO,CO,bldg,0.120743
38997,BOULDER 3,40.0408,-105.292,PSCO,CO,ind,0.026506
38997,BOULDER 3,40.0408,-105.292,PSCO,CO,rail,0.000287
38997,BOULDER 3,40.0408,-105.292,PSCO,CO,road,0.001587
38998,BOULDER 4,39.991,-105.332,PSCO,CO,bldg,0.120743
38998,BOULDER 4,39.991,-105.332,PSCO,CO,ind,0.026506
38998,BOULDER 4,39.991,-105.332,PSCO,CO,rail,0.000287
38998,BOULDER 4,39.991,-105.332,PSCO,CO,road,0.001587
38999,BOULDER 5,40.0352,-105.225,PSCO,CO,bldg,0.061985
38999,BOULDER 5,40.0352,-105.225,PSCO,CO,ind,0.013607
38999,BOULDER 5,40.0352,-105.225,PSCO,CO,rail,0.000147
38999,BOULDER 5,40.0352,-105.225,PSCO,CO,road,0.000815
39000,CONIFER,39.4031,-105.251,PSCO,CO,bldg,0.080471
39000,CONIFER,39.4031,-105.251,PSCO,CO,ind,0.017665
39000,CONIFER,39.4031,-105.251,PSCO,CO,rail,0.000191
39000,CONIFER,39.4031,-105.251,PSCO,CO,road,0.001058
39001,BOULDER 6,39.8794,-105.221,PSCO,CO,bldg,0.159021
39001,BOULDER 6,39.8794,-105.221,PSCO,CO,ind,0.034909
39001,BOULDER 6,39.8794,-105.221,PSCO,CO,rail,0.000378
39001,BOULDER 6,39.8794,-105.221,PSCO,CO,road,0.002091
39002,GOLDEN 2,39.6501,-105.221,PSCO,CO,bldg,0.185555
39002,GOLDEN 2,39.6501,-105.221,PSCO,CO,ind,0.040734
39002,GOLDEN 2,39.6501,-105.221,PSCO,CO,rail,0.000441
39002,GOLDEN 2,39.6501,-105.221,PSCO,CO,road,0.00244
39003,GOLDEN 3,39.678,-105.179,PSCO,CO,bldg,0.185555
39003,GOLDEN 3,39.678,-105.179,PSCO,CO,ind,0.040734
39003,GOLDEN 3,39.678,-105.179,PSCO,CO,rail,0.000441
39003,GOLDEN 3,39.678,-105.179,PSCO,CO,road,0.00244
39004,LONGMONT 1,40.2314,-105.178,PSCO,CO,bldg,0.146371
39004,LONGMONT 1,40.2314,-105.178,PSCO,CO,ind,0.032132
39004,LONGMONT 1,40.2314,-105.178,PSCO,CO,rail,0.000348
39004,LONGMONT 1,40.2314,-105.178,PSCO,CO,road,0.001924
39005,LONGMONT 2,40.1444,-105.217,PSCO,CO,bldg,0.146371
39005,LONGMONT 2,40.1444,-105.217,PSCO,CO,ind,0.032132
39005,LONGMONT 2,40.1444,-105.217,PSCO,CO,rail,0.000348
39005,LONGMONT 2,40.1444,-105.217,PSCO,CO,road,0.001924
39006,BOULDER 7,39.9045,-105.266,PSCO,CO,bldg,0.210748
39006,BOULDER 7,39.9045,-105.266,PSCO,CO,ind,0.046264
39006,BOULDER 7,39.9045,-105.266,PSCO,CO,rail,0.000501
39006,BOULDER 7,39.9045,-105.266,PSCO,CO,road,0.002771
39007,MORRISON,39.6994,-105.297,PSCO,CO,bldg,0.144595
39007,MORRISON,39.6994,-105.297,PSCO,CO,ind,0.031742
39007,MORRISON,39.6994,-105.297,PSCO,CO,rail,0.000344
39007,MORRISON,39.6994,-105.297,PSCO,CO,road,0.001901
39008,BOULDER 8,40.0354,-105.149,PSCO,CO,bldg,0.358822
39008,BOULDER 8,40.0354,-105.149,PSCO,CO,ind,0.07877
39008,BOULDER 8,40.0354,-105.149,PSCO,CO,rail,0.000854
39008,BOULDER 8,40.0354,-105.149,PSCO,CO,road,0.004718
39009,ARVADA 1,39.8173,-105.21,PSCO,CO,bldg,0.068437
39009,ARVADA 1,39.8173,-105.21,PSCO,CO,ind,0.015024
39009,ARVADA 1,39.8173,-105.21,PSCO,CO,rail,0.000163
39009,ARVADA 1,39.8173,-105.21,PSCO,CO,road,0.0009
39010,DIVIDE,38.8916,-105.188,PSCO,CO,bldg,0.037916
39010,DIVIDE,38.8916,-105.188,PSCO,CO,ind,0.008323
39010,DIVIDE,38.8916,-105.188,PSCO,CO,rail,9e-05
39010,DIVIDE,38.8916,-105.188,PSCO,CO,road,0.000498
39011,LAPORTE,40.7915,-105.154,PSCO,CO,bldg,0.02483
39011,LAPORTE,40.7915,-105.154,PSCO,CO,ind,0.00545
39011,LAPORTE,40.7915,-105.154,PSCO,CO,rail,5.9e-05
39011,LAPORTE,40.7915,-105.154,PSCO,CO,road,0.000326
39012,LOVELAND 1,40.3189,-105.11,PSCO,CO,bldg,0.182945
39012,LOVELAND 1,40.3189,-105.11,PSCO,CO,ind,0.040162
39012,LOVELAND 1,40.3189,-105.11,PSCO,CO,rail,0.000435
39012,LOVELAND 1,40.3189,-105.11,PSCO,CO,road,0.002405
39013,LOVELAND 2,40.3992,-105.11,PSCO,CO,bldg,0.182945
39013,LOVELAND 2,40.3992,-105.11,PSCO,CO,ind,0.040162
39013,LOVELAND 2,40.3992,-105.11,PSCO,CO,rail,0.000435
39013,LOVELAND 2,40.3992,-105.11,PSCO,CO,road,0.002405
39014,DENVER 1,39.6472,-105.21,PSCO,CO,bldg,0.142021
39014,DENVER 1,39.6472,-105.21,PSCO,CO,ind,0.031177
39014,DENVER 1,39.6472,-105.21,PSCO,CO,rail,0.000338
39014,DENVER 1,39.6472,-105.21,PSCO,CO,road,0.001867
39015,DENVER 2,39.7734,-105.113,PSCO,CO,bldg,0.142021
39015,DENVER 2,39.7734,-105.113,PSCO,CO,ind,0.031177
39015,DENVER 2,39.7734,-105.113,PSCO,CO,rail,0.000338
39015,DENVER 2,39.7734,-105.113,PSCO,CO,road,0.001867
39016,LITTLETON 1,39.4318,-105.174,PSCO,CO,bldg,0.200743
39016,LITTLETON 1,39.4318,-105.174,PSCO,CO,ind,0.044068
39016,LITTLETON 1,39.4318,-105.174,PSCO,CO,rail,0.000478
39016,LITTLETON 1,39.4318,-105.174,PSCO,CO,road,0.002639
39017,LITTLETON 2,39.5019,-105.186,PSCO,CO,bldg,0.200743
39017,LITTLETON 2,39.5019,-105.186,PSCO,CO,ind,0.044068
39017,LITTLETON 2,39.5019,-105.186,PSCO,CO,rail,0.000478
39017,LITTLETON 2,39.5019,-105.186,PSCO,CO,road,0.002639
39018,LOUISVILLE,40.0108,-105.215,PSCO,CO,bldg,0.146226
39018,LOUISVILLE,40.0108,-105.215,PSCO,CO,ind,0.0321
39018,LOUISVILLE,40.0108,-105.215,PSCO,CO,rail,0.000348
39018,LOUISVILLE,40.0108,-105.215,PSCO,CO,road,0.001922
39019,SEDALIA,39.2311,-105.124,PSCO,CO,bldg,0.03614
39019,SEDALIA,39.2311,-105.124,PSCO,CO,ind,0.007934
39019,SEDALIA,39.2311,-105.124,PSCO,CO,rail,8.6e-05
39019,SEDALIA,39.2311,-105.124,PSCO,CO,road,0.000475
39020,CRIPPLE CREEK,38.7675,-105.197,PSCO,CO,bldg,0.019357
39020,CRIPPLE CREEK,38.7675,-105.197,PSCO,CO,ind,0.004249
39020,CRIPPLE CREEK,38.7675,-105.197,PSCO,CO,rail,4.6e-05
39020,CRIPPLE CREEK,38.7675,-105.197,PSCO,CO,road,0.000254
39021,FORT COLLINS 1,40.4218,-105.223,PSCO,CO,bldg,0.20821
39021,FORT COLLINS 1,40.4218,-105.223,PSCO,CO,ind,0.045708
39021,FORT COLLINS 1,40.4218,-105.223,PSCO,CO,rail,0.000495
39021,FORT COLLINS 1,40.4218,-105.223,PSCO,CO,road,0.002737
39022,FORT COLLINS 2,40.4763,-105.075,PSCO,CO,bldg,0.20821
39022,FORT COLLINS 2,40.4763,-105.075,PSCO,CO,ind,0.045708
39022,FORT COLLINS 2,40.4763,-105.075,PSCO,CO,rail,0.000495
39022,FORT COLLINS 2,40.4763,-105.075,PSCO,CO,road,0.002737
39023,FLORENCE 4,38.3155,-105.05,WACM,CO,bldg,0.13261
39023,FLORENCE 4,38.3155,-105.05,WACM,CO,ind,0.076675
39023,FLORENCE 4,38.3155,-105.05,WACM,CO,road,0.000523
39024,ARVADA 2,39.9086,-105.065,PSCO,CO,bldg,0.120417
39024,ARVADA 2,39.9086,-105.065,PSCO,CO,ind,0.026435
39024,ARVADA 2,39.9086,-105.065,PSCO,CO,rail,0.000286
39024,ARVADA 2,39.9086,-105.065,PSCO,CO,road,0.001583
39025,ARVADA 3,39.8663,-105.146,PSCO,CO,bldg,0.120417
39025,ARVADA 3,39.8663,-105.146,PSCO,CO,ind,0.026435
39025,ARVADA 3,39.8663,-105.146,PSCO,CO,rail,0.000286
39025,ARVADA 3,39.8663,-105.146,PSCO,CO,road,0.001583
39026,FORT COLLINS 3,40.6037,-105.192,PSCO,CO,bldg,0.157427
39026,FORT COLLINS 3,40.6037,-105.192,PSCO,CO,ind,0.034559
39026,FORT COLLINS 3,40.6037,-105.192,PSCO,CO,rail,0.000375
39026,FORT COLLINS 3,40.6037,-105.192,PSCO,CO,road,0.00207
39027,FORT COLLINS 4,40.5927,-105.209,PSCO,CO,bldg,0.157427
39027,FORT COLLINS 4,40.5927,-105.209,PSCO,CO,ind,0.034559
39027,FORT COLLINS 4,40.5927,-105.209,PSCO,CO,rail,0.000375
39027,FORT COLLINS 4,40.5927,-105.209,PSCO,CO,road,0.00207
39028,ARVADA 4,39.8457,-105.082,PSCO,CO,bldg,0.169135
39028,ARVADA 4,39.8457,-105.082,PSCO,CO,ind,0.037129
39028,ARVADA 4,39.8457,-105.082,PSCO,CO,rail,0.000402
39028,ARVADA 4,39.8457,-105.082,PSCO,CO,road,0.002224
39029,ARVADA 5,39.8824,-105.143,PSCO,CO,bldg,0.169135
39029,ARVADA 5,39.8824,-105.143,PSCO,CO,ind,0.037129
39029,ARVADA 5,39.8824,-105.143,PSCO,CO,rail,0.000402
39029,ARVADA 5,39.8824,-105.143,PSCO,CO,road,0.002224
39030,DENVER 3,39.8058,-105.191,PSCO,CO,bldg,0.168156
39030,DENVER 3,39.8058,-105.191,PSCO,CO,ind,0.036914
39030,DENVER 3,39.8058,-105.191,PSCO,CO,rail,0.0004
39030,DENVER 3,39.8058,-105.191,PSCO,CO,road,0.002211
39031,BROOMFIELD 1,39.8067,-105.053,PSCO,CO,bldg,0.141622
39031,BROOMFIELD 1,39.8067,-105.053,PSCO,CO,ind,0.031089
39031,BROOMFIELD 1,39.8067,-105.053,PSCO,CO,rail,0.000337
39031,BROOMFIELD 1,39.8067,-105.053,PSCO,CO,road,0.001862
39032,BROOMFIELD 2,39.7915,-105.127,PSCO,CO,bldg,0.141622
39032,BROOMFIELD 2,39.7915,-105.127,PSCO,CO,ind,0.031089
39032,BROOMFIELD 2,39.7915,-105.127,PSCO,CO,rail,0.000337
39032,BROOMFIELD 2,39.7915,-105.127,PSCO,CO,road,0.001862
39033,WOODLAND PARK,38.9958,-105.107,PSCO,CO,bldg,0.119438
39033,WOODLAND PARK,38.9958,-105.107,PSCO,CO,ind,0.02622
39033,WOODLAND PARK,38.9958,-105.107,PSCO,CO,rail,0.000284
39033,WOODLAND PARK,38.9958,-105.107,PSCO,CO,road,0.00157
39034,LA VETA,37.543,-105.028,WACM,CO,bldg,0.035356
39034,LA VETA,37.543,-105.028,WACM,CO,ind,0.020442
39034,LA VETA,37.543,-105.028,WACM,CO,road,0.000139
39035,ARVADA 6,39.777,-105.094,PSCO,CO,bldg,0.169823
39035,ARVADA 6,39.777,-105.094,PSCO,CO,ind,0.037281
39035,ARVADA 6,39.777,-105.094,PSCO,CO,rail,0.000404
39035,ARVADA 6,39.777,-105.094,PSCO,CO,road,0.002233
39036,BERTHOUD,40.2879,-105.02,PSCO,CO,bldg,0.097037
39036,BERTHOUD,40.2879,-105.02,PSCO,CO,ind,0.021302
39036,BERTHOUD,40.2879,-105.02,PSCO,CO,rail,0.000231
39036,BERTHOUD,40.2879,-105.02,PSCO,CO,road,0.001276
39037,LONGMONT 3,40.1513,-105.132,PSCO,CO,bldg,0.187295
39037,LONGMONT 3,40.1513,-105.132,PSCO,CO,ind,0.041116
39037,LONGMONT 3,40.1513,-105.132,PSCO,CO,rail,0.000446
39037,LONGMONT 3,40.1513,-105.132,PSCO,CO,road,0.002462
39038,LONGMONT 4,40.2598,-105.127,PSCO,CO,bldg,0.186244
39038,LONGMONT 4,40.2598,-105.127,PSCO,CO,ind,0.040886
39038,LONGMONT 4,40.2598,-105.127,PSCO,CO,rail,0.000443
39038,LONGMONT 4,40.2598,-105.127,PSCO,CO,road,0.002449
39039,WHEAT RIDGE,39.6973,-105.054,PSCO,CO,bldg,0.2259
39039,WHEAT RIDGE,39.6973,-105.054,PSCO,CO,ind,0.04959
39039,WHEAT RIDGE,39.6973,-105.054,PSCO,CO,rail,0.000537
39039,WHEAT RIDGE,39.6973,-105.054,PSCO,CO,road,0.00297
39040,LAFAYETTE 2,39.9285,-105.079,PSCO,CO,bldg,0.124296
39040,LAFAYETTE 2,39.9285,-105.079,PSCO,CO,ind,0.027286
39040,LAFAYETTE 2,39.9285,-105.079,PSCO,CO,rail,0.000296
39040,LAFAYETTE 2,39.9285,-105.079,PSCO,CO,road,0.001634
39041,LAFAYETTE 3,39.9409,-105.195,PSCO,CO,bldg,0.124296
39041,LAFAYETTE 3,39.9409,-105.195,PSCO,CO,ind,0.027286
39041,LAFAYETTE 3,39.9409,-105.195,PSCO,CO,rail,0.000296
39041,LAFAYETTE 3,39.9409,-105.195,PSCO,CO,road,0.001634
39042,DENVER 4,39.7414,-105.148,PSCO,CO,bldg,0.145755
39042,DENVER 4,39.7414,-105.148,PSCO,CO,ind,0.031997
39042,DENVER 4,39.7414,-105.148,PSCO,CO,rail,0.000347
39042,DENVER 4,39.7414,-105.148,PSCO,CO,road,0.001916
39043,DENVER 5,39.6222,-105.048,PSCO,CO,bldg,0.145755
39043,DENVER 5,39.6222,-105.048,PSCO,CO,ind,0.031997
39043,DENVER 5,39.6222,-105.048,PSCO,CO,rail,0.000347
39043,DENVER 5,39.6222,-105.048,PSCO,CO,road,0.001916
39044,DENVER 6,39.5941,-105.012,PSCO,CO,bldg,0.201795
39044,DENVER 6,39.5941,-105.012,PSCO,CO,ind,0.044299
39044,DENVER 6,39.5941,-105.012,PSCO,CO,rail,0.00048
39044,DENVER 6,39.5941,-105.012,PSCO,CO,road,0.002653
39045,DENVER 7,39.7428,-105.093,PSCO,CO,bldg,0.158659
39045,DENVER 7,39.7428,-105.093,PSCO,CO,ind,0.03483
39045,DENVER 7,39.7428,-105.093,PSCO,CO,rail,0.000377
39045,DENVER 7,39.7428,-105.093,PSCO,CO,road,0.002086
39046,DENVER 8,39.731,-105.182,PSCO,CO,bldg,0.164422
39046,DENVER 8,39.731,-105.182,PSCO,CO,ind,0.036095
39046,DENVER 8,39.731,-105.182,PSCO,CO,phase1,0.284862
39046,DENVER 8,39.731,-105.182,PSCO,CO,rail,0.000391
39046,DENVER 8,39.731,-105.182,PSCO,CO,road,0.002162
39047,DENVER 9,39.558,-105.138,PSCO,CO,bldg,0.071337
39047,DENVER 9,39.558,-105.138,PSCO,CO,ind,0.01566
39047,DENVER 9,39.558,-105.138,PSCO,CO,rail,0.00017
39047,DENVER 9,39.558,-105.138,PSCO,CO,road,0.000938
39048,LITTLETON 3,39.5227,-105.083,PSCO,CO,bldg,0.167177
39048,LITTLETON 3,39.5227,-105.083,PSCO,CO,ind,0.036699
39048,LITTLETON 3,39.5227,-105.083,PSCO,CO,rail,0.000398
39048,LITTLETON 3,39.5227,-105.083,PSCO,CO,road,0.002198
39049,LITTLETON 4,39.5135,-105.092,PSCO,CO,bldg,0.164857
39049,LITTLETON 4,39.5135,-105.092,PSCO,CO,ind,0.03619
39049,LITTLETON 4,39.5135,-105.092,PSCO,CO,rail,0.000392
39049,LITTLETON 4,39.5135,-105.092,PSCO,CO,road,0.002167
39050,BROOMFIELD 3,39.8604,-105.04,PSCO,CO,bldg,0.220861
39050,BROOMFIELD 3,39.8604,-105.04,PSCO,CO,ind,0.048485
39050,BROOMFIELD 3,39.8604,-105.04,PSCO,CO,rail,0.000525
39050,BROOMFIELD 3,39.8604,-105.04,PSCO,CO,road,0.002904
39051,BROOMFIELD 4,39.9669,-105.163,PSCO,CO,bldg,0.220861
39051,BROOMFIELD 4,39.9669,-105.163,PSCO,CO,ind,0.048485
39051,BROOMFIELD 4,39.9669,-105.163,PSCO,CO,rail,0.000525
39051,BROOMFIELD 4,39.9669,-105.163,PSCO,CO,road,0.002904
39052,LITTLETON 5,39.6397,-105.012,PSCO,CO,bldg,0.211074
39052,LITTLETON 5,39.6397,-105.012,PSCO,CO,ind,0.046336
39052,LITTLETON 5,39.6397,-105.012,PSCO,CO,rail,0.000502
39052,LITTLETON 5,39.6397,-105.012,PSCO,CO,road,0.002775
39053,LITTLETON 6,39.6068,-105.09,PSCO,CO,bldg,0.211074
39053,LITTLETON 6,39.6068,-105.09,PSCO,CO,ind,0.046336
39053,LITTLETON 6,39.6068,-105.09,PSCO,CO,rail,0.000502
39053,LITTLETON 6,39.6068,-105.09,PSCO,CO,road,0.002775
39054,DENVER 10,39.7988,-105.098,PSCO,CO,bldg,0.233911
39054,DENVER 10,39.7988,-105.098,PSCO,CO,ind,0.051349
39054,DENVER 10,39.7988,-105.098,PSCO,CO,rail,0.000556
39054,DENVER 10,39.7988,-105.098,PSCO,CO,road,0.003075
39055,ARVADA 7,39.8996,-105.025,PSCO,CO,bldg,0.166742
39055,ARVADA 7,39.8996,-105.025,PSCO,CO,ind,0.036605
39055,ARVADA 7,39.8996,-105.025,PSCO,CO,rail,0.000397
39055,ARVADA 7,39.8996,-105.025,PSCO,CO,road,0.002192
39056,ARVADA 8,39.751,-105.054,PSCO,CO,bldg,0.166742
39056,ARVADA 8,39.751,-105.054,PSCO,CO,ind,0.036605
39056,ARVADA 8,39.751,-105.054,PSCO,CO,rail,0.000397
39056,ARVADA 8,39.751,-105.054,PSCO,CO,road,0.002192
39057,LITTLETON 7,39.4916,-105.038,PSCO,CO,bldg,0.096022
39057,LITTLETON 7,39.4916,-105.038,PSCO,CO,ind,0.021079
39057,LITTLETON 7,39.4916,-105.038,PSCO,CO,rail,0.000228
39057,LITTLETON 7,39.4916,-105.038,PSCO,CO,road,0.001262
39058,LOVELAND 3,40.4265,-105.113,PSCO,CO,bldg,0.207014
39058,LOVELAND 3,40.4265,-105.113,PSCO,CO,ind,0.045445
39058,LOVELAND 3,40.4265,-105.113,PSCO,CO,rail,0.000492
39058,LOVELAND 3,40.4265,-105.113,PSCO,CO,road,0.002722
39059,LOVELAND 4,40.4244,-105.086,PSCO,CO,bldg,0.207014
39059,LOVELAND 4,40.4244,-105.086,PSCO,CO,ind,0.045445
39059,LOVELAND 4,40.4244,-105.086,PSCO,CO,rail,0.000492
39059,LOVELAND 4,40.4244,-105.086,PSCO,CO,road,0.002722
39060,WELLINGTON 3,40.8866,-105.121,PSCO,CO,bldg,0.08551
39060,WELLINGTON 3,40.8866,-105.121,PSCO,CO,ind,0.018772
39060,WELLINGTON 3,40.8866,-105.121,PSCO,CO,rail,0.000203
39060,WELLINGTON 3,40.8866,-105.121,PSCO,CO,road,0.001124
39061,DENVER 11,39.74,-105.1,PSCO,CO,bldg,0.170113
39061,DENVER 11,39.74,-105.1,PSCO,CO,ind,0.037345
39061,DENVER 11,39.74,-105.1,PSCO,CO,rail,0.000405
39061,DENVER 11,39.74,-105.1,PSCO,CO,road,0.002237
39062,DENVER 12,39.6978,-105.019,PSCO,CO,bldg,0.151953
39062,DENVER 12,39.6978,-105.019,PSCO,CO,ind,0.033357
39062,DENVER 12,39.6978,-105.019,PSCO,CO,rail,0.000361
39062,DENVER 12,39.6978,-105.019,PSCO,CO,road,0.001998
39063,WESTMINSTER 4,39.9674,-104.997,PSCO,CO,bldg,0.159891
39063,WESTMINSTER 4,39.9674,-104.997,PSCO,CO,ind,0.0351
39063,WESTMINSTER 4,39.9674,-104.997,PSCO,CO,rail,0.00038
39063,WESTMINSTER 4,39.9674,-104.997,PSCO,CO,road,0.002102
39064,WESTMINSTER 5,39.7934,-105.072,PSCO,CO,bldg,0.159891
39064,WESTMINSTER 5,39.7934,-105.072,PSCO,CO,ind,0.0351
39064,WESTMINSTER 5,39.7934,-105.072,PSCO,CO,rail,0.00038
39064,WESTMINSTER 5,39.7934,-105.072,PSCO,CO,road,0.002102
39065,WESTMINSTER 6,39.8797,-105.063,PSCO,CO,bldg,0.144486
39065,WESTMINSTER 6,39.8797,-105.063,PSCO,CO,ind,0.031718
39065,WESTMINSTER 6,39.8797,-105.063,PSCO,CO,rail,0.000344
39065,WESTMINSTER 6,39.8797,-105.063,PSCO,CO,road,0.0019
39066,FORT COLLINS 5,40.5899,-104.941,PSCO,CO,bldg,0.235433
39066,FORT COLLINS 5,40.5899,-104.941,PSCO,CO,ind,0.051683
39066,FORT COLLINS 5,40.5899,-104.941,PSCO,CO,phase1,0.045406
39066,FORT COLLINS 5,40.5899,-104.941,PSCO,CO,rail,0.00056
39066,FORT COLLINS 5,40.5899,-104.941,PSCO,CO,road,0.003095
39067,FORT COLLINS 6,40.5142,-105.118,PSCO,CO,bldg,0.228147
39067,FORT COLLINS 6,40.5142,-105.118,PSCO,CO,ind,0.050084
39067,FORT COLLINS 6,40.5142,-105.118,PSCO,CO,rail,0.000543
39067,FORT COLLINS 6,40.5142,-105.118,PSCO,CO,road,0.003
39068,DENVER 13,39.7549,-105.051,PSCO,CO,bldg,0.288827
39068,DENVER 13,39.7549,-105.051,PSCO,CO,ind,0.063405
39068,DENVER 13,39.7549,-105.051,PSCO,CO,rail,0.000687
39068,DENVER 13,39.7549,-105.051,PSCO,CO,road,0.003797
39069,DENVER 14,39.7709,-104.998,PSCO,CO,bldg,0.288827
39069,DENVER 14,39.7709,-104.998,PSCO,CO,ind,0.063405
39069,DENVER 14,39.7709,-104.998,PSCO,CO,rail,0.000687
39069,DENVER 14,39.7709,-104.998,PSCO,CO,road,0.003797
39070,PENROSE,38.4146,-104.958,WACM,CO,bldg,0.056289
39070,PENROSE,38.4146,-104.958,WACM,CO,ind,0.032546
39070,PENROSE,38.4146,-104.958,WACM,CO,road,0.000222
39071,LONGMONT 5,40.2036,-104.932,PSCO,CO,bldg,0.220897
39071,LONGMONT 5,40.2036,-104.932,PSCO,CO,ind,0.048493
39071,LONGMONT 5,40.2036,-104.932,PSCO,CO,rail,0.000526
39071,LONGMONT 5,40.2036,-104.932,PSCO,CO,road,0.002904
39072,LONGMONT 6,40.1338,-104.986,PSCO,CO,bldg,0.220897
39072,LONGMONT 6,40.1338,-104.986,PSCO,CO,ind,0.048493
39072,LONGMONT 6,40.1338,-104.986,PSCO,CO,rail,0.000526
39072,LONGMONT 6,40.1338,-104.986,PSCO,CO,road,0.002904
39073,FORT COLLINS 7,40.7325,-104.995,PSCO,CO,bldg,0.149234
39073,FORT COLLINS 7,40.7325,-104.995,PSCO,CO,ind,0.032761
39073,FORT COLLINS 7,40.7325,-104.995,PSCO,CO,rail,0.000355
39073,FORT COLLINS 7,40.7325,-104.995,PSCO,CO,road,0.001962
39074,FORT COLLINS 8,40.7031,-104.994,PSCO,CO,bldg,0.149234
39074,FORT COLLINS 8,40.7031,-104.994,PSCO,CO,ind,0.032761
39074,FORT COLLINS 8,40.7031,-104.994,PSCO,CO,rail,0.000355
39074,FORT COLLINS 8,40.7031,-104.994,PSCO,CO,road,0.001962
39075,ERIE,40.018,-105.04,PSCO,CO,bldg,0.226588
39075,ERIE,40.018,-105.04,PSCO,CO,ind,0.049742
39075,ERIE,40.018,-105.04,PSCO,CO,rail,0.000539
39075,ERIE,40.018,-105.04,PSCO,CO,road,0.002979
39076,DENVER 15,39.6702,-105.012,PSCO,CO,bldg,0.148401
39076,DENVER 15,39.6702,-105.012,PSCO,CO,ind,0.032577
39076,DENVER 15,39.6702,-105.012,PSCO,CO,rail,0.000353
39076,DENVER 15,39.6702,-105.012,PSCO,CO,road,0.001951
39077,DENVER 16,39.6467,-105.045,PSCO,CO,bldg,0.148401
39077,DENVER 16,39.6467,-105.045,PSCO,CO,ind,0.032577
39077,DENVER 16,39.6467,-105.045,PSCO,CO,rail,0.000353
39077,DENVER 16,39.6467,-105.045,PSCO,CO,road,0.001951
39078,DENVER 17,39.7922,-104.949,PSCO,CO,bldg,0.148836
39078,DENVER 17,39.7922,-104.949,PSCO,CO,ind,0.032673
39078,DENVER 17,39.7922,-104.949,PSCO,CO,rail,0.000354
39078,DENVER 17,39.7922,-104.949,PSCO,CO,road,0.001957
39079,DENVER 18,39.7819,-105.106,PSCO,CO,bldg,0.148836
39079,DENVER 18,39.7819,-105.106,PSCO,CO,ind,0.032673
39079,DENVER 18,39.7819,-105.106,PSCO,CO,rail,0.000354
39079,DENVER 18,39.7819,-105.106,PSCO,CO,road,0.001957
39080,LITTLETON 8,39.654,-105.012,PSCO,CO,bldg,0.13401
39080,LITTLETON 8,39.654,-105.012,PSCO,CO,ind,0.029419
39080,LITTLETON 8,39.654,-105.012,PSCO,CO,rail,0.000319
39080,LITTLETON 8,39.654,-105.012,PSCO,CO,road,0.001762
39081,LITTLETON 9,39.6583,-105.082,PSCO,CO,bldg,0.13401
39081,LITTLETON 9,39.6583,-105.082,PSCO,CO,ind,0.029419
39081,LITTLETON 9,39.6583,-105.082,PSCO,CO,rail,0.000319
39081,LITTLETON 9,39.6583,-105.082,PSCO,CO,road,0.001762
39082,ENGLEWOOD 1,39.5762,-105.028,PSCO,CO,bldg,0.196647
39082,ENGLEWOOD 1,39.5762,-105.028,PSCO,CO,ind,0.043169
39082,ENGLEWOOD 1,39.5762,-105.028,PSCO,CO,rail,0.000468
39082,ENGLEWOOD 1,39.5762,-105.028,PSCO,CO,road,0.002585
39083,DENVER 19,39.7935,-105.09,PSCO,CO,bldg,0.178016
39083,DENVER 19,39.7935,-105.09,PSCO,CO,ind,0.039079
39083,DENVER 19,39.7935,-105.09,PSCO,CO,rail,0.000424
39083,DENVER 19,39.7935,-105.09,PSCO,CO,road,0.00234
39084,DENVER 20,39.8053,-104.981,PSCO,CO,bldg,0.178016
39084,DENVER 20,39.8053,-104.981,PSCO,CO,ind,0.039079
39084,DENVER 20,39.8053,-104.981,PSCO,CO,rail,0.000424
39084,DENVER 20,39.8053,-104.981,PSCO,CO,road,0.00234
39085,LITTLETON 10,39.4589,-105.021,PSCO,CO,bldg,0.127268
39085,LITTLETON 10,39.4589,-105.021,PSCO,CO,ind,0.027939
39085,LITTLETON 10,39.4589,-105.021,PSCO,CO,rail,0.000303
39085,LITTLETON 10,39.4589,-105.021,PSCO,CO,road,0.001673
39086,LITTLETON 11,39.5535,-104.986,PSCO,CO,bldg,0.127268
39086,LITTLETON 11,39.5535,-104.986,PSCO,CO,ind,0.027939
39086,LITTLETON 11,39.5535,-104.986,PSCO,CO,rail,0.000303
39086,LITTLETON 11,39.5535,-104.986,PSCO,CO,road,0.001673
39087,BROOMFIELD 5,39.9256,-104.986,PSCO,CO,bldg,0.145283
39087,BROOMFIELD 5,39.9256,-104.986,PSCO,CO,ind,0.031893
39087,BROOMFIELD 5,39.9256,-104.986,PSCO,CO,rail,0.000346
39087,BROOMFIELD 5,39.9256,-104.986,PSCO,CO,road,0.00191
39088,DENVER 21,39.8781,-105.047,PSCO,CO,bldg,0.148038
39088,DENVER 21,39.8781,-105.047,PSCO,CO,ind,0.032498
39088,DENVER 21,39.8781,-105.047,PSCO,CO,rail,0.000352
39088,DENVER 21,39.8781,-105.047,PSCO,CO,road,0.001946
39089,DENVER 22,39.7747,-104.974,PSCO,CO,bldg,0.148038
39089,DENVER 22,39.7747,-104.974,PSCO,CO,ind,0.032498
39089,DENVER 22,39.7747,-104.974,PSCO,CO,rail,0.000352
39089,DENVER 22,39.7747,-104.974,PSCO,CO,road,0.001946
39090,FORT COLLINS 9,40.4443,-104.921,PSCO,CO,bldg,0.169135
39090,FORT COLLINS 9,40.4443,-104.921,PSCO,CO,ind,0.037129
39090,FORT COLLINS 9,40.4443,-104.921,PSCO,CO,phase1,0.019206
39090,FORT COLLINS 9,40.4443,-104.921,PSCO,CO,rail,0.000402
39090,FORT COLLINS 9,40.4443,-104.921,PSCO,CO,road,0.002224
39091,DENVER 23,39.6689,-105.095,PSCO,CO,bldg,0.169533
39091,DENVER 23,39.6689,-105.095,PSCO,CO,ind,0.037217
39091,DENVER 23,39.6689,-105.095,PSCO,CO,rail,0.000403
39091,DENVER 23,39.6689,-105.095,PSCO,CO,road,0.002229
39092,DENVER 24,39.8226,-104.914,PSCO,CO,bldg,0.122229
39092,DENVER 24,39.8226,-104.914,PSCO,CO,ind,0.026832
39092,DENVER 24,39.8226,-104.914,PSCO,CO,rail,0.000291
39092,DENVER 24,39.8226,-104.914,PSCO,CO,road,0.001607
39093,DENVER 25,39.8715,-104.941,PSCO,CO,bldg,0.122229
39093,DENVER 25,39.8715,-104.941,PSCO,CO,ind,0.026832
39093,DENVER 25,39.8715,-104.941,PSCO,CO,rail,0.000291
39093,DENVER 25,39.8715,-104.941,PSCO,CO,road,0.001607
39094,DENVER 26,39.8215,-105.057,PSCO,CO,bldg,0.095623
39094,DENVER 26,39.8215,-105.057,PSCO,CO,ind,0.020991
39094,DENVER 26,39.8215,-105.057,PSCO,CO,rail,0.000227
39094,DENVER 26,39.8215,-105.057,PSCO,CO,road,0.001257
39095,DENVER 27,39.7992,-104.972,PSCO,CO,bldg,0.177544
39095,DENVER 27,39.7992,-104.972,PSCO,CO,ind,0.038975
39095,DENVER 27,39.7992,-104.972,PSCO,CO,rail,0.000422
39095,DENVER 27,39.7992,-104.972,PSCO,CO,road,0.002334
39096,DENVER 28,39.6884,-104.958,PSCO,CO,bldg,0.168954
39096,DENVER 28,39.6884,-104.958,PSCO,CO,ind,0.03709
39096,DENVER 28,39.6884,-104.958,PSCO,CO,rail,0.000402
39096,DENVER 28,39.6884,-104.958,PSCO,CO,road,0.002221
39097,DENVER 29,39.6983,-104.878,PSCO,CO,bldg,0.202882
39097,DENVER 29,39.6983,-104.878,PSCO,CO,ind,0.044537
39097,DENVER 29,39.6983,-104.878,PSCO,CO,rail,0.000483
39097,DENVER 29,39.6983,-104.878,PSCO,CO,road,0.002667
39098,ENGLEWOOD 2,39.6438,-104.952,PSCO,CO,bldg,0.193784
39098,ENGLEWOOD 2,39.6438,-104.952,PSCO,CO,ind,0.04254
39098,ENGLEWOOD 2,39.6438,-104.952,PSCO,CO,rail,0.000461
39098,ENGLEWOOD 2,39.6438,-104.952,PSCO,CO,road,0.002548
39099,DENVER 30,39.7047,-104.947,PSCO,CO,bldg,0.137707
39099,DENVER 30,39.7047,-104.947,PSCO,CO,ind,0.030231
39099,DENVER 30,39.7047,-104.947,PSCO,CO,rail,0.000328
39099,DENVER 30,39.7047,-104.947,PSCO,CO,road,0.00181
39100,DENVER 31,39.619,-105.053,PSCO,CO,bldg,0.159964
39100,DENVER 31,39.619,-105.053,PSCO,CO,ind,0.035116
39100,DENVER 31,39.619,-105.053,PSCO,CO,rail,0.000381
39100,DENVER 31,39.619,-105.053,PSCO,CO,road,0.002103
39101,DENVER 32,39.7304,-105.008,PSCO,CO,bldg,0.159964
39101,DENVER 32,39.7304,-105.008,PSCO,CO,ind,0.035116
39101,DENVER 32,39.7304,-105.008,PSCO,CO,rail,0.000381
39101,DENVER 32,39.7304,-105.008,PSCO,CO,road,0.002103
39102,LITTLETON 12,39.5462,-104.987,PSCO,CO,bldg,0.187078
39102,LITTLETON 12,39.5462,-104.987,PSCO,CO,ind,0.041068
39102,LITTLETON 12,39.5462,-104.987,PSCO,CO,rail,0.000445
39102,LITTLETON 12,39.5462,-104.987,PSCO,CO,road,0.00246
39103,LITTLETON 13,39.5973,-104.865,PSCO,CO,bldg,0.187078
39103,LITTLETON 13,39.5973,-104.865,PSCO,CO,ind,0.041068
39103,LITTLETON 13,39.5973,-104.865,PSCO,CO,rail,0.000445
39103,LITTLETON 13,39.5973,-104.865,PSCO,CO,road,0.00246
39104,DENVER 33,39.7288,-104.985,PSCO,CO,bldg,0.102945
39104,DENVER 33,39.7288,-104.985,PSCO,CO,ind,0.022599
39104,DENVER 33,39.7288,-104.985,PSCO,CO,rail,0.000245
39104,DENVER 33,39.7288,-104.985,PSCO,CO,road,0.001353
39105,DENVER 34,39.8234,-104.872,PSCO,CO,bldg,0.233729
39105,DENVER 34,39.8234,-104.872,PSCO,CO,ind,0.05131
39105,DENVER 34,39.8234,-104.872,PSCO,CO,rail,0.000556
39105,DENVER 34,39.8234,-104.872,PSCO,CO,road,0.003073
39106,DENVER 35,39.8597,-104.957,PSCO,CO,bldg,0.233729
39106,DENVER 35,39.8597,-104.957,PSCO,CO,ind,0.05131
39106,DENVER 35,39.8597,-104.957,PSCO,CO,rail,0.000556
39106,DENVER 35,39.8597,-104.957,PSCO,CO,road,0.003073
39107,DACONO,40.0581,-105.05,PSCO,CO,bldg,0.038713
39107,DACONO,40.0581,-105.05,PSCO,CO,ind,0.008498
39107,DACONO,40.0581,-105.05,PSCO,CO,rail,9.2e-05
39107,DACONO,40.0581,-105.05,PSCO,CO,road,0.000509
39108,LITTLETON 14,39.6293,-104.964,PSCO,CO,bldg,0.140354
39108,LITTLETON 14,39.6293,-104.964,PSCO,CO,ind,0.030811
39108,LITTLETON 14,39.6293,-104.964,PSCO,CO,rail,0.000334
39108,LITTLETON 14,39.6293,-104.964,PSCO,CO,road,0.001845
39109,LITTLETON 15,39.5405,-105.048,PSCO,CO,bldg,0.140354
39109,LITTLETON 15,39.5405,-105.048,PSCO,CO,ind,0.030811
39109,LITTLETON 15,39.5405,-105.048,PSCO,CO,rail,0.000334
39109,LITTLETON 15,39.5405,-105.048,PSCO,CO,road,0.001845
39110,THORNTON 1,39.832,-104.998,PSCO,CO,bldg,0.149597
39110,THORNTON 1,39.832,-104.998,PSCO,CO,ind,0.03284
39110,THORNTON 1,39.832,-104.998,PSCO,CO,rail,0.000356
39110,THORNTON 1,39.832,-104.998,PSCO,CO,road,0.001967
39111,THORNTON 2,40.0151,-104.971,PSCO,CO,bldg,0.149597
39111,THORNTON 2,40.0151,-104.971,PSCO,CO,ind,0.03284
39111,THORNTON 2,40.0151,-104.971,PSCO,CO,rail,0.000356
39111,THORNTON 2,40.0151,-104.971,PSCO,CO,road,0.001967
39112,LITTLETON 16,39.5391,-104.902,PSCO,CO,bldg,0.168265
39112,LITTLETON 16,39.5391,-104.902,PSCO,CO,ind,0.036938
39112,LITTLETON 16,39.5391,-104.902,PSCO,CO,rail,0.0004
39112,LITTLETON 16,39.5391,-104.902,PSCO,CO,road,0.002212
39113,DENVER 36,39.6954,-104.873,PSCO,CO,bldg,0.202809
39113,DENVER 36,39.6954,-104.873,PSCO,CO,ind,0.044521
39113,DENVER 36,39.6954,-104.873,PSCO,CO,rail,0.000482
39113,DENVER 36,39.6954,-104.873,PSCO,CO,road,0.002666
39114,DENVER 37,39.948,-104.946,PSCO,CO,bldg,0.213865
39114,DENVER 37,39.948,-104.946,PSCO,CO,ind,0.046949
39114,DENVER 37,39.948,-104.946,PSCO,CO,rail,0.000509
39114,DENVER 37,39.948,-104.946,PSCO,CO,road,0.002812
39115,DENVER 38,39.87,-104.935,PSCO,CO,bldg,0.213865
39115,DENVER 38,39.87,-104.935,PSCO,CO,ind,0.046949
39115,DENVER 38,39.87,-104.935,PSCO,CO,rail,0.000509
39115,DENVER 38,39.87,-104.935,PSCO,CO,road,0.002812
39116,JOHNSTOWN,40.3339,-105.035,PSCO,CO,bldg,0.140716
39116,JOHNSTOWN,40.3339,-105.035,PSCO,CO,ind,0.030891
39116,JOHNSTOWN,40.3339,-105.035,PSCO,CO,rail,0.000335
39116,JOHNSTOWN,40.3339,-105.035,PSCO,CO,road,0.00185
39117,DENVER 39,39.6274,-105.013,PSCO,CO,bldg,0.121323
39117,DENVER 39,39.6274,-105.013,PSCO,CO,ind,0.026634
39117,DENVER 39,39.6274,-105.013,PSCO,CO,rail,0.000289
39117,DENVER 39,39.6274,-105.013,PSCO,CO,road,0.001595
39118,DENVER 40,39.6892,-104.873,PSCO,CO,bldg,0.18918
39118,DENVER 40,39.6892,-104.873,PSCO,CO,ind,0.04153
39118,DENVER 40,39.6892,-104.873,PSCO,CO,rail,0.00045
39118,DENVER 40,39.6892,-104.873,PSCO,CO,road,0.002487
39119,LITTLETON 17,39.4833,-104.838,PSCO,CO,bldg,0.127485
39119,LITTLETON 17,39.4833,-104.838,PSCO,CO,ind,0.027987
39119,LITTLETON 17,39.4833,-104.838,PSCO,CO,rail,0.000303
39119,LITTLETON 17,39.4833,-104.838,PSCO,CO,road,0.001676
39120,LITTLETON 18,39.6227,-104.953,PSCO,CO,bldg,0.127485
39120,LITTLETON 18,39.6227,-104.953,PSCO,CO,ind,0.027987
39120,LITTLETON 18,39.6227,-104.953,PSCO,CO,rail,0.000303
39120,LITTLETON 18,39.6227,-104.953,PSCO,CO,road,0.001676
39121,DENVER 41,39.8276,-104.862,PSCO,CO,bldg,0.199946
39121,DENVER 41,39.8276,-104.862,PSCO,CO,ind,0.043893
39121,DENVER 41,39.8276,-104.862,PSCO,CO,rail,0.000476
39121,DENVER 41,39.8276,-104.862,PSCO,CO,road,0.002629
39122,DENVER 42,39.6414,-104.839,PSCO,CO,bldg,0.158007
39122,DENVER 42,39.6414,-104.839,PSCO,CO,ind,0.034686
39122,DENVER 42,39.6414,-104.839,PSCO,CO,rail,0.000376
39122,DENVER 42,39.6414,-104.839,PSCO,CO,road,0.002077
39123,DENVER 43,39.6705,-104.875,PSCO,CO,bldg,0.158007
39123,DENVER 43,39.6705,-104.875,PSCO,CO,ind,0.034686
39123,DENVER 43,39.6705,-104.875,PSCO,CO,rail,0.000376
39123,DENVER 43,39.6705,-104.875,PSCO,CO,road,0.002077
39124,BRIGHTON 1,39.8881,-104.947,PSCO,CO,bldg,0.130349
39124,BRIGHTON 1,39.8881,-104.947,PSCO,CO,ind,0.028615
39124,BRIGHTON 1,39.8881,-104.947,PSCO,CO,rail,0.00031
39124,BRIGHTON 1,39.8881,-104.947,PSCO,CO,road,0.001714
39125,BRIGHTON 2,40.0001,-104.883,PSCO,CO,bldg,0.144486
39125,BRIGHTON 2,40.0001,-104.883,PSCO,CO,ind,0.031718
39125,BRIGHTON 2,40.0001,-104.883,PSCO,CO,rail,0.000344
39125,BRIGHTON 2,40.0001,-104.883,PSCO,CO,road,0.0019
39126,DENVER 44,39.6888,-104.938,PSCO,CO,bldg,0.300318
39126,DENVER 44,39.6888,-104.938,PSCO,CO,ind,0.065927
39126,DENVER 44,39.6888,-104.938,PSCO,CO,rail,0.000714
39126,DENVER 44,39.6888,-104.938,PSCO,CO,road,0.003948
39127,COLORADO SPRINGS 1,39.0203,-104.835,WACM,CO,bldg,0.247391
39127,COLORADO SPRINGS 1,39.0203,-104.835,WACM,CO,ind,0.143041
39127,COLORADO SPRINGS 1,39.0203,-104.835,WACM,CO,road,0.000976
39128,LARKSPUR,39.1971,-104.983,PSCO,CO,bldg,0.069271
39128,LARKSPUR,39.1971,-104.983,PSCO,CO,ind,0.015207
39128,LARKSPUR,39.1971,-104.983,PSCO,CO,rail,0.000165
39128,LARKSPUR,39.1971,-104.983,PSCO,CO,road,0.000911
39129,RYE,37.9221,-105.003,WACM,CO,bldg,0.024589
39129,RYE,37.9221,-105.003,WACM,CO,ind,0.014217
39129,RYE,37.9221,-105.003,WACM,CO,road,9.7e-05
39130,DENVER 45,39.722,-104.891,PSCO,CO,bldg,0.165582
39130,DENVER 45,39.722,-104.891,PSCO,CO,ind,0.03635
39130,DENVER 45,39.722,-104.891,PSCO,CO,rail,0.000394
39130,DENVER 45,39.722,-104.891,PSCO,CO,road,0.002177
39131,CASTLE ROCK 2,39.4267,-104.986,PSCO,CO,bldg,0.162284
39131,CASTLE ROCK 2,39.4267,-104.986,PSCO,CO,ind,0.035625
39131,CASTLE ROCK 2,39.4267,-104.986,PSCO,CO,rail,0.000386
39131,CASTLE ROCK 2,39.4267,-104.986,PSCO,CO,road,0.002134
39132,WINDSOR 3,40.5348,-104.916,PSCO,CO,bldg,0.208355
39132,WINDSOR 3,40.5348,-104.916,PSCO,CO,ind,0.04574
39132,WINDSOR 3,40.5348,-104.916,PSCO,CO,rail,0.000496
39132,WINDSOR 3,40.5348,-104.916,PSCO,CO,road,0.002739
39133,LONE TREE,39.4684,-104.96,PSCO,CO,bldg,0.169823
39133,LONE TREE,39.4684,-104.96,PSCO,CO,ind,0.037281
39133,LONE TREE,39.4684,-104.96,PSCO,CO,rail,0.000404
39133,LONE TREE,39.4684,-104.96,PSCO,CO,road,0.002233
39134,DENVER 46,39.7875,-104.919,PSCO,CO,bldg,0.071228
39134,DENVER 46,39.7875,-104.919,PSCO,CO,ind,0.015636
39134,DENVER 46,39.7875,-104.919,PSCO,CO,rail,0.000169
39134,DENVER 46,39.7875,-104.919,PSCO,CO,road,0.000936
39135,DENVER 47,39.5929,-104.871,PSCO,CO,bldg,0.151409
39135,DENVER 47,39.5929,-104.871,PSCO,CO,ind,0.033238
39135,DENVER 47,39.5929,-104.871,PSCO,CO,rail,0.00036
39135,DENVER 47,39.5929,-104.871,PSCO,CO,road,0.001991
39136,DENVER 48,39.5905,-104.809,PSCO,CO,bldg,0.151409
39136,DENVER 48,39.5905,-104.809,PSCO,CO,ind,0.033238
39136,DENVER 48,39.5905,-104.809,PSCO,CO,rail,0.00036
39136,DENVER 48,39.5905,-104.809,PSCO,CO,road,0.001991
39137,HENDERSON 16,39.9737,-104.92,PSCO,CO,bldg,0.104178
39137,HENDERSON 16,39.9737,-104.92,PSCO,CO,ind,0.02287
39137,HENDERSON 16,39.9737,-104.92,PSCO,CO,rail,0.000248
39137,HENDERSON 16,39.9737,-104.92,PSCO,CO,road,0.00137
39138,DENVER 49,39.7906,-104.862,PSCO,CO,bldg,0.094789
39138,DENVER 49,39.7906,-104.862,PSCO,CO,ind,0.020809
39138,DENVER 49,39.7906,-104.862,PSCO,CO,rail,0.000226
39138,DENVER 49,39.7906,-104.862,PSCO,CO,road,0.001246
39139,DENVER 50,39.7294,-104.82,PSCO,CO,bldg,0.11991
39139,DENVER 50,39.7294,-104.82,PSCO,CO,ind,0.026323
39139,DENVER 50,39.7294,-104.82,PSCO,CO,rail,0.000285
39139,DENVER 50,39.7294,-104.82,PSCO,CO,road,0.001576
39140,DENVER 51,39.7954,-104.789,PSCO,CO,bldg,0.11991
39140,DENVER 51,39.7954,-104.789,PSCO,CO,ind,0.026323
39140,DENVER 51,39.7954,-104.789,PSCO,CO,rail,0.000285
39140,DENVER 51,39.7954,-104.789,PSCO,CO,road,0.001576
39141,COLORADO SPRINGS 2,38.7371,-104.902,WACM,CO,bldg,0.27158
39141,COLORADO SPRINGS 2,38.7371,-104.902,WACM,CO,ind,0.157028
39141,COLORADO SPRINGS 2,38.7371,-104.902,WACM,CO,road,0.001071
39142,COLORADO SPRINGS 3,38.8186,-104.902,WACM,CO,bldg,0.26532
39142,COLORADO SPRINGS 3,38.8186,-104.902,WACM,CO,ind,0.153407
39142,COLORADO SPRINGS 3,38.8186,-104.902,WACM,CO,road,0.001046
39143,ENGLEWOOD 3,39.6044,-104.808,PSCO,CO,bldg,0.136403
39143,ENGLEWOOD 3,39.6044,-104.808,PSCO,CO,ind,0.029944
39143,ENGLEWOOD 3,39.6044,-104.808,PSCO,CO,rail,0.000325
39143,ENGLEWOOD 3,39.6044,-104.808,PSCO,CO,road,0.001793
39144,ENGLEWOOD 4,39.5389,-104.926,PSCO,CO,bldg,0.136403
39144,ENGLEWOOD 4,39.5389,-104.926,PSCO,CO,ind,0.029944
39144,ENGLEWOOD 4,39.5389,-104.926,PSCO,CO,rail,0.000325
39144,ENGLEWOOD 4,39.5389,-104.926,PSCO,CO,road,0.001793
39145,COLORADO SPRINGS 4,38.7821,-104.816,WACM,CO,bldg,0.258659
39145,COLORADO SPRINGS 4,38.7821,-104.816,WACM,CO,ind,0.149557
39145,COLORADO SPRINGS 4,38.7821,-104.816,WACM,CO,road,0.00102
39146,AURORA 2,39.8332,-104.942,PSCO,CO,bldg,0.187223
39146,AURORA 2,39.8332,-104.942,PSCO,CO,ind,0.0411
39146,AURORA 2,39.8332,-104.942,PSCO,CO,rail,0.000445
39146,AURORA 2,39.8332,-104.942,PSCO,CO,road,0.002461
39147,AURORA 3,39.7909,-104.818,PSCO,CO,bldg,0.189361
39147,AURORA 3,39.7909,-104.818,PSCO,CO,ind,0.04157
39147,AURORA 3,39.7909,-104.818,PSCO,CO,rail,0.00045
39147,AURORA 3,39.7909,-104.818,PSCO,CO,road,0.00249
39148,U S A F ACADEMY,39.0553,-104.81,WACM,CO,bldg,0.146031
39148,U S A F ACADEMY,39.0553,-104.81,WACM,CO,ind,0.084435
39148,U S A F ACADEMY,39.0553,-104.81,WACM,CO,road,0.000576
39149,ENGLEWOOD 5,39.5714,-104.892,PSCO,CO,bldg,0.137671
39149,ENGLEWOOD 5,39.5714,-104.892,PSCO,CO,ind,0.030223
39149,ENGLEWOOD 5,39.5714,-104.892,PSCO,CO,rail,0.000328
39149,ENGLEWOOD 5,39.5714,-104.892,PSCO,CO,road,0.00181
39150,ENGLEWOOD 6,39.4883,-104.916,PSCO,CO,bldg,0.137671
39150,ENGLEWOOD 6,39.4883,-104.916,PSCO,CO,ind,0.030223
39150,ENGLEWOOD 6,39.4883,-104.916,PSCO,CO,rail,0.000328
39150,ENGLEWOOD 6,39.4883,-104.916,PSCO,CO,road,0.00181
39151,CASTLE ROCK 3,39.364,-104.76,PSCO,CO,bldg,0.213104
39151,CASTLE ROCK 3,39.364,-104.76,PSCO,CO,ind,0.046781
39151,CASTLE ROCK 3,39.364,-104.76,PSCO,CO,rail,0.000507
39151,CASTLE ROCK 3,39.364,-104.76,PSCO,CO,road,0.002802
39152,COLORADO SPRINGS 5,38.8286,-104.866,WACM,CO,bldg,0.178382
39152,COLORADO SPRINGS 5,38.8286,-104.866,WACM,CO,ind,0.103141
39152,COLORADO SPRINGS 5,38.8286,-104.866,WACM,CO,road,0.000703
39153,COLORADO SPRINGS 6,38.8943,-104.879,WACM,CO,bldg,0.178382
39153,COLORADO SPRINGS 6,38.8943,-104.879,WACM,CO,ind,0.103141
39153,COLORADO SPRINGS 6,38.8943,-104.879,WACM,CO,road,0.000703
39154,MILLIKEN,40.3352,-104.835,PSCO,CO,bldg,0.065175
39154,MILLIKEN,40.3352,-104.835,PSCO,CO,ind,0.014308
39154,MILLIKEN,40.3352,-104.835,PSCO,CO,rail,0.000155
39154,MILLIKEN,40.3352,-104.835,PSCO,CO,road,0.000857
39155,MONUMENT,39.079,-104.825,WACM,CO,bldg,0.255704
39155,MONUMENT,39.079,-104.825,WACM,CO,ind,0.147849
39155,MONUMENT,39.079,-104.825,WACM,CO,road,0.001008
39156,DENVER 52,39.8563,-104.895,PSCO,CO,bldg,0.19092
39156,DENVER 52,39.8563,-104.895,PSCO,CO,ind,0.041912
39156,DENVER 52,39.8563,-104.895,PSCO,CO,rail,0.000454
39156,DENVER 52,39.8563,-104.895,PSCO,CO,road,0.00251
39157,DENVER 53,39.8185,-104.891,PSCO,CO,bldg,0.19092
39157,DENVER 53,39.8185,-104.891,PSCO,CO,ind,0.041912
39157,DENVER 53,39.8185,-104.891,PSCO,CO,rail,0.000454
39157,DENVER 53,39.8185,-104.891,PSCO,CO,road,0.00251
39158,COLORADO SPRINGS 7,38.7479,-104.76,WACM,CO,bldg,0.211635
39158,COLORADO SPRINGS 7,38.7479,-104.76,WACM,CO,ind,0.122367
39158,COLORADO SPRINGS 7,38.7479,-104.76,WACM,CO,road,0.000835
39159,AURORA 4,39.6834,-104.776,PSCO,CO,bldg,0.175587
39159,AURORA 4,39.6834,-104.776,PSCO,CO,ind,0.038546
39159,AURORA 4,39.6834,-104.776,PSCO,CO,rail,0.000418
39159,AURORA 4,39.6834,-104.776,PSCO,CO,road,0.002309
39160,AURORA 5,39.6374,-104.838,PSCO,CO,bldg,0.172977
39160,AURORA 5,39.6374,-104.838,PSCO,CO,ind,0.037973
39160,AURORA 5,39.6374,-104.838,PSCO,CO,rail,0.000412
39160,AURORA 5,39.6374,-104.838,PSCO,CO,road,0.002274
39161,AURORA 6,39.6387,-104.888,PSCO,CO,bldg,0.219882
39161,AURORA 6,39.6387,-104.888,PSCO,CO,ind,0.04827
39161,AURORA 6,39.6387,-104.888,PSCO,CO,rail,0.000523
39161,AURORA 6,39.6387,-104.888,PSCO,CO,road,0.002891
39162,AURORA 7,39.6729,-104.92,PSCO,CO,bldg,0.219882
39162,AURORA 7,39.6729,-104.92,PSCO,CO,ind,0.04827
39162,AURORA 7,39.6729,-104.92,PSCO,CO,rail,0.000523
39162,AURORA 7,39.6729,-104.92,PSCO,CO,road,0.002891
39163,CASTLE ROCK 4,39.3117,-104.906,PSCO,CO,bldg,0.129987
39163,CASTLE ROCK 4,39.3117,-104.906,PSCO,CO,ind,0.028535
39163,CASTLE ROCK 4,39.3117,-104.906,PSCO,CO,rail,0.000309
39163,CASTLE ROCK 4,39.3117,-104.906,PSCO,CO,road,0.001709
39164,CASTLE ROCK 5,39.1964,-104.764,PSCO,CO,bldg,0.129987
39164,CASTLE ROCK 5,39.1964,-104.764,PSCO,CO,ind,0.028535
39164,CASTLE ROCK 5,39.1964,-104.764,PSCO,CO,rail,0.000309
39164,CASTLE ROCK 5,39.1964,-104.764,PSCO,CO,road,0.001709
39165,COLORADO SPRINGS 8,38.9512,-104.765,WACM,CO,bldg,0.174226
39165,COLORADO SPRINGS 8,38.9512,-104.765,WACM,CO,ind,0.100737
39165,COLORADO SPRINGS 8,38.9512,-104.765,WACM,CO,road,0.000687
39166,COLORADO SPRINGS 9,38.9067,-104.882,WACM,CO,bldg,0.174226
39166,COLORADO SPRINGS 9,38.9067,-104.882,WACM,CO,ind,0.100737
39166,COLORADO SPRINGS 9,38.9067,-104.882,WACM,CO,road,0.000687
39167,COLORADO SPRINGS 10,38.9042,-104.724,WACM,CO,bldg,0.19606
39167,COLORADO SPRINGS 10,38.9042,-104.724,WACM,CO,ind,0.113361
39167,COLORADO SPRINGS 10,38.9042,-104.724,WACM,CO,road,0.000773
39168,PUEBLO 1,38.1375,-104.741,WACM,CO,bldg,0.195159
39168,PUEBLO 1,38.1375,-104.741,WACM,CO,ind,0.112841
39168,PUEBLO 1,38.1375,-104.741,WACM,CO,road,0.00077
39169,PUEBLO 2,38.1639,-104.871,WACM,CO,bldg,0.211234
39169,PUEBLO 2,38.1639,-104.871,WACM,CO,ind,0.122136
39169,PUEBLO 2,38.1639,-104.871,WACM,CO,road,0.000833
39170,PLATTEVILLE 1,40.3053,-104.909,PSCO,CO,bldg,0.039366
39170,PLATTEVILLE 1,40.3053,-104.909,PSCO,CO,ind,0.008642
39170,PLATTEVILLE 1,40.3053,-104.909,PSCO,CO,rail,9.4e-05
39170,PLATTEVILLE 1,40.3053,-104.909,PSCO,CO,road,0.000518
39171,COLORADO SPRINGS 11,38.7232,-104.87,WACM,CO,bldg,0.160003
39171,COLORADO SPRINGS 11,38.7232,-104.87,WACM,CO,ind,0.092514
39171,COLORADO SPRINGS 11,38.7232,-104.87,WACM,CO,road,0.000631
39172,BRIGHTON 3,40.0551,-104.742,PSCO,CO,bldg,0.15942
39172,BRIGHTON 3,40.0551,-104.742,PSCO,CO,ind,0.034997
39172,BRIGHTON 3,40.0551,-104.742,PSCO,CO,rail,0.000379
39172,BRIGHTON 3,40.0551,-104.742,PSCO,CO,road,0.002096
39173,BRIGHTON 4,39.9395,-104.778,PSCO,CO,bldg,0.15942
39173,BRIGHTON 4,39.9395,-104.778,PSCO,CO,ind,0.034997
39173,BRIGHTON 4,39.9395,-104.778,PSCO,CO,rail,0.000379
39173,BRIGHTON 4,39.9395,-104.778,PSCO,CO,road,0.002096
39174,FORT LUPTON 1,40.1958,-104.828,PSCO,CO,bldg,0.113856
39174,FORT LUPTON 1,40.1958,-104.828,PSCO,CO,ind,0.024994
39174,FORT LUPTON 1,40.1958,-104.828,PSCO,CO,rail,0.000271
39174,FORT LUPTON 1,40.1958,-104.828,PSCO,CO,road,0.001497
39175,COMMERCE CITY 1,39.7835,-104.765,PSCO,CO,bldg,0.217128
39175,COMMERCE CITY 1,39.7835,-104.765,PSCO,CO,ind,0.047665
39175,COMMERCE CITY 1,39.7835,-104.765,PSCO,CO,rail,0.000517
39175,COMMERCE CITY 1,39.7835,-104.765,PSCO,CO,road,0.002855
39176,COMMERCE CITY 2,39.8826,-104.785,PSCO,CO,bldg,0.201215
39176,COMMERCE CITY 2,39.8826,-104.785,PSCO,CO,ind,0.044172
39176,COMMERCE CITY 2,39.8826,-104.785,PSCO,CO,rail,0.000479
39176,COMMERCE CITY 2,39.8826,-104.785,PSCO,CO,road,0.002645
39177,GREELEY 1,40.4026,-104.731,PSCO,CO,bldg,0.249099
39177,GREELEY 1,40.4026,-104.731,PSCO,CO,ind,0.054683
39177,GREELEY 1,40.4026,-104.731,PSCO,CO,rail,0.000593
39177,GREELEY 1,40.4026,-104.731,PSCO,CO,road,0.003275
39178,GREELEY 2,40.3452,-104.802,PSCO,CO,bldg,0.249099
39178,GREELEY 2,40.3452,-104.802,PSCO,CO,ind,0.054683
39178,GREELEY 2,40.3452,-104.802,PSCO,CO,rail,0.000593
39178,GREELEY 2,40.3452,-104.802,PSCO,CO,road,0.003275
39179,AURORA 8,39.604,-104.716,PSCO,CO,bldg,0.161486
39179,AURORA 8,39.604,-104.716,PSCO,CO,ind,0.03545
39179,AURORA 8,39.604,-104.716,PSCO,CO,rail,0.000384
39179,AURORA 8,39.604,-104.716,PSCO,CO,road,0.002123
39180,AURORA 9,39.648,-104.701,PSCO,CO,bldg,0.161486
39180,AURORA 9,39.648,-104.701,PSCO,CO,ind,0.03545
39180,AURORA 9,39.648,-104.701,PSCO,CO,rail,0.000384
39180,AURORA 9,39.648,-104.701,PSCO,CO,road,0.002123
39181,AURORA 10,39.7532,-104.797,PSCO,CO,bldg,0.223652
39181,AURORA 10,39.7532,-104.797,PSCO,CO,ind,0.049097
39181,AURORA 10,39.7532,-104.797,PSCO,CO,rail,0.000532
39181,AURORA 10,39.7532,-104.797,PSCO,CO,road,0.00294
39182,AURORA 11,39.7158,-104.799,PSCO,CO,bldg,0.223652
39182,AURORA 11,39.7158,-104.799,PSCO,CO,ind,0.049097
39182,AURORA 11,39.7158,-104.799,PSCO,CO,rail,0.000532
39182,AURORA 11,39.7158,-104.799,PSCO,CO,road,0.00294
39183,COLORADO SPRINGS 12,38.988,-104.81,WACM,CO,bldg,0.296018
39183,COLORADO SPRINGS 12,38.988,-104.81,WACM,CO,ind,0.171158
39183,COLORADO SPRINGS 12,38.988,-104.81,WACM,CO,road,0.001167
39184,COLORADO SPRINGS 13,38.9682,-104.846,WACM,CO,bldg,0.296018
39184,COLORADO SPRINGS 13,38.9682,-104.846,WACM,CO,ind,0.171158
39184,COLORADO SPRINGS 13,38.9682,-104.846,WACM,CO,road,0.001167
39185,AURORA 12,39.5718,-104.717,PSCO,CO,bldg,0.294192
39185,AURORA 12,39.5718,-104.717,PSCO,CO,ind,0.064582
39185,AURORA 12,39.5718,-104.717,PSCO,CO,rail,0.0007
39185,AURORA 12,39.5718,-104.717,PSCO,CO,road,0.003868
39186,AURORA 13,39.6515,-104.773,PSCO,CO,bldg,0.294192
39186,AURORA 13,39.6515,-104.773,PSCO,CO,ind,0.064582
39186,AURORA 13,39.6515,-104.773,PSCO,CO,rail,0.0007
39186,AURORA 13,39.6515,-104.773,PSCO,CO,road,0.003868
39187,PARKER 2,39.5536,-104.839,PSCO,CO,bldg,0.259538
39187,PARKER 2,39.5536,-104.839,PSCO,CO,ind,0.056975
39187,PARKER 2,39.5536,-104.839,PSCO,CO,rail,0.000617
39187,PARKER 2,39.5536,-104.839,PSCO,CO,road,0.003412
39188,PARKER 3,39.5522,-104.836,PSCO,CO,bldg,0.259538
39188,PARKER 3,39.5522,-104.836,PSCO,CO,ind,0.056975
39188,PARKER 3,39.5522,-104.836,PSCO,CO,rail,0.000617
39188,PARKER 3,39.5522,-104.836,PSCO,CO,road,0.003412
39189,COLORADO SPRINGS 14,38.755,-104.821,WACM,CO,bldg,0.232668
39189,COLORADO SPRINGS 14,38.755,-104.821,WACM,CO,ind,0.134529
39189,COLORADO SPRINGS 14,38.755,-104.821,WACM,CO,road,0.000917
39190,COLORADO SPRINGS 15,38.7846,-104.844,WACM,CO,bldg,0.232668
39190,COLORADO SPRINGS 15,38.7846,-104.844,WACM,CO,ind,0.134529
39190,COLORADO SPRINGS 15,38.7846,-104.844,WACM,CO,road,0.000917
39191,COLORADO SPRINGS 16,38.7993,-104.802,WACM,CO,bldg,0.192505
39191,COLORADO SPRINGS 16,38.7993,-104.802,WACM,CO,ind,0.111307
39191,COLORADO SPRINGS 16,38.7993,-104.802,WACM,CO,road,0.000759
39192,COLORADO SPRINGS 17,38.7817,-104.864,WACM,CO,bldg,0.187447
39192,COLORADO SPRINGS 17,38.7817,-104.864,WACM,CO,ind,0.108382
39192,COLORADO SPRINGS 17,38.7817,-104.864,WACM,CO,road,0.000739
39193,PUEBLO 3,38.4573,-104.724,WACM,CO,bldg,0.193406
39193,PUEBLO 3,38.4573,-104.724,WACM,CO,ind,0.111828
39193,PUEBLO 3,38.4573,-104.724,WACM,CO,road,0.000763
39194,PUEBLO 4,38.4547,-104.777,WACM,CO,bldg,0.193406
39194,PUEBLO 4,38.4547,-104.777,WACM,CO,ind,0.111828
39194,PUEBLO 4,38.4547,-104.777,WACM,CO,road,0.000763
39195,COLORADO SPRINGS 18,39.048,-104.692,WACM,CO,bldg,0.251097
39195,COLORADO SPRINGS 18,39.048,-104.692,WACM,CO,ind,0.145185
39195,COLORADO SPRINGS 18,39.048,-104.692,WACM,CO,road,0.00099
39196,COLORADO SPRINGS 19,38.8988,-104.842,WACM,CO,bldg,0.32241
39196,COLORADO SPRINGS 19,38.8988,-104.842,WACM,CO,ind,0.186418
39196,COLORADO SPRINGS 19,38.8988,-104.842,WACM,CO,road,0.001271
39197,AURORA 14,39.6127,-104.797,PSCO,CO,bldg,0.327902
39197,AURORA 14,39.6127,-104.797,PSCO,CO,ind,0.071983
39197,AURORA 14,39.6127,-104.797,PSCO,CO,rail,0.00078
39197,AURORA 14,39.6127,-104.797,PSCO,CO,road,0.004311
39198,AURORA 15,39.6146,-104.756,PSCO,CO,bldg,0.327902
39198,AURORA 15,39.6146,-104.756,PSCO,CO,ind,0.071983
39198,AURORA 15,39.6146,-104.756,PSCO,CO,rail,0.00078
39198,AURORA 15,39.6146,-104.756,PSCO,CO,road,0.004311
39199,COLORADO SPRINGS 20,38.9526,-104.652,WACM,CO,bldg,0.245288
39199,COLORADO SPRINGS 20,38.9526,-104.652,WACM,CO,ind,0.141825
39199,COLORADO SPRINGS 20,38.9526,-104.652,WACM,CO,road,0.000967
39200,COLORADO SPRINGS 21,38.7878,-104.843,WACM,CO,bldg,0.190551
39200,COLORADO SPRINGS 21,38.7878,-104.843,WACM,CO,ind,0.110176
39200,COLORADO SPRINGS 21,38.7878,-104.843,WACM,CO,road,0.000751
39201,WALSENBURG,37.5838,-104.642,WACM,CO,bldg,0.074067
39201,WALSENBURG,37.5838,-104.642,WACM,CO,ind,0.042826
39201,WALSENBURG,37.5838,-104.642,WACM,CO,road,0.000292
39202,BRIGHTON 5,39.936,-104.672,PSCO,CO,bldg,0.112841
39202,BRIGHTON 5,39.936,-104.672,PSCO,CO,ind,0.024771
39202,BRIGHTON 5,39.936,-104.672,PSCO,CO,rail,0.000268
39202,BRIGHTON 5,39.936,-104.672,PSCO,CO,road,0.001484
39203,COLORADO SPRINGS 22,38.6897,-104.795,WACM,CO,bldg,0.199165
39203,COLORADO SPRINGS 22,38.6897,-104.795,WACM,CO,ind,0.115157
39203,COLORADO SPRINGS 22,38.6897,-104.795,WACM,CO,road,0.000785
39204,COLORADO SPRINGS 23,38.7754,-104.762,WACM,CO,bldg,0.199165
39204,COLORADO SPRINGS 23,38.7754,-104.762,WACM,CO,ind,0.115157
39204,COLORADO SPRINGS 23,38.7754,-104.762,WACM,CO,road,0.000785
39205,EVANS,40.3386,-104.802,PSCO,CO,bldg,0.16754
39205,EVANS,40.3386,-104.802,PSCO,CO,ind,0.036779
39205,EVANS,40.3386,-104.802,PSCO,CO,rail,0.000399
39205,EVANS,40.3386,-104.802,PSCO,CO,road,0.002203
39206,COLORADO SPRINGS 24,38.9383,-104.762,WACM,CO,bldg,0.254152
39206,COLORADO SPRINGS 24,38.9383,-104.762,WACM,CO,ind,0.146951
39206,COLORADO SPRINGS 24,38.9383,-104.762,WACM,CO,road,0.001002
39207,COLORADO SPRINGS 25,39.016,-104.756,WACM,CO,bldg,0.169969
39207,COLORADO SPRINGS 25,39.016,-104.756,WACM,CO,ind,0.098275
39207,COLORADO SPRINGS 25,39.016,-104.756,WACM,CO,road,0.00067
39208,COLORADO SPRINGS 26,38.9857,-104.655,WACM,CO,bldg,0.178032
39208,COLORADO SPRINGS 26,38.9857,-104.655,WACM,CO,ind,0.102939
39208,COLORADO SPRINGS 26,38.9857,-104.655,WACM,CO,road,0.000702
39209,PUEBLO 5,37.9998,-104.767,WACM,CO,bldg,0.188298
39209,PUEBLO 5,37.9998,-104.767,WACM,CO,ind,0.108874
39209,PUEBLO 5,37.9998,-104.767,WACM,CO,road,0.000742
39210,PUEBLO 6,38.1063,-104.67,WACM,CO,bldg,0.186595
39210,PUEBLO 6,38.1063,-104.67,WACM,CO,ind,0.10789
39210,PUEBLO 6,38.1063,-104.67,WACM,CO,road,0.000736
39211,FRANKTOWN,39.3138,-104.663,WACM,CO,bldg,0.051331
39211,FRANKTOWN,39.3138,-104.663,WACM,CO,ind,0.009904
39211,FRANKTOWN,39.3138,-104.663,WACM,CO,road,0.000202
39212,COLORADO SPRINGS 27,38.8897,-104.732,WACM,CO,bldg,0.225507
39212,COLORADO SPRINGS 27,38.8897,-104.732,WACM,CO,ind,0.130389
39212,COLORADO SPRINGS 27,38.8897,-104.732,WACM,CO,road,0.000889
39213,COLORADO SPRINGS 28,38.8018,-104.613,WACM,CO,bldg,0.225507
39213,COLORADO SPRINGS 28,38.8018,-104.613,WACM,CO,ind,0.130389
39213,COLORADO SPRINGS 28,38.8018,-104.613,WACM,CO,road,0.000889
39214,AURORA 16,39.699,-104.61,PSCO,CO,bldg,0.194219
39214,AURORA 16,39.699,-104.61,PSCO,CO,ind,0.042636
39214,AURORA 16,39.699,-104.61,PSCO,CO,rail,0.000462
39214,AURORA 16,39.699,-104.61,PSCO,CO,road,0.002553
39215,AURORA 17,39.5174,-104.729,PSCO,CO,bldg,0.194219
39215,AURORA 17,39.5174,-104.729,PSCO,CO,ind,0.042636
39215,AURORA 17,39.5174,-104.729,PSCO,CO,rail,0.000462
39215,AURORA 17,39.5174,-104.729,PSCO,CO,road,0.002553
39216,COLORADO SPRINGS 29,38.9547,-104.686,WACM,CO,bldg,0.172823
39216,COLORADO SPRINGS 29,38.9547,-104.686,WACM,CO,ind,0.099927
39216,COLORADO SPRINGS 29,38.9547,-104.686,WACM,CO,road,0.000681
39217,COLORADO SPRINGS 30,38.9595,-104.715,WACM,CO,bldg,0.172823
39217,COLORADO SPRINGS 30,38.9595,-104.715,WACM,CO,ind,0.099927
39217,COLORADO SPRINGS 30,38.9595,-104.715,WACM,CO,road,0.000681
39218,DENVER 54,39.9264,-104.653,PSCO,CO,bldg,0.220571
39218,DENVER 54,39.9264,-104.653,PSCO,CO,ind,0.048421
39218,DENVER 54,39.9264,-104.653,PSCO,CO,rail,0.000525
39218,DENVER 54,39.9264,-104.653,PSCO,CO,road,0.0029
39219,COLORADO SPRINGS 31,38.983,-104.734,WACM,CO,bldg,0.180035
39219,COLORADO SPRINGS 31,38.983,-104.734,WACM,CO,ind,0.104096
39219,COLORADO SPRINGS 31,38.983,-104.734,WACM,CO,road,0.00071
39220,AURORA 18,39.6669,-104.68,PSCO,CO,bldg,0.086779
39220,AURORA 18,39.6669,-104.68,PSCO,CO,ind,0.01905
39220,AURORA 18,39.6669,-104.68,PSCO,CO,rail,0.000206
39220,AURORA 18,39.6669,-104.68,PSCO,CO,road,0.001141
39221,FOUNTAIN 1,38.7107,-104.736,WACM,CO,bldg,0.216693
39221,FOUNTAIN 1,38.7107,-104.736,WACM,CO,ind,0.125292
39221,FOUNTAIN 1,38.7107,-104.736,WACM,CO,road,0.000854
39222,FOUNTAIN 2,38.5843,-104.663,WACM,CO,bldg,0.177781
39222,FOUNTAIN 2,38.5843,-104.663,WACM,CO,ind,0.102793
39222,FOUNTAIN 2,38.5843,-104.663,WACM,CO,road,0.000701
39223,GREELEY 3,40.3615,-104.596,PSCO,CO,bldg,0.229017
39223,GREELEY 3,40.3615,-104.596,PSCO,CO,ind,0.050275
39223,GREELEY 3,40.3615,-104.596,PSCO,CO,rail,0.000545
39223,GREELEY 3,40.3615,-104.596,PSCO,CO,road,0.003011
39224,GREELEY 4,40.3829,-104.584,PSCO,CO,bldg,0.229017
39224,GREELEY 4,40.3829,-104.584,PSCO,CO,ind,0.050275
39224,GREELEY 4,40.3829,-104.584,PSCO,CO,rail,0.000545
39224,GREELEY 4,40.3829,-104.584,PSCO,CO,road,0.003011
39225,PARKER 4,39.5636,-104.592,WACM,CO,bldg,0.193907
39225,PARKER 4,39.5636,-104.592,WACM,CO,ind,0.112116
39225,PARKER 4,39.5636,-104.592,WACM,CO,road,0.000765
39226,PARKER 5,39.57,-104.769,PSCO,CO,bldg,0.140354
39226,PARKER 5,39.57,-104.769,PSCO,CO,ind,0.030811
39226,PARKER 5,39.57,-104.769,PSCO,CO,rail,0.000334
39226,PARKER 5,39.57,-104.769,PSCO,CO,road,0.001845
39227,LA SALLE,40.411,-104.626,PSCO,CO,bldg,0.045709
39227,LA SALLE,40.411,-104.626,PSCO,CO,ind,0.010034
39227,LA SALLE,40.411,-104.626,PSCO,CO,phase1,0.197079
39227,LA SALLE,40.411,-104.626,PSCO,CO,rail,0.000109
39227,LA SALLE,40.411,-104.626,PSCO,CO,road,0.000601
39228,COLORADO SPRINGS 32,38.7142,-104.604,WACM,CO,bldg,0.095551
39228,COLORADO SPRINGS 32,38.7142,-104.604,WACM,CO,ind,0.055248
39228,COLORADO SPRINGS 32,38.7142,-104.604,WACM,CO,road,0.000377
39229,EATON,40.4608,-104.683,PSCO,CO,bldg,0.070503
39229,EATON,40.4608,-104.683,PSCO,CO,ind,0.015477
39229,EATON,40.4608,-104.683,PSCO,CO,phase1,0.138305
39229,EATON,40.4608,-104.683,PSCO,CO,rail,0.000168
39229,EATON,40.4608,-104.683,PSCO,CO,road,0.000927
39230,PUEBLO 7,38.2001,-104.654,WACM,CO,bldg,0.194508
39230,PUEBLO 7,38.2001,-104.654,WACM,CO,ind,0.112464
39230,PUEBLO 7,38.2001,-104.654,WACM,CO,road,0.000767
39231,PUEBLO 8,38.4127,-104.582,WACM,CO,bldg,0.125549
39231,PUEBLO 8,38.4127,-104.582,WACM,CO,ind,0.072592
39231,PUEBLO 8,38.4127,-104.582,WACM,CO,road,0.000495
39232,HUDSON,40.0578,-104.539,PSCO,CO,bldg,0.040598
39232,HUDSON,40.0578,-104.539,PSCO,CO,ind,0.008912
39232,HUDSON,40.0578,-104.539,PSCO,CO,rail,9.7e-05
39232,HUDSON,40.0578,-104.539,PSCO,CO,road,0.000534
39233,AULT,40.7366,-104.511,PSCO,CO,bldg,0.044477
39233,AULT,40.7366,-104.511,PSCO,CO,ind,0.009763
39233,AULT,40.7366,-104.511,PSCO,CO,rail,0.000106
39233,AULT,40.7366,-104.511,PSCO,CO,road,0.000585
39234,ELIZABETH,39.3694,-104.498,WACM,CO,bldg,0.156798
39234,ELIZABETH,39.3694,-104.498,WACM,CO,ind,0.09066
39234,ELIZABETH,39.3694,-104.498,WACM,CO,road,0.000618
39235,PUEBLO 9,38.2628,-104.567,WACM,CO,bldg,0.198564
39235,PUEBLO 9,38.2628,-104.567,WACM,CO,ind,0.11481
39235,PUEBLO 9,38.2628,-104.567,WACM,CO,road,0.000783
39236,PUEBLO 10,38.3872,-104.584,WACM,CO,bldg,0.198564
39236,PUEBLO 10,38.3872,-104.584,WACM,CO,ind,0.11481
39236,PUEBLO 10,38.3872,-104.584,WACM,CO,road,0.000783
39237,TRINIDAD,37.2339,-104.47,WACM,CO,bldg,0.165011
39237,TRINIDAD,37.2339,-104.47,WACM,CO,ind,0.095409
39237,TRINIDAD,37.2339,-104.47,WACM,CO,road,0.000651
39238,ELBERT,39.2814,-104.532,WACM,CO,bldg,0.055087
39238,ELBERT,39.2814,-104.532,WACM,CO,ind,0.031851
39238,ELBERT,39.2814,-104.532,WACM,CO,road,0.000217
39239,PUEBLO 11,38.3265,-104.472,WACM,CO,bldg,0.163859
39239,PUEBLO 11,38.3265,-104.472,WACM,CO,ind,0.094744
39239,PUEBLO 11,38.3265,-104.472,WACM,CO,road,0.000646
39240,PEYTON,39.074,-104.451,WACM,CO,bldg,0.286353
39240,PEYTON,39.074,-104.451,WACM,CO,ind,0.165569
39240,PEYTON,39.074,-104.451,WACM,CO,road,0.001129
39241,KEENESBURG 1,40.1987,-104.469,PSCO,CO,bldg,0.028382
39241,KEENESBURG 1,40.1987,-104.469,PSCO,CO,ind,0.00623
39241,KEENESBURG 1,40.1987,-104.469,PSCO,CO,rail,6.8e-05
39241,KEENESBURG 1,40.1987,-104.469,PSCO,CO,road,0.000373
39242,KERSEY,40.3542,-104.476,PSCO,CO,bldg,0.028165
39242,KERSEY,40.3542,-104.476,PSCO,CO,ind,0.006183
39242,KERSEY,40.3542,-104.476,PSCO,CO,rail,6.7e-05
39242,KERSEY,40.3542,-104.476,PSCO,CO,road,0.00037
39243,BENNETT,39.6976,-104.538,PSCO,CO,bldg,0.06445
39243,BENNETT,39.6976,-104.538,PSCO,CO,ind,0.014148
39243,BENNETT,39.6976,-104.538,PSCO,CO,rail,0.000153
39243,BENNETT,39.6976,-104.538,PSCO,CO,road,0.000847
39244,KIOWA,39.4489,-104.35,WACM,CO,bldg,0.038811
39244,KIOWA,39.4489,-104.35,WACM,CO,ind,0.02244
39244,KIOWA,39.4489,-104.35,WACM,CO,road,0.000153
39245,CALHAN,39.0549,-104.35,WACM,CO,bldg,0.105367
39245,CALHAN,39.0549,-104.35,WACM,CO,ind,0.060924
39245,CALHAN,39.0549,-104.35,WACM,CO,road,0.000415
39246,STRASBURG,39.7604,-104.342,PSCO,CO,bldg,0.045564
39246,STRASBURG,39.7604,-104.342,PSCO,CO,ind,0.010003
39246,STRASBURG,39.7604,-104.342,PSCO,CO,rail,0.000108
39246,STRASBURG,39.7604,-104.342,PSCO,CO,road,0.000599
39247,YODER,38.6015,-104.175,WACM,CO,bldg,0.027093
39247,YODER,38.6015,-104.175,WACM,CO,ind,0.015666
39247,YODER,38.6015,-104.175,WACM,CO,road,0.000107
39248,BYERS,39.7813,-104.157,PSCO,CO,bldg,0.034218
39248,BYERS,39.7813,-104.157,PSCO,CO,ind,0.007511
39248,BYERS,39.7813,-104.157,PSCO,CO,rail,8.1e-05
39248,BYERS,39.7813,-104.157,PSCO,CO,road,0.00045
39249,FOWLER,37.8648,-104.109,WACM,CO,bldg,0.032652
39249,FOWLER,37.8648,-104.109,WACM,CO,ind,0.01888
39249,FOWLER,37.8648,-104.109,WACM,CO,road,0.000129
39250,WIGGINS,40.2362,-104.102,PSCO,CO,bldg,0.037916
39250,WIGGINS,40.2362,-104.102,PSCO,CO,ind,0.008323
39250,WIGGINS,40.2362,-104.102,PSCO,CO,rail,9e-05
39250,WIGGINS,40.2362,-104.102,PSCO,CO,road,0.000498
39251,OLNEY SPRINGS,38.2922,-103.868,WACM,CO,bldg,0.046674
39251,OLNEY SPRINGS,38.2922,-103.868,WACM,CO,ind,0.026987
39251,OLNEY SPRINGS,38.2922,-103.868,WACM,CO,road,0.000184
39252,FORT MORGAN,40.1619,-103.748,PSCO,CO,bldg,0.163408
39252,FORT MORGAN,40.1619,-103.748,PSCO,CO,ind,0.035871
39252,FORT MORGAN,40.1619,-103.748,PSCO,CO,rail,0.000389
39252,FORT MORGAN,40.1619,-103.748,PSCO,CO,road,0.002148
39253,ROCKY FORD,37.9366,-103.76,WACM,CO,bldg,0.083282
39253,ROCKY FORD,37.9366,-103.76,WACM,CO,ind,0.048153
39253,ROCKY FORD,37.9366,-103.76,WACM,CO,road,0.000328
39254,ORDWAY,38.3358,-103.777,WACM,CO,bldg,0.043769
39254,ORDWAY,38.3358,-103.777,WACM,CO,ind,0.025308
39254,ORDWAY,38.3358,-103.777,WACM,CO,road,0.000173
39255,LIMON 1,39.3749,-103.667,WACM,CO,bldg,0.055388
39255,LIMON 1,39.3749,-103.667,WACM,CO,ind,0.032025
39255,LIMON 1,39.3749,-103.667,WACM,CO,road,0.000218
39256,BRUSH 1,40.1357,-103.608,PSCO,CO,bldg,0.075034
39256,BRUSH 1,40.1357,-103.608,PSCO,CO,ind,0.016472
39256,BRUSH 1,40.1357,-103.608,PSCO,CO,rail,0.000179
39256,BRUSH 1,40.1357,-103.608,PSCO,CO,road,0.000986
39257,LA JUNTA,37.8559,-103.5,WACM,CO,bldg,0.13261
39257,LA JUNTA,37.8559,-103.5,WACM,CO,ind,0.076675
39257,LA JUNTA,37.8559,-103.5,WACM,CO,road,0.000523
39258,STERLING,40.5609,-103.282,PSCO,CO,bldg,0.191355
39258,STERLING,40.5609,-103.282,PSCO,CO,ind,0.042007
39258,STERLING,40.5609,-103.282,PSCO,CO,phase1,0.025698
39258,STERLING,40.5609,-103.282,PSCO,CO,rail,0.000455
39258,STERLING,40.5609,-103.282,PSCO,CO,road,0.002516
39259,AKRON,40.0619,-103.28,PSCO,CO,bldg,0.024105
39259,AKRON,40.0619,-103.28,PSCO,CO,ind,0.005292
39259,AKRON,40.0619,-103.28,PSCO,CO,rail,5.7e-05
39259,AKRON,40.0619,-103.28,PSCO,CO,road,0.000317
39260,LAS ANIMAS,37.9816,-103.238,WACM,CO,bldg,0.074318
39260,LAS ANIMAS,37.9816,-103.238,WACM,CO,ind,0.04297
39260,LAS ANIMAS,37.9816,-103.238,WACM,CO,road,0.000293
39261,FLAGLER,39.4341,-103.033,WACM,CO,bldg,0.029146
39261,FLAGLER,39.4341,-103.033,WACM,CO,ind,0.016853
39261,FLAGLER,39.4341,-103.033,WACM,CO,road,0.000115
39262,SPRINGFIELD 6,37.4353,-102.723,WACM,CO,bldg,0.030598
39262,SPRINGFIELD 6,37.4353,-102.723,WACM,CO,ind,0.017691
39262,SPRINGFIELD 6,37.4353,-102.723,WACM,CO,road,0.000121
39263,YUMA 9,40.1309,-102.685,PSCO,CO,bldg,0.056837
39263,YUMA 9,40.1309,-102.685,PSCO,CO,ind,0.012477
39263,YUMA 9,40.1309,-102.685,PSCO,CO,phase1,0.025647
39263,YUMA 9,40.1309,-102.685,PSCO,CO,rail,0.000135
39263,YUMA 9,40.1309,-102.685,PSCO,CO,road,0.000747
39264,LAMAR 1,37.9959,-102.67,WACM,CO,bldg,0.140823
39264,LAMAR 1,37.9959,-102.67,WACM,CO,ind,0.081424
39264,LAMAR 1,37.9959,-102.67,WACM,CO,road,0.000555
39265,HAXTUN,40.63,-102.587,PSCO,CO,bldg,0.022365
39265,HAXTUN,40.63,-102.587,PSCO,CO,ind,0.00491
39265,HAXTUN,40.63,-102.587,PSCO,CO,rail,5.3e-05
39265,HAXTUN,40.63,-102.587,PSCO,CO,road,0.000294
39266,CHEYENNE WELLS,38.7976,-102.456,WACM,CO,bldg,0.023687
39266,CHEYENNE WELLS,38.7976,-102.456,WACM,CO,ind,0.013697
39266,CHEYENNE WELLS,38.7976,-102.456,WACM,CO,road,9.3e-05
39267,HOLYOKE,40.4935,-102.283,PSCO,CO,bldg,0.028709
39267,HOLYOKE,40.4935,-102.283,PSCO,CO,ind,0.006302
39267,HOLYOKE,40.4935,-102.283,PSCO,CO,rail,6.8e-05
39267,HOLYOKE,40.4935,-102.283,PSCO,CO,road,0.000377
39268,BURLINGTON 3,39.3125,-102.234,WACM,CO,bldg,0.069059
39268,BURLINGTON 3,39.3125,-102.234,WACM,CO,ind,0.039929
39268,BURLINGTON 3,39.3125,-102.234,WACM,CO,road,0.000272
39269,WALSH,37.2613,-102.154,WACM,CO,bldg,0.01893
39269,WALSH,37.2613,-102.154,WACM,CO,ind,0.010946
39269,WALSH,37.2613,-102.154,WACM,CO,road,7.5e-05
39270,WRAY,40.0964,-102.263,PSCO,CO,bldg,0.045129
39270,WRAY,40.0964,-102.263,PSCO,CO,ind,0.009907
39270,WRAY,40.0964,-102.263,PSCO,CO,rail,0.000107
39270,WRAY,40.0964,-102.263,PSCO,CO,road,0.000593
39271,JULESBURG,40.8328,-102.266,PSCO,CO,bldg,0.020807
39271,JULESBURG,40.8328,-102.266,PSCO,CO,ind,0.004568
39271,JULESBURG,40.8328,-102.266,PSCO,CO,rail,4.9e-05
39271,JULESBURG,40.8328,-102.266,PSCO,CO,road,0.000274
39272,HOLLY,38.1543,-102.076,WACM,CO,bldg,0.02544
39272,HOLLY,38.1543,-102.076,WACM,CO,ind,0.014709
39272,HOLLY,38.1543,-102.076,WACM,CO,road,0.0001
39273,PEETZ 1,40.941,-103.259,PSCO,CO,bldg,0.005836
39273,PEETZ 1,40.941,-103.259,PSCO,CO,ind,0.001281
39273,PEETZ 1,40.941,-103.259,PSCO,CO,rail,1.4e-05
39273,PEETZ 1,40.941,-103.259,PSCO,CO,road,7.7e-05
39274,PEETZ 2,40.9881,-102.897,PSCO,CO,bldg,0.012904
39274,PEETZ 2,40.9881,-102.897,PSCO,CO,ind,0.002833
39274,PEETZ 2,40.9881,-102.897,PSCO,CO,rail,3.1e-05
39274,PEETZ 2,40.9881,-102.897,PSCO,CO,road,0.00017
39276,GROVER,40.8944,-104.021,PSCO,CO,bldg,0.007213
39276,GROVER,40.8944,-104.021,PSCO,CO,ind,0.001584
39276,GROVER,40.8944,-104.021,PSCO,CO,rail,1.7e-05
39276,GROVER,40.8944,-104.021,PSCO,CO,road,9.5e-05
39277,LIMON 2,39.4218,-103.678,WACM,CO,bldg,0.001402
39277,LIMON 2,39.4218,-103.678,WACM,CO,ind,0.000811
39277,LIMON 2,39.4218,-103.678,WACM,CO,road,6e-06
39280,LIMON 3,39.381,-103.573,WACM,CO,bldg,0.01868
39280,LIMON 3,39.381,-103.573,WACM,CO,ind,0.0108
39280,LIMON 3,39.381,-103.573,WACM,CO,road,7.4e-05
39283,BURLINGTON 4,39.3561,-102.243,WACM,CO,bldg,0.023637
39283,BURLINGTON 4,39.3561,-102.243,WACM,CO,ind,0.013668
39283,BURLINGTON 4,39.3561,-102.243,WACM,CO,road,9.3e-05
39285,ALAMOSA 2,37.4594,-105.895,WACM,CO,bldg,0.017377
39285,ALAMOSA 2,37.4594,-105.895,WACM,CO,ind,0.010047
39285,ALAMOSA 2,37.4594,-105.895,WACM,CO,road,6.9e-05
39286,LAMAR 2,38.0333,-102.538,WACM,CO,bldg,0.022435
39286,LAMAR 2,38.0333,-102.538,WACM,CO,ind,0.012973
39286,LAMAR 2,38.0333,-102.538,WACM,CO,road,8.8e-05
39287,LAMAR 3,37.6735,-102.862,WACM,CO,bldg,0.002905
39287,LAMAR 3,37.6735,-102.862,WACM,CO,ind,0.001679
39287,LAMAR 3,37.6735,-102.862,WACM,CO,road,1.1e-05
39313,BRUSH 4,40.2171,-103.685,PSCO,CO,phase1,0.103208
39331,WILSON,43.4846,-111.035,PACE,WY,bldg,0.048428
39331,WILSON,43.4846,-111.035,PACE,WY,ind,0.147604
39331,WILSON,43.4846,-111.035,PACE,WY,rail,7.7e-05
39331,WILSON,43.4846,-111.035,PACE,WY,road,0.000294
39332,THAYNE,43.0422,-110.958,PACE,WY,bldg,0.042902
39332,THAYNE,43.0422,-110.958,PACE,WY,ind,0.130762
39332,THAYNE,43.0422,-110.958,PACE,WY,rail,6.8e-05
39332,THAYNE,43.0422,-110.958,PACE,WY,road,0.000261
39333,AFTON,42.7542,-110.881,PACE,WY,bldg,0.061294
39333,AFTON,42.7542,-110.881,PACE,WY,ind,0.186821
39333,AFTON,42.7542,-110.881,PACE,WY,rail,9.7e-05
39333,AFTON,42.7542,-110.881,PACE,WY,road,0.000373
39334,ALPINE 3,43.0111,-110.727,PACE,WY,bldg,0.024944
39334,ALPINE 3,43.0111,-110.727,PACE,WY,ind,0.076028
39334,ALPINE 3,43.0111,-110.727,PACE,WY,rail,4e-05
39334,ALPINE 3,43.0111,-110.727,PACE,WY,road,0.000152
39335,JACKSON 3,43.333,-110.543,PACE,WY,bldg,0.171806
39335,JACKSON 3,43.333,-110.543,PACE,WY,ind,0.523651
39335,JACKSON 3,43.333,-110.543,PACE,WY,rail,0.000273
39335,JACKSON 3,43.333,-110.543,PACE,WY,road,0.001044
39336,KEMMERER 1,41.9253,-110.605,PACE,WY,bldg,0.040495
39336,KEMMERER 1,41.9253,-110.605,PACE,WY,ind,0.123424
39336,KEMMERER 1,41.9253,-110.605,PACE,WY,rail,6.4e-05
39336,KEMMERER 1,41.9253,-110.605,PACE,WY,road,0.000246
39337,LYMAN,41.3542,-110.295,PACE,WY,bldg,0.040337
39337,LYMAN,41.3542,-110.295,PACE,WY,ind,0.122943
39337,LYMAN,41.3542,-110.295,PACE,WY,rail,6.4e-05
39337,LYMAN,41.3542,-110.295,PACE,WY,road,0.000245
39338,BIG PINEY,42.4673,-110.207,PACE,WY,bldg,0.040929
39338,BIG PINEY,42.4673,-110.207,PACE,WY,ind,0.124747
39338,BIG PINEY,42.4673,-110.207,PACE,WY,rail,6.5e-05
39338,BIG PINEY,42.4673,-110.207,PACE,WY,road,0.000249
39339,PINEDALE,42.8567,-109.706,PACE,WY,bldg,0.057308
39339,PINEDALE,42.8567,-109.706,PACE,WY,ind,0.174671
39339,PINEDALE,42.8567,-109.706,PACE,WY,rail,9.1e-05
39339,PINEDALE,42.8567,-109.706,PACE,WY,road,0.000348
39340,DUBOIS,43.551,-109.746,PACE,WY,bldg,0.024549
39340,DUBOIS,43.551,-109.746,PACE,WY,ind,0.074825
39340,DUBOIS,43.551,-109.746,PACE,WY,rail,3.9e-05
39340,DUBOIS,43.551,-109.746,PACE,WY,road,0.000149
39341,GREEN RIVER 2,41.7556,-109.757,PACE,WY,bldg,0.144612
39341,GREEN RIVER 2,41.7556,-109.757,PACE,WY,ind,0.440767
39341,GREEN RIVER 2,41.7556,-109.757,PACE,WY,rail,0.00023
39341,GREEN RIVER 2,41.7556,-109.757,PACE,WY,road,0.000879
39342,CODY,44.3983,-109.589,PACE,WY,bldg,0.167741
39342,CODY,44.3983,-109.589,PACE,WY,ind,0.51126
39342,CODY,44.3983,-109.589,PACE,WY,rail,0.000266
39342,CODY,44.3983,-109.589,PACE,WY,road,0.001019
39343,ROCK SPRINGS 1,41.461,-109.046,PACE,WY,bldg,0.146586
39343,ROCK SPRINGS 1,41.461,-109.046,PACE,WY,ind,0.446782
39343,ROCK SPRINGS 1,41.461,-109.046,PACE,WY,phase1,0.051966
39343,ROCK SPRINGS 1,41.461,-109.046,PACE,WY,rail,0.000233
39343,ROCK SPRINGS 1,41.461,-109.046,PACE,WY,road,0.000891
39344,ROCK SPRINGS 2,41.4317,-108.976,PACE,WY,bldg,0.143507
39344,ROCK SPRINGS 2,41.4317,-108.976,PACE,WY,ind,0.437399
39344,ROCK SPRINGS 2,41.4317,-108.976,PACE,WY,rail,0.000228
39344,ROCK SPRINGS 2,41.4317,-108.976,PACE,WY,road,0.000872
39345,FORT WASHAKIE,42.949,-108.982,PACE,WY,bldg,0.021984
39345,FORT WASHAKIE,42.949,-108.982,PACE,WY,ind,0.067005
39345,FORT WASHAKIE,42.949,-108.982,PACE,WY,rail,3.5e-05
39345,FORT WASHAKIE,42.949,-108.982,PACE,WY,road,0.000134
39346,POWELL,44.8865,-108.844,PACE,WY,bldg,0.135337
39346,POWELL,44.8865,-108.844,PACE,WY,ind,0.412497
39346,POWELL,44.8865,-108.844,PACE,WY,rail,0.000215
39346,POWELL,44.8865,-108.844,PACE,WY,road,0.000822
39347,LANDER,42.755,-108.535,PACE,WY,bldg,0.143468
39347,LANDER,42.755,-108.535,PACE,WY,ind,0.437278
39347,LANDER,42.755,-108.535,PACE,WY,rail,0.000228
39347,LANDER,42.755,-108.535,PACE,WY,road,0.000872
39348,THERMOPOLIS,43.6889,-108.441,PACE,WY,bldg,0.057111
39348,THERMOPOLIS,43.6889,-108.441,PACE,WY,ind,0.174069
39348,THERMOPOLIS,43.6889,-108.441,PACE,WY,rail,9.1e-05
39348,THERMOPOLIS,43.6889,-108.441,PACE,WY,road,0.000347
39349,RIVERTON 3,42.9856,-108.216,PACE,WY,bldg,0.215971
39349,RIVERTON 3,42.9856,-108.216,PACE,WY,ind,0.658262
39349,RIVERTON 3,42.9856,-108.216,PACE,WY,rail,0.000343
39349,RIVERTON 3,42.9856,-108.216,PACE,WY,road,0.001313
39350,LOVELL,44.8457,-108.137,PACE,WY,bldg,0.044481
39350,LOVELL,44.8457,-108.137,PACE,WY,ind,0.135574
39350,LOVELL,44.8457,-108.137,PACE,WY,phase1,0.006523
39350,LOVELL,44.8457,-108.137,PACE,WY,rail,7.1e-05
39350,LOVELL,44.8457,-108.137,PACE,WY,road,0.00027
39351,WORLAND,43.9228,-108.133,PACE,WY,bldg,0.081739
39351,WORLAND,43.9228,-108.133,PACE,WY,ind,0.249134
39351,WORLAND,43.9228,-108.133,PACE,WY,phase1,0.005122
39351,WORLAND,43.9228,-108.133,PACE,WY,rail,0.00013
39351,WORLAND,43.9228,-108.133,PACE,WY,road,0.000497
39352,BASIN,44.2931,-108.133,PACE,WY,bldg,0.030785
39352,BASIN,44.2931,-108.133,PACE,WY,ind,0.093831
39352,BASIN,44.2931,-108.133,PACE,WY,rail,4.9e-05
39352,BASIN,44.2931,-108.133,PACE,WY,road,0.000187
39353,GREYBULL,44.498,-107.664,PACE,WY,bldg,0.031141
39353,GREYBULL,44.498,-107.664,PACE,WY,ind,0.094914
39353,GREYBULL,44.498,-107.664,PACE,WY,rail,4.9e-05
39353,GREYBULL,44.498,-107.664,PACE,WY,road,0.000189
39354,RAWLINS,41.8154,-107.498,WACM,WY,bldg,0.142025
39354,RAWLINS,41.8154,-107.498,WACM,WY,ind,0.132566
39354,RAWLINS,41.8154,-107.498,WACM,WY,road,0.00056
39355,RANCHESTER,44.9294,-107.232,WACM,WY,bldg,0.032952
39355,RANCHESTER,44.9294,-107.232,WACM,WY,ind,0.030757
39355,RANCHESTER,44.9294,-107.232,WACM,WY,road,0.00013
39356,STORY,44.4944,-106.91,WACM,WY,bldg,0.026943
39356,STORY,44.4944,-106.91,WACM,WY,ind,0.025148
39356,STORY,44.4944,-106.91,WACM,WY,road,0.000106
39357,SARATOGA 3,41.3388,-106.784,WACM,WY,bldg,0.044871
39357,SARATOGA 3,41.3388,-106.784,WACM,WY,ind,0.041883
39357,SARATOGA 3,41.3388,-106.784,WACM,WY,road,0.000177
39358,CASPER 1,42.7644,-106.839,WACM,WY,bldg,0.168517
39358,CASPER 1,42.7644,-106.839,WACM,WY,ind,0.157294
39358,CASPER 1,42.7644,-106.839,WACM,WY,road,0.000664
39359,CASPER 2,42.8821,-106.813,WACM,WY,bldg,0.169819
39359,CASPER 2,42.8821,-106.813,WACM,WY,ind,0.158509
39359,CASPER 2,42.8821,-106.813,WACM,WY,road,0.00067
39360,BUFFALO,44.1688,-106.655,WACM,WY,bldg,0.118788
39360,BUFFALO,44.1688,-106.655,WACM,WY,ind,0.110877
39360,BUFFALO,44.1688,-106.655,WACM,WY,road,0.000468
39361,CASPER 3,43.0532,-106.415,WACM,WY,bldg,0.187547
39361,CASPER 3,43.0532,-106.415,WACM,WY,ind,0.175056
39361,CASPER 3,43.0532,-106.415,WACM,WY,road,0.00074
39362,CASPER 4,42.9899,-106.37,WACM,WY,bldg,0.197663
39362,CASPER 4,42.9899,-106.37,WACM,WY,ind,0.184499
39362,CASPER 4,42.9899,-106.37,WACM,WY,road,0.000779
39363,CASPER 5,42.7117,-106.101,WACM,WY,bldg,0.204824
39363,CASPER 5,42.7117,-106.101,WACM,WY,ind,0.191183
39363,CASPER 5,42.7117,-106.101,WACM,WY,road,0.000808
39364,EVANSVILLE,42.853,-106.127,WACM,WY,bldg,0.051832
39364,EVANSVILLE,42.853,-106.127,WACM,WY,ind,0.048381
39364,EVANSVILLE,42.853,-106.127,WACM,WY,road,0.000204
39365,GLENROCK 1,42.7658,-105.797,WACM,WY,bldg,0.053835
39365,GLENROCK 1,42.7658,-105.797,WACM,WY,ind,0.05025
39365,GLENROCK 1,42.7658,-105.797,WACM,WY,road,0.000212
39366,LARAMIE 1,41.2003,-105.895,WACM,WY,bldg,0.261263
39366,LARAMIE 1,41.2003,-105.895,WACM,WY,ind,0.243864
39366,LARAMIE 1,41.2003,-105.895,WACM,WY,road,0.00103
39367,GILLETTE 1,44.4174,-105.728,WACM,WY,bldg,0.249595
39367,GILLETTE 1,44.4174,-105.728,WACM,WY,ind,0.232972
39367,GILLETTE 1,44.4174,-105.728,WACM,WY,road,0.000984
39368,GILLETTE 2,43.9675,-105.709,WACM,WY,bldg,0.299524
39368,GILLETTE 2,43.9675,-105.709,WACM,WY,ind,0.279575
39368,GILLETTE 2,43.9675,-105.709,WACM,WY,road,0.001181
39369,WRIGHT 1,43.7864,-105.535,WACM,WY,bldg,0.028044
39369,WRIGHT 1,43.7864,-105.535,WACM,WY,ind,0.026177
39369,WRIGHT 1,43.7864,-105.535,WACM,WY,road,0.000111
39370,LARAMIE 2,41.4919,-105.553,WACM,WY,bldg,0.203973
39370,LARAMIE 2,41.4919,-105.553,WACM,WY,ind,0.190389
39370,LARAMIE 2,41.4919,-105.553,WACM,WY,road,0.000804
39371,DOUGLAS 3,43.0083,-105.324,WACM,WY,bldg,0.12615
39371,DOUGLAS 3,43.0083,-105.324,WACM,WY,ind,0.117749
39371,DOUGLAS 3,43.0083,-105.324,WACM,WY,road,0.000497
39372,WHEATLAND 1,41.9347,-105.055,WACM,WY,bldg,0.089391
39372,WHEATLAND 1,41.9347,-105.055,WACM,WY,ind,0.083438
39372,WHEATLAND 1,41.9347,-105.055,WACM,WY,road,0.000352
39373,CHEYENNE 1,41.0597,-105.008,WACM,WY,bldg,0.231015
39373,CHEYENNE 1,41.0597,-105.008,WACM,WY,ind,0.21563
39373,CHEYENNE 1,41.0597,-105.008,WACM,WY,phase1,0.121182
39373,CHEYENNE 1,41.0597,-105.008,WACM,WY,road,0.000911
39374,CHEYENNE 2,41.0637,-105.016,WACM,WY,bldg,0.232768
39374,CHEYENNE 2,41.0637,-105.016,WACM,WY,ind,0.217266
39374,CHEYENNE 2,41.0637,-105.016,WACM,WY,road,0.000918
39375,MOORCROFT,44.4114,-104.86,WACM,WY,bldg,0.053735
39375,MOORCROFT,44.4114,-104.86,WACM,WY,ind,0.050157
39375,MOORCROFT,44.4114,-104.86,WACM,WY,road,0.000212
39376,CHEYENNE 3,41.361,-104.945,WACM,WY,bldg,0.206877
39376,CHEYENNE 3,41.361,-104.945,WACM,WY,ind,0.1931
39376,CHEYENNE 3,41.361,-104.945,WACM,WY,road,0.000816
39377,CHEYENNE 4,41.4537,-104.756,WACM,WY,bldg,0.215441
39377,CHEYENNE 4,41.4537,-104.756,WACM,WY,ind,0.201093
39377,CHEYENNE 4,41.4537,-104.756,WACM,WY,road,0.00085
39378,GUERNSEY,42.1626,-104.763,WACM,WY,bldg,0.038361
39378,GUERNSEY,42.1626,-104.763,WACM,WY,ind,0.035806
39378,GUERNSEY,42.1626,-104.763,WACM,WY,road,0.000151
39379,CHEYENNE 5,41.1436,-104.776,WACM,WY,bldg,0.254052
39379,CHEYENNE 5,41.1436,-104.776,WACM,WY,ind,0.237132
39379,CHEYENNE 5,41.1436,-104.776,WACM,WY,road,0.001002
39380,UPTON,43.9535,-104.617,WACM,WY,bldg,0.023988
39380,UPTON,43.9535,-104.617,WACM,WY,ind,0.022391
39380,UPTON,43.9535,-104.617,WACM,WY,road,9.5e-05
39381,SUNDANCE,44.4068,-104.362,WACM,WY,bldg,0.037359
39381,SUNDANCE,44.4068,-104.362,WACM,WY,ind,0.034871
39381,SUNDANCE,44.4068,-104.362,WACM,WY,road,0.000147
39382,BURNS 2,41.226,-104.357,WACM,WY,bldg,0.041866
39382,BURNS 2,41.226,-104.357,WACM,WY,ind,0.039078
39382,BURNS 2,41.226,-104.357,WACM,WY,road,0.000165
39383,LUSK,42.9605,-104.39,WACM,WY,bldg,0.031951
39383,LUSK,42.9605,-104.39,WACM,WY,ind,0.029823
39383,LUSK,42.9605,-104.39,WACM,WY,road,0.000126
39384,TORRINGTON,42.2294,-104.133,WACM,WY,bldg,0.150087
39384,TORRINGTON,42.2294,-104.133,WACM,WY,ind,0.140092
39384,TORRINGTON,42.2294,-104.133,WACM,WY,road,0.000592
39388,CHEYENNE 6,41.1297,-105.024,WACM,WY,bldg,0.0003
39388,CHEYENNE 6,41.1297,-105.024,WACM,WY,ind,0.00028
39388,CHEYENNE 6,41.1297,-105.024,WACM,WY,road,1e-06
39390,ALCOVA 1,42.4766,-106.796,WACM,WY,bldg,0.014823
39390,ALCOVA 1,42.4766,-106.796,WACM,WY,ind,0.013837
39390,ALCOVA 1,42.4766,-106.796,WACM,WY,road,5.8e-05
39391,ROCK RIVER 1,41.6751,-106.011,WACM,WY,bldg,0.004858
39391,ROCK RIVER 1,41.6751,-106.011,WACM,WY,ind,0.004534
39391,ROCK RIVER 1,41.6751,-106.011,WACM,WY,road,1.9e-05
39392,WRIGHT 2,44.3889,-105.461,WACM,WY,bldg,0.001753
39392,WRIGHT 2,44.3889,-105.461,WACM,WY,ind,0.001636
39392,WRIGHT 2,44.3889,-105.461,WACM,WY,road,7e-06
39393,KEMMERER 2,41.7581,-110.598,PACE,WY,bldg,0.00746
39393,KEMMERER 2,41.7581,-110.598,PACE,WY,ind,0.022736
39393,KEMMERER 2,41.7581,-110.598,PACE,WY,rail,1.2e-05
39393,KEMMERER 2,41.7581,-110.598,PACE,WY,road,4.5e-05
39394,ROCK RIVER 2,41.6744,-106.18,WACM,WY,bldg,0.003756
39394,ROCK RIVER 2,41.6744,-106.18,WACM,WY,ind,0.003505
39394,ROCK RIVER 2,41.6744,-106.18,WACM,WY,road,1.5e-05
39395,MOUNTAIN VIEW 6,41.2881,-110.481,PACE,WY,bldg,0.029088
39395,MOUNTAIN VIEW 6,41.2881,-110.481,PACE,WY,ind,0.088659
39395,MOUNTAIN VIEW 6,41.2881,-110.481,PACE,WY,rail,4.6e-05
39395,MOUNTAIN VIEW 6,41.2881,-110.481,PACE,WY,road,0.000177
39398,MEDICINE BOW 1,42.0436,-106.16,WACM,WY,bldg,0.005358
39398,MEDICINE BOW 1,42.0436,-106.16,WACM,WY,ind,0.005001
39398,MEDICINE BOW 1,42.0436,-106.16,WACM,WY,road,2.1e-05
39399,GREEN RIVER 3,41.6217,-109.812,PACE,WY,bldg,0.002605
39399,GREEN RIVER 3,41.6217,-109.812,PACE,WY,ind,0.00794
39399,GREEN RIVER 3,41.6217,-109.812,PACE,WY,rail,4e-06
39399,GREEN RIVER 3,41.6217,-109.812,PACE,WY,road,1.6e-05
39401,POINT OF ROCKS,41.7378,-108.787,PACE,WY,bldg,0.009986
39401,POINT OF ROCKS,41.7378,-108.787,PACE,WY,ind,0.030435
39401,POINT OF ROCKS,41.7378,-108.787,PACE,WY,rail,1.6e-05
39401,POINT OF ROCKS,41.7378,-108.787,PACE,WY,road,6.1e-05
39404,GILLETTE 6,44.285,-105.379,WACM,WY,bldg,0.023938
39404,GILLETTE 6,44.285,-105.379,WACM,WY,ind,0.022343
39404,GILLETTE 6,44.285,-105.379,WACM,WY,road,9.4e-05
39413,NYSSA,43.5821,-117.397,IPCO,ID,bldg,0.079095
39413,NYSSA,43.5821,-117.397,IPCO,ID,ind,0.03549
39413,NYSSA,43.5821,-117.397,IPCO,ID,road,0.000198
39414,HOMEDALE,43.5232,-116.908,IPCO,ID,bldg,0.097732
39414,HOMEDALE,43.5232,-116.908,IPCO,ID,ind,0.043854
39414,HOMEDALE,43.5232,-116.908,IPCO,ID,road,0.000245
39415,POST FALLS 1,47.7573,-116.937,AVA,ID,bldg,0.21955
39415,POST FALLS 1,47.7573,-116.937,AVA,ID,ind,0.063321
39415,POST FALLS 1,47.7573,-116.937,AVA,ID,road,0.000778
39416,POST FALLS 2,47.6912,-116.965,AVA,ID,bldg,0.21955
39416,POST FALLS 2,47.6912,-116.965,AVA,ID,ind,0.063321
39416,POST FALLS 2,47.6912,-116.965,AVA,ID,road,0.000778
39417,WEISER,44.2989,-117.026,IPCO,ID,bldg,0.118118
39417,WEISER,44.2989,-117.026,IPCO,ID,ind,0.053
39417,WEISER,44.2989,-117.026,IPCO,ID,road,0.000296
39418,RATHDRUM 1,47.9247,-116.998,AVA,ID,bldg,0.160978
39418,RATHDRUM 1,47.9247,-116.998,AVA,ID,ind,0.046428
39418,RATHDRUM 1,47.9247,-116.998,AVA,ID,road,0.00057
39419,MOSCOW 1,46.7133,-116.94,AVA,ID,bldg,0.186379
39419,MOSCOW 1,46.7133,-116.94,AVA,ID,ind,0.053754
39419,MOSCOW 1,46.7133,-116.94,AVA,ID,road,0.00066
39420,MOSCOW 2,46.7824,-117.015,AVA,ID,bldg,0.168909
39420,MOSCOW 2,46.7824,-117.015,AVA,ID,ind,0.048715
39420,MOSCOW 2,46.7824,-117.015,AVA,ID,road,0.000598
39421,PARMA,43.8032,-116.971,IPCO,ID,bldg,0.075483
39421,PARMA,43.8032,-116.971,IPCO,ID,ind,0.03387
39421,PARMA,43.8032,-116.971,IPCO,ID,road,0.000189
39422,LEWISTON 2,46.1263,-116.974,BPAT,ID,bldg,0.168689
39422,LEWISTON 2,46.1263,-116.974,BPAT,ID,ind,0.045418
39422,LEWISTON 2,46.1263,-116.974,BPAT,ID,road,0.001464
39423,LEWISTON 3,46.236,-116.857,BPAT,ID,bldg,0.198574
39423,LEWISTON 3,46.236,-116.857,BPAT,ID,ind,0.053465
39423,LEWISTON 3,46.236,-116.857,BPAT,ID,road,0.001724
39424,PLUMMER,47.3541,-116.99,AVA,ID,bldg,0.036922
39424,PLUMMER,47.3541,-116.99,AVA,ID,ind,0.010649
39424,PLUMMER,47.3541,-116.99,AVA,ID,road,0.000131
39425,FRUITLAND 3,43.963,-116.82,IPCO,ID,bldg,0.148637
39425,FRUITLAND 3,43.963,-116.82,IPCO,ID,ind,0.066695
39425,FRUITLAND 3,43.963,-116.82,IPCO,ID,road,0.000372
39426,PRIEST RIVER,48.2769,-117.0,AVA,ID,bldg,0.098388
39426,PRIEST RIVER,48.2769,-117.0,AVA,ID,ind,0.028376
39426,PRIEST RIVER,48.2769,-117.0,AVA,ID,road,0.000349
39427,WILDER,43.567,-116.97,IPCO,ID,bldg,0.070999
39427,WILDER,43.567,-116.97,IPCO,ID,ind,0.031857
39427,WILDER,43.567,-116.97,IPCO,ID,road,0.000178
39428,SPIRIT LAKE,48.0347,-116.973,AVA,ID,bldg,0.067842
39428,SPIRIT LAKE,48.0347,-116.973,AVA,ID,ind,0.019566
39428,SPIRIT LAKE,48.0347,-116.973,AVA,ID,road,0.00024
39429,POTLATCH,47.04,-116.925,AVA,ID,bldg,0.03644
39429,POTLATCH,47.04,-116.925,AVA,ID,ind,0.010509
39429,POTLATCH,47.04,-116.925,AVA,ID,road,0.000129
39430,COEUR D ALENE 1,47.7211,-116.747,AVA,ID,bldg,0.182842
39430,COEUR D ALENE 1,47.7211,-116.747,AVA,ID,ind,0.052734
39430,COEUR D ALENE 1,47.7211,-116.747,AVA,ID,road,0.000648
39431,COEUR D ALENE 2,47.6416,-116.865,AVA,ID,bldg,0.182842
39431,COEUR D ALENE 2,47.6416,-116.865,AVA,ID,ind,0.052734
39431,COEUR D ALENE 2,47.6416,-116.865,AVA,ID,road,0.000648
39432,CALDWELL 1,43.6831,-116.705,IPCO,ID,bldg,0.285917
39432,CALDWELL 1,43.6831,-116.705,IPCO,ID,ind,0.128293
39432,CALDWELL 1,43.6831,-116.705,IPCO,ID,road,0.000716
39433,TROY 1,46.7543,-116.764,AVA,ID,bldg,0.069129
39433,TROY 1,46.7543,-116.764,AVA,ID,ind,0.019938
39433,TROY 1,46.7543,-116.764,AVA,ID,road,0.000245
39434,PAYETTE,43.9935,-116.774,IPCO,ID,bldg,0.128543
39434,PAYETTE,43.9935,-116.774,IPCO,ID,ind,0.057677
39434,PAYETTE,43.9935,-116.774,IPCO,ID,road,0.000322
39435,ATHOL,48.0276,-116.584,AVA,ID,bldg,0.086169
39435,ATHOL,48.0276,-116.584,AVA,ID,ind,0.024853
39435,ATHOL,48.0276,-116.584,AVA,ID,road,0.000305
39436,HAYDEN 3,47.7226,-116.719,AVA,ID,bldg,0.23568
39436,HAYDEN 3,47.7226,-116.719,AVA,ID,ind,0.067973
39436,HAYDEN 3,47.7226,-116.719,AVA,ID,road,0.000835
39437,CALDWELL 2,43.6829,-116.735,IPCO,ID,bldg,0.254
39437,CALDWELL 2,43.6829,-116.735,IPCO,ID,ind,0.113971
39437,CALDWELL 2,43.6829,-116.735,IPCO,ID,phase1,0.128261
39437,CALDWELL 2,43.6829,-116.735,IPCO,ID,road,0.000636
39438,CALDWELL 3,43.5664,-116.635,IPCO,ID,bldg,0.254
39438,CALDWELL 3,43.5664,-116.635,IPCO,ID,ind,0.113971
39438,CALDWELL 3,43.5664,-116.635,IPCO,ID,road,0.000636
39439,COEUR D ALENE 3,47.5984,-116.665,AVA,ID,bldg,0.291304
39439,COEUR D ALENE 3,47.5984,-116.665,AVA,ID,ind,0.084015
39439,COEUR D ALENE 3,47.5984,-116.665,AVA,ID,road,0.001032
39440,NAMPA 1,43.6247,-116.634,IPCO,ID,bldg,0.183292
39440,NAMPA 1,43.6247,-116.634,IPCO,ID,ind,0.082244
39440,NAMPA 1,43.6247,-116.634,IPCO,ID,road,0.000459
39441,NAMPA 2,43.539,-116.595,IPCO,ID,bldg,0.183292
39441,NAMPA 2,43.539,-116.595,IPCO,ID,ind,0.082244
39441,NAMPA 2,43.539,-116.595,IPCO,ID,road,0.000459
39442,NAMPA 3,43.5309,-116.608,IPCO,ID,bldg,0.296168
39442,NAMPA 3,43.5309,-116.608,IPCO,ID,ind,0.132892
39442,NAMPA 3,43.5309,-116.608,IPCO,ID,road,0.000741
39443,NAMPA 4,43.4053,-116.651,IPCO,ID,bldg,0.296168
39443,NAMPA 4,43.4053,-116.651,IPCO,ID,ind,0.132892
39443,NAMPA 4,43.4053,-116.651,IPCO,ID,road,0.000741
39444,MIDDLETON,43.8313,-116.522,IPCO,ID,bldg,0.127844
39444,MIDDLETON,43.8313,-116.522,IPCO,ID,ind,0.057364
39444,MIDDLETON,43.8313,-116.522,IPCO,ID,road,0.00032
39445,BONNERS FERRY,48.8429,-116.525,BPAT,ID,bldg,0.109502
39445,BONNERS FERRY,48.8429,-116.525,BPAT,ID,ind,0.029482
39445,BONNERS FERRY,48.8429,-116.525,BPAT,ID,road,0.00095
39446,SAINT MARIES,47.3158,-116.606,AVA,ID,bldg,0.101871
39446,SAINT MARIES,47.3158,-116.606,AVA,ID,ind,0.029381
39446,SAINT MARIES,47.3158,-116.606,AVA,ID,road,0.000361
39447,SAGLE,48.1641,-116.531,AVA,ID,bldg,0.087884
39447,SAGLE,48.1641,-116.531,AVA,ID,ind,0.025347
39447,SAGLE,48.1641,-116.531,AVA,ID,road,0.000311
39448,NAMPA 5,43.6137,-116.601,IPCO,ID,bldg,0.190281
39448,NAMPA 5,43.6137,-116.601,IPCO,ID,ind,0.08538
39448,NAMPA 5,43.6137,-116.601,IPCO,ID,phase1,0.034095
39448,NAMPA 5,43.6137,-116.601,IPCO,ID,road,0.000476
39449,NAMPA 6,43.6545,-116.45,IPCO,ID,bldg,0.190281
39449,NAMPA 6,43.6545,-116.45,IPCO,ID,ind,0.08538
39449,NAMPA 6,43.6545,-116.45,IPCO,ID,phase1,0.082718
39449,NAMPA 6,43.6545,-116.45,IPCO,ID,road,0.000476
39450,SANDPOINT,48.3608,-116.577,AVA,ID,bldg,0.216013
39450,SANDPOINT,48.3608,-116.577,AVA,ID,ind,0.062301
39450,SANDPOINT,48.3608,-116.577,AVA,ID,road,0.000765
39451,EMMETT,43.9263,-116.415,IPCO,ID,bldg,0.19762
39451,EMMETT,43.9263,-116.415,IPCO,ID,ind,0.088672
39451,EMMETT,43.9263,-116.415,IPCO,ID,road,0.000495
39452,STAR,43.8189,-116.456,IPCO,ID,bldg,0.094354
39452,STAR,43.8189,-116.456,IPCO,ID,ind,0.042338
39452,STAR,43.8189,-116.456,IPCO,ID,road,0.000236
39453,MERIDIAN 1,43.5542,-116.38,IPCO,ID,bldg,0.301759
39453,MERIDIAN 1,43.5542,-116.38,IPCO,ID,ind,0.1354
39453,MERIDIAN 1,43.5542,-116.38,IPCO,ID,road,0.000755
39454,MERIDIAN 2,43.5789,-116.396,IPCO,ID,bldg,0.301759
39454,MERIDIAN 2,43.5789,-116.396,IPCO,ID,ind,0.1354
39454,MERIDIAN 2,43.5789,-116.396,IPCO,ID,road,0.000755
39455,MERIDIAN 3,43.5173,-116.438,IPCO,ID,bldg,0.237109
39455,MERIDIAN 3,43.5173,-116.438,IPCO,ID,ind,0.106391
39455,MERIDIAN 3,43.5173,-116.438,IPCO,ID,road,0.000593
39456,MERIDIAN 4,43.6606,-116.339,IPCO,ID,bldg,0.237109
39456,MERIDIAN 4,43.6606,-116.339,IPCO,ID,ind,0.106391
39456,MERIDIAN 4,43.6606,-116.339,IPCO,ID,road,0.000593
39457,EAGLE 2,43.7999,-116.437,IPCO,ID,bldg,0.291916
39457,EAGLE 2,43.7999,-116.437,IPCO,ID,ind,0.130983
39457,EAGLE 2,43.7999,-116.437,IPCO,ID,road,0.000731
39458,BOISE 1,43.5581,-116.358,IPCO,ID,bldg,0.18003
39458,BOISE 1,43.5581,-116.358,IPCO,ID,ind,0.08078
39458,BOISE 1,43.5581,-116.358,IPCO,ID,road,0.000451
39459,BOISE 2,43.6151,-116.268,IPCO,ID,bldg,0.18003
39459,BOISE 2,43.6151,-116.268,IPCO,ID,ind,0.08078
39459,BOISE 2,43.6151,-116.268,IPCO,ID,road,0.000451
39460,KUNA 1,43.4444,-116.264,IPCO,ID,bldg,0.313874
39460,KUNA 1,43.4444,-116.264,IPCO,ID,ind,0.140837
39460,KUNA 1,43.4444,-116.264,IPCO,ID,phase1,0.07004
39460,KUNA 1,43.4444,-116.264,IPCO,ID,road,0.000786
39461,BOISE 3,43.5436,-116.352,IPCO,ID,bldg,0.320572
39461,BOISE 3,43.5436,-116.352,IPCO,ID,ind,0.143842
39461,BOISE 3,43.5436,-116.352,IPCO,ID,road,0.000802
39462,BOISE 4,43.5529,-116.219,IPCO,ID,bldg,0.320572
39462,BOISE 4,43.5529,-116.219,IPCO,ID,ind,0.143842
39462,BOISE 4,43.5529,-116.219,IPCO,ID,road,0.000802
39463,GARDEN CITY 2,43.759,-116.373,IPCO,ID,bldg,0.259999
39463,GARDEN CITY 2,43.759,-116.373,IPCO,ID,ind,0.116662
39463,GARDEN CITY 2,43.759,-116.373,IPCO,ID,road,0.000651
39464,BOISE 5,43.5285,-116.282,IPCO,ID,bldg,0.253883
39464,BOISE 5,43.5285,-116.282,IPCO,ID,ind,0.113918
39464,BOISE 5,43.5285,-116.282,IPCO,ID,road,0.000635
39465,BOISE 6,43.5517,-116.229,IPCO,ID,bldg,0.253883
39465,BOISE 6,43.5517,-116.229,IPCO,ID,ind,0.113918
39465,BOISE 6,43.5517,-116.229,IPCO,ID,road,0.000635
39466,BOISE 7,43.7017,-116.293,IPCO,ID,bldg,0.212239
39466,BOISE 7,43.7017,-116.293,IPCO,ID,ind,0.095232
39466,BOISE 7,43.7017,-116.293,IPCO,ID,road,0.000531
39467,BOISE 8,43.6148,-116.219,IPCO,ID,bldg,0.34119
39467,BOISE 8,43.6148,-116.219,IPCO,ID,ind,0.153093
39467,BOISE 8,43.6148,-116.219,IPCO,ID,road,0.000854
39468,BOISE 9,43.4997,-116.185,IPCO,ID,bldg,0.190514
39468,BOISE 9,43.4997,-116.185,IPCO,ID,ind,0.085485
39468,BOISE 9,43.4997,-116.185,IPCO,ID,road,0.000477
39469,BOISE 10,43.5891,-116.115,IPCO,ID,bldg,0.190514
39469,BOISE 10,43.5891,-116.115,IPCO,ID,ind,0.085485
39469,BOISE 10,43.5891,-116.115,IPCO,ID,road,0.000477
39470,OWYHEE,41.9964,-116.136,NEVP,ID,bldg,0.010374
39470,OWYHEE,41.9964,-116.136,NEVP,ID,rail,3e-06
39470,OWYHEE,41.9964,-116.136,NEVP,ID,road,8.1e-05
39471,BOISE 11,43.7341,-116.19,IPCO,ID,bldg,0.285626
39471,BOISE 11,43.7341,-116.19,IPCO,ID,ind,0.128162
39471,BOISE 11,43.7341,-116.19,IPCO,ID,road,0.000715
39472,OROFINO,46.5082,-116.217,BPAT,ID,bldg,0.06649
39472,OROFINO,46.5082,-116.217,BPAT,ID,ind,0.017902
39472,OROFINO,46.5082,-116.217,BPAT,ID,road,0.000577
39473,HORSESHOE BEND,44.0017,-116.059,IPCO,ID,bldg,0.071698
39473,HORSESHOE BEND,44.0017,-116.059,IPCO,ID,ind,0.032172
39473,HORSESHOE BEND,44.0017,-116.059,IPCO,ID,road,0.000179
39474,KELLOGG,47.5428,-116.055,BPAT,ID,bldg,0.123123
39474,KELLOGG,47.5428,-116.055,BPAT,ID,ind,0.03315
39474,KELLOGG,47.5428,-116.055,BPAT,ID,road,0.001069
39475,BOISE 12,43.6242,-116.135,IPCO,ID,bldg,0.10443
39475,BOISE 12,43.6242,-116.135,IPCO,ID,ind,0.046859
39475,BOISE 12,43.6242,-116.135,IPCO,ID,road,0.000261
39476,GRANGEVILLE,45.8513,-116.183,IPCO,ID,bldg,0.123127
39476,GRANGEVILLE,45.8513,-116.183,IPCO,ID,ind,0.055248
39476,GRANGEVILLE,45.8513,-116.183,IPCO,ID,road,0.000308
39477,DONNELLY,44.6507,-116.103,IPCO,ID,bldg,0.02452
39477,DONNELLY,44.6507,-116.103,IPCO,ID,ind,0.011002
39477,DONNELLY,44.6507,-116.103,IPCO,ID,road,6.1e-05
39478,KAMIAH,46.3069,-115.941,BPAT,ID,bldg,0.061382
39478,KAMIAH,46.3069,-115.941,BPAT,ID,ind,0.016526
39478,KAMIAH,46.3069,-115.941,BPAT,ID,road,0.000533
39479,MCCALL,45.0469,-115.909,IPCO,ID,bldg,0.11206
39479,MCCALL,45.0469,-115.909,IPCO,ID,ind,0.050281
39479,MCCALL,45.0469,-115.909,IPCO,ID,road,0.00028
39480,BOISE 13,43.5022,-115.951,IPCO,ID,bldg,0.186088
39480,BOISE 13,43.5022,-115.951,IPCO,ID,ind,0.083499
39480,BOISE 13,43.5022,-115.951,IPCO,ID,road,0.000466
39481,MOUNTAIN HOME 1,43.3434,-115.61,IPCO,ID,bldg,0.266405
39481,MOUNTAIN HOME 1,43.3434,-115.61,IPCO,ID,ind,0.119536
39481,MOUNTAIN HOME 1,43.3434,-115.61,IPCO,ID,road,0.000667
39482,CASCADE 1,44.7551,-115.379,IPCO,ID,bldg,0.031859
39482,CASCADE 1,44.7551,-115.379,IPCO,ID,ind,0.014295
39482,CASCADE 1,44.7551,-115.379,IPCO,ID,road,8e-05
39483,KOOSKIA,46.124,-115.028,IPCO,ID,bldg,0.030461
39483,KOOSKIA,46.124,-115.028,IPCO,ID,ind,0.013668
39483,KOOSKIA,46.124,-115.028,IPCO,ID,road,7.6e-05
39484,BUHL,42.6956,-114.965,IPCO,ID,bldg,0.12336
39484,BUHL,42.6956,-114.965,IPCO,ID,ind,0.055352
39484,BUHL,42.6956,-114.965,IPCO,ID,road,0.000309
39485,WENDELL,42.7329,-114.643,IPCO,ID,bldg,0.069251
39485,WENDELL,42.7329,-114.643,IPCO,ID,ind,0.031073
39485,WENDELL,42.7329,-114.643,IPCO,ID,road,0.000173
39486,GOODING,43.0224,-114.752,IPCO,ID,bldg,0.096626
39486,GOODING,43.0224,-114.752,IPCO,ID,ind,0.043357
39486,GOODING,43.0224,-114.752,IPCO,ID,phase1,0.06946
39486,GOODING,43.0224,-114.752,IPCO,ID,road,0.000242
39487,KETCHUM,43.6743,-114.692,IPCO,ID,bldg,0.0756
39487,KETCHUM,43.6743,-114.692,IPCO,ID,ind,0.033922
39487,KETCHUM,43.6743,-114.692,IPCO,ID,road,0.000189
39488,FILER,42.5657,-114.695,IPCO,ID,bldg,0.078046
39488,FILER,42.5657,-114.695,IPCO,ID,ind,0.03502
39488,FILER,42.5657,-114.695,IPCO,ID,road,0.000195
39489,TWIN FALLS 1,42.4834,-114.485,IPCO,ID,bldg,0.333211
39489,TWIN FALLS 1,42.4834,-114.485,IPCO,ID,ind,0.149514
39489,TWIN FALLS 1,42.4834,-114.485,IPCO,ID,phase1,0.132302
39489,TWIN FALLS 1,42.4834,-114.485,IPCO,ID,road,0.000834
39490,TWIN FALLS 2,42.4652,-114.458,IPCO,ID,bldg,0.333211
39490,TWIN FALLS 2,42.4652,-114.458,IPCO,ID,ind,0.149514
39490,TWIN FALLS 2,42.4652,-114.458,IPCO,ID,road,0.000834
39491,LOLO,46.7133,-114.419,NWMT,ID,bldg,0.069549
39491,LOLO,46.7133,-114.419,NWMT,ID,road,0.000231
39492,JEROME,42.6936,-114.492,IPCO,ID,bldg,0.275317
39492,JEROME,42.6936,-114.492,IPCO,ID,ind,0.123536
39492,JEROME,42.6936,-114.492,IPCO,ID,phase1,0.05953
39492,JEROME,42.6936,-114.492,IPCO,ID,road,0.000689
39493,SHOSHONE,43.0293,-114.393,IPCO,ID,bldg,0.056263
39493,SHOSHONE,43.0293,-114.393,IPCO,ID,ind,0.025246
39493,SHOSHONE,43.0293,-114.393,IPCO,ID,road,0.000141
39494,KIMBERLY 1,42.3756,-114.31,IPCO,ID,bldg,0.109556
39494,KIMBERLY 1,42.3756,-114.31,IPCO,ID,ind,0.049158
39494,KIMBERLY 1,42.3756,-114.31,IPCO,ID,road,0.000274
39495,CHALLIS,44.6377,-114.305,IPCO,ID,bldg,0.039664
39495,CHALLIS,44.6377,-114.305,IPCO,ID,ind,0.017797
39495,CHALLIS,44.6377,-114.305,IPCO,ID,road,9.9e-05
39496,HAILEY,43.6472,-114.278,IPCO,ID,bldg,0.178458
39496,HAILEY,43.6472,-114.278,IPCO,ID,ind,0.080075
39496,HAILEY,43.6472,-114.278,IPCO,ID,road,0.000447
39497,BELLEVUE 8,43.2982,-114.179,IPCO,ID,bldg,0.048167
39497,BELLEVUE 8,43.2982,-114.179,IPCO,ID,ind,0.021613
39497,BELLEVUE 8,43.2982,-114.179,IPCO,ID,road,0.000121
39498,HAZELTON,42.5206,-114.148,IPCO,ID,bldg,0.038033
39498,HAZELTON,42.5206,-114.148,IPCO,ID,ind,0.017066
39498,HAZELTON,42.5206,-114.148,IPCO,ID,road,9.5e-05
39499,SALMON,45.0692,-113.84,IPCO,ID,bldg,0.099829
39499,SALMON,45.0692,-113.84,IPCO,ID,ind,0.044794
39499,SALMON,45.0692,-113.84,IPCO,ID,road,0.00025
39500,HEYBURN,42.6048,-113.902,IPCO,ID,bldg,0.063427
39500,HEYBURN,42.6048,-113.902,IPCO,ID,ind,0.02846
39500,HEYBURN,42.6048,-113.902,IPCO,ID,road,0.000159
39501,BURLEY 1,42.5019,-113.759,IPCO,ID,bldg,0.239206
39501,BURLEY 1,42.5019,-113.759,IPCO,ID,ind,0.107333
39501,BURLEY 1,42.5019,-113.759,IPCO,ID,phase1,0.184855
39501,BURLEY 1,42.5019,-113.759,IPCO,ID,road,0.000599
39502,PAUL,42.6652,-113.783,IPCO,ID,bldg,0.041761
39502,PAUL,42.6652,-113.783,IPCO,ID,ind,0.018739
39502,PAUL,42.6652,-113.783,IPCO,ID,phase1,0.038452
39502,PAUL,42.6652,-113.783,IPCO,ID,road,0.000105
39503,RUPERT 1,42.6767,-113.576,IPCO,ID,bldg,0.157199
39503,RUPERT 1,42.6767,-113.576,IPCO,ID,ind,0.070536
39503,RUPERT 1,42.6767,-113.576,IPCO,ID,road,0.000393
39504,DECLO,42.4475,-113.433,IPCO,ID,bldg,0.051895
39504,DECLO,42.4475,-113.433,IPCO,ID,ind,0.023285
39504,DECLO,42.4475,-113.433,IPCO,ID,road,0.00013
39505,ARCO,43.5699,-113.202,IPCO,ID,bldg,0.041528
39505,ARCO,43.5699,-113.202,IPCO,ID,ind,0.018634
39505,ARCO,43.5699,-113.202,IPCO,ID,road,0.000104
39506,AMERICAN FALLS 1,42.6449,-112.988,PACE,ID,bldg,0.059953
39506,AMERICAN FALLS 1,42.6449,-112.988,PACE,ID,ind,0.026344
39506,AMERICAN FALLS 1,42.6449,-112.988,PACE,ID,rail,9.5e-05
39506,AMERICAN FALLS 1,42.6449,-112.988,PACE,ID,road,0.000364
39507,ABERDEEN 3,43.0069,-112.817,PACE,ID,bldg,0.029957
39507,ABERDEEN 3,43.0069,-112.817,PACE,ID,ind,0.013163
39507,ABERDEEN 3,43.0069,-112.817,PACE,ID,rail,4.8e-05
39507,ABERDEEN 3,43.0069,-112.817,PACE,ID,road,0.000182
39508,POCATELLO 1,42.8562,-112.669,PACE,ID,bldg,0.166715
39508,POCATELLO 1,42.8562,-112.669,PACE,ID,ind,0.073258
39508,POCATELLO 1,42.8562,-112.669,PACE,ID,phase1,0.186365
39508,POCATELLO 1,42.8562,-112.669,PACE,ID,rail,0.000265
39508,POCATELLO 1,42.8562,-112.669,PACE,ID,road,0.001013
39509,BLACKFOOT 1,43.2608,-112.497,PACE,ID,bldg,0.1173
39509,BLACKFOOT 1,43.2608,-112.497,PACE,ID,ind,0.051544
39509,BLACKFOOT 1,43.2608,-112.497,PACE,ID,rail,0.000186
39509,BLACKFOOT 1,43.2608,-112.497,PACE,ID,road,0.000713
39510,BLACKFOOT 2,43.2519,-112.514,PACE,ID,bldg,0.130325
39510,BLACKFOOT 2,43.2519,-112.514,PACE,ID,ind,0.057268
39510,BLACKFOOT 2,43.2519,-112.514,PACE,ID,rail,0.000207
39510,BLACKFOOT 2,43.2519,-112.514,PACE,ID,road,0.000792
39511,MALAD CITY,42.2443,-112.425,PACE,ID,bldg,0.037969
39511,MALAD CITY,42.2443,-112.425,PACE,ID,ind,0.016684
39511,MALAD CITY,42.2443,-112.425,PACE,ID,rail,6e-05
39511,MALAD CITY,42.2443,-112.425,PACE,ID,road,0.000231
39512,POCATELLO 2,42.9969,-112.353,PACE,ID,bldg,0.164189
39512,POCATELLO 2,42.9969,-112.353,PACE,ID,ind,0.072148
39512,POCATELLO 2,42.9969,-112.353,PACE,ID,rail,0.000261
39512,POCATELLO 2,42.9969,-112.353,PACE,ID,road,0.000998
39513,POCATELLO 3,42.8643,-112.366,PACE,ID,bldg,0.161505
39513,POCATELLO 3,42.8643,-112.366,PACE,ID,ind,0.070969
39513,POCATELLO 3,42.8643,-112.366,PACE,ID,rail,0.000256
39513,POCATELLO 3,42.8643,-112.366,PACE,ID,road,0.000982
39514,INKOM,42.783,-112.114,PACE,ID,bldg,0.046967
39514,INKOM,42.783,-112.114,PACE,ID,ind,0.020639
39514,INKOM,42.783,-112.114,PACE,ID,rail,7.5e-05
39514,INKOM,42.783,-112.114,PACE,ID,road,0.000285
39515,POCATELLO 4,42.9122,-112.247,PACE,ID,bldg,0.187633
39515,POCATELLO 4,42.9122,-112.247,PACE,ID,ind,0.08245
39515,POCATELLO 4,42.9122,-112.247,PACE,ID,rail,0.000298
39515,POCATELLO 4,42.9122,-112.247,PACE,ID,road,0.00114
39516,IDAHO FALLS 1,43.6107,-112.172,PACE,ID,bldg,0.145481
39516,IDAHO FALLS 1,43.6107,-112.172,PACE,ID,ind,0.063928
39516,IDAHO FALLS 1,43.6107,-112.172,PACE,ID,rail,0.000231
39516,IDAHO FALLS 1,43.6107,-112.172,PACE,ID,road,0.000884
39517,IDAHO FALLS 2,43.48,-112.181,PACE,ID,bldg,0.113195
39517,IDAHO FALLS 2,43.48,-112.181,PACE,ID,ind,0.049741
39517,IDAHO FALLS 2,43.48,-112.181,PACE,ID,rail,0.00018
39517,IDAHO FALLS 2,43.48,-112.181,PACE,ID,road,0.000688
39518,SHELLEY,43.4466,-112.198,PACE,ID,bldg,0.080279
39518,SHELLEY,43.4466,-112.198,PACE,ID,ind,0.035276
39518,SHELLEY,43.4466,-112.198,PACE,ID,rail,0.000127
39518,SHELLEY,43.4466,-112.198,PACE,ID,road,0.000488
39519,IDAHO FALLS 3,43.4132,-112.001,PACE,ID,bldg,0.187593
39519,IDAHO FALLS 3,43.4132,-112.001,PACE,ID,ind,0.082433
39519,IDAHO FALLS 3,43.4132,-112.001,PACE,ID,rail,0.000298
39519,IDAHO FALLS 3,43.4132,-112.001,PACE,ID,road,0.00114
39520,RIGBY,43.6902,-111.834,PACE,ID,bldg,0.167149
39520,RIGBY,43.6902,-111.834,PACE,ID,ind,0.073449
39520,RIGBY,43.6902,-111.834,PACE,ID,rail,0.000265
39520,RIGBY,43.6902,-111.834,PACE,ID,road,0.001016
39521,IDAHO FALLS 4,43.6197,-111.955,PACE,ID,bldg,0.184357
39521,IDAHO FALLS 4,43.6197,-111.955,PACE,ID,ind,0.081011
39521,IDAHO FALLS 4,43.6197,-111.955,PACE,ID,rail,0.000293
39521,IDAHO FALLS 4,43.6197,-111.955,PACE,ID,road,0.00112
39522,IDAHO FALLS 5,43.5253,-111.939,PACE,ID,bldg,0.169438
39522,IDAHO FALLS 5,43.5253,-111.939,PACE,ID,ind,0.074455
39522,IDAHO FALLS 5,43.5253,-111.939,PACE,ID,rail,0.000269
39522,IDAHO FALLS 5,43.5253,-111.939,PACE,ID,road,0.00103
39523,FIRTH,43.1423,-111.914,PACE,ID,bldg,0.022694
39523,FIRTH,43.1423,-111.914,PACE,ID,ind,0.009972
39523,FIRTH,43.1423,-111.914,PACE,ID,rail,3.6e-05
39523,FIRTH,43.1423,-111.914,PACE,ID,road,0.000138
39524,REXBURG 1,43.8042,-111.724,PACE,ID,bldg,0.164583
39524,REXBURG 1,43.8042,-111.724,PACE,ID,ind,0.072322
39524,REXBURG 1,43.8042,-111.724,PACE,ID,rail,0.000261
39524,REXBURG 1,43.8042,-111.724,PACE,ID,road,0.001
39525,REXBURG 2,43.7976,-111.844,PACE,ID,bldg,0.165373
39525,REXBURG 2,43.7976,-111.844,PACE,ID,ind,0.072668
39525,REXBURG 2,43.7976,-111.844,PACE,ID,rail,0.000262
39525,REXBURG 2,43.7976,-111.844,PACE,ID,road,0.001005
39526,IDAHO FALLS 6,43.4531,-111.85,PACE,ID,bldg,0.138061
39526,IDAHO FALLS 6,43.4531,-111.85,PACE,ID,ind,0.060667
39526,IDAHO FALLS 6,43.4531,-111.85,PACE,ID,rail,0.000219
39526,IDAHO FALLS 6,43.4531,-111.85,PACE,ID,road,0.000839
39527,SAINT ANTHONY,43.8878,-111.796,PACE,ID,bldg,0.093461
39527,SAINT ANTHONY,43.8878,-111.796,PACE,ID,ind,0.041069
39527,SAINT ANTHONY,43.8878,-111.796,PACE,ID,phase1,0.090851
39527,SAINT ANTHONY,43.8878,-111.796,PACE,ID,rail,0.000148
39527,SAINT ANTHONY,43.8878,-111.796,PACE,ID,road,0.000568
39528,GRACE 1,42.5884,-111.85,PACE,ID,bldg,0.037021
39528,GRACE 1,42.5884,-111.85,PACE,ID,ind,0.016268
39528,GRACE 1,42.5884,-111.85,PACE,ID,rail,5.9e-05
39528,GRACE 1,42.5884,-111.85,PACE,ID,road,0.000225
39529,PRESTON 1,42.0861,-111.75,PACE,ID,bldg,0.103723
39529,PRESTON 1,42.0861,-111.75,PACE,ID,ind,0.045578
39529,PRESTON 1,42.0861,-111.75,PACE,ID,rail,0.000165
39529,PRESTON 1,42.0861,-111.75,PACE,ID,road,0.00063
39530,SODA SPRINGS,42.7162,-111.492,PACE,ID,bldg,0.045033
39530,SODA SPRINGS,42.7162,-111.492,PACE,ID,ind,0.019788
39530,SODA SPRINGS,42.7162,-111.492,PACE,ID,phase1,1.362457
39530,SODA SPRINGS,42.7162,-111.492,PACE,ID,rail,7.1e-05
39530,SODA SPRINGS,42.7162,-111.492,PACE,ID,road,0.000274
39531,ASHTON,44.0744,-111.437,PACE,ID,bldg,0.053953
39531,ASHTON,44.0744,-111.437,PACE,ID,ind,0.023708
39531,ASHTON,44.0744,-111.437,PACE,ID,rail,8.6e-05
39531,ASHTON,44.0744,-111.437,PACE,ID,road,0.000328
39532,MONTPELIER,42.381,-111.174,PACE,ID,bldg,0.039153
39532,MONTPELIER,42.381,-111.174,PACE,ID,ind,0.017204
39532,MONTPELIER,42.381,-111.174,PACE,ID,rail,6.2e-05
39532,MONTPELIER,42.381,-111.174,PACE,ID,road,0.000238
39533,VICTOR 1,43.615,-111.173,PACE,ID,bldg,0.082213
39533,VICTOR 1,43.615,-111.173,PACE,ID,ind,0.036126
39533,VICTOR 1,43.615,-111.173,PACE,ID,rail,0.00013
39533,VICTOR 1,43.615,-111.173,PACE,ID,road,0.0005
39534,IRWIN,43.3348,-111.206,PACE,ID,bldg,0.011012
39534,IRWIN,43.3348,-111.206,PACE,ID,ind,0.004839
39534,IRWIN,43.3348,-111.206,PACE,ID,rail,1.7e-05
39534,IRWIN,43.3348,-111.206,PACE,ID,road,6.7e-05
39538,LEWISTON 4,46.4231,-116.976,BPAT,ID,bldg,0.009767
39538,LEWISTON 4,46.4231,-116.976,BPAT,ID,ind,0.00263
39538,LEWISTON 4,46.4231,-116.976,BPAT,ID,phase1,0.085397
39538,LEWISTON 4,46.4231,-116.976,BPAT,ID,road,8.5e-05
39540,MOUNTAIN HOME 3,43.1792,-115.734,IPCO,ID,bldg,0.056787
39540,MOUNTAIN HOME 3,43.1792,-115.734,IPCO,ID,ind,0.025481
39540,MOUNTAIN HOME 3,43.1792,-115.734,IPCO,ID,road,0.000142
39542,HAGERMAN 2,42.8744,-115.017,IPCO,ID,bldg,0.030228
39542,HAGERMAN 2,42.8744,-115.017,IPCO,ID,ind,0.013564
39542,HAGERMAN 2,42.8744,-115.017,IPCO,ID,road,7.6e-05
39543,KUNA 2,43.2435,-116.379,IPCO,ID,bldg,0.051138
39543,KUNA 2,43.2435,-116.379,IPCO,ID,ind,0.022945
39543,KUNA 2,43.2435,-116.379,IPCO,ID,road,0.000128
39545,CLARK FORK,48.0844,-116.053,AVA,ID,bldg,0.02883
39545,CLARK FORK,48.0844,-116.053,AVA,ID,ind,0.008315
39545,CLARK FORK,48.0844,-116.053,AVA,ID,road,0.000102
39548,CAMBRIDGE,44.8367,-116.897,IPCO,ID,bldg,0.03681
39548,CAMBRIDGE,44.8367,-116.897,IPCO,ID,ind,0.016516
39548,CAMBRIDGE,44.8367,-116.897,IPCO,ID,road,9.2e-05
39552,PONDERAY,48.9595,-116.557,BPAT,ID,bldg,0.000448
39552,PONDERAY,48.9595,-116.557,BPAT,ID,ind,0.00012
39552,PONDERAY,48.9595,-116.557,BPAT,ID,road,4e-06
39554,GLENNS FERRY 1,43.0281,-115.4,IPCO,ID,bldg,0.017124
39554,GLENNS FERRY 1,43.0281,-115.4,IPCO,ID,ind,0.007684
39554,GLENNS FERRY 1,43.0281,-115.4,IPCO,ID,road,4.3e-05
39556,AHSAHKA,46.5143,-116.298,BPAT,ID,bldg,0.027331
39556,AHSAHKA,46.5143,-116.298,BPAT,ID,ind,0.007358
39556,AHSAHKA,46.5143,-116.298,BPAT,ID,road,0.000237
39558,GLENNS FERRY 2,43.0566,-115.452,IPCO,ID,bldg,0.027374
39558,GLENNS FERRY 2,43.0566,-115.452,IPCO,ID,ind,0.012283
39558,GLENNS FERRY 2,43.0566,-115.452,IPCO,ID,road,6.9e-05
39559,PRESTON 2,42.2678,-111.749,PACE,ID,bldg,0.014603
39559,PRESTON 2,42.2678,-111.749,PACE,ID,ind,0.006417
39559,PRESTON 2,42.2678,-111.749,PACE,ID,rail,2.3e-05
39559,PRESTON 2,42.2678,-111.749,PACE,ID,road,8.9e-05
39568,AMERICAN FALLS 4,42.7778,-112.876,PACE,ID,phase1,0.090691
39570,KIMBERLY 2,42.5892,-114.355,IPCO,ID,phase1,0.058217
39576,LAME DEER,45.598,-106.728,NWMT,MT,bldg,0.035752
39576,LAME DEER,45.598,-106.728,NWMT,MT,ind,0.015719
39576,LAME DEER,45.598,-106.728,NWMT,MT,road,0.000119
39577,FORSYTH,46.3057,-106.596,NWMT,MT,bldg,0.045472
39577,FORSYTH,46.3057,-106.596,NWMT,MT,ind,0.019993
39577,FORSYTH,46.3057,-106.596,NWMT,MT,road,0.000151
39578,SHERIDAN 2,44.9288,-106.856,WACM,MT,bldg,0.24654
39578,SHERIDAN 2,44.9288,-106.856,WACM,MT,ind,0.463257
39578,SHERIDAN 2,44.9288,-106.856,WACM,MT,road,0.000972
39579,GLASGOW 1,48.0622,-106.889,NWMT,MT,bldg,0.059941
39579,GLASGOW 1,48.0622,-106.889,NWMT,MT,ind,0.026354
39579,GLASGOW 1,48.0622,-106.889,NWMT,MT,road,0.000199
39580,CROW AGENCY,45.5219,-107.228,NWMT,MT,bldg,0.037707
39580,CROW AGENCY,45.5219,-107.228,NWMT,MT,ind,0.016579
39580,CROW AGENCY,45.5219,-107.228,NWMT,MT,road,0.000125
39581,LODGE GRASS,45.2771,-107.617,NWMT,MT,bldg,0.024356
39581,LODGE GRASS,45.2771,-107.617,NWMT,MT,ind,0.010709
39581,LODGE GRASS,45.2771,-107.617,NWMT,MT,road,8.1e-05
39582,HARDIN 1,45.6754,-107.652,NWMT,MT,bldg,0.06117
39582,HARDIN 1,45.6754,-107.652,NWMT,MT,ind,0.026894
39582,HARDIN 1,45.6754,-107.652,NWMT,MT,road,0.000204
39583,MALTA 2,48.052,-107.755,NWMT,MT,bldg,0.044634
39583,MALTA 2,48.052,-107.755,NWMT,MT,ind,0.019624
39583,MALTA 2,48.052,-107.755,NWMT,MT,road,0.000149
39584,WORDEN,46.0377,-108.121,NWMT,MT,bldg,0.033573
39584,WORDEN,46.0377,-108.121,NWMT,MT,ind,0.014762
39584,WORDEN,46.0377,-108.121,NWMT,MT,road,0.000112
39585,SHEPHERD,46.1321,-108.374,NWMT,MT,bldg,0.03888
39585,SHEPHERD,46.1321,-108.374,NWMT,MT,ind,0.017095
39585,SHEPHERD,46.1321,-108.374,NWMT,MT,road,0.000129
39586,BILLINGS 1,45.7018,-108.339,NWMT,MT,bldg,0.239707
39586,BILLINGS 1,45.7018,-108.339,NWMT,MT,ind,0.105393
39586,BILLINGS 1,45.7018,-108.339,NWMT,MT,road,0.000798
39587,BILLINGS 2,45.5942,-108.297,NWMT,MT,bldg,0.220993
39587,BILLINGS 2,45.5942,-108.297,NWMT,MT,ind,0.097165
39587,BILLINGS 2,45.5942,-108.297,NWMT,MT,road,0.000735
39588,BILLINGS 3,45.9747,-108.445,NWMT,MT,bldg,0.167309
39588,BILLINGS 3,45.9747,-108.445,NWMT,MT,ind,0.073562
39588,BILLINGS 3,45.9747,-108.445,NWMT,MT,road,0.000557
39589,BILLINGS 4,45.9355,-108.444,NWMT,MT,bldg,0.165465
39589,BILLINGS 4,45.9355,-108.444,NWMT,MT,ind,0.072751
39589,BILLINGS 4,45.9355,-108.444,NWMT,MT,road,0.000551
39590,ROUNDUP,46.4834,-108.568,NWMT,MT,bldg,0.057092
39590,ROUNDUP,46.4834,-108.568,NWMT,MT,ind,0.025102
39590,ROUNDUP,46.4834,-108.568,NWMT,MT,road,0.00019
39591,BILLINGS 5,45.8161,-108.561,NWMT,MT,bldg,0.260096
39591,BILLINGS 5,45.8161,-108.561,NWMT,MT,ind,0.114358
39591,BILLINGS 5,45.8161,-108.561,NWMT,MT,road,0.000865
39592,BILLINGS 6,45.7965,-108.641,NWMT,MT,bldg,0.260096
39592,BILLINGS 6,45.7965,-108.641,NWMT,MT,ind,0.114358
39592,BILLINGS 6,45.7965,-108.641,NWMT,MT,road,0.000865
39593,BILLINGS 7,45.9055,-108.66,NWMT,MT,bldg,0.144684
39593,BILLINGS 7,45.9055,-108.66,NWMT,MT,ind,0.063614
39593,BILLINGS 7,45.9055,-108.66,NWMT,MT,road,0.000481
39594,HARLEM,48.504,-108.788,NWMT,MT,bldg,0.032233
39594,HARLEM,48.504,-108.788,NWMT,MT,ind,0.014172
39594,HARLEM,48.504,-108.788,NWMT,MT,road,0.000107
39595,LAUREL,45.591,-108.629,NWMT,MT,bldg,0.130383
39595,LAUREL,45.591,-108.629,NWMT,MT,ind,0.057326
39595,LAUREL,45.591,-108.629,NWMT,MT,road,0.000434
39596,HAYS,48.0697,-108.709,NWMT,MT,bldg,0.020557
39596,HAYS,48.0697,-108.709,NWMT,MT,ind,0.009038
39596,HAYS,48.0697,-108.709,NWMT,MT,road,6.8e-05
39597,BRIDGER,45.1576,-108.768,NWMT,MT,bldg,0.028937
39597,BRIDGER,45.1576,-108.768,NWMT,MT,ind,0.012723
39597,BRIDGER,45.1576,-108.768,NWMT,MT,road,9.6e-05
39598,PARK CITY 3,45.7488,-109.039,NWMT,MT,bldg,0.033182
39598,PARK CITY 3,45.7488,-109.039,NWMT,MT,ind,0.01459
39598,PARK CITY 3,45.7488,-109.039,NWMT,MT,road,0.00011
39599,JOLIET,45.5029,-108.899,NWMT,MT,bldg,0.037093
39599,JOLIET,45.5029,-108.899,NWMT,MT,ind,0.016308
39599,JOLIET,45.5029,-108.899,NWMT,MT,road,0.000123
39600,COLUMBUS 2,45.6608,-109.199,NWMT,MT,bldg,0.044355
39600,COLUMBUS 2,45.6608,-109.199,NWMT,MT,ind,0.019502
39600,COLUMBUS 2,45.6608,-109.199,NWMT,MT,road,0.000148
39601,CHINOOK,48.5202,-109.288,NWMT,MT,bldg,0.025976
39601,CHINOOK,48.5202,-109.288,NWMT,MT,ind,0.011421
39601,CHINOOK,48.5202,-109.288,NWMT,MT,road,8.6e-05
39602,LEWISTOWN,47.1501,-109.39,NWMT,MT,bldg,0.124574
39602,LEWISTOWN,47.1501,-109.39,NWMT,MT,ind,0.054772
39602,LEWISTOWN,47.1501,-109.39,NWMT,MT,road,0.000414
39603,RED LODGE,45.0254,-109.416,NWMT,MT,bldg,0.045472
39603,RED LODGE,45.0254,-109.416,NWMT,MT,ind,0.019993
39603,RED LODGE,45.0254,-109.416,NWMT,MT,road,0.000151
39604,ABSAROKEE,45.6043,-109.441,NWMT,MT,bldg,0.028378
39604,ABSAROKEE,45.6043,-109.441,NWMT,MT,ind,0.012477
39604,ABSAROKEE,45.6043,-109.441,NWMT,MT,road,9.4e-05
39605,HAVRE,48.5999,-109.79,NWMT,MT,bldg,0.149824
39605,HAVRE,48.5999,-109.79,NWMT,MT,ind,0.065874
39605,HAVRE,48.5999,-109.79,NWMT,MT,road,0.000499
39606,BOX ELDER,48.2948,-109.864,NWMT,MT,bldg,0.050332
39606,BOX ELDER,48.2948,-109.864,NWMT,MT,ind,0.02213
39606,BOX ELDER,48.2948,-109.864,NWMT,MT,road,0.000167
39607,HARLOWTON,46.549,-109.875,NWMT,MT,bldg,0.040445
39607,HARLOWTON,46.549,-109.875,NWMT,MT,ind,0.017782
39607,HARLOWTON,46.549,-109.875,NWMT,MT,road,0.000135
39608,BIG TIMBER,45.8849,-109.888,NWMT,MT,bldg,0.038657
39608,BIG TIMBER,45.8849,-109.888,NWMT,MT,ind,0.016996
39608,BIG TIMBER,45.8849,-109.888,NWMT,MT,road,0.000129
39609,GARDINER,45.0628,-110.448,NWMT,MT,bldg,0.015083
39609,GARDINER,45.0628,-110.448,NWMT,MT,ind,0.006632
39609,GARDINER,45.0628,-110.448,NWMT,MT,road,5e-05
39610,LIVINGSTON 2,45.555,-110.664,NWMT,MT,bldg,0.136472
39610,LIVINGSTON 2,45.555,-110.664,NWMT,MT,ind,0.060003
39610,LIVINGSTON 2,45.555,-110.664,NWMT,MT,road,0.000454
39611,FORT BENTON,47.9809,-110.627,NWMT,MT,bldg,0.031618
39611,FORT BENTON,47.9809,-110.627,NWMT,MT,ind,0.013902
39611,FORT BENTON,47.9809,-110.627,NWMT,MT,road,0.000105
39612,BELT,47.3014,-110.877,NWMT,MT,bldg,0.041394
39612,BELT,47.3014,-110.877,NWMT,MT,ind,0.0182
39612,BELT,47.3014,-110.877,NWMT,MT,road,0.000138
39613,BOZEMAN 1,45.8284,-110.826,NWMT,MT,bldg,0.191162
39613,BOZEMAN 1,45.8284,-110.826,NWMT,MT,ind,0.084049
39613,BOZEMAN 1,45.8284,-110.826,NWMT,MT,road,0.000636
39614,BOZEMAN 2,45.8708,-110.907,NWMT,MT,bldg,0.176358
39614,BOZEMAN 2,45.8708,-110.907,NWMT,MT,ind,0.077541
39614,BOZEMAN 2,45.8708,-110.907,NWMT,MT,road,0.000587
39615,CHESTER,48.603,-111.089,NWMT,MT,bldg,0.032344
39615,CHESTER,48.603,-111.089,NWMT,MT,ind,0.014221
39615,CHESTER,48.603,-111.089,NWMT,MT,road,0.000108
39616,WHITE SULPHUR SPRINGS,46.6534,-111.139,NWMT,MT,bldg,0.018826
39616,WHITE SULPHUR SPRINGS,46.6534,-111.139,NWMT,MT,ind,0.008277
39616,WHITE SULPHUR SPRINGS,46.6534,-111.139,NWMT,MT,road,6.3e-05
39617,BOZEMAN 3,45.6639,-111.097,NWMT,MT,bldg,0.152896
39617,BOZEMAN 3,45.6639,-111.097,NWMT,MT,ind,0.067224
39617,BOZEMAN 3,45.6639,-111.097,NWMT,MT,road,0.000509
39618,BOZEMAN 4,45.5053,-111.153,NWMT,MT,bldg,0.152896
39618,BOZEMAN 4,45.5053,-111.153,NWMT,MT,ind,0.067224
39618,BOZEMAN 4,45.5053,-111.153,NWMT,MT,road,0.000509
39619,BELGRADE,46.0721,-111.031,NWMT,MT,bldg,0.203843
39619,BELGRADE,46.0721,-111.031,NWMT,MT,ind,0.089625
39619,BELGRADE,46.0721,-111.031,NWMT,MT,road,0.000678
39620,GALLATIN GATEWAY,45.3432,-111.09,NWMT,MT,bldg,0.029328
39620,GALLATIN GATEWAY,45.3432,-111.09,NWMT,MT,ind,0.012895
39620,GALLATIN GATEWAY,45.3432,-111.09,NWMT,MT,road,9.8e-05
39621,WEST YELLOWSTONE,44.7624,-111.268,NWMT,MT,bldg,0.025697
39621,WEST YELLOWSTONE,44.7624,-111.268,NWMT,MT,ind,0.011298
39621,WEST YELLOWSTONE,44.7624,-111.268,NWMT,MT,road,8.6e-05
39622,GREAT FALLS 1,47.5036,-111.228,NWMT,MT,bldg,0.16122
39622,GREAT FALLS 1,47.5036,-111.228,NWMT,MT,ind,0.070884
39622,GREAT FALLS 1,47.5036,-111.228,NWMT,MT,road,0.000536
39623,GREAT FALLS 2,47.2238,-111.219,NWMT,MT,bldg,0.179878
39623,GREAT FALLS 2,47.2238,-111.219,NWMT,MT,ind,0.079088
39623,GREAT FALLS 2,47.2238,-111.219,NWMT,MT,road,0.000599
39624,GREAT FALLS 3,47.345,-111.272,NWMT,MT,bldg,0.175632
39624,GREAT FALLS 3,47.345,-111.272,NWMT,MT,ind,0.077221
39624,GREAT FALLS 3,47.345,-111.272,NWMT,MT,road,0.000584
39625,GREAT FALLS 4,47.662,-111.315,NWMT,MT,bldg,0.152058
39625,GREAT FALLS 4,47.662,-111.315,NWMT,MT,ind,0.066856
39625,GREAT FALLS 4,47.662,-111.315,NWMT,MT,road,0.000506
39626,GREAT FALLS 5,47.5522,-111.332,NWMT,MT,bldg,0.168091
39626,GREAT FALLS 5,47.5522,-111.332,NWMT,MT,ind,0.073905
39626,GREAT FALLS 5,47.5522,-111.332,NWMT,MT,road,0.000559
39627,MANHATTAN,45.829,-111.461,NWMT,MT,bldg,0.056365
39627,MANHATTAN,45.829,-111.461,NWMT,MT,ind,0.024783
39627,MANHATTAN,45.829,-111.461,NWMT,MT,road,0.000188
39628,TOWNSEND,46.5,-111.509,NWMT,MT,bldg,0.048824
39628,TOWNSEND,46.5,-111.509,NWMT,MT,ind,0.021467
39628,TOWNSEND,46.5,-111.509,NWMT,MT,road,0.000162
39629,THREE FORKS,45.9546,-111.478,NWMT,MT,bldg,0.043238
39629,THREE FORKS,45.9546,-111.478,NWMT,MT,ind,0.01901
39629,THREE FORKS,45.9546,-111.478,NWMT,MT,road,0.000144
39630,VAUGHN,47.5955,-111.687,NWMT,MT,bldg,0.026032
39630,VAUGHN,47.5955,-111.687,NWMT,MT,ind,0.011446
39630,VAUGHN,47.5955,-111.687,NWMT,MT,road,8.7e-05
39631,ENNIS,45.2176,-111.624,NWMT,MT,bldg,0.053405
39631,ENNIS,45.2176,-111.624,NWMT,MT,ind,0.023481
39631,ENNIS,45.2176,-111.624,NWMT,MT,road,0.000178
39632,SHELBY,48.5213,-111.671,NWMT,MT,bldg,0.047595
39632,SHELBY,48.5213,-111.671,NWMT,MT,ind,0.020926
39632,SHELBY,48.5213,-111.671,NWMT,MT,road,0.000158
39633,CASCADE 2,47.1731,-111.797,NWMT,MT,bldg,0.033462
39633,CASCADE 2,47.1731,-111.797,NWMT,MT,ind,0.014713
39633,CASCADE 2,47.1731,-111.797,NWMT,MT,road,0.000111
39634,EAST HELENA,46.6125,-111.763,NWMT,MT,bldg,0.081336
39634,EAST HELENA,46.6125,-111.763,NWMT,MT,ind,0.035762
39634,EAST HELENA,46.6125,-111.763,NWMT,MT,road,0.000271
39635,CONRAD,48.207,-111.919,NWMT,MT,bldg,0.045696
39635,CONRAD,48.207,-111.919,NWMT,MT,ind,0.020092
39635,CONRAD,48.207,-111.919,NWMT,MT,road,0.000152
39636,HELENA 1,46.6663,-111.831,NWMT,MT,bldg,0.271325
39636,HELENA 1,46.6663,-111.831,NWMT,MT,ind,0.119295
39636,HELENA 1,46.6663,-111.831,NWMT,MT,road,0.000903
39637,CLANCY,46.3901,-111.927,NWMT,MT,bldg,0.082397
39637,CLANCY,46.3901,-111.927,NWMT,MT,ind,0.036228
39637,CLANCY,46.3901,-111.927,NWMT,MT,road,0.000274
39638,SHERIDAN 3,45.3671,-112.169,NWMT,MT,bldg,0.032289
39638,SHERIDAN 3,45.3671,-112.169,NWMT,MT,ind,0.014197
39638,SHERIDAN 3,45.3671,-112.169,NWMT,MT,road,0.000107
39639,WHITEHALL,45.8125,-112.212,NWMT,MT,bldg,0.049997
39639,WHITEHALL,45.8125,-112.212,NWMT,MT,ind,0.021983
39639,WHITEHALL,45.8125,-112.212,NWMT,MT,road,0.000166
39640,HELENA 2,46.5927,-112.242,NWMT,MT,bldg,0.173118
39640,HELENA 2,46.5927,-112.242,NWMT,MT,ind,0.076116
39640,HELENA 2,46.5927,-112.242,NWMT,MT,road,0.000576
39641,HELENA 3,46.5927,-112.181,NWMT,MT,bldg,0.163733
39641,HELENA 3,46.5927,-112.181,NWMT,MT,ind,0.071989
39641,HELENA 3,46.5927,-112.181,NWMT,MT,road,0.000545
39642,VALIER,48.2422,-112.316,NWMT,MT,bldg,0.027205
39642,VALIER,48.2422,-112.316,NWMT,MT,ind,0.011961
39642,VALIER,48.2422,-112.316,NWMT,MT,road,9.1e-05
39643,CHOTEAU,47.8808,-112.39,NWMT,MT,bldg,0.030613
39643,CHOTEAU,47.8808,-112.39,NWMT,MT,ind,0.01346
39643,CHOTEAU,47.8808,-112.39,NWMT,MT,road,0.000102
39644,BUTTE 1,46.0684,-112.506,NWMT,MT,bldg,0.188481
39644,BUTTE 1,46.0684,-112.506,NWMT,MT,ind,0.082871
39644,BUTTE 1,46.0684,-112.506,NWMT,MT,road,0.000627
39645,BUTTE 2,45.9898,-112.406,NWMT,MT,bldg,0.185185
39645,BUTTE 2,45.9898,-112.406,NWMT,MT,ind,0.081421
39645,BUTTE 2,45.9898,-112.406,NWMT,MT,road,0.000616
39646,CUT BANK,48.7221,-112.532,NWMT,MT,bldg,0.053125
39646,CUT BANK,48.7221,-112.532,NWMT,MT,ind,0.023358
39646,CUT BANK,48.7221,-112.532,NWMT,MT,road,0.000177
39647,LINCOLN 4,47.0344,-112.64,NWMT,MT,bldg,0.027373
39647,LINCOLN 4,47.0344,-112.64,NWMT,MT,ind,0.012035
39647,LINCOLN 4,47.0344,-112.64,NWMT,MT,road,9.1e-05
39648,DEER LODGE,46.3299,-112.755,NWMT,MT,bldg,0.071784
39648,DEER LODGE,46.3299,-112.755,NWMT,MT,ind,0.031561
39648,DEER LODGE,46.3299,-112.755,NWMT,MT,road,0.000239
39649,DILLON 2,45.0416,-112.768,NWMT,MT,bldg,0.092844
39649,DILLON 2,45.0416,-112.768,NWMT,MT,ind,0.040821
39649,DILLON 2,45.0416,-112.768,NWMT,MT,road,0.000309
39650,BROWNING,48.6049,-113.094,NWMT,MT,bldg,0.096531
39650,BROWNING,48.6049,-113.094,NWMT,MT,ind,0.042442
39650,BROWNING,48.6049,-113.094,NWMT,MT,road,0.000321
39651,ANACONDA 1,46.0671,-113.159,NWMT,MT,bldg,0.105636
39651,ANACONDA 1,46.0671,-113.159,NWMT,MT,ind,0.046446
39651,ANACONDA 1,46.0671,-113.159,NWMT,MT,road,0.000351
39652,PHILIPSBURG,46.1965,-113.404,NWMT,MT,bldg,0.017206
39652,PHILIPSBURG,46.1965,-113.404,NWMT,MT,ind,0.007565
39652,PHILIPSBURG,46.1965,-113.404,NWMT,MT,road,5.7e-05
39653,SEELEY LAKE,47.2969,-113.564,NWMT,MT,bldg,0.02296
39653,SEELEY LAKE,47.2969,-113.564,NWMT,MT,ind,0.010095
39653,SEELEY LAKE,47.2969,-113.564,NWMT,MT,road,7.6e-05
39654,CLINTON 2,46.632,-113.773,NWMT,MT,bldg,0.040054
39654,CLINTON 2,46.632,-113.773,NWMT,MT,ind,0.01761
39654,CLINTON 2,46.632,-113.773,NWMT,MT,road,0.000133
39655,BIGFORK,47.656,-113.653,BPAT,MT,bldg,0.076302
39655,BIGFORK,47.656,-113.653,BPAT,MT,ind,0.011339
39655,BIGFORK,47.656,-113.653,BPAT,MT,road,0.000662
39656,MISSOULA 1,46.9033,-113.878,NWMT,MT,bldg,0.223115
39656,MISSOULA 1,46.9033,-113.878,NWMT,MT,ind,0.098099
39656,MISSOULA 1,46.9033,-113.878,NWMT,MT,road,0.000742
39657,MISSOULA 2,46.7477,-114.05,NWMT,MT,bldg,0.18295
39657,MISSOULA 2,46.7477,-114.05,NWMT,MT,ind,0.080439
39657,MISSOULA 2,46.7477,-114.05,NWMT,MT,road,0.000609
39658,CORVALLIS 4,46.2678,-113.925,NWMT,MT,bldg,0.064354
39658,CORVALLIS 4,46.2678,-113.925,NWMT,MT,ind,0.028295
39658,CORVALLIS 4,46.2678,-113.925,NWMT,MT,road,0.000214
39659,SAINT IGNATIUS,47.3103,-113.948,BPAT,MT,bldg,0.02854
39659,SAINT IGNATIUS,47.3103,-113.948,BPAT,MT,ind,0.004241
39659,SAINT IGNATIUS,47.3103,-113.948,BPAT,MT,road,0.000248
39660,MISSOULA 3,46.9164,-114.107,NWMT,MT,bldg,0.172839
39660,MISSOULA 3,46.9164,-114.107,NWMT,MT,ind,0.075993
39660,MISSOULA 3,46.9164,-114.107,NWMT,MT,road,0.000575
39661,MISSOULA 4,46.9543,-113.998,NWMT,MT,bldg,0.172839
39661,MISSOULA 4,46.9543,-113.998,NWMT,MT,ind,0.075993
39661,MISSOULA 4,46.9543,-113.998,NWMT,MT,road,0.000575
39662,FLORENCE 5,46.6544,-114.1,NWMT,MT,bldg,0.06089
39662,FLORENCE 5,46.6544,-114.1,NWMT,MT,ind,0.026772
39662,FLORENCE 5,46.6544,-114.1,NWMT,MT,road,0.000203
39663,STEVENSVILLE,46.573,-113.986,NWMT,MT,bldg,0.107424
39663,STEVENSVILLE,46.573,-113.986,NWMT,MT,ind,0.047232
39663,STEVENSVILLE,46.573,-113.986,NWMT,MT,road,0.000357
39664,ARLEE,47.2176,-114.054,BPAT,MT,bldg,0.021282
39664,ARLEE,47.2176,-114.054,BPAT,MT,ind,0.003163
39664,ARLEE,47.2176,-114.054,BPAT,MT,road,0.000185
39665,MISSOULA 5,47.0581,-114.044,NWMT,MT,bldg,0.200044
39665,MISSOULA 5,47.0581,-114.044,NWMT,MT,ind,0.087954
39665,MISSOULA 5,47.0581,-114.044,NWMT,MT,road,0.000666
39666,RONAN,47.4459,-114.022,BPAT,MT,bldg,0.090505
39666,RONAN,47.4459,-114.022,BPAT,MT,ind,0.01345
39666,RONAN,47.4459,-114.022,BPAT,MT,road,0.000786
39667,COLUMBIA FALLS,48.3117,-114.218,BPAT,MT,bldg,0.120972
39667,COLUMBIA FALLS,48.3117,-114.218,BPAT,MT,ind,0.017978
39667,COLUMBIA FALLS,48.3117,-114.218,BPAT,MT,road,0.00105
39668,POLSON 1,47.7396,-114.1,BPAT,MT,bldg,0.088847
39668,POLSON 1,47.7396,-114.1,BPAT,MT,ind,0.013204
39668,POLSON 1,47.7396,-114.1,BPAT,MT,road,0.000771
39669,LAKESIDE 4,47.9247,-114.216,BPAT,MT,bldg,0.042878
39669,LAKESIDE 4,47.9247,-114.216,BPAT,MT,ind,0.006372
39669,LAKESIDE 4,47.9247,-114.216,BPAT,MT,road,0.000372
39670,HAMILTON,46.2422,-114.171,NWMT,MT,bldg,0.15608
39670,HAMILTON,46.2422,-114.171,NWMT,MT,ind,0.068624
39670,HAMILTON,46.2422,-114.171,NWMT,MT,road,0.000519
39671,FRENCHTOWN,47.1474,-114.28,BPAT,MT,bldg,0.02415
39671,FRENCHTOWN,47.1474,-114.28,BPAT,MT,ind,0.003589
39671,FRENCHTOWN,47.1474,-114.28,BPAT,MT,road,0.00021
39672,MISSOULA 6,46.8482,-114.331,NWMT,MT,bldg,0.084185
39672,MISSOULA 6,46.8482,-114.331,NWMT,MT,ind,0.037014
39672,MISSOULA 6,46.8482,-114.331,NWMT,MT,road,0.00028
39673,DARBY,45.6991,-114.388,NWMT,MT,bldg,0.033294
39673,DARBY,45.6991,-114.388,NWMT,MT,ind,0.014639
39673,DARBY,45.6991,-114.388,NWMT,MT,road,0.000111
39674,VICTOR 2,46.4865,-114.263,NWMT,MT,bldg,0.039495
39674,VICTOR 2,46.4865,-114.263,NWMT,MT,ind,0.017365
39674,VICTOR 2,46.4865,-114.263,NWMT,MT,road,0.000131
39675,KALISPELL 1,48.2683,-114.483,BPAT,MT,bldg,0.222634
39675,KALISPELL 1,48.2683,-114.483,BPAT,MT,ind,0.033087
39675,KALISPELL 1,48.2683,-114.483,BPAT,MT,road,0.001932
39676,KALISPELL 2,48.3177,-114.296,BPAT,MT,bldg,0.222634
39676,KALISPELL 2,48.3177,-114.296,BPAT,MT,ind,0.033087
39676,KALISPELL 2,48.3177,-114.296,BPAT,MT,road,0.001932
39677,HUSON,47.0719,-114.522,NWMT,MT,bldg,0.037149
39677,HUSON,47.0719,-114.522,NWMT,MT,ind,0.016333
39677,HUSON,47.0719,-114.522,NWMT,MT,road,0.000124
39678,WHITEFISH,48.4913,-114.549,BPAT,MT,bldg,0.117253
39678,WHITEFISH,48.4913,-114.549,BPAT,MT,ind,0.017426
39678,WHITEFISH,48.4913,-114.549,BPAT,MT,road,0.001018
39679,KILA,47.9835,-114.614,BPAT,MT,bldg,0.030019
39679,KILA,47.9835,-114.614,BPAT,MT,ind,0.004461
39679,KILA,47.9835,-114.614,BPAT,MT,road,0.000261
39680,PLAINS,47.5645,-114.829,BPAT,MT,bldg,0.04933
39680,PLAINS,47.5645,-114.829,BPAT,MT,ind,0.007331
39680,PLAINS,47.5645,-114.829,BPAT,MT,road,0.000428
39681,EUREKA 5,48.9903,-114.96,BPAT,MT,bldg,0.055647
39681,EUREKA 5,48.9903,-114.96,BPAT,MT,ind,0.00827
39681,EUREKA 5,48.9903,-114.96,BPAT,MT,road,0.000483
39682,SUPERIOR 2,47.0781,-114.888,BPAT,MT,bldg,0.0207
39682,SUPERIOR 2,47.0781,-114.888,BPAT,MT,ind,0.003076
39682,SUPERIOR 2,47.0781,-114.888,BPAT,MT,road,0.00018
39683,THOMPSON FALLS 1,47.6498,-115.358,BPAT,MT,bldg,0.030019
39683,THOMPSON FALLS 1,47.6498,-115.358,BPAT,MT,ind,0.004461
39683,THOMPSON FALLS 1,47.6498,-115.358,BPAT,MT,road,0.000261
39684,LIBBY 1,48.3163,-115.328,BPAT,MT,bldg,0.08831
39684,LIBBY 1,48.3163,-115.328,BPAT,MT,ind,0.013124
39684,LIBBY 1,48.3163,-115.328,BPAT,MT,road,0.000766
39685,TROUT CREEK,47.8675,-115.582,BPAT,MT,bldg,0.026928
39685,TROUT CREEK,47.8675,-115.582,BPAT,MT,ind,0.004002
39685,TROUT CREEK,47.8675,-115.582,BPAT,MT,road,0.000234
39686,TROY 2,48.5885,-115.739,BPAT,MT,bldg,0.032035
39686,TROY 2,48.5885,-115.739,BPAT,MT,ind,0.004761
39686,TROY 2,48.5885,-115.739,BPAT,MT,road,0.000278
39688,ANACONDA 2,46.1047,-112.877,NWMT,MT,bldg,0.011117
39688,ANACONDA 2,46.1047,-112.877,NWMT,MT,ind,0.004888
39688,ANACONDA 2,46.1047,-112.877,NWMT,MT,road,3.7e-05
39689,COLSTRIP 1,45.9752,-106.655,NWMT,MT,bldg,0.026758
39689,COLSTRIP 1,45.9752,-106.655,NWMT,MT,ind,0.011765
39689,COLSTRIP 1,45.9752,-106.655,NWMT,MT,road,8.9e-05
39691,FAIRFIELD 5,48.51,-112.11,NWMT,MT,bldg,0.011228
39691,FAIRFIELD 5,48.51,-112.11,NWMT,MT,ind,0.004937
39691,FAIRFIELD 5,48.51,-112.11,NWMT,MT,road,3.7e-05
39692,TWO DOT,46.4494,-110.087,NWMT,MT,bldg,0.004916
39692,TWO DOT,46.4494,-110.087,NWMT,MT,ind,0.002162
39692,TWO DOT,46.4494,-110.087,NWMT,MT,road,1.6e-05
39693,BILLINGS 8,45.7756,-108.481,NWMT,MT,phase1,0.012262
39694,HARDIN 2,45.3074,-107.958,NWMT,MT,bldg,0.005754
39694,HARDIN 2,45.3074,-107.958,NWMT,MT,ind,0.00253
39694,HARDIN 2,45.3074,-107.958,NWMT,MT,road,1.9e-05
39695,HUNGRY HORSE,48.3415,-114.014,BPAT,MT,bldg,0.015099
39695,HUNGRY HORSE,48.3415,-114.014,BPAT,MT,ind,0.002244
39695,HUNGRY HORSE,48.3415,-114.014,BPAT,MT,road,0.000131
39697,FAIRFIELD 6,47.7233,-111.965,NWMT,MT,bldg,0.033909
39697,FAIRFIELD 6,47.7233,-111.965,NWMT,MT,ind,0.014909
39697,FAIRFIELD 6,47.7233,-111.965,NWMT,MT,road,0.000113
39698,POLSON 2,47.6777,-114.234,BPAT,MT,bldg,0.005287
39698,POLSON 2,47.6777,-114.234,BPAT,MT,ind,0.000786
39698,POLSON 2,47.6777,-114.234,BPAT,MT,road,4.6e-05
39699,GLASGOW 2,48.0122,-106.412,NWMT,MT,bldg,0.00905
39699,GLASGOW 2,48.0122,-106.412,NWMT,MT,ind,0.336567
39699,GLASGOW 2,48.0122,-106.412,NWMT,MT,road,3e-05
39715,EL PASO 1,31.8555,-106.703,EPE,TX,bldg,0.203989
39715,EL PASO 1,31.8555,-106.703,EPE,TX,road,0.000197
39716,ANTHONY 2,32.0315,-106.569,EPE,TX,bldg,0.058318
39716,ANTHONY 2,32.0315,-106.569,EPE,TX,road,5.6e-05
39717,CANUTILLO,31.8681,-106.673,EPE,TX,bldg,0.116388
39717,CANUTILLO,31.8681,-106.673,EPE,TX,road,0.000113
39718,EL PASO 2,31.7583,-106.503,EPE,TX,bldg,0.072942
39718,EL PASO 2,31.7583,-106.503,EPE,TX,road,7.1e-05
39719,EL PASO 3,31.8761,-106.49,EPE,TX,bldg,0.209988
39719,EL PASO 3,31.8761,-106.49,EPE,TX,road,0.000203
39720,EL PASO 4,31.8278,-106.489,EPE,TX,bldg,0.209988
39720,EL PASO 4,31.8278,-106.489,EPE,TX,road,0.000203
39721,EL PASO 5,31.8145,-106.538,EPE,TX,bldg,0.209988
39721,EL PASO 5,31.8145,-106.538,EPE,TX,road,0.000203
39722,EL PASO 6,31.8815,-106.472,EPE,TX,bldg,0.173357
39722,EL PASO 6,31.8815,-106.472,EPE,TX,road,0.000168
39723,EL PASO 7,31.894,-106.556,EPE,TX,bldg,0.115962
39723,EL PASO 7,31.894,-106.556,EPE,TX,road,0.000112
39724,EL PASO 8,31.8528,-106.58,EPE,TX,bldg,0.115962
39724,EL PASO 8,31.8528,-106.58,EPE,TX,road,0.000112
39725,EL PASO 9,31.694,-106.348,EPE,TX,bldg,0.092464
39725,EL PASO 9,31.694,-106.348,EPE,TX,road,9e-05
39726,EL PASO 10,31.9314,-106.39,EPE,TX,bldg,0.143115
39726,EL PASO 10,31.9314,-106.39,EPE,TX,road,0.000139
39727,EL PASO 11,31.8558,-106.404,EPE,TX,bldg,0.143115
39727,EL PASO 11,31.8558,-106.404,EPE,TX,road,0.000139
39728,EL PASO 12,31.7276,-106.367,EPE,TX,bldg,0.15064
39728,EL PASO 12,31.7276,-106.367,EPE,TX,road,0.000146
39729,EL PASO 13,32.0251,-106.516,EPE,TX,bldg,0.156532
39729,EL PASO 13,32.0251,-106.516,EPE,TX,road,0.000152
39730,EL PASO 14,31.8066,-106.372,EPE,TX,bldg,0.106272
39730,EL PASO 14,31.8066,-106.372,EPE,TX,road,0.000103
39731,EL PASO 15,31.691,-106.347,EPE,TX,bldg,0.106272
39731,EL PASO 15,31.691,-106.347,EPE,TX,road,0.000103
39732,FORT BLISS,31.8549,-106.498,EPE,TX,bldg,0.024456
39732,FORT BLISS,31.8549,-106.498,EPE,TX,road,2.4e-05
39733,EL PASO 16,31.9214,-106.405,EPE,TX,bldg,0.242323
39733,EL PASO 16,31.9214,-106.405,EPE,TX,road,0.000235
39734,EL PASO 17,31.9767,-106.388,EPE,TX,bldg,0.241081
39734,EL PASO 17,31.9767,-106.388,EPE,TX,road,0.000233
39735,EL PASO 18,31.7472,-106.409,EPE,TX,bldg,0.035708
39735,EL PASO 18,31.7472,-106.409,EPE,TX,road,3.5e-05
39736,EL PASO 19,31.8056,-106.453,EPE,TX,bldg,0.029993
39736,EL PASO 19,31.8056,-106.453,EPE,TX,road,2.9e-05
39737,EL PASO 20,31.768,-106.323,EPE,TX,bldg,0.163525
39737,EL PASO 20,31.768,-106.323,EPE,TX,road,0.000158
39738,EL PASO 21,31.7237,-106.302,EPE,TX,bldg,0.163525
39738,EL PASO 21,31.7237,-106.302,EPE,TX,road,0.000158
39739,EL PASO 22,31.8524,-106.407,EPE,TX,bldg,0.165903
39739,EL PASO 22,31.8524,-106.407,EPE,TX,road,0.000161
39740,EL PASO 23,31.8863,-106.354,EPE,TX,bldg,0.165903
39740,EL PASO 23,31.8863,-106.354,EPE,TX,road,0.000161
39741,EL PASO 24,31.7876,-106.257,EPE,TX,bldg,0.147304
39741,EL PASO 24,31.7876,-106.257,EPE,TX,road,0.000143
39742,EL PASO 25,31.6764,-106.304,EPE,TX,bldg,0.225037
39742,EL PASO 25,31.6764,-106.304,EPE,TX,road,0.000218
39743,EL PASO 26,31.6101,-106.299,EPE,TX,bldg,0.225037
39743,EL PASO 26,31.6101,-106.299,EPE,TX,road,0.000218
39744,EL PASO 27,31.8189,-106.261,EPE,TX,bldg,0.30231
39744,EL PASO 27,31.8189,-106.261,EPE,TX,road,0.000293
39745,EL PASO 28,31.7623,-106.216,EPE,TX,bldg,0.30231
39745,EL PASO 28,31.7623,-106.216,EPE,TX,road,0.000293
39746,EL PASO 29,31.8035,-106.355,EPE,TX,bldg,0.30231
39746,EL PASO 29,31.8035,-106.355,EPE,TX,road,0.000293
39747,EL PASO 30,31.6911,-106.335,EPE,TX,bldg,0.159265
39747,EL PASO 30,31.6911,-106.335,EPE,TX,road,0.000154
39748,EL PASO 31,31.6442,-106.319,EPE,TX,bldg,0.159265
39748,EL PASO 31,31.6442,-106.319,EPE,TX,road,0.000154
39749,SAN ELIZARIO,31.6185,-106.236,EPE,TX,bldg,0.107833
39749,SAN ELIZARIO,31.6185,-106.236,EPE,TX,road,0.000104
39750,CLINT,31.4862,-106.201,EPE,TX,bldg,0.047137
39750,CLINT,31.4862,-106.201,EPE,TX,road,4.6e-05
39751,FABENS,31.545,-106.15,EPE,TX,bldg,0.071025
39751,FABENS,31.545,-106.15,EPE,TX,road,6.9e-05
39752,EL PASO 32,31.5519,-106.139,EPE,TX,bldg,0.20225
39752,EL PASO 32,31.5519,-106.139,EPE,TX,road,0.000196
39753,EL PASO 33,31.5773,-106.191,EPE,TX,bldg,0.20225
39753,EL PASO 33,31.5773,-106.191,EPE,TX,road,0.000196
39754,TORNILLO,31.4312,-105.982,EPE,TX,bldg,0.030455
39754,TORNILLO,31.4312,-105.982,EPE,TX,road,2.9e-05
39755,EL PASO 34,31.9179,-105.938,EPE,TX,bldg,0.218471
39755,EL PASO 34,31.9179,-105.938,EPE,TX,road,0.000212
39756,EL PASO 35,31.9174,-105.991,EPE,TX,bldg,0.218471
39756,EL PASO 35,31.9174,-105.991,EPE,TX,road,0.000212
39757,FORT HANCOCK,31.4009,-105.974,EPE,TX,bldg,0.015831
39757,FORT HANCOCK,31.4009,-105.974,EPE,TX,road,1.5e-05
39758,SIERRA BLANCA,31.2709,-105.234,EPE,TX,bldg,0.005218
39758,SIERRA BLANCA,31.2709,-105.234,EPE,TX,road,5e-06
