sub_id,remainder_twh,phase1_twh,total_twh,name,lat,lon,ba,state
35000,0.018867,0.0,0.018867,NEAH BAY,48.2414,-124.578,BPAT,WA
35001,0.031276,0.0,0.031276,FORKS,47.6956,-124.184,BPAT,WA
35002,0.028164,0.0,0.028164,OCEAN SHORES,47.04,-124.057,BPAT,WA
35003,0.020453,0.0,0.020453,WESTPORT,46.9275,-124.172,BPAT,WA
35004,0.026305,0.0,0.026305,LONG BEACH 1,46.3165,-124.061,BPAT,WA
35005,0.03292,0.0,0.03292,OCEAN PARK,46.4983,-123.983,BPAT,WA
35006,0.065546,0.0,0.065546,HOQUIAM,47.1743,-123.847,BPAT,WA
35007,0.062669,0.0,0.062669,PORT ANGELES 1,48.0025,-123.762,BPAT,WA
35008,0.113106,0.0,0.113106,ABERDEEN 1,47.165,-123.664,BPAT,WA
35009,0.048949,0.0,0.048949,MONTESANO,47.1889,-123.686,BPAT,WA
35010,0.050672,0.0,0.050672,RAYMOND,46.656,-123.615,BPAT,WA
35011,0.047892,0.0,0.047892,ELMA 1,47.0719,-123.294,BPAT,WA
35012,0.104416,0.0,0.104416,PORT ANGELES 2,47.988,-123.332,BPAT,WA
35013,0.017595,0.0,0.017595,CATHLAMET,46.1904,-123.332,BPAT,WA
35014,0.094317,0.0,0.094317,SHELTON 1,47.1504,-123.13,BPAT,WA
35015,0.086038,0.0,0.086038,SHELTON 2,47.1479,-123.072,BPAT,WA
35016,0.039038,0.0,0.039038,ROCHESTER,46.7918,-123.042,PSEI,WA
35017,0.036502,0.0,0.036502,FRIDAY HARBOR,48.6268,-123.038,BPAT,WA
35018,0.06308,0.0,0.06308,SEQUIM 1,48.0874,-123.158,BPAT,WA
35019,0.06308,0.0,0.06308,SEQUIM 2,48.0024,-123.082,BPAT,WA
35020,0.050298,0.0,0.050298,OLYMPIA 1,47.0228,-123.132,PSEI,WA
35021,0.052447,0.0,0.052447,OLYMPIA 2,47.0673,-123.143,PSEI,WA
35022,0.115572,0.0,0.115572,LONGVIEW 1,46.1277,-123.011,BPAT,WA
35023,0.115572,0.0,0.115572,LONGVIEW 2,46.1467,-122.989,BPAT,WA
35024,0.073665,0.0,0.073665,CHEHALIS 1,46.66,-122.963,PSEI,WA
35025,0.071613,0.0,0.071613,OLYMPIA 3,47.1433,-123.021,BPAT,WA
35026,0.055063,0.0,0.055063,OLYMPIA 4,47.1717,-122.923,PSEI,WA
35027,0.0393,0.0,0.0393,WINLOCK,46.4187,-122.896,BPAT,WA
35028,0.074879,0.0,0.074879,CENTRALIA 1,46.7548,-122.848,PSEI,WA
35029,0.073473,0.0,0.073473,BELFAIR,47.4535,-122.926,BPAT,WA
35030,0.049615,0.0,0.049615,CASTLE ROCK 1,46.3394,-122.809,BPAT,WA
35031,0.05783,0.0,0.05783,OLYMPIA 5,46.9955,-122.858,PSEI,WA
35032,0.05783,0.0,0.05783,OLYMPIA 6,46.9904,-122.886,PSEI,WA
35033,0.03427,0.0,0.03427,EASTSOUND,48.5514,-122.945,BPAT,WA
35034,0.055202,0.0,0.055202,OLYMPIA 7,47.0745,-122.852,PSEI,WA
35035,0.054747,0.241022,0.295769,PORT TOWNSEND,48.0143,-122.891,PSEI,WA
35036,0.022205,0.0,0.022205,TENINO,46.9218,-122.807,PSEI,WA
35037,0.055518,0.0,0.055518,LACEY 1,46.9892,-122.722,PSEI,WA
35038,0.055518,0.0,0.055518,LACEY 2,47.003,-122.791,PSEI,WA
35039,0.099954,0.0,0.099954,OLYMPIA 8,47.1839,-122.752,BPAT,WA
35040,0.045799,0.0,0.045799,BREMERTON 1,47.5276,-122.809,PSEI,WA
35041,0.058462,0.0,0.058462,BREMERTON 2,47.5296,-122.878,PSEI,WA
35042,0.1152,0.0,0.1152,KELSO,46.0854,-122.84,BPAT,WA
35043,0.021666,0.0,0.021666,LAKEBAY 1,47.3623,-122.739,BPAT,WA
35044,0.048491,0.0,0.048491,OLYMPIA 9,46.8946,-122.715,PSEI,WA
35045,0.048491,0.0,0.048491,OLYMPIA 10,47.0142,-122.693,PSEI,WA
35046,0.02881,0.0,0.02881,KALAMA,46.0192,-122.767,BPAT,WA
35047,0.054723,0.0,0.054723,GIG HARBOR 1,47.3039,-122.788,BPAT,WA
35048,0.055702,0.0,0.055702,VANCOUVER 1,45.7379,-122.691,BPAT,WA
35049,0.070594,0.0,0.070594,SILVERDALE 1,47.7074,-122.658,PSEI,WA
35050,0.028207,0.0,0.028207,SILVERDALE 2,47.7601,-122.715,PSEI,WA
35051,0.051638,0.0,0.051638,BLAINE 1,48.9,-122.772,PSEI,WA
35052,0.021275,0.0,0.021275,PORT LUDLOW,47.9481,-122.682,BPAT,WA
35053,0.041995,0.0,0.041995,PORT ORCHARD 1,47.5032,-122.614,PSEI,WA
35054,0.065037,0.0,0.065037,PORT ORCHARD 2,47.4023,-122.622,BPAT,WA
35055,0.073727,0.0,0.073727,RIDGEFIELD,45.8363,-122.686,BPAT,WA
35056,0.061573,0.0,0.061573,VANCOUVER 2,45.7159,-122.652,BPAT,WA
35057,0.002764,0.0,0.002764,VANCOUVER 3,45.6572,-122.775,PGE,WA
35058,0.035269,0.0,0.035269,STEILACOOM,47.3081,-122.67,BPAT,WA
35059,0.060712,0.0,0.060712,WOODLAND 1,46.0356,-122.568,BPAT,WA
35060,0.025073,0.0,0.025073,DUPONT,47.1074,-122.665,PSEI,WA
35061,0.002976,0.0,0.002976,VANCOUVER 4,45.5909,-122.658,PGE,WA
35062,0.113008,0.0,0.113008,VANCOUVER 5,45.6377,-122.615,BPAT,WA
35063,0.064882,0.0,0.064882,ANACORTES 1,48.5919,-122.692,PSEI,WA
35064,0.034059,0.0,0.034059,COUPEVILLE,48.1206,-122.581,PSEI,WA
35065,0.024426,0.0,0.024426,ONALASKA,46.6517,-122.651,BPAT,WA
35066,0.014154,0.0,0.014154,RAINIER 1,46.8176,-122.649,PSEI,WA
35067,0.039253,0.0,0.039253,BREMERTON 3,47.7207,-122.703,PSEI,WA
35068,0.039253,0.0,0.039253,BREMERTON 4,47.5662,-122.642,PSEI,WA
35069,0.060585,0.0,0.060585,OAK HARBOR 1,48.2781,-122.63,PSEI,WA
35070,0.088837,0.0,0.088837,OAK HARBOR 2,48.2395,-122.535,BPAT,WA
35071,0.044776,0.0,0.044776,POULSBO 1,47.7984,-122.684,PSEI,WA
35072,0.044776,0.0,0.044776,POULSBO 2,47.7539,-122.658,PSEI,WA
35073,0.056731,0.0,0.056731,BREMERTON 5,47.5231,-122.622,PSEI,WA
35074,0.0044,0.0,0.0044,VANCOUVER 6,45.5753,-122.627,PGE,WA
35075,0.098035,0.0,0.098035,VANCOUVER 7,45.6695,-122.554,BPAT,WA
35076,0.081654,0.0,0.081654,VANCOUVER 8,45.638,-122.606,BPAT,WA
35077,0.139019,0.0,0.139019,GIG HARBOR 2,47.2477,-122.719,BPAT,WA
35078,0.077103,0.0,0.077103,FERNDALE 1,48.8946,-122.67,PSEI,WA
35079,0.039281,0.0,0.039281,LA CENTER,45.8584,-122.666,BPAT,WA
35080,0.048087,0.0,0.048087,GIG HARBOR 3,47.4467,-122.645,PSEI,WA
35081,0.044232,0.0,0.044232,TACOMA 1,47.1496,-122.565,PSEI,WA
35082,0.072263,0.0,0.072263,PORT ORCHARD 3,47.5868,-122.668,PSEI,WA
35083,0.051954,0.0,0.051954,PORT ORCHARD 4,47.6145,-122.62,PSEI,WA
35084,0.074314,0.0,0.074314,VANCOUVER 9,45.7462,-122.552,BPAT,WA
35085,0.074314,0.0,0.074314,VANCOUVER 10,45.6971,-122.584,BPAT,WA
35086,0.102263,0.0,0.102263,VANCOUVER 11,45.6566,-122.64,BPAT,WA
35087,0.024922,0.0,0.024922,OLALLA,47.498,-122.665,PSEI,WA
35088,0.044674,0.0,0.044674,UNIVERSITY PLACE,47.1162,-122.596,PSEI,WA
35089,0.04178,0.0,0.04178,LAKEWOOD 1,47.1492,-122.575,PSEI,WA
35090,0.042362,0.0,0.042362,LAKEWOOD 2,47.0621,-122.607,PSEI,WA
35091,0.063276,0.0,0.063276,TACOMA 2,47.2402,-122.53,BPAT,WA
35092,0.029788,0.0,0.029788,TACOMA 3,47.2904,-122.56,BPAT,WA
35093,0.108154,0.0,0.108154,BAINBRIDGE ISLAND,47.6283,-122.493,BPAT,WA
35094,0.032353,0.0,0.032353,KINGSTON,47.8029,-122.537,PSEI,WA
35095,0.033667,0.0,0.033667,ROY 1,47.0922,-122.584,PSEI,WA
35096,0.093397,0.0,0.093397,TACOMA 4,47.3789,-122.464,BPAT,WA
35097,0.002843,0.0,0.002843,VANCOUVER 12,45.5753,-122.604,PGE,WA
35098,0.063335,0.0,0.063335,VANCOUVER 13,45.6205,-122.54,BPAT,WA
35099,0.018337,0.0,0.018337,LAKEWOOD 3,47.0746,-122.486,PSEI,WA
35100,0.1015,0.0,0.1015,TACOMA 5,47.2812,-122.419,BPAT,WA
35101,0.080401,0.0,0.080401,BATTLE GROUND 1,45.763,-122.424,BPAT,WA
35102,0.080401,0.0,0.080401,BATTLE GROUND 2,45.8824,-122.529,BPAT,WA
35103,0.00325,0.0,0.00325,VANCOUVER 14,45.575,-122.567,PGE,WA
35104,0.072416,0.0,0.072416,VANCOUVER 15,45.6766,-122.574,BPAT,WA
35105,0.070026,0.0,0.070026,BELLINGHAM 1,48.8277,-122.544,PSEI,WA
35106,0.071871,0.0,0.071871,BELLINGHAM 2,48.7084,-122.609,PSEI,WA
35107,0.0951,0.0,0.0951,LAKEWOOD 4,47.241,-122.413,BPAT,WA
35108,0.133206,0.0,0.133206,LAKEWOOD 5,47.2147,-122.577,BPAT,WA
35109,0.047505,0.0,0.047505,CAMANO ISLAND,48.209,-122.608,PSEI,WA
35110,0.065388,0.0,0.065388,YELM,46.8447,-122.451,PSEI,WA
35111,0.124223,0.0,0.124223,VANCOUVER 16,45.7632,-122.514,BPAT,WA
35112,0.124223,0.0,0.124223,VANCOUVER 17,45.7218,-122.566,BPAT,WA
35113,0.069722,0.0,0.069722,TACOMA 6,47.1245,-122.557,PSEI,WA
35114,0.032239,0.0,0.032239,VASHON,47.4255,-122.48,PSEI,WA
35115,0.113478,0.0,0.113478,TACOMA 7,47.2126,-122.441,BPAT,WA
35116,0.0573,0.0,0.0573,LYNDEN,49.0235,-122.465,PSEI,WA
35117,0.042393,0.0,0.042393,BRUSH PRAIRIE,45.6699,-122.371,BPAT,WA
35118,0.016012,0.0,0.016012,LANGLEY,48.012,-122.507,PSEI,WA
35119,0.051499,0.0,0.051499,TACOMA 8,47.2028,-122.354,PSEI,WA
35120,0.079755,0.0,0.079755,TACOMA 9,47.2014,-122.491,BPAT,WA
35121,0.047305,0.0,0.047305,TACOMA 10,47.3067,-122.518,BPAT,WA
35122,0.159295,0.0,0.159295,TACOMA 11,47.1904,-122.422,BPAT,WA
35123,0.062532,0.0,0.062532,BELLINGHAM 3,48.8083,-122.452,PSEI,WA
35124,0.062532,0.0,0.062532,BELLINGHAM 4,48.759,-122.436,PSEI,WA
35125,0.024504,0.0,0.024504,MOSSYROCK,46.4722,-122.371,BPAT,WA
35126,0.045989,0.0,0.045989,BELLINGHAM 5,48.6497,-122.474,PSEI,WA
35127,0.045989,0.0,0.045989,BELLINGHAM 6,48.7025,-122.479,PSEI,WA
35128,0.03876,0.0,0.03876,CLINTON 1,47.9174,-122.546,PSEI,WA
35129,0.075352,0.0,0.075352,TACOMA 12,47.2202,-122.495,BPAT,WA
35130,0.075352,0.0,0.075352,TACOMA 13,47.1365,-122.331,BPAT,WA
35131,0.011892,0.0,0.011892,BOW,48.6364,-122.354,PSEI,WA
35132,0.069656,0.0,0.069656,TACOMA 14,47.1045,-122.429,BPAT,WA
35133,0.044978,0.0,0.044978,TACOMA 15,47.1903,-122.338,PSEI,WA
35134,0.092477,0.0,0.092477,SEATTLE 1,47.6876,-122.504,BPAT,WA
35135,0.104475,0.0,0.104475,SEATTLE 2,47.6146,-122.326,BPAT,WA
35136,0.069382,0.0,0.069382,SEATTLE 3,47.5031,-122.327,BPAT,WA
35137,0.101402,0.0,0.101402,SPANAWAY 1,47.104,-122.398,BPAT,WA
35138,0.101402,0.0,0.101402,SPANAWAY 2,47.0282,-122.413,BPAT,WA
35139,0.061116,0.0,0.061116,TACOMA 16,47.3025,-122.311,PSEI,WA
35140,0.073669,0.0,0.073669,SEATTLE 4,47.6998,-122.309,BPAT,WA
35141,0.047568,0.0,0.047568,SEATTLE 5,47.7826,-122.491,PSEI,WA
35142,0.065527,0.0,0.065527,CAMAS 1,45.6124,-122.329,BPAT,WA
35143,0.065527,0.0,0.065527,CAMAS 2,45.644,-122.344,BPAT,WA
35144,0.097879,0.0,0.097879,SEATTLE 6,47.5435,-122.32,BPAT,WA
35145,0.099327,0.0,0.099327,SEATTLE 7,47.6768,-122.282,BPAT,WA
35146,0.089385,0.0,0.089385,SEATTLE 8,47.6954,-122.385,BPAT,WA
35147,0.04355,0.0,0.04355,MOUNT VERNON 1,48.3831,-122.401,PSEI,WA
35148,0.04355,0.0,0.04355,MOUNT VERNON 2,48.3917,-122.401,PSEI,WA
35149,0.052017,0.0,0.052017,TACOMA 17,47.2016,-122.308,PSEI,WA
35150,0.055518,0.0,0.055518,EDMONDS 1,47.8798,-122.514,PSEI,WA
35151,0.098818,0.0,0.098818,SEATTLE 9,47.7031,-122.337,BPAT,WA
35152,0.111579,0.0,0.111579,FEDERAL WAY 1,47.2992,-122.415,BPAT,WA
35153,0.111579,0.0,0.111579,FEDERAL WAY 2,47.2213,-122.426,BPAT,WA
35154,0.039316,0.0,0.039316,SEATTLE 10,47.4004,-122.328,PSEI,WA
35155,0.039316,0.0,0.039316,SEATTLE 11,47.4459,-122.341,PSEI,WA
35156,0.047638,0.0,0.047638,TACOMA 18,47.2861,-122.375,BPAT,WA
35157,0.061571,0.0,0.061571,SEATTLE 12,47.3627,-122.325,PSEI,WA
35158,0.038305,0.0,0.038305,SEATTLE 13,47.6889,-122.272,PSEI,WA
35159,0.10745,0.0,0.10745,SEATTLE 14,47.6404,-122.415,BPAT,WA
35160,0.045104,0.0,0.045104,BURLINGTON 1,48.4514,-122.416,PSEI,WA
35161,0.097311,0.0,0.097311,SEATTLE 15,47.6603,-122.337,BPAT,WA
35162,0.045544,0.0,0.045544,YACOLT,45.7986,-122.311,BPAT,WA
35163,0.067574,0.0,0.067574,SEATTLE 16,47.8251,-122.313,PSEI,WA
35164,0.104651,0.0,0.104651,SEATTLE 17,47.72,-122.376,BPAT,WA
35165,0.107821,0.0,0.107821,SEATTLE 18,47.6366,-122.399,BPAT,WA
35166,0.107821,0.0,0.107821,SEATTLE 19,47.7292,-122.331,BPAT,WA
35167,0.031051,0.0,0.031051,SEATTLE 20,47.665,-122.241,PSEI,WA
35168,0.054481,0.0,0.054481,EDMONDS 2,47.8822,-122.246,PSEI,WA
35169,0.056769,0.0,0.056769,EDMONDS 3,47.9219,-122.313,PSEI,WA
35170,0.036182,0.0,0.036182,EVERSON,48.906,-122.314,PSEI,WA
35171,0.064528,0.0,0.064528,SEATTLE 21,47.5328,-122.32,BPAT,WA
35172,0.030356,0.0,0.030356,SEATTLE 22,47.4956,-122.229,PSEI,WA
35173,0.067473,0.0,0.067473,PUYALLUP 1,47.1462,-122.344,PSEI,WA
35174,0.062077,0.0,0.062077,PUYALLUP 2,47.2703,-122.268,PSEI,WA
35175,0.040744,0.0,0.040744,PUYALLUP 3,47.0533,-122.224,PSEI,WA
35176,0.0631,0.0,0.0631,PUYALLUP 4,47.1606,-122.399,BPAT,WA
35177,0.097487,0.0,0.097487,SEATTLE 23,47.713,-122.347,BPAT,WA
35178,0.066955,0.0,0.066955,FEDERAL WAY 3,47.3951,-122.271,PSEI,WA
35179,0.103692,0.0,0.103692,FEDERAL WAY 4,47.2423,-122.343,BPAT,WA
35180,0.071669,0.0,0.071669,SEATTLE 24,47.3349,-122.263,PSEI,WA
35181,0.052447,0.0,0.052447,SEATTLE 25,47.313,-122.341,PSEI,WA
35182,0.098975,0.0,0.098975,STANWOOD,48.2045,-122.317,BPAT,WA
35183,0.060484,0.0,0.060484,MOUNTLAKE TERRACE,47.8313,-122.236,PSEI,WA
35184,0.119056,0.0,0.119056,SEATTLE 26,47.5936,-122.296,BPAT,WA
35185,0.061432,0.0,0.061432,MUKILTEO,47.8987,-122.223,PSEI,WA
35186,0.076976,0.0,0.076976,SEATTLE 27,47.6909,-122.296,BPAT,WA
35187,0.076976,0.0,0.076976,SEATTLE 28,47.7631,-122.316,BPAT,WA
35188,0.051158,0.0,0.051158,SEATTLE 29,47.421,-122.349,PSEI,WA
35189,0.051158,0.0,0.051158,SEATTLE 30,47.4298,-122.298,PSEI,WA
35190,0.087095,0.0,0.087095,SEATTLE 31,47.7113,-122.307,BPAT,WA
35191,0.087095,0.0,0.087095,SEATTLE 32,47.6398,-122.263,BPAT,WA
35192,0.047695,0.0,0.047695,SEATTLE 33,47.7043,-122.268,PSEI,WA
35193,0.073864,0.0,0.073864,SEATTLE 34,47.6408,-122.339,BPAT,WA
35194,0.063139,0.0,0.063139,SEATTLE 35,47.6708,-122.366,BPAT,WA
35195,0.063139,0.0,0.063139,SEATTLE 36,47.6468,-122.286,BPAT,WA
35196,0.098995,0.0,0.098995,SEATTLE 37,47.6732,-122.337,BPAT,WA
35197,0.040782,0.0,0.040782,LYNNWOOD 1,47.9233,-122.377,PSEI,WA
35198,0.040782,0.0,0.040782,LYNNWOOD 2,47.815,-122.321,PSEI,WA
35199,0.066614,0.0,0.066614,SEATTLE 38,47.653,-122.219,PSEI,WA
35200,0.103163,0.0,0.103163,SEATTLE 39,47.6345,-122.263,BPAT,WA
35201,0.108526,0.0,0.108526,SEATTLE 40,47.7292,-122.322,BPAT,WA
35202,0.070076,0.0,0.070076,SEATTLE 41,47.625,-122.198,PSEI,WA
35203,0.054595,0.0,0.054595,LYNNWOOD 3,47.8153,-122.367,PSEI,WA
35204,0.08455,0.0,0.08455,LYNNWOOD 4,47.8516,-122.336,BPAT,WA
35205,0.170608,0.0,0.170608,GRAHAM,47.0349,-122.184,BPAT,WA
35206,0.070102,0.0,0.070102,SEATTLE 42,47.5253,-122.244,PSEI,WA
35207,0.064806,0.0,0.064806,SEATTLE 43,47.4522,-122.208,PSEI,WA
35208,0.064806,0.0,0.064806,SEATTLE 44,47.507,-122.206,PSEI,WA
35209,0.045458,0.0,0.045458,LYNNWOOD 5,47.8401,-122.23,PSEI,WA
35210,0.045458,0.0,0.045458,LYNNWOOD 6,47.8719,-122.262,PSEI,WA
35211,0.105571,0.0,0.105571,PUYALLUP 5,47.1506,-122.347,BPAT,WA
35212,0.04839,0.0,0.04839,AUBURN 1,47.368,-122.276,PSEI,WA
35213,0.074941,0.0,0.074941,AUBURN 2,47.2525,-122.333,BPAT,WA
35214,0.087741,0.0,0.087741,PUYALLUP 6,47.1096,-122.356,BPAT,WA
35215,0.056655,0.0,0.056655,PUYALLUP 7,47.2232,-122.322,PSEI,WA
35216,0.059726,0.0,0.059726,EVERETT 1,47.8443,-122.275,PSEI,WA
35217,0.059726,0.0,0.059726,EVERETT 2,47.9909,-122.175,PSEI,WA
35218,0.051335,0.0,0.051335,KENT 1,47.3465,-122.284,PSEI,WA
35219,0.079501,0.0,0.079501,KENT 2,47.4797,-122.334,BPAT,WA
35220,0.095922,0.0,0.095922,KENMORE,47.7533,-122.29,BPAT,WA
35221,0.073071,0.0,0.073071,SEATTLE 45,47.5762,-122.154,PSEI,WA
35222,0.09968,0.0,0.09968,WASHOUGAL,45.6682,-122.212,BPAT,WA
35223,0.063843,0.0,0.063843,MARYSVILLE 1,48.1583,-122.276,BPAT,WA
35224,0.041224,0.0,0.041224,MARYSVILLE 2,48.0128,-122.197,PSEI,WA
35225,0.106628,0.0,0.106628,MERCER ISLAND,47.6218,-122.269,BPAT,WA
35226,0.052093,0.0,0.052093,EVERETT 3,47.8893,-122.252,PSEI,WA
35227,0.052093,0.0,0.052093,EVERETT 4,47.9502,-122.295,PSEI,WA
35228,0.031733,0.0,0.031733,SUMNER,47.2663,-122.163,PSEI,WA
35229,0.032188,0.0,0.032188,RENTON 1,47.5072,-122.157,PSEI,WA
35230,0.047998,0.0,0.047998,AUBURN 3,47.3545,-122.26,PSEI,WA
35231,0.047998,0.0,0.047998,AUBURN 4,47.3152,-122.129,PSEI,WA
35232,0.06128,0.0,0.06128,KIRKLAND 1,47.8022,-122.219,PSEI,WA
35233,0.06128,0.0,0.06128,KIRKLAND 2,47.7388,-122.216,PSEI,WA
35234,0.06948,0.0,0.06948,EVERETT 5,48.0627,-122.286,BPAT,WA
35235,0.044864,0.0,0.044864,EVERETT 6,47.958,-122.191,PSEI,WA
35236,0.040529,0.0,0.040529,BOTHELL 1,47.8138,-122.287,PSEI,WA
35237,0.040529,0.0,0.040529,BOTHELL 2,47.8688,-122.23,PSEI,WA
35238,0.042387,0.0,0.042387,BELLEVUE 1,47.5984,-122.191,PSEI,WA
35239,0.042387,0.0,0.042387,BELLEVUE 2,47.537,-122.259,PSEI,WA
35240,0.044295,0.0,0.044295,BOTHELL 3,47.7109,-122.228,PSEI,WA
35241,0.044295,0.0,0.044295,BOTHELL 4,47.7242,-122.24,PSEI,WA
35242,0.066437,0.0,0.066437,RENTON 2,47.4854,-122.17,PSEI,WA
35243,0.077545,0.0,0.077545,BOTHELL 5,47.8217,-122.188,PSEI,WA
35244,0.077545,0.0,0.077545,BOTHELL 6,47.782,-122.104,PSEI,WA
35245,0.051208,0.0,0.051208,KENT 3,47.3594,-122.271,PSEI,WA
35246,0.051208,0.0,0.051208,KENT 4,47.349,-122.238,PSEI,WA
35247,0.05548,0.0,0.05548,KENT 5,47.3235,-122.223,PSEI,WA
35248,0.05548,0.0,0.05548,KENT 6,47.3765,-122.219,PSEI,WA
35249,0.05208,0.0,0.05208,KIRKLAND 3,47.7263,-122.156,PSEI,WA
35250,0.05208,0.0,0.05208,KIRKLAND 4,47.7358,-122.095,PSEI,WA
35251,0.076311,0.0,0.076311,RENTON 3,47.4739,-122.246,BPAT,WA
35252,0.049275,0.0,0.049275,RENTON 4,47.4626,-122.113,PSEI,WA
35253,0.078556,0.0,0.078556,EVERETT 7,47.8353,-122.089,PSEI,WA
35254,0.078556,0.0,0.078556,EVERETT 8,47.8077,-122.202,PSEI,WA
35255,0.053723,0.0,0.053723,BELLEVUE 3,47.6034,-122.206,PSEI,WA
35256,0.069204,0.0,0.069204,BONNEY LAKE 1,47.145,-122.084,PSEI,WA
35257,0.067195,0.0,0.067195,BONNEY LAKE 2,47.116,-122.078,PSEI,WA
35258,0.05623,0.0,0.05623,EATONVILLE,46.8799,-122.16,BPAT,WA
35259,0.055151,0.0,0.055151,BELLEVUE 4,47.5212,-122.242,PSEI,WA
35260,0.055151,0.0,0.055151,BELLEVUE 5,47.5196,-122.234,PSEI,WA
35261,0.037256,0.0,0.037256,EVERETT 9,48.0135,-122.172,PSEI,WA
35262,0.069609,0.0,0.069609,MARYSVILLE 3,48.0409,-122.104,PSEI,WA
35263,0.069609,0.0,0.069609,MARYSVILLE 4,48.0427,-122.17,PSEI,WA
35264,0.05093,0.0,0.05093,MOUNT VERNON 3,48.3909,-122.136,PSEI,WA
35265,0.075485,0.0,0.075485,BELLEVUE 6,47.6734,-122.157,PSEI,WA
35266,0.067675,0.0,0.067675,WOODINVILLE 1,47.8101,-122.194,PSEI,WA
35267,0.060383,0.0,0.060383,AUBURN 5,47.3361,-122.095,PSEI,WA
35268,0.060383,0.0,0.060383,AUBURN 6,47.3826,-122.052,PSEI,WA
35269,0.063606,0.0,0.063606,RENTON 5,47.486,-122.14,PSEI,WA
35270,0.063606,0.0,0.063606,RENTON 6,47.5182,-122.211,PSEI,WA
35271,0.074537,0.0,0.074537,SEDRO WOOLLEY,48.5591,-122.061,PSEI,WA
35272,0.022066,0.0,0.022066,MAPLE FALLS,48.8663,-122.063,PSEI,WA
35273,0.088629,0.0,0.088629,REDMOND 1,47.6987,-122.162,PSEI,WA
35274,0.088629,0.0,0.088629,REDMOND 2,47.73,-122.177,PSEI,WA
35275,0.066234,0.0,0.066234,KENT 7,47.4375,-122.167,PSEI,WA
35276,0.081476,0.0,0.081476,KENT 8,47.352,-122.053,PSEI,WA
35277,0.05227,0.0,0.05227,RENTON 7,47.5654,-122.136,PSEI,WA
35278,0.053243,0.0,0.053243,RENTON 8,47.5841,-122.044,PSEI,WA
35279,0.0424,0.0,0.0424,SNOHOMISH 1,47.7753,-122.023,PSEI,WA
35280,0.0424,0.0,0.0424,SNOHOMISH 2,47.7964,-122.179,PSEI,WA
35281,0.074045,0.0,0.074045,BELLEVUE 7,47.5722,-122.102,PSEI,WA
35282,0.046292,0.0,0.046292,LAKE STEVENS 1,48.0716,-121.985,PSEI,WA
35283,0.046292,0.0,0.046292,LAKE STEVENS 2,47.9546,-122.115,PSEI,WA
35284,0.047354,0.0,0.047354,BUCKLEY,47.2107,-122.159,PSEI,WA
35285,0.013485,0.0,0.013485,CARSON 1,45.7705,-122.041,BPAT,WA
35286,0.041199,0.0,0.041199,WOODINVILLE 2,47.7174,-122.023,PSEI,WA
35287,0.039051,0.0,0.039051,SAMMAMISH 1,47.6539,-122.083,PSEI,WA
35288,0.039051,0.0,0.039051,SAMMAMISH 2,47.6533,-122.066,PSEI,WA
35289,0.062835,0.0,0.062835,SAMMAMISH 3,47.53,-122.106,PSEI,WA
35290,0.056971,0.0,0.056971,REDMOND 3,47.6984,-122.053,PSEI,WA
35291,0.073855,0.0,0.073855,ISSAQUAH 1,47.5088,-122.045,PSEI,WA
35292,0.039645,0.0,0.039645,ISSAQUAH 2,47.4204,-121.999,PSEI,WA
35293,0.039645,0.0,0.039645,ISSAQUAH 3,47.5484,-122.021,PSEI,WA
35294,0.049616,0.0,0.049616,SNOHOMISH 3,47.8617,-121.976,PSEI,WA
35295,0.049616,0.0,0.049616,SNOHOMISH 4,47.8765,-122.083,PSEI,WA
35296,0.057186,0.0,0.057186,MAPLE VALLEY 1,47.3322,-121.972,PSEI,WA
35297,0.047278,0.0,0.047278,MAPLE VALLEY 2,47.5141,-122.052,PSEI,WA
35298,0.018535,0.0,0.018535,STEVENSON,45.6247,-122.022,BPAT,WA
35299,0.095863,0.0,0.095863,ARLINGTON 1,48.2871,-122.039,BPAT,WA
35300,0.095863,0.0,0.095863,ARLINGTON 2,48.1649,-121.877,BPAT,WA
35301,0.065779,0.0,0.065779,ENUMCLAW,47.1536,-121.891,PSEI,WA
35302,0.017137,0.0,0.017137,FALL CITY 1,47.6184,-121.816,PSEI,WA
35303,0.065624,0.0,0.065624,MONROE 1,47.8344,-121.804,BPAT,WA
35304,0.042374,0.0,0.042374,MONROE 2,47.9353,-121.822,PSEI,WA
35305,0.020524,0.0,0.020524,CARNATION,47.7267,-121.899,PSEI,WA
35306,0.03253,0.0,0.03253,DUVALL,47.72,-121.79,PSEI,WA
35307,0.039404,0.0,0.039404,SNOQUALMIE,47.6707,-121.713,PSEI,WA
35308,0.030982,0.0,0.030982,SULTAN 1,47.8719,-121.774,BPAT,WA
35309,0.041218,0.0,0.041218,GRANITE FALLS,48.0007,-121.598,BPAT,WA
35310,0.045433,0.0,0.045433,NORTH BEND 1,47.4476,-121.62,PSEI,WA
35311,0.023428,0.0,0.023428,GOLD BAR,47.8387,-121.687,BPAT,WA
35312,0.045681,0.0,0.045681,WHITE SALMON,45.8583,-121.52,BPAT,WA
35313,0.010001,0.0,0.010001,DARRINGTON,48.2191,-121.308,BPAT,WA
35314,0.024758,0.0,0.024758,NACHES,46.8228,-121.284,BPAT,WA
35315,0.015873,0.0,0.015873,LYLE,45.6573,-121.134,BPAT,WA
35316,0.068188,0.0,0.068188,YAKIMA 1,46.52,-121.052,BPAT,WA
35317,0.029496,0.0,0.029496,CLE ELUM 1,47.2783,-120.851,PSEI,WA
35318,0.088852,0.0,0.088852,LEAVENWORTH,47.8317,-120.899,CHPD,WA
35319,0.033468,0.0,0.033468,GOLDENDALE 1,45.9276,-120.717,BPAT,WA
35320,0.010941,0.0,0.010941,WHITE SWAN,46.292,-120.781,BPAT,WA
35321,0.103124,0.0,0.103124,YAKIMA 2,46.6481,-120.678,BPAT,WA
35322,0.082769,0.0,0.082769,YAKIMA 3,46.7045,-120.683,BPAT,WA
35323,0.079736,0.0,0.079736,SELAH,46.873,-120.727,BPAT,WA
35324,0.1088,0.0,0.1088,YAKIMA 4,46.5831,-120.469,BPAT,WA
35325,0.1088,0.0,0.1088,YAKIMA 5,46.6723,-120.47,BPAT,WA
35326,0.071281,0.0,0.071281,WAPATO,46.5432,-120.569,BPAT,WA
35327,0.084262,0.0,0.084262,CASHMERE,47.4854,-120.482,CHPD,WA
35328,0.045862,0.0,0.045862,ELLENSBURG 1,47.0315,-120.532,PSEI,WA
35329,0.049249,0.0,0.049249,ELLENSBURG 2,46.9945,-120.431,PSEI,WA
35330,0.045749,0.0,0.045749,YAKIMA 6,46.7656,-120.424,PSEI,WA
35331,0.045749,0.0,0.045749,YAKIMA 7,46.8168,-120.485,PSEI,WA
35332,0.067039,0.0,0.067039,CHELAN,48.0169,-120.332,CHPD,WA
35333,0.207054,0.0,0.207054,WENATCHEE 1,47.3425,-120.277,CHPD,WA
35334,0.207054,0.0,0.207054,WENATCHEE 2,47.4248,-120.327,CHPD,WA
35335,0.00323,0.0,0.00323,WINTHROP,48.5775,-120.412,DOPD,WA
35336,0.062121,0.0,0.062121,TOPPENISH,46.2344,-120.294,BPAT,WA
35337,0.00414,0.0,0.00414,TWISP,48.3329,-120.338,DOPD,WA
35338,0.095256,0.0,0.095256,ZILLAH,46.4421,-120.185,BPAT,WA
35339,0.021671,0.0,0.021671,EAST WENATCHEE 1,47.4908,-120.118,DOPD,WA
35340,0.019595,0.0,0.019595,EAST WENATCHEE 2,47.4767,-120.147,DOPD,WA
35341,0.017321,0.0,0.017321,MALAGA,47.2553,-120.165,BPAT,WA
35342,0.071376,0.0,0.071376,MANSON,47.9079,-120.041,CHPD,WA
35343,0.019689,0.0,0.019689,MABTON,46.1405,-120.097,BPAT,WA
35344,0.071633,0.071711,0.143344,GRANDVIEW,46.2234,-119.973,BPAT,WA
35345,0.3899,0.056133,0.446033,QUINCY 1,47.1193,-119.794,GCPD,WA
35346,0.006687,0.0,0.006687,BREWSTER,48.0643,-119.69,DOPD,WA
35347,0.282705,0.0,0.282705,MATTAWA 1,46.7256,-119.625,GCPD,WA
35348,0.061965,0.013835,0.0758,PROSSER,46.1752,-119.678,BPAT,WA
35349,0.161764,0.0,0.161764,ROYAL CITY,46.8538,-119.7,GCPD,WA
35350,0.103398,0.0,0.103398,SUNNYSIDE 1,46.5318,-119.56,BPAT,WA
35351,0.368377,0.0,0.368377,EPHRATA,47.4061,-119.534,GCPD,WA
35352,0.007392,0.0,0.007392,OKANOGAN,48.2962,-119.665,DOPD,WA
35353,0.043215,0.0,0.043215,BENTON CITY,46.3237,-119.53,BPAT,WA
35354,0.189812,0.0,0.189812,SOAP LAKE,47.4753,-119.519,GCPD,WA
35355,0.062493,0.0,0.062493,WEST RICHLAND,46.2844,-119.292,BPAT,WA
35356,0.661913,0.045155,0.707068,MOSES LAKE 1,47.1599,-119.374,GCPD,WA
35357,0.672466,0.042155,0.71462,MOSES LAKE 2,47.2058,-119.293,GCPD,WA
35358,0.100247,0.12386,0.224107,RICHLAND 1,46.332,-119.296,BPAT,WA
35359,0.063354,0.0,0.063354,RICHLAND 2,46.3498,-119.264,BPAT,WA
35360,0.064998,0.0,0.064998,RICHLAND 3,46.1596,-119.357,BPAT,WA
35361,0.054273,0.0,0.054273,KENNEWICK 1,46.1784,-119.187,BPAT,WA
35362,0.014023,0.0,0.014023,OMAK,48.3025,-119.316,DOPD,WA
35363,0.00878,0.0,0.00878,TONASKET,48.6336,-119.347,DOPD,WA
35364,0.006664,0.0,0.006664,OROVILLE 1,48.9833,-119.219,DOPD,WA
35365,0.014287,0.0,0.014287,MESA 1,46.6475,-119.276,BPAT,WA
35366,0.078992,0.213245,0.292237,OTHELLO,46.9002,-119.148,BPAT,WA
35367,0.114495,0.0,0.114495,KENNEWICK 2,46.1558,-119.146,BPAT,WA
35368,0.114495,0.0,0.114495,KENNEWICK 3,46.2059,-119.154,BPAT,WA
35369,0.071105,0.0,0.071105,KENNEWICK 4,46.119,-119.034,BPAT,WA
35370,0.070087,0.001553,0.07164,KENNEWICK 5,46.1418,-119.034,BPAT,WA
35371,0.136076,0.0,0.136076,WARDEN,46.9803,-119.065,GCPD,WA
35372,0.160157,0.0,0.160157,PASCO 1,46.3067,-118.856,BPAT,WA
35373,0.164423,0.0,0.164423,PASCO 2,46.4504,-119.033,BPAT,WA
35374,0.01085,0.0,0.01085,COULEE DAM,48.0642,-118.908,DOPD,WA
35375,0.017302,0.0,0.017302,BURBANK 1,46.236,-118.973,BPAT,WA
35376,0.029025,0.050486,0.079511,CONNELL,46.6152,-118.833,BPAT,WA
35377,0.013506,0.0,0.013506,REPUBLIC,48.5237,-118.725,AVA,WA
35378,0.050319,0.0,0.050319,COLLEGE PLACE,46.0608,-118.472,BPAT,WA
35379,0.022586,0.0,0.022586,RITZVILLE,47.1453,-118.431,BPAT,WA
35380,0.023296,0.0,0.023296,DAVENPORT,47.603,-118.245,AVA,WA
35381,0.021463,0.0,0.021463,KETTLE FALLS 1,48.6381,-118.056,AVA,WA
35382,0.026461,0.0,0.026461,DAYTON 1,46.2473,-117.768,BPAT,WA
35383,0.015454,0.0,0.015454,SPRINGDALE,48.0408,-117.937,AVA,WA
35384,0.043004,0.0,0.043004,COLVILLE,48.5904,-117.782,AVA,WA
35385,0.056548,0.0,0.056548,MEDICAL LAKE,47.5223,-117.695,AVA,WA
35386,0.028152,0.0,0.028152,CHEWELAH,48.3264,-117.614,AVA,WA
35387,0.05701,0.0,0.05701,CHENEY,47.448,-117.595,AVA,WA
35388,0.033944,0.0,0.033944,NINE MILE FALLS 1,47.8176,-117.626,AVA,WA
35389,0.056241,0.0,0.056241,SPOKANE 1,47.6986,-117.566,AVA,WA
35390,0.048347,0.0,0.048347,DEER PARK,48.0336,-117.55,AVA,WA
35391,0.075641,0.0,0.075641,SPOKANE 2,47.7976,-117.431,AVA,WA
35392,0.075641,0.0,0.075641,SPOKANE 3,47.7576,-117.424,AVA,WA
35393,0.064788,0.0,0.064788,SPOKANE 4,47.6004,-117.414,AVA,WA
35394,0.064788,0.0,0.064788,SPOKANE 5,47.7045,-117.488,AVA,WA
35395,0.041031,0.0,0.041031,SPOKANE 6,47.7299,-117.375,AVA,WA
35396,0.020797,0.0,0.020797,SPOKANE 7,47.6011,-117.461,AVA,WA
35397,0.015928,0.0,0.015928,COLFAX 1,46.8793,-117.435,AVA,WA
35398,0.047758,0.0,0.047758,SPOKANE 8,47.8353,-117.428,AVA,WA
35399,0.062097,0.0,0.062097,SPOKANE 9,47.5865,-117.342,AVA,WA
35400,0.047438,0.0,0.047438,SPOKANE 10,47.6851,-117.361,AVA,WA
35401,0.047438,0.0,0.047438,SPOKANE 11,47.7601,-117.386,AVA,WA
35402,0.066364,0.0,0.066364,SPOKANE 12,47.6639,-117.367,AVA,WA
35403,0.026371,0.0,0.026371,COLBERT,47.8809,-117.31,AVA,WA
35404,0.045016,0.0,0.045016,SPOKANE 13,47.5957,-117.263,AVA,WA
35405,0.054857,0.0,0.054857,SPOKANE 14,47.5037,-117.321,AVA,WA
35406,0.059034,0.0,0.059034,SPOKANE 15,47.6871,-117.291,AVA,WA
35407,0.014916,0.0,0.014916,CHATTAROY,48.0173,-117.297,AVA,WA
35408,0.101911,0.0,0.101911,CLARKSTON 1,46.3546,-117.284,BPAT,WA
35409,0.053588,0.0,0.053588,SPOKANE 16,47.7636,-117.293,AVA,WA
35410,0.053511,0.0,0.053511,SPOKANE 17,47.5894,-117.303,AVA,WA
35411,0.053511,0.0,0.053511,SPOKANE 18,47.7083,-117.31,AVA,WA
35412,0.012135,0.0,0.012135,ELK,48.1135,-117.325,AVA,WA
35413,0.074924,0.0,0.074924,SPOKANE 19,47.7363,-117.258,AVA,WA
35414,0.048283,0.0,0.048283,PULLMAN 1,46.6533,-117.315,AVA,WA
35415,0.056279,0.0,0.056279,PULLMAN 2,46.6335,-117.171,AVA,WA
35416,0.039903,0.0,0.039903,VERADALE,47.6369,-117.195,AVA,WA
35417,0.024949,0.0,0.024949,NEWPORT 1,48.1673,-117.148,AVA,WA
35418,0.028216,0.0,0.028216,MEAD,47.9256,-117.139,AVA,WA
35419,0.01876,0.0,0.01876,OTIS ORCHARDS,47.7108,-117.218,AVA,WA
35420,0.042427,0.0,0.042427,GREENACRES,47.5149,-117.03,AVA,WA
35421,0.029216,0.0,0.029216,LIBERTY LAKE,47.6862,-117.088,AVA,WA
35422,0.016094,0.0,0.016094,NEWMAN LAKE,47.7501,-117.133,AVA,WA
35424,0.00139,0.0,0.00139,ROOSEVELT 1,45.8131,-120.347,BPAT,WA
35425,0.013583,0.0,0.013583,RANDLE,46.4661,-122.11,BPAT,WA
35426,0.001504,0.0,0.001504,CLE ELUM 2,47.1356,-120.687,PSEI,WA
35427,0.004228,0.0,0.004228,GOLDENDALE 2,45.8797,-120.807,BPAT,WA
35428,0.000716,0.0,0.000716,WENATCHEE 3,47.5336,-120.295,CHPD,WA
35429,0.000176,0.0,0.000176,WENATCHEE 4,47.3461,-120.092,DOPD,WA
35433,0.000705,0.0,0.000705,COUGAR 1,46.0608,-122.202,BPAT,WA
35434,0.000822,0.0,0.000822,ELLENSBURG 3,46.9547,-120.182,BPAT,WA
35435,0.00501,0.0,0.00501,BRIDGEPORT,47.9951,-119.64,DOPD,WA
35436,0.021431,0.0,0.021431,SILVER CREEK 1,46.5035,-122.588,BPAT,WA
35437,0.012208,0.0,0.012208,CONCRETE 1,48.5478,-121.741,PSEI,WA
35438,0.0,0.035138,0.035138,CAMAS 3,45.5847,-122.406,BPAT,WA
35439,0.010569,0.0,0.010569,DAYTON 2,46.4211,-118.027,BPAT,WA
35440,0.002932,0.0,0.002932,ROCKPORT 1,48.6981,-121.209,PSEI,WA
35443,0.0,0.294375,0.294375,LONGVIEW 3,46.1039,-122.918,BPAT,WA
35445,0.01776,0.0,0.01776,ROSALIA,47.1558,-117.364,AVA,WA
35446,0.012537,0.0,0.012537,ANACORTES 2,48.4708,-122.56,PSEI,WA
35451,0.004776,0.0,0.004776,AMBOY,45.9628,-122.335,BPAT,WA
35452,0.003716,0.0,0.003716,KETTLE FALLS 2,48.6203,-118.111,AVA,WA
35453,0.001018,0.0,0.001018,BICKLETON 1,45.9215,-120.236,BPAT,WA
35454,0.007048,0.0,0.007048,POMEROY 1,46.6595,-117.429,AVA,WA
35456,0.0,0.156877,0.156877,TACOMA 21,47.2661,-122.428,BPAT,WA
35496,0.0,0.381593,0.381593,LONGVIEW 4,46.1236,-122.973,BPAT,WA
35504,0.0,0.066956,0.066956,PASCO 3,46.3069,-119.114,BPAT,WA
35505,0.0,0.13912,0.13912,TOUCHET,46.06,-118.917,BPAT,WA
35509,0.032801,0.0,0.032801,BANDON,43.1141,-124.309,PACW,OR
35510,0.010247,0.0,0.010247,PORT ORFORD,42.7958,-124.245,PACW,OR
35511,0.021515,0.0,0.021515,GOLD BEACH,42.5352,-124.277,PACW,OR
35512,0.06098,0.0,0.06098,NORTH BEND 4,43.5655,-124.119,PACW,OR
35513,0.061517,0.0,0.061517,BROOKINGS,42.1441,-124.125,PACW,OR
35514,0.028283,0.0,0.028283,COQUILLE,43.2667,-124.12,PACW,OR
35515,0.057068,0.0,0.057068,COOS BAY 1,43.3603,-124.093,PACW,OR
35516,0.065203,0.0,0.065203,COOS BAY 2,43.4329,-124.149,PACW,OR
35517,0.08046,0.0,0.08046,FLORENCE 1,44.1582,-124.055,BPAT,OR
35518,0.053498,0.0,0.053498,NEWPORT 2,44.7568,-123.976,BPAT,OR
35519,0.023056,0.0,0.023056,MYRTLE POINT,43.1212,-123.912,PACW,OR
35520,0.063614,0.0,0.063614,LINCOLN CITY,44.8721,-124.042,BPAT,OR
35521,0.035456,0.0,0.035456,WARRENTON,46.2056,-123.962,BPAT,OR
35522,0.033489,0.0,0.033489,WALDPORT,44.4494,-123.879,BPAT,OR
35523,0.023698,0.0,0.023698,OTIS,45.1142,-123.883,BPAT,OR
35524,0.038862,0.0,0.038862,TOLEDO 1,44.7009,-123.977,BPAT,OR
35525,0.014718,0.0,0.014718,CLOVERDALE 1,45.3609,-123.787,BPAT,OR
35526,0.028629,0.0,0.028629,REEDSPORT,43.9044,-123.825,PACW,OR
35527,0.046768,0.0,0.046768,NEHALEM,45.6578,-123.914,BPAT,OR
35528,0.063938,0.0,0.063938,TILLAMOOK,45.5991,-123.728,BPAT,OR
35529,0.082021,0.0,0.082021,ASTORIA,46.2102,-123.675,BPAT,OR
35530,0.048754,0.0,0.048754,SEASIDE 1,45.9124,-123.496,BPAT,OR
35531,0.036765,0.0,0.036765,CAVE JUNCTION,42.0675,-123.56,PACW,OR
35532,0.018518,0.0,0.018518,WILLAMINA,45.0801,-123.582,PGE,OR
35533,0.009883,0.0,0.009883,MERLIN,42.627,-123.609,PACW,OR
35534,0.066675,0.0,0.066675,ROSEBURG 1,43.2085,-123.422,PACW,OR
35535,0.063403,0.0,0.063403,ROSEBURG 2,43.2385,-123.435,PACW,OR
35536,0.038426,0.0,0.038426,WINSTON,43.119,-123.571,PACW,OR
35537,0.042348,0.0,0.042348,PHILOMATH,44.6094,-123.535,BPAT,OR
35538,0.029529,0.0,0.029529,RIDDLE,42.8203,-123.445,PACW,OR
35539,0.032683,0.0,0.032683,SHERIDAN 1,45.0786,-123.373,PGE,OR
35540,0.070033,0.0,0.070033,GRANTS PASS 1,42.4166,-123.314,PACW,OR
35541,0.073079,0.0,0.073079,GRANTS PASS 2,42.4573,-123.449,PACW,OR
35542,0.041112,0.0,0.041112,VENETA,43.9869,-123.338,BPAT,OR
35543,0.027732,0.0,0.027732,MONROE 3,44.2451,-123.451,BPAT,OR
35544,0.077705,0.0,0.077705,DALLAS,44.8767,-123.274,PGE,OR
35545,0.044961,0.0,0.044961,MONMOUTH,44.7378,-123.378,PGE,OR
35546,0.071054,0.0,0.071054,GRANTS PASS 3,42.555,-123.297,PACW,OR
35547,0.071054,0.0,0.071054,GRANTS PASS 4,42.5809,-123.379,PACW,OR
35548,0.021377,0.0,0.021377,DRAIN,43.5903,-123.264,PACW,OR
35549,0.103996,0.0,0.103996,CORVALLIS 1,44.5588,-123.384,BPAT,OR
35550,0.066484,0.0,0.066484,MCMINNVILLE 1,45.2669,-123.212,PGE,OR
35551,0.080434,0.0,0.080434,MCMINNVILLE 2,45.1164,-123.219,PGE,OR
35552,0.05958,0.0,0.05958,JUNCTION CITY,44.2009,-123.303,BPAT,OR
35553,0.029597,0.0,0.029597,CLATSKANIE 1,46.114,-123.188,BPAT,OR
35554,0.112611,0.0,0.112611,CORVALLIS 2,44.7014,-123.324,BPAT,OR
35555,0.109043,0.0,0.109043,CORVALLIS 3,44.6189,-123.246,BPAT,OR
35556,0.083014,0.0,0.083014,ROSEBURG 3,43.3399,-123.262,PACW,OR
35557,0.017799,0.0,0.017799,VERNONIA,45.8409,-123.184,BPAT,OR
35558,0.138296,0.0,0.138296,EUGENE 1,44.086,-123.3,BPAT,OR
35559,0.122464,0.0,0.122464,EUGENE 2,43.9613,-123.22,BPAT,OR
35560,0.056358,0.0,0.056358,MYRTLE CREEK,42.9845,-123.278,PACW,OR
35561,0.055839,0.0,0.055839,SUTHERLIN,43.4033,-123.245,PACW,OR
35562,0.028789,0.0,0.028789,GASTON,45.4803,-123.247,PGE,OR
35563,0.110483,0.0,0.110483,EUGENE 3,43.8513,-123.248,BPAT,OR
35564,0.108597,0.0,0.108597,EUGENE 4,44.0216,-123.263,BPAT,OR
35565,0.088681,0.0,0.088681,FOREST GROVE,45.4992,-123.078,PGE,OR
35566,0.121288,0.0,0.121288,ALBANY 1,44.7405,-123.132,BPAT,OR
35567,0.028733,0.0,0.028733,ROGUE RIVER,42.5653,-123.223,PACW,OR
35568,0.037925,0.0,0.037925,INDEPENDENCE,44.89,-123.235,PGE,OR
35569,0.078473,0.0,0.078473,EUGENE 5,44.1554,-123.156,BPAT,OR
35570,0.078473,0.0,0.078473,EUGENE 6,44.1049,-123.14,BPAT,OR
35571,0.021937,0.0,0.021937,BANKS,45.627,-123.19,PGE,OR
35572,0.052335,0.0,0.052335,SALEM 1,45.0728,-123.107,PGE,OR
35573,0.052335,0.0,0.052335,SALEM 2,44.9707,-123.022,PGE,OR
35574,0.066553,0.0,0.066553,SALEM 3,44.7515,-123.133,BPAT,OR
35575,0.050327,0.0,0.050327,SALEM 4,44.7599,-123.099,PGE,OR
35576,0.098583,0.0,0.098583,EUGENE 7,44.1049,-122.986,BPAT,OR
35577,0.098583,0.0,0.098583,EUGENE 8,44.052,-123.101,BPAT,OR
35578,0.031272,0.0,0.031272,DAYTON 6,45.2576,-123.142,PGE,OR
35579,0.068308,0.0,0.068308,SALEM 5,44.8875,-123.074,PGE,OR
35580,0.070991,0.0,0.070991,SALEM 6,44.9694,-123.159,PGE,OR
35581,0.019109,0.0,0.019109,GOLD HILL,42.4264,-123.065,PACW,OR
35582,0.056985,0.0,0.056985,EUGENE 9,44.1243,-123.091,BPAT,OR
35583,0.03789,0.0,0.03789,JACKSONVILLE,42.0725,-123.083,PACW,OR
35584,0.023414,0.0,0.023414,HARRISBURG,44.2789,-123.049,BPAT,OR
35585,0.056539,0.0,0.056539,EUGENE 10,44.0002,-123.106,BPAT,OR
35586,0.052074,0.0,0.052074,CORNELIUS,45.5167,-123.003,PGE,OR
35587,0.047274,0.0,0.047274,CRESWELL,43.8105,-123.045,BPAT,OR
35588,0.020618,0.0,0.020618,JEFFERSON,44.7812,-123.052,PGE,OR
35589,0.071129,0.0,0.071129,SALEM 7,45.0186,-123.035,PGE,OR
35590,0.071129,0.0,0.071129,SALEM 8,44.9338,-123.062,PGE,OR
35591,0.014716,0.0,0.014716,NORTH PLAINS,45.699,-122.954,PGE,OR
35592,0.082811,0.0,0.082811,ALBANY 2,44.6932,-123.068,BPAT,OR
35593,0.082811,0.0,0.082811,ALBANY 3,44.6757,-123.034,BPAT,OR
35594,0.009278,0.0,0.009278,GLIDE,43.2909,-122.941,PACW,OR
35595,0.090109,0.0,0.090109,COTTAGE GROVE,43.7481,-122.958,BPAT,OR
35596,0.089704,0.0,0.089704,SPRINGFIELD 1,44.1148,-122.98,BPAT,OR
35597,0.10205,0.0,0.10205,SPRINGFIELD 2,43.9963,-122.96,BPAT,OR
35598,0.098446,0.0,0.098446,SALEM 9,44.9005,-123.09,PGE,OR
35599,0.098446,0.0,0.098446,SALEM 10,44.8689,-123.058,PGE,OR
35600,0.078855,0.0,0.078855,NEWBERG 1,45.3382,-123.0,PGE,OR
35601,0.052013,0.0,0.052013,NEWBERG 2,45.4173,-122.936,PGE,OR
35602,0.032557,0.0,0.032557,RAINIER 2,46.0529,-123.051,BPAT,OR
35603,0.081921,0.0,0.081921,HILLSBORO 1,45.4409,-123.052,PGE,OR
35604,0.081921,0.0,0.081921,HILLSBORO 2,45.355,-122.963,PGE,OR
35605,0.08123,0.076654,0.157884,SCAPPOOSE,45.8141,-122.886,BPAT,OR
35606,0.01884,0.0,0.01884,GERVAIS,45.1923,-122.991,PGE,OR
35607,0.057518,0.0,0.057518,CENTRAL POINT 1,42.358,-122.884,PACW,OR
35608,0.057518,0.0,0.057518,CENTRAL POINT 2,42.3531,-123.03,PACW,OR
35609,0.085325,0.0,0.085325,SAINT HELENS,45.949,-122.972,BPAT,OR
35610,0.088942,0.0,0.088942,HILLSBORO 3,45.5182,-122.938,PGE,OR
35611,0.088942,0.0,0.088942,HILLSBORO 4,45.5012,-122.96,PGE,OR
35612,0.026333,0.044868,0.071202,BROWNSVILLE,44.3853,-123.016,BPAT,OR
35613,0.019101,0.0,0.019101,TURNER,44.7395,-122.905,PGE,OR
35614,0.073904,0.0,0.073904,SALEM 11,45.0701,-122.972,PGE,OR
35615,0.073904,0.0,0.073904,SALEM 12,44.9877,-122.898,PGE,OR
35616,0.04374,0.0,0.04374,WHITE CITY 1,42.518,-122.908,PACW,OR
35617,0.089601,0.0,0.089601,SALEM 13,44.9415,-122.928,PGE,OR
35618,0.08748,0.0,0.08748,MEDFORD 1,42.3427,-122.87,PACW,OR
35619,0.08748,0.0,0.08748,MEDFORD 2,42.233,-122.943,PACW,OR
35620,0.143852,0.0,0.143852,BEAVERTON 1,45.3594,-122.914,PGE,OR
35621,0.123157,0.0,0.123157,BEAVERTON 2,45.4657,-122.837,PGE,OR
35622,0.086366,0.0,0.086366,SHERWOOD,45.4213,-122.884,PGE,OR
35623,0.115952,0.0,0.115952,BEAVERTON 3,45.5972,-122.8,PGE,OR
35624,0.115952,0.0,0.115952,BEAVERTON 4,45.6164,-122.813,PGE,OR
35625,0.024328,0.0,0.024328,AUMSVILLE,44.8785,-122.894,PGE,OR
35626,0.090028,0.0,0.090028,SPRINGFIELD 3,44.1256,-122.883,BPAT,OR
35627,0.095826,0.0,0.095826,SPRINGFIELD 4,44.0649,-122.765,BPAT,OR
35628,0.018265,0.0,0.018265,DEXTER 1,43.8388,-122.834,BPAT,OR
35629,0.052979,0.0,0.052979,WOODBURN 1,45.2229,-122.734,PGE,OR
35630,0.052979,0.0,0.052979,WOODBURN 2,45.1929,-122.878,PGE,OR
35631,0.069614,0.0,0.069614,LEBANON 1,44.5034,-122.861,BPAT,OR
35632,0.069614,0.0,0.069614,LEBANON 2,44.5094,-122.913,BPAT,OR
35633,0.032939,0.0,0.032939,TALENT,42.1441,-122.735,PACW,OR
35634,0.020961,0.0,0.020961,PHOENIX 1,42.1838,-122.722,PACW,OR
35635,0.107092,0.0,0.107092,PORTLAND 1,45.5639,-122.844,PGE,OR
35636,0.107092,0.0,0.107092,PORTLAND 2,45.6271,-122.898,PGE,OR
35637,0.053285,0.0,0.053285,BEAVERTON 5,45.3733,-122.753,PGE,OR
35638,0.053285,0.0,0.053285,BEAVERTON 6,45.5193,-122.839,PGE,OR
35639,0.091624,0.0,0.091624,BEAVERTON 7,45.5864,-122.872,PGE,OR
35640,0.092309,0.0,0.092309,MEDFORD 3,42.276,-122.709,PACW,OR
35641,0.092309,0.0,0.092309,MEDFORD 4,42.4147,-122.775,PACW,OR
35642,0.057256,0.0,0.057256,PORTLAND 3,45.4822,-122.886,PGE,OR
35643,0.057256,0.0,0.057256,PORTLAND 4,45.4635,-122.823,PGE,OR
35644,0.023973,0.0,0.023973,SHADY COVE,42.487,-122.763,PACW,OR
35645,0.019208,0.0,0.019208,HUBBARD,45.1224,-122.838,PGE,OR
35646,0.085907,0.0,0.085907,PORTLAND 5,45.4701,-122.767,PGE,OR
35647,0.085907,0.0,0.085907,PORTLAND 6,45.4294,-122.816,PGE,OR
35648,0.077107,0.0,0.077107,WILSONVILLE,45.2759,-122.709,PGE,OR
35649,0.015958,0.0,0.015958,MOUNT ANGEL,45.0517,-122.688,PGE,OR
35650,0.088942,0.0,0.088942,PORTLAND 7,45.5323,-122.731,PGE,OR
35651,0.050465,0.0,0.050465,TUALATIN 1,45.3646,-122.717,PGE,OR
35652,0.050465,0.0,0.050465,TUALATIN 2,45.432,-122.857,PGE,OR
35653,0.057102,0.0,0.057102,PORTLAND 8,45.5179,-122.66,PGE,OR
35654,0.057102,0.0,0.057102,PORTLAND 9,45.6011,-122.713,PGE,OR
35655,0.042785,0.0,0.042785,PORTLAND 10,45.4612,-122.741,PGE,OR
35656,0.079527,0.0,0.079527,SWEET HOME,44.3595,-122.681,BPAT,OR
35657,0.068339,0.0,0.068339,PORTLAND 11,45.5637,-122.781,PGE,OR
35658,0.087976,0.0,0.087976,LAKE OSWEGO 1,45.397,-122.789,PGE,OR
35659,0.088102,0.0,0.088102,STAYTON,44.702,-122.788,BPAT,OR
35660,0.054128,0.0,0.054128,SILVERTON,44.9164,-122.746,PGE,OR
35661,0.057838,0.0,0.057838,PORTLAND 12,45.5781,-122.707,PGE,OR
35662,0.057838,0.0,0.057838,PORTLAND 13,45.5821,-122.783,PGE,OR
35663,0.071206,0.0,0.071206,PORTLAND 14,45.4389,-122.781,PGE,OR
35664,0.12817,0.0,0.12817,PORTLAND 15,45.4942,-122.605,PGE,OR
35665,0.052059,0.0,0.052059,PORTLAND 16,45.4157,-122.743,PGE,OR
35666,0.055002,0.0,0.055002,PORTLAND 17,45.4804,-122.724,PGE,OR
35667,0.06955,0.0,0.06955,LAKE OSWEGO 2,45.3764,-122.61,PGE,OR
35668,0.052074,0.0,0.052074,WEST LINN 1,45.4451,-122.747,PGE,OR
35669,0.052074,0.0,0.052074,WEST LINN 2,45.4277,-122.711,PGE,OR
35670,0.083469,0.0,0.083469,CANBY,45.2832,-122.737,PGE,OR
35671,0.062797,0.0,0.062797,EAGLE POINT,42.377,-122.635,PACW,OR
35672,0.071298,0.0,0.071298,PORTLAND 18,45.504,-122.696,PGE,OR
35673,0.071298,0.0,0.071298,PORTLAND 19,45.4669,-122.604,PGE,OR
35674,0.042202,0.0,0.042202,PORTLAND 20,45.4399,-122.726,PGE,OR
35675,0.102922,0.0,0.102922,PORTLAND 21,45.5869,-122.624,PGE,OR
35676,0.087608,0.0,0.087608,PORTLAND 22,45.4518,-122.626,PGE,OR
35677,0.057486,0.0,0.057486,PORTLAND 23,45.5764,-122.572,PGE,OR
35678,0.09686,0.0,0.09686,PORTLAND 24,45.6788,-122.722,BPAT,OR
35679,0.064338,0.045278,0.109615,PORTLAND 25,45.3561,-122.626,PGE,OR
35680,0.064338,0.0,0.064338,PORTLAND 26,45.3694,-122.626,PGE,OR
35681,0.056734,0.0,0.056734,PORTLAND 27,45.4963,-122.62,PGE,OR
35682,0.056734,0.0,0.056734,PORTLAND 28,45.3213,-122.542,PGE,OR
35683,0.053577,0.0,0.053577,PORTLAND 29,45.5749,-122.532,PGE,OR
35684,0.060245,0.0,0.060245,PORTLAND 30,45.4899,-122.629,PGE,OR
35685,0.071074,0.0,0.071074,PORTLAND 31,45.6262,-122.565,BPAT,OR
35686,0.053745,0.0,0.053745,PORTLAND 32,45.5726,-122.665,PGE,OR
35687,0.087562,0.0,0.087562,PORTLAND 33,45.5661,-122.577,PGE,OR
35688,0.087562,0.0,0.087562,PORTLAND 34,45.5151,-122.646,PGE,OR
35689,0.044624,0.0,0.044624,GLADSTONE,45.2892,-122.515,PGE,OR
35690,0.101656,0.0,0.101656,ASHLAND,42.2276,-122.584,PACW,OR
35691,0.052412,0.0,0.052412,PORTLAND 35,45.5498,-122.58,PGE,OR
35692,0.06931,0.0,0.06931,PORTLAND 36,45.6494,-122.544,BPAT,OR
35693,0.0556,0.0,0.0556,MOLALLA,45.1696,-122.602,PGE,OR
35694,0.06118,0.0,0.06118,PORTLAND 37,45.5992,-122.648,PGE,OR
35695,0.061257,0.0,0.061257,PORTLAND 38,45.5115,-122.597,PGE,OR
35696,0.061257,0.0,0.061257,PORTLAND 39,45.4499,-122.544,PGE,OR
35697,0.071819,0.0,0.071819,CLACKAMAS,45.4465,-122.485,PGE,OR
35698,0.105237,0.0,0.105237,OREGON CITY 1,45.2537,-122.569,PGE,OR
35699,0.094476,0.0,0.094476,OREGON CITY 2,45.3769,-122.622,PGE,OR
35700,0.047843,0.0,0.047843,HAPPY VALLEY 1,45.5198,-122.623,PGE,OR
35701,0.047843,0.0,0.047843,HAPPY VALLEY 2,45.5405,-122.539,PGE,OR
35702,0.067787,0.0,0.067787,PORTLAND 40,45.3912,-122.505,PGE,OR
35703,0.067787,0.0,0.067787,PORTLAND 41,45.5391,-122.525,PGE,OR
35704,0.073122,0.0,0.073122,PORTLAND 42,45.4955,-122.513,PGE,OR
35705,0.096698,0.0,0.096698,PORTLAND 43,45.6203,-122.524,BPAT,OR
35706,0.072417,0.0,0.072417,PORTLAND 44,45.5273,-122.6,PGE,OR
35707,0.072417,0.0,0.072417,PORTLAND 45,45.4829,-122.476,PGE,OR
35708,0.026888,0.0,0.026888,BEAVERCREEK,45.2556,-122.467,PGE,OR
35709,0.044103,0.0,0.044103,DAMASCUS,45.4882,-122.351,PGE,OR
35710,0.049829,0.0,0.049829,FAIRVIEW 1,45.6415,-122.484,BPAT,OR
35711,0.067496,0.0,0.067496,GRESHAM 1,45.5671,-122.371,PGE,OR
35712,0.067496,0.0,0.067496,GRESHAM 2,45.4673,-122.467,PGE,OR
35713,0.022442,0.0,0.022442,LYONS 1,44.8281,-122.447,PGE,OR
35714,0.075222,0.0,0.075222,GRESHAM 3,45.5013,-122.473,PGE,OR
35715,0.088911,0.0,0.088911,GRESHAM 4,45.4232,-122.4,PGE,OR
35716,0.022603,0.0,0.022603,OAKRIDGE,43.713,-122.308,BPAT,OR
35717,0.10953,0.0,0.10953,TROUTDALE,45.5688,-122.272,BPAT,OR
35718,0.040194,0.0,0.040194,BORING,45.5193,-122.272,PGE,OR
35719,0.036178,0.0,0.036178,ESTACADA 1,45.2504,-122.28,PGE,OR
35720,0.073842,0.0,0.073842,SANDY 1,45.3824,-122.175,PGE,OR
35721,0.093659,0.0,0.093659,KLAMATH FALLS 1,42.4035,-122.148,PACW,OR
35722,0.031503,0.0,0.031503,SISTERS,44.4473,-121.98,BPAT,OR
35723,0.062157,0.0,0.062157,KLAMATH FALLS 2,42.2055,-121.628,PACW,OR
35724,0.061326,0.0,0.061326,KLAMATH FALLS 3,42.0984,-121.734,PACW,OR
35725,0.019109,0.0,0.019109,CHILOQUIN,43.0194,-121.631,PACW,OR
35726,0.022105,0.0,0.022105,MOUNT HOOD PARKDALE,45.4636,-121.695,PGE,OR
35727,0.067603,0.0,0.067603,HOOD RIVER,45.7223,-121.549,PGE,OR
35728,0.02828,0.0,0.02828,BEND 1,43.886,-121.495,BPAT,OR
35729,0.056823,0.0,0.056823,LA PINE,43.637,-121.371,BPAT,OR
35730,0.011736,0.0,0.011736,MALIN,42.0133,-121.524,PACW,OR
35731,0.015613,0.0,0.015613,BONANZA,42.1897,-121.348,PACW,OR
35732,0.024651,0.0,0.024651,WARM SPRINGS,44.8021,-121.214,BPAT,OR
35733,0.098725,0.0,0.098725,BEND 2,44.0067,-121.302,BPAT,OR
35734,0.098725,0.0,0.098725,BEND 3,44.0749,-121.191,BPAT,OR
35735,0.032881,0.0,0.032881,TERREBONNE,44.3835,-121.256,BPAT,OR
35736,0.091427,0.0,0.091427,REDMOND 4,44.2071,-121.153,BPAT,OR
35737,0.081615,0.0,0.081615,REDMOND 5,44.2292,-121.221,BPAT,OR
35738,0.143506,0.0,0.143506,BEND 4,44.1983,-121.267,BPAT,OR
35739,0.143506,0.0,0.143506,BEND 5,44.16,-121.228,BPAT,OR
35740,0.107868,0.0,0.107868,THE DALLES 1,45.6311,-121.183,BPAT,OR
35741,0.060127,0.0,0.060127,MADRAS 1,44.5742,-120.989,BPAT,OR
35742,0.091386,0.0,0.091386,PRINEVILLE,44.1967,-120.661,BPAT,OR
35743,0.010197,0.0,0.010197,CHRISTMAS VALLEY,43.1784,-120.449,BPAT,OR
35744,0.027793,0.0,0.027793,LAKEVIEW,42.2839,-120.409,BPAT,OR
35745,0.020232,0.0,0.020232,BOARDMAN 1,45.8281,-119.975,BPAT,OR
35749,0.066938,0.0,0.066938,HERMISTON 1,45.7648,-119.197,BPAT,OR
35750,0.074358,0.0,0.074358,HERMISTON 2,45.8201,-119.225,BPAT,OR
35751,0.03726,0.0,0.03726,JOHN DAY,44.4751,-118.99,BPAT,OR
35752,0.035659,0.0,0.035659,BURNS 1,43.6553,-118.878,BPAT,OR
35753,0.011008,0.0,0.011008,PILOT ROCK,45.3753,-118.783,BPAT,OR
35754,0.108679,0.0,0.108679,PENDLETON,45.657,-118.889,BPAT,OR
35755,0.069229,0.0,0.069229,MILTON FREEWATER 1,45.8727,-118.277,BPAT,OR
35756,0.09988,0.0,0.09988,WALLA WALLA 1,46.178,-118.329,BPAT,OR
35757,0.09988,0.0,0.09988,WALLA WALLA 2,46.1518,-118.296,BPAT,OR
35758,0.088873,0.0,0.088873,LA GRANDE,45.3353,-118.2,BPAT,OR
35759,0.012792,0.0,0.012792,ELGIN,45.6436,-117.846,BPAT,OR
35760,0.065053,0.0,0.065053,BAKER CITY,44.8738,-117.705,BPAT,OR
35761,0.02011,0.0,0.02011,UNION 1,45.2283,-117.683,BPAT,OR
35762,0.077649,0.0,0.077649,VALE 1,44.1013,-117.297,IPCO,OR
35763,0.024144,0.0,0.024144,ENTERPRISE 1,45.6648,-117.293,BPAT,OR
35764,0.274851,0.0,0.274851,ONTARIO 1,44.0355,-117.032,IPCO,OR
35765,0.009954,0.0,0.009954,JOSEPH,45.4945,-116.946,BPAT,OR
35767,0.003142,0.0,0.003142,ARLINGTON 3,45.7119,-120.125,BPAT,OR
35768,0.003237,0.0,0.003237,KENO,42.0936,-122.07,PACW,OR
35770,0.001764,0.0,0.001764,HELIX 1,46.0128,-118.816,BPAT,OR
35771,0.004136,0.0,0.004136,ARLINGTON 4,45.6525,-120.21,BPAT,OR
35773,0.008068,0.0,0.008068,UNION 2,45.0852,-117.816,BPAT,OR
35774,0.003284,0.0,0.003284,WASCO 1,45.5836,-120.504,BPAT,OR
35775,0.004568,0.0,0.004568,LOWELL 1,44.7224,-122.251,PGE,OR
35776,0.002913,0.0,0.002913,NEWBERG 3,45.2879,-122.963,PGE,OR
35777,0.001318,0.0,0.001318,THE DALLES 2,45.7164,-120.694,BPAT,OR
35779,0.0,0.409527,0.409527,CLATSKANIE 3,46.154,-123.407,BPAT,OR
35780,0.002899,0.0,0.002899,LOWELL 2,43.7107,-122.424,BPAT,OR
35781,0.010116,0.0,0.010116,CONDON,45.2766,-120.279,BPAT,OR
35783,0.000883,0.0,0.000883,KLAMATH FALLS 4,42.1727,-121.814,PACW,OR
35784,0.014778,0.0,0.014778,MADRAS 2,44.6058,-121.277,BPAT,OR
35785,0.003973,0.0,0.003973,MORO,45.52,-120.574,BPAT,OR
35786,0.009366,0.0,0.009366,LOWELL 3,44.1307,-122.244,BPAT,OR
35787,0.0,0.083229,0.083229,HERMISTON 4,45.8042,-119.37,BPAT,OR
35788,0.005291,0.0,0.005291,OXBOW 1,44.9716,-116.835,BPAT,OR
35790,0.0,0.136498,0.136498,BOARDMAN 2,45.848,-119.674,GRID,OR
35792,0.0,0.129521,0.129521,SPRINGFIELD 5,44.0569,-122.956,BPAT,OR
35794,0.007095,0.18734,0.194435,TOLEDO 2,44.6119,-123.932,BPAT,OR
35827,0.045544,0.0,0.045544,EUREKA 1,40.8174,-124.094,CISO,CA
35828,0.049405,0.0,0.049405,FORTUNA,40.6101,-124.205,CISO,CA
35829,0.045523,0.0,0.045523,EUREKA 2,40.6799,-124.203,CISO,CA
35830,0.040968,0.0,0.040968,ARCATA,40.8106,-124.094,CISO,CA
35831,0.072192,0.0,0.072192,CRESCENT CITY,41.9152,-124.134,PACW,CA
35832,0.041288,0.0,0.041288,MCKINLEYVILLE,41.0489,-124.042,CISO,CA
35833,0.01729,0.0,0.01729,GARBERVILLE,40.0947,-123.749,CISO,CA
35834,0.013459,0.0,0.013459,MENDOCINO,39.2883,-123.803,CISO,CA
35835,0.028099,0.0,0.028099,FORT BRAGG,39.4902,-123.661,CISO,CA
35836,0.014215,0.0,0.014215,HOOPA,41.109,-123.696,CISO,CA
35837,0.010954,0.0,0.010954,LAYTONVILLE,39.8453,-123.564,CISO,CA
35838,0.024848,0.0,0.024848,WILLITS,39.4429,-123.436,CISO,CA
35839,0.011244,0.0,0.011244,REDWOOD VALLEY,39.303,-123.21,CISO,CA
35840,0.032861,0.0,0.032861,UKIAH 1,39.1828,-123.219,CISO,CA
35841,0.031401,0.0,0.031401,UKIAH 2,39.195,-123.244,CISO,CA
35842,0.008003,0.0,0.008003,HAYFORK,40.5066,-123.289,CISO,CA
35843,0.024102,0.0,0.024102,CLOVERDALE 2,38.7669,-123.143,CISO,CA
35844,0.017995,0.0,0.017995,FORT JONES,41.6286,-122.992,PACW,CA
35845,0.028916,0.0,0.028916,LAKEPORT,39.0165,-122.899,CISO,CA
35846,0.014536,0.0,0.014536,WEAVERVILLE,40.7654,-122.953,BANC,CA
35847,0.014215,0.0,0.014215,UPPER LAKE,39.307,-122.878,CISO,CA
35848,0.020893,0.0,0.020893,KELSEYVILLE,39.0076,-122.828,CISO,CA
35849,0.026818,0.0,0.026818,YREKA,41.6573,-122.583,PACW,CA
35850,0.036464,0.0,0.036464,CLEARLAKE,38.9584,-122.62,CISO,CA
35851,0.016607,0.0,0.016607,HIDDEN VALLEY LAKE,38.72,-122.636,CISO,CA
35852,0.018009,0.0,0.018009,WEED,41.3756,-122.506,PACW,CA
35853,0.031556,0.0,0.031556,REDDING 1,40.5117,-122.446,CISO,CA
35854,0.063628,0.0,0.063628,REDDING 2,40.5918,-122.41,BANC,CA
35855,0.031256,0.0,0.031256,COTTONWOOD 1,40.36,-122.465,CISO,CA
35856,0.026804,0.0,0.026804,RED BLUFF 1,40.1428,-122.482,CISO,CA
35857,0.026804,0.0,0.026804,RED BLUFF 2,40.2226,-122.369,CISO,CA
35858,0.027337,0.0,0.027337,MOUNT SHASTA,41.2774,-122.306,PACW,CA
35859,0.013563,0.0,0.013563,MONTAGUE,41.6615,-122.344,PACW,CA
35860,0.039213,0.0,0.039213,REDDING 3,40.5744,-122.398,BANC,CA
35861,0.031028,0.0,0.031028,REDDING 4,40.4646,-122.378,CISO,CA
35862,0.011264,0.0,0.011264,WILLIAMS 1,39.0748,-122.355,CISO,CA
35863,0.042562,0.0,0.042562,ANDERSON 1,40.5064,-122.323,CISO,CA
35864,0.036909,0.0,0.036909,CORNING,39.8848,-122.366,CISO,CA
35865,0.018139,0.0,0.018139,WILLOWS,39.5029,-122.188,CISO,CA
35866,0.028875,0.0,0.028875,ORLAND,39.7027,-122.196,CISO,CA
35867,0.041423,0.0,0.041423,REDDING 5,40.6802,-122.291,CISO,CA
35868,0.045554,0.0,0.045554,REDDING 6,40.7133,-122.256,CISO,CA
35869,0.00967,0.0,0.00967,PALO CEDRO,40.5448,-122.113,CISO,CA
35870,0.009038,0.0,0.009038,LOS MOLINOS,40.149,-122.048,CISO,CA
35871,0.012165,0.0,0.012165,ESPARTO,38.6378,-122.011,CISO,CA
35872,0.025158,0.269141,0.2943,COLUSA,39.1751,-122.069,CISO,CA
35873,0.012196,0.0,0.012196,SHINGLETOWN,40.5596,-121.921,CISO,CA
35874,0.040388,0.0,0.040388,WOODLAND 2,38.7303,-121.776,CISO,CA
35875,0.035356,0.0,0.035356,WOODLAND 3,38.7013,-121.79,CISO,CA
35876,0.038866,0.0,0.038866,CHICO 1,39.7204,-121.939,CISO,CA
35877,0.034021,0.0,0.034021,CHICO 2,39.6838,-121.779,CISO,CA
35878,0.035149,0.0,0.035149,CHICO 3,39.7163,-121.846,CISO,CA
35879,0.036785,0.0,0.036785,CHICO 4,39.6884,-121.926,CISO,CA
35880,0.029776,0.0,0.029776,CHICO 5,39.8312,-121.876,CISO,CA
35881,0.029776,0.0,0.029776,CHICO 6,39.8048,-121.777,CISO,CA
35882,0.043825,0.0,0.043825,DAVIS 1,38.5482,-121.699,CISO,CA
35883,0.043825,0.0,0.043825,DAVIS 2,38.4852,-121.723,CISO,CA
35884,0.025976,0.0,0.025976,LIVE OAK,39.2733,-121.7,CISO,CA
35885,0.035729,0.0,0.035729,GRIDLEY,39.3856,-121.759,CISO,CA
35886,0.02316,0.0,0.02316,RIO VISTA 1,38.1281,-121.735,CISO,CA
35887,0.040812,0.0,0.040812,WOODLAND 4,38.7175,-121.709,CISO,CA
35888,0.033606,0.0,0.033606,YUBA CITY 1,39.0517,-121.686,CISO,CA
35889,0.033606,0.0,0.033606,YUBA CITY 2,39.1727,-121.621,CISO,CA
35890,0.025935,0.0,0.025935,PARADISE 1,39.7733,-121.687,CISO,CA
35891,0.025666,0.0,0.025666,PARADISE 2,39.8079,-121.718,CISO,CA
35892,0.062523,0.0,0.062523,YUBA CITY 3,39.0471,-121.66,CISO,CA
35893,0.040874,0.0,0.040874,YUBA CITY 4,38.925,-121.507,CISO,CA
35894,0.040901,0.0,0.040901,WEST SACRAMENTO 1,38.6493,-121.533,BANC,CA
35895,0.032364,0.0,0.032364,WEST SACRAMENTO 2,38.6259,-121.621,CISO,CA
35896,0.025251,0.0,0.025251,MAGALIA,39.8217,-121.566,CISO,CA
35897,0.037986,0.0,0.037986,OROVILLE 2,39.5586,-121.483,CISO,CA
35898,0.024703,0.0,0.024703,OLIVEHURST,38.9624,-121.515,CISO,CA
35899,0.03339,0.0,0.03339,WEST SACRAMENTO 3,38.6493,-121.497,BANC,CA
35900,0.048659,0.0,0.048659,SACRAMENTO 1,38.5421,-121.455,BANC,CA
35901,0.038503,0.0,0.038503,SACRAMENTO 2,38.458,-121.513,CISO,CA
35902,0.042314,0.0,0.042314,SACRAMENTO 3,38.6956,-121.476,BANC,CA
35903,0.042314,0.0,0.042314,SACRAMENTO 4,38.6277,-121.531,BANC,CA
35904,0.024133,0.0,0.024133,SACRAMENTO 5,38.631,-121.572,CISO,CA
35905,0.067278,0.0,0.067278,SACRAMENTO 6,38.6091,-121.511,BANC,CA
35906,0.046579,0.0,0.046579,SACRAMENTO 7,38.6866,-121.521,BANC,CA
35907,0.046658,0.0,0.046658,SACRAMENTO 8,38.6526,-121.459,BANC,CA
35908,0.028078,0.0,0.028078,SACRAMENTO 9,38.4104,-121.491,BANC,CA
35909,0.029175,0.0,0.029175,MARYSVILLE 5,39.2297,-121.436,CISO,CA
35910,0.029175,0.0,0.029175,MARYSVILLE 6,39.1681,-121.458,CISO,CA
35911,0.063589,0.0,0.063589,SACRAMENTO 10,38.5553,-121.524,CISO,CA
35912,0.049863,0.0,0.049863,SACRAMENTO 11,38.5004,-121.447,BANC,CA
35913,0.054573,0.0,0.054573,SACRAMENTO 12,38.6069,-121.546,BANC,CA
35914,0.039932,0.0,0.039932,RIO LINDA,38.7621,-121.445,CISO,CA
35915,0.031873,0.0,0.031873,SACRAMENTO 13,38.6408,-121.424,BANC,CA
35916,0.045989,0.0,0.045989,SACRAMENTO 14,38.5717,-121.532,CISO,CA
35917,0.043295,0.0,0.043295,SACRAMENTO 15,38.6195,-121.52,BANC,CA
35918,0.043295,0.0,0.043295,SACRAMENTO 16,38.6796,-121.414,BANC,CA
35919,0.071164,0.0,0.071164,ELK GROVE 1,38.3981,-121.45,BANC,CA
35920,0.071831,0.0,0.071831,ELK GROVE 2,38.4722,-121.433,BANC,CA
35921,0.0406,0.0,0.0406,SACRAMENTO 17,38.5663,-121.435,BANC,CA
35922,0.0406,0.0,0.0406,SACRAMENTO 18,38.5097,-121.53,BANC,CA
35923,0.070764,0.0,0.070764,SACRAMENTO 19,38.3814,-121.534,CISO,CA
35924,0.087126,0.0,0.087126,SACRAMENTO 20,38.4098,-121.445,BANC,CA
35925,0.035588,0.0,0.035588,SACRAMENTO 21,38.5227,-121.358,BANC,CA
35926,0.00634,0.0,0.00634,TULELAKE,41.6785,-121.418,PACW,CA
35927,0.040364,0.0,0.040364,SACRAMENTO 22,38.5183,-121.43,BANC,CA
35928,0.047364,0.0,0.047364,ELK GROVE 3,38.433,-121.516,BANC,CA
35929,0.047364,0.0,0.047364,ELK GROVE 4,38.4065,-121.46,BANC,CA
35930,0.029631,0.0,0.029631,OROVILLE 3,39.4196,-121.49,CISO,CA
35931,0.028554,0.0,0.028554,OROVILLE 4,39.4888,-121.482,CISO,CA
35932,0.036609,0.0,0.036609,SACRAMENTO 23,38.5985,-121.475,BANC,CA
35933,0.036609,0.0,0.036609,SACRAMENTO 24,38.5884,-121.434,BANC,CA
35934,0.068141,0.0,0.068141,SACRAMENTO 25,38.5847,-121.34,BANC,CA
35935,0.068141,0.0,0.068141,SACRAMENTO 26,38.5386,-121.34,BANC,CA
35936,0.039514,0.0,0.039514,SACRAMENTO 27,38.7003,-121.441,BANC,CA
35937,0.039514,0.0,0.039514,SACRAMENTO 28,38.7165,-121.452,BANC,CA
35938,0.036164,0.0,0.036164,NORTH HIGHLANDS 1,38.633,-121.466,BANC,CA
35939,0.036164,0.0,0.036164,NORTH HIGHLANDS 2,38.6829,-121.454,BANC,CA
35940,0.043138,0.0,0.043138,SACRAMENTO 29,38.5359,-121.475,BANC,CA
35941,0.043138,0.0,0.043138,SACRAMENTO 30,38.6248,-121.281,BANC,CA
35942,0.052859,0.0,0.052859,SACRAMENTO 31,38.5879,-121.348,BANC,CA
35943,0.075887,0.0,0.075887,ROSEVILLE 1,38.7911,-121.274,BANC,CA
35944,0.05276,0.0,0.05276,ROSEVILLE 2,38.851,-121.338,CISO,CA
35945,0.054783,0.0,0.054783,ANTELOPE 1,38.6452,-121.343,BANC,CA
35946,0.090502,0.0,0.090502,ANTELOPE 2,38.6998,-121.374,BANC,CA
35947,0.029641,0.0,0.029641,SACRAMENTO 32,38.7417,-121.439,CISO,CA
35948,0.045807,0.0,0.045807,SACRAMENTO 33,38.6239,-121.414,BANC,CA
35949,0.069973,0.0,0.069973,CARMICHAEL 1,38.5373,-121.225,BANC,CA
35950,0.069973,0.0,0.069973,CARMICHAEL 2,38.5893,-121.291,BANC,CA
35951,0.04773,0.0,0.04773,SACRAMENTO 34,38.5109,-121.384,BANC,CA
35952,0.058302,0.0,0.058302,SACRAMENTO 35,38.5709,-121.404,BANC,CA
35953,0.072996,0.0,0.072996,ELK GROVE 5,38.3528,-121.375,BANC,CA
35954,0.083162,0.0,0.083162,ELK GROVE 6,38.5049,-121.257,BANC,CA
35955,0.056238,0.0,0.056238,LINCOLN 1,38.9214,-121.35,CISO,CA
35956,0.046413,0.0,0.046413,LINCOLN 2,38.9162,-121.377,CISO,CA
35957,0.046893,0.0,0.046893,CITRUS HEIGHTS 1,38.619,-121.321,BANC,CA
35958,0.046893,0.0,0.046893,CITRUS HEIGHTS 2,38.6678,-121.236,BANC,CA
35959,0.048502,0.0,0.048502,ROSEVILLE 3,38.7239,-121.263,BANC,CA
35960,0.048502,0.0,0.048502,ROSEVILLE 4,38.7651,-121.32,BANC,CA
35961,0.062385,0.0,0.062385,RANCHO CORDOVA 1,38.6256,-121.228,BANC,CA
35962,0.064583,0.0,0.064583,RANCHO CORDOVA 2,38.5264,-121.287,BANC,CA
35963,0.03166,0.0,0.03166,ROCKLIN 1,38.8736,-121.206,CISO,CA
35964,0.03166,0.0,0.03166,ROCKLIN 2,38.8181,-121.203,CISO,CA
35965,0.051983,0.0,0.051983,CITRUS HEIGHTS 3,38.616,-121.212,BANC,CA
35966,0.051983,0.0,0.051983,CITRUS HEIGHTS 4,38.5994,-121.184,BANC,CA
35967,0.034463,0.0,0.034463,GALT 1,38.2631,-121.212,BANC,CA
35968,0.034463,0.0,0.034463,GALT 2,38.2636,-121.302,BANC,CA
35969,0.047338,0.0,0.047338,FAIR OAKS 1,38.7437,-121.293,BANC,CA
35970,0.084497,0.0,0.084497,FAIR OAKS 2,38.6945,-121.255,BANC,CA
35971,0.035078,0.0,0.035078,ROSEVILLE 5,38.6755,-121.222,BANC,CA
35972,0.035078,0.0,0.035078,ROSEVILLE 6,38.6793,-121.312,BANC,CA
35973,0.054953,0.0,0.054953,ROCKLIN 3,38.8044,-121.324,BANC,CA
35974,0.037159,0.0,0.037159,ORANGEVALE,38.7272,-121.238,BANC,CA
35975,0.035785,0.0,0.035785,WILTON,38.4956,-121.123,BANC,CA
35976,0.021162,0.0,0.021162,PENN VALLEY,39.3091,-121.144,CISO,CA
35977,0.018252,0.0,0.018252,RANCHO CORDOVA 3,38.629,-121.103,BANC,CA
35978,0.050544,0.0,0.050544,GRANITE BAY,38.7531,-121.28,BANC,CA
35979,0.023191,0.0,0.023191,LOOMIS,38.828,-121.085,CISO,CA
35980,0.084994,0.0,0.084994,FOLSOM 1,38.5952,-121.19,BANC,CA
35981,0.084994,0.0,0.084994,FOLSOM 2,38.6938,-121.188,BANC,CA
35982,0.060266,0.0,0.060266,GRASS VALLEY 1,39.1504,-121.041,CISO,CA
35983,0.041175,0.0,0.041175,AUBURN 7,38.9542,-121.06,CISO,CA
35984,0.054013,0.0,0.054013,AUBURN 8,39.014,-121.052,CISO,CA
35985,0.045047,0.0,0.045047,EL DORADO HILLS 1,38.6882,-120.984,CISO,CA
35986,0.036153,0.0,0.036153,EL DORADO HILLS 2,38.7059,-121.01,CISO,CA
35987,0.019216,0.0,0.019216,WESTWOOD,40.3077,-120.947,PACW,CA
35988,0.023481,0.0,0.023481,GRASS VALLEY 2,39.2233,-120.973,CISO,CA
35989,0.027125,0.0,0.027125,SHINGLE SPRINGS 1,38.5932,-120.979,CISO,CA
35990,0.027125,0.0,0.027125,SHINGLE SPRINGS 2,38.6252,-120.952,CISO,CA
35991,0.033244,0.0,0.033244,NEVADA CITY,39.2704,-120.914,CISO,CA
35992,0.01318,0.0,0.01318,QUINCY 2,40.0203,-120.933,CISO,CA
35993,0.018128,0.0,0.018128,COLFAX 2,39.0332,-120.881,CISO,CA
35994,0.011326,0.0,0.011326,FORESTHILL 1,38.9589,-120.875,CISO,CA
35995,0.050927,0.0,0.050927,PLACERVILLE 1,38.8271,-120.82,CISO,CA
35996,0.056715,0.0,0.056715,PLACERVILLE 2,38.6378,-120.768,CISO,CA
35997,0.060536,0.0,0.060536,SUSANVILLE,40.5989,-120.596,PACW,CA
35998,0.022203,0.0,0.022203,ALTURAS,41.5381,-120.583,PACW,CA
35999,0.018532,0.0,0.018532,POLLOCK PINES 1,38.7657,-120.445,CISO,CA
36000,0.008135,0.0,0.008135,JANESVILLE,40.3717,-120.575,PACW,CA
36001,0.020096,0.0,0.020096,PORTOLA,39.9166,-120.397,CISO,CA
36002,0.057471,0.0,0.057471,TRUCKEE,39.2883,-120.188,CISO,CA
36003,0.027757,0.0,0.027757,SOUTH LAKE TAHOE 1,38.8533,-119.931,CISO,CA
36004,0.028264,0.0,0.028264,SOUTH LAKE TAHOE 2,38.8675,-119.96,CISO,CA
36005,0.007827,0.0,0.007827,POLLOCK PINES 2,38.9827,-120.325,CISO,CA
36007,0.001988,0.0,0.001988,BURNEY 1,40.8981,-121.804,CISO,CA
36009,0.003934,0.0,0.003934,MAXWELL,39.3661,-122.27,CISO,CA
36012,0.015136,0.0,0.015136,CAMINO,38.7653,-120.787,CISO,CA
36013,0.000982,0.0,0.000982,MONTGOMERY CREEK 1,40.9923,-121.975,PACW,CA
36014,0.013977,0.0,0.013977,BURNEY 2,40.9974,-121.748,CISO,CA
36017,0.001418,0.0,0.001418,YUBA CITY 5,39.0529,-121.696,CISO,CA
36020,0.002568,0.0,0.002568,AUBURN 9,38.8899,-121.099,CISO,CA
36023,0.00509,0.0,0.00509,REDDING 7,40.7973,-122.763,BANC,CA
36025,0.035588,0.0,0.035588,ELK GROVE 7,38.4457,-121.462,BANC,CA
36027,0.00411,0.0,0.00411,WENDEL,40.3683,-120.265,PACW,CA
36029,0.00117,0.0,0.00117,MONTGOMERY CREEK 2,40.8475,-121.991,CISO,CA
36030,0.014526,0.0,0.014526,BROWNS VALLEY,39.239,-121.27,CISO,CA
36031,8.3e-05,0.0,8.3e-05,MEADOW VALLEY 1,40.086,-121.149,CISO,CA
36032,0.002681,0.0,0.002681,STRAWBERRY VALLEY 4,39.7229,-121.47,CISO,CA
36033,0.00557,0.0,0.00557,FORBESTOWN 1,39.5538,-121.204,CISO,CA
36034,0.000331,0.0,0.000331,MEADOW VALLEY 2,40.0855,-121.148,CISO,CA
36035,0.00293,0.0,0.00293,REDDING 8,40.7175,-122.422,CISO,CA
36037,0.0,0.078196,0.078196,WOODLAND 5,38.6905,-121.737,CISO,CA
36039,0.001232,0.0,0.001232,ALTA 1,39.2574,-120.767,CISO,CA
36040,0.005709,0.0,0.005709,HORNBROOK,41.9757,-122.358,PACW,CA
36044,0.001833,0.0,0.001833,DUTCH FLAT,39.2184,-120.835,CISO,CA
36047,0.00939,0.0,0.00939,MIDDLETOWN 3,38.7881,-122.722,CISO,CA
36052,0.001118,0.0,0.001118,REDDING 9,40.6119,-122.446,CISO,CA
36078,0.018553,0.0,0.018553,GUERNEVILLE,38.5535,-123.003,CISO,CA
36079,0.035159,0.0,0.035159,HEALDSBURG,38.6934,-122.891,CISO,CA
36080,0.031101,0.0,0.031101,SEBASTOPOL 1,38.4176,-122.87,CISO,CA
36081,0.027726,0.0,0.027726,SEBASTOPOL 2,38.4122,-122.823,CISO,CA
36082,0.026587,0.0,0.026587,WINDSOR 1,38.5002,-122.814,CISO,CA
36083,0.026587,0.0,0.026587,WINDSOR 2,38.5379,-122.76,CISO,CA
36084,0.046786,0.0,0.046786,SANTA ROSA 1,38.5442,-122.844,CISO,CA
36085,0.034455,0.0,0.034455,SANTA ROSA 2,38.4465,-122.784,CISO,CA
36086,0.032178,0.0,0.032178,PETALUMA 1,38.1578,-122.69,CISO,CA
36087,0.054085,0.0,0.054085,PETALUMA 2,38.2311,-122.748,CISO,CA
36088,0.042086,0.0,0.042086,SANTA ROSA 3,38.4866,-122.666,CISO,CA
36089,0.042086,0.0,0.042086,SANTA ROSA 4,38.4234,-122.812,CISO,CA
36090,0.037841,0.0,0.037841,SANTA ROSA 5,38.405,-122.646,CISO,CA
36091,0.036671,0.0,0.036671,SANTA ROSA 6,38.4325,-122.782,CISO,CA
36092,0.040222,0.0,0.040222,ROHNERT PARK 1,38.3053,-122.69,CISO,CA
36093,0.044477,0.0,0.044477,ROHNERT PARK 2,38.2513,-122.787,CISO,CA
36094,0.037044,0.0,0.037044,SANTA ROSA 7,38.486,-122.598,CISO,CA
36095,0.037044,0.0,0.037044,SANTA ROSA 8,38.4599,-122.748,CISO,CA
36096,0.03988,0.0,0.03988,SANTA ROSA 9,38.4553,-122.617,CISO,CA
36097,0.050441,0.0,0.050441,NOVATO 1,38.1225,-122.659,CISO,CA
36098,0.01584,0.0,0.01584,FAIRFAX,37.8646,-122.59,CISO,CA
36099,0.013138,0.0,0.013138,CALISTOGA,38.6502,-122.688,CISO,CA
36100,0.028233,0.0,0.028233,SANTA ROSA 10,38.4833,-122.523,CISO,CA
36101,0.025334,0.0,0.025334,SANTA ROSA 11,38.5647,-122.566,CISO,CA
36102,0.042117,0.0,0.042117,SAN ANSELMO,38.0033,-122.502,CISO,CA
36103,0.030894,0.0,0.030894,MILL VALLEY 1,37.9206,-122.559,CISO,CA
36104,0.028419,0.0,0.028419,MILL VALLEY 2,37.8044,-122.481,CISO,CA
36105,0.025407,0.0,0.025407,GREENBRAE,37.8825,-122.619,CISO,CA
36106,0.034818,0.0,0.034818,PETALUMA 3,38.2822,-122.616,CISO,CA
36107,0.034818,0.0,0.034818,PETALUMA 4,38.1733,-122.61,CISO,CA
36108,0.027063,0.0,0.027063,SAN RAFAEL 1,38.12,-122.581,CISO,CA
36109,0.036557,0.0,0.036557,SAN RAFAEL 2,38.0002,-122.566,CISO,CA
36110,0.020209,0.0,0.020209,SAUSALITO,37.8399,-122.478,CISO,CA
36111,0.031991,0.0,0.031991,NOVATO 2,38.0754,-122.484,CISO,CA
36112,0.033575,0.0,0.033575,NOVATO 3,38.0612,-122.59,CISO,CA
36113,0.017248,0.0,0.017248,CORTE MADERA,37.9087,-122.581,CISO,CA
36114,0.038348,0.0,0.038348,SAN RAFAEL 3,38.0173,-122.496,CISO,CA
36115,0.043235,0.0,0.043235,SAN RAFAEL 4,37.9802,-122.588,CISO,CA
36116,0.03839,0.0,0.03839,SAN FRANCISCO 1,37.8532,-122.437,CISO,CA
36117,0.03839,0.0,0.03839,SAN FRANCISCO 2,37.6898,-122.498,CISO,CA
36118,0.01173,0.0,0.01173,GLEN ELLEN,38.3427,-122.4,CISO,CA
36119,0.066033,0.0,0.066033,SAN FRANCISCO 3,37.7356,-122.508,CISO,CA
36120,0.040719,0.0,0.040719,SAN FRANCISCO 4,37.8008,-122.416,CISO,CA
36121,0.052201,0.0,0.052201,SAN FRANCISCO 5,37.6954,-122.499,CISO,CA
36122,0.052201,0.0,0.052201,SAN FRANCISCO 6,37.8485,-122.559,CISO,CA
36123,0.026214,0.0,0.026214,SAN FRANCISCO 7,37.7873,-122.507,CISO,CA
36124,0.026214,0.0,0.026214,SAN FRANCISCO 8,37.7096,-122.442,CISO,CA
36125,0.056766,0.0,0.056766,DALY CITY 1,37.7199,-122.421,CISO,CA
36126,0.056766,0.0,0.056766,DALY CITY 2,37.6082,-122.41,CISO,CA
36127,0.034756,0.0,0.034756,PACIFICA 1,37.6987,-122.449,CISO,CA
36128,0.040181,0.0,0.040181,PACIFICA 2,37.5646,-122.516,CISO,CA
36129,0.032975,0.0,0.032975,SONOMA 1,38.2561,-122.505,CISO,CA
36130,0.032975,0.0,0.032975,SONOMA 2,38.1977,-122.398,CISO,CA
36131,0.023243,0.0,0.023243,BELVEDERE TIBURON,37.962,-122.371,CISO,CA
36132,0.055938,0.0,0.055938,SAN FRANCISCO 9,37.7408,-122.418,CISO,CA
36133,0.035708,0.0,0.035708,SAN FRANCISCO 10,37.7077,-122.429,CISO,CA
36134,0.035946,0.0,0.035946,SAN FRANCISCO 11,37.6691,-122.428,CISO,CA
36135,0.066302,0.0,0.066302,SAN FRANCISCO 12,37.7665,-122.507,CISO,CA
36136,0.036495,0.0,0.036495,SAN FRANCISCO 13,37.8096,-122.405,CISO,CA
36137,0.051787,0.0,0.051787,DALY CITY 3,37.7849,-122.407,CISO,CA
36138,0.081821,0.0,0.081821,DALY CITY 4,37.6662,-122.479,CISO,CA
36139,0.049323,0.0,0.049323,SAN FRANCISCO 14,37.7925,-122.446,CISO,CA
36140,0.049323,0.0,0.049323,SAN FRANCISCO 15,37.7395,-122.377,CISO,CA
36141,0.049323,0.0,0.049323,SAN FRANCISCO 16,37.6783,-122.449,CISO,CA
36142,0.026318,0.0,0.026318,SAN FRANCISCO 17,37.831,-122.539,CISO,CA
36143,0.055969,0.0,0.055969,SAN FRANCISCO 18,37.8917,-122.455,CISO,CA
36144,0.03077,0.0,0.03077,SAN FRANCISCO 19,37.877,-122.447,CISO,CA
36145,0.109568,0.0,0.109568,SAN FRANCISCO 20,37.8201,-122.372,CISO,CA
36146,0.028999,0.0,0.028999,SAN FRANCISCO 21,37.8121,-122.368,CISO,CA
36147,0.038327,0.0,0.038327,SAN BRUNO 1,37.6979,-122.391,CISO,CA
36148,0.038327,0.0,0.038327,SAN BRUNO 2,37.6591,-122.375,CISO,CA
36149,0.088137,0.0,0.088137,SAN FRANCISCO 22,37.8726,-122.31,CISO,CA
36150,0.082929,0.0,0.082929,SAN FRANCISCO 23,37.7171,-122.361,CISO,CA
36151,0.059614,0.0,0.059614,SOUTH SAN FRANCISCO 1,37.5661,-122.422,CISO,CA
36152,0.059614,0.0,0.059614,SOUTH SAN FRANCISCO 2,37.6081,-122.498,CISO,CA
36153,0.024278,0.0,0.024278,SAINT HELENA,38.5819,-122.339,CISO,CA
36154,0.089917,0.0,0.089917,SAN FRANCISCO 24,37.7853,-122.317,CISO,CA
36155,0.064604,0.0,0.064604,SAN FRANCISCO 25,37.6679,-122.496,CISO,CA
36156,0.038017,0.0,0.038017,SAN FRANCISCO 26,37.7072,-122.395,CISO,CA
36157,0.034331,0.0,0.034331,HALF MOON BAY,37.5305,-122.421,CISO,CA
36158,0.024444,0.0,0.024444,SAN FRANCISCO 27,37.8768,-122.506,CISO,CA
36159,0.040129,0.0,0.040129,MILLBRAE,37.6224,-122.419,CISO,CA
36160,0.024786,0.0,0.024786,SAN FRANCISCO 28,37.753,-122.243,CISO,CA
36161,0.057336,0.0,0.057336,SAN FRANCISCO 29,37.7824,-122.384,CISO,CA
36162,0.027395,0.0,0.027395,RICHMOND 1,37.9307,-122.404,CISO,CA
36163,0.027395,0.0,0.027395,RICHMOND 2,37.8688,-122.301,CISO,CA
36164,0.037955,0.0,0.037955,BURLINGAME 1,37.5991,-122.461,CISO,CA
36165,0.037955,0.0,0.037955,BURLINGAME 2,37.6337,-122.379,CISO,CA
36166,0.050358,0.0,0.050358,SAN MATEO 1,37.4816,-122.422,CISO,CA
36167,0.062036,0.0,0.062036,RICHMOND 3,37.8753,-122.263,CISO,CA
36168,0.092713,0.0,0.092713,RICHMOND 4,37.8828,-122.31,CISO,CA
36169,0.055773,0.0,0.055773,SAN PABLO 1,38.0316,-122.499,CISO,CA
36170,0.056145,0.0,0.056145,SAN PABLO 2,38.0283,-122.253,CISO,CA
36171,0.025438,0.0,0.025438,RICHMOND 5,38.0273,-122.279,CISO,CA
36172,0.032085,0.0,0.032085,SAN MATEO 2,37.6415,-122.387,CISO,CA
36173,0.025334,0.0,0.025334,NAPA 1,38.2609,-122.37,CISO,CA
36174,0.025334,0.0,0.025334,NAPA 2,38.1933,-122.271,CISO,CA
36175,0.068383,0.0,0.068383,SAN MATEO 3,37.5829,-122.145,CISO,CA
36176,0.03694,0.0,0.03694,SAN MATEO 4,37.5506,-122.233,CISO,CA
36177,0.082225,0.0,0.082225,OAKLAND 1,37.7418,-122.377,CISO,CA
36178,0.02434,0.0,0.02434,BELMONT,37.54,-122.296,CISO,CA
36179,0.044498,0.0,0.044498,EL CERRITO,37.9356,-122.304,CISO,CA
36180,0.024113,0.0,0.024113,REDWOOD CITY 1,37.4127,-122.219,CISO,CA
36181,0.024113,0.0,0.024113,REDWOOD CITY 2,37.4168,-122.207,CISO,CA
36182,0.036557,0.0,0.036557,ALBANY 4,37.9305,-122.218,CISO,CA
36183,0.048111,0.0,0.048111,EMERYVILLE,37.8575,-122.247,CISO,CA
36184,0.029776,0.0,0.029776,BERKELEY 1,37.9578,-122.348,CISO,CA
36185,0.071437,0.0,0.071437,EL SOBRANTE 1,38.0016,-122.19,CISO,CA
36186,0.050265,0.0,0.050265,PINOLE,37.9755,-122.28,CISO,CA
36187,0.021825,0.0,0.021825,BERKELEY 2,37.9852,-122.332,CISO,CA
36188,0.056104,0.0,0.056104,ALAMEDA 1,37.7312,-122.207,CISO,CA
36189,0.056104,0.0,0.056104,ALAMEDA 2,37.72,-122.195,CISO,CA
36190,0.036982,0.0,0.036982,BERKELEY 3,37.9047,-122.263,CISO,CA
36191,0.027177,0.0,0.027177,SAN CARLOS 1,37.5298,-122.209,CISO,CA
36192,0.027177,0.0,0.027177,SAN CARLOS 2,37.4286,-122.309,CISO,CA
36193,0.055669,0.0,0.055669,SAN MATEO 5,37.5426,-122.317,CISO,CA
36194,0.036681,0.0,0.036681,AMERICAN CANYON,38.2484,-122.279,CISO,CA
36195,0.038379,0.0,0.038379,OAKLAND 2,37.9341,-122.254,CISO,CA
36196,0.044902,0.0,0.044902,HERCULES,38.0198,-122.18,CISO,CA
36197,0.020468,0.0,0.020468,BERKELEY 4,37.8098,-122.166,CISO,CA
36198,0.038835,0.0,0.038835,VALLEJO 1,38.1063,-122.177,CISO,CA
36199,0.033006,0.0,0.033006,VALLEJO 2,38.1207,-122.204,CISO,CA
36200,0.033348,0.0,0.033348,REDWOOD CITY 3,37.4904,-122.265,CISO,CA
36201,0.025345,0.0,0.025345,ALAMEDA 3,37.663,-122.161,CISO,CA
36202,0.034165,0.0,0.034165,OAKLAND 3,37.8867,-122.25,CISO,CA
36203,0.035988,0.0,0.035988,OAKLAND 4,37.7954,-122.232,CISO,CA
36204,0.027291,0.0,0.027291,OAKLAND 5,37.7329,-122.143,CISO,CA
36205,0.027291,0.0,0.027291,OAKLAND 6,37.717,-122.234,CISO,CA
36206,0.062274,0.0,0.062274,NAPA 3,38.3965,-122.281,CISO,CA
36207,0.062274,0.0,0.062274,NAPA 4,38.3932,-122.157,CISO,CA
36208,0.023781,0.0,0.023781,BERKELEY 5,37.9036,-122.277,CISO,CA
36209,0.0299,0.0,0.0299,OAKLAND 7,37.8367,-122.201,CISO,CA
36210,0.046983,0.0,0.046983,REDWOOD CITY 4,37.5549,-122.126,CISO,CA
36211,0.065857,0.0,0.065857,REDWOOD CITY 5,37.5399,-122.224,CISO,CA
36212,0.02784,0.0,0.02784,VALLEJO 3,38.1076,-122.267,CISO,CA
36213,0.029217,0.0,0.029217,VALLEJO 4,38.1089,-122.283,CISO,CA
36214,0.046858,0.0,0.046858,OAKLAND 8,37.7901,-122.282,CISO,CA
36215,0.046858,0.0,0.046858,OAKLAND 9,37.7355,-122.226,CISO,CA
36216,0.051683,0.0,0.051683,OAKLAND 10,37.7863,-122.305,CISO,CA
36217,0.026401,0.0,0.026401,OAKLAND 11,37.7318,-122.108,CISO,CA
36218,0.026401,0.0,0.026401,OAKLAND 12,37.8128,-122.119,CISO,CA
36219,0.034072,0.0,0.034072,OAKLAND 13,37.8315,-122.211,CISO,CA
36220,0.034072,0.0,0.034072,OAKLAND 14,37.8579,-122.132,CISO,CA
36221,0.049426,0.0,0.049426,VALLEJO 5,38.1827,-122.15,CISO,CA
36222,0.049426,0.0,0.049426,VALLEJO 6,38.2092,-122.179,CISO,CA
36223,0.028834,0.0,0.028834,REDWOOD CITY 6,37.5908,-122.141,CISO,CA
36224,0.028834,0.0,0.028834,REDWOOD CITY 7,37.5157,-122.185,CISO,CA
36225,0.032933,0.0,0.032933,ORINDA,37.8711,-122.242,CISO,CA
36226,0.029258,0.0,0.029258,OAKLAND 15,37.7408,-122.081,CISO,CA
36227,0.057098,0.0,0.057098,OAKLAND 16,37.6974,-122.204,CISO,CA
36228,0.037758,0.0,0.037758,MENLO PARK 1,37.41,-122.093,CISO,CA
36229,0.037758,0.0,0.037758,MENLO PARK 2,37.5458,-122.272,CISO,CA
36230,0.029123,0.0,0.029123,STANFORD 1,37.3226,-122.176,CISO,CA
36231,0.042448,0.0,0.042448,SAN LEANDRO 1,37.7133,-122.175,CISO,CA
36232,0.042448,0.0,0.042448,SAN LEANDRO 2,37.6983,-122.21,CISO,CA
36233,0.038338,0.0,0.038338,SAN LEANDRO 3,37.7188,-122.222,CISO,CA
36234,0.03635,0.0,0.03635,OAKLAND 17,37.8448,-122.132,CISO,CA
36235,0.034932,0.0,0.034932,PALO ALTO 1,37.3536,-122.205,CISO,CA
36236,0.031225,0.0,0.031225,BOULDER CREEK,37.1513,-122.112,CISO,CA
36237,0.059137,0.0,0.059137,LOS ALTOS 1,37.329,-122.113,CISO,CA
36238,0.043856,0.0,0.043856,MARTINEZ 1,38.0655,-122.065,CISO,CA
36239,0.043856,0.0,0.043856,MARTINEZ 2,37.9634,-122.074,CISO,CA
36240,0.025241,0.0,0.025241,BENICIA 1,38.0706,-122.219,CISO,CA
36241,0.025241,0.0,0.025241,BENICIA 2,38.0003,-122.128,CISO,CA
36242,0.033927,0.0,0.033927,FAIRFIELD 1,38.3445,-122.04,CISO,CA
36243,0.033927,0.0,0.033927,FAIRFIELD 2,38.2467,-122.164,CISO,CA
36244,0.025303,0.0,0.025303,SAN LORENZO 1,37.7728,-122.109,CISO,CA
36245,0.025303,0.0,0.025303,SAN LORENZO 2,37.6284,-122.051,CISO,CA
36246,0.043421,0.0,0.043421,OAKLAND 18,37.8605,-122.21,CISO,CA
36247,0.031422,0.0,0.031422,PALO ALTO 2,37.369,-122.13,CISO,CA
36248,0.027684,0.0,0.027684,HAYWARD 1,37.6521,-122.103,CISO,CA
36249,0.027684,0.0,0.027684,HAYWARD 2,37.5143,-122.206,CISO,CA
36250,0.037261,0.0,0.037261,SAN LEANDRO 4,37.7789,-122.118,CISO,CA
36251,0.035926,0.0,0.035926,SAN LEANDRO 5,37.7417,-122.124,CISO,CA
36252,0.043214,0.0,0.043214,SANTA CRUZ 1,37.0109,-122.132,CISO,CA
36253,0.044767,0.0,0.044767,SANTA CRUZ 2,37.0447,-122.173,CISO,CA
36254,0.042365,0.0,0.042365,PALO ALTO 3,37.4838,-122.148,CISO,CA
36255,0.042365,0.0,0.042365,PALO ALTO 4,37.4902,-122.068,CISO,CA
36256,0.028378,0.0,0.028378,MORAGA,37.7767,-122.142,CISO,CA
36257,0.025034,0.0,0.025034,LAFAYETTE 1,37.847,-122.065,CISO,CA
36258,0.031815,0.0,0.031815,FREMONT 1,37.4542,-122.052,CISO,CA
36259,0.031815,0.0,0.031815,FREMONT 2,37.5197,-122.096,CISO,CA
36260,0.041713,0.0,0.041713,LOS ALTOS 2,37.2923,-122.019,CISO,CA
36261,0.030749,0.0,0.030749,MOUNTAIN VIEW 1,37.3674,-122.11,CISO,CA
36262,0.030749,0.0,0.030749,MOUNTAIN VIEW 2,37.3101,-122.137,CISO,CA
36263,0.057429,0.0,0.057429,HAYWARD 3,37.6978,-122.146,CISO,CA
36264,0.057429,0.0,0.057429,HAYWARD 4,37.6649,-122.015,CISO,CA
36265,0.05658,0.0,0.05658,CUPERTINO 1,37.4055,-122.056,CISO,CA
36266,0.05658,0.0,0.05658,CUPERTINO 2,37.2992,-122.15,CISO,CA
36267,0.017062,0.0,0.017062,WINTERS,38.528,-122.032,CISO,CA
36268,0.039332,0.0,0.039332,CASTRO VALLEY 1,37.7857,-122.032,CISO,CA
36269,0.075682,0.0,0.075682,CASTRO VALLEY 2,37.7542,-122.099,CISO,CA
36270,0.031277,0.0,0.031277,PLEASANT HILL 1,37.9213,-121.978,CISO,CA
36271,0.031277,0.0,0.031277,PLEASANT HILL 2,38.0147,-122.042,CISO,CA
36272,0.024775,0.0,0.024775,MOUNTAIN VIEW 3,37.3979,-122.153,CISO,CA
36273,0.037789,0.0,0.037789,WALNUT CREEK 1,37.8727,-122.101,CISO,CA
36274,0.026421,0.0,0.026421,MOUNTAIN VIEW 4,37.4528,-122.105,CISO,CA
36275,0.026421,0.0,0.026421,MOUNTAIN VIEW 5,37.4199,-122.039,CISO,CA
36276,0.030997,0.0,0.030997,WALNUT CREEK 2,37.8134,-122.134,CISO,CA
36277,0.013666,0.0,0.013666,SANTA CRUZ 3,37.0632,-122.128,CISO,CA
36278,0.068041,0.0,0.068041,HAYWARD 5,37.5495,-122.089,CISO,CA
36279,0.068041,0.0,0.068041,HAYWARD 6,37.6188,-122.085,CISO,CA
36280,0.028533,0.0,0.028533,SARATOGA 1,37.2793,-121.987,CISO,CA
36281,0.028533,0.0,0.028533,SARATOGA 2,37.2943,-122.076,CISO,CA
36282,0.034673,0.0,0.034673,CONCORD 1,37.9864,-122.131,CISO,CA
36283,0.034673,0.0,0.034673,CONCORD 2,37.9138,-122.104,CISO,CA
36284,0.037344,0.0,0.037344,WALNUT CREEK 3,37.9384,-122.132,CISO,CA
36285,0.023698,0.0,0.023698,HAYWARD 7,37.5855,-122.081,CISO,CA
36286,0.050586,0.0,0.050586,SUNNYVALE 1,37.3503,-122.01,CISO,CA
36287,0.050586,0.0,0.050586,SUNNYVALE 2,37.3078,-122.073,CISO,CA
36288,0.039673,0.0,0.039673,NEWARK 1,37.5209,-122.069,CISO,CA
36289,0.039673,0.0,0.039673,NEWARK 2,37.5547,-122.106,CISO,CA
36290,0.044239,0.0,0.044239,SUNNYVALE 3,37.2778,-121.94,CISO,CA
36291,0.042583,0.0,0.042583,SUNNYVALE 4,37.3989,-121.936,CISO,CA
36292,0.032033,0.0,0.032033,VACAVILLE 1,38.3834,-121.96,CISO,CA
36293,0.032033,0.0,0.032033,VACAVILLE 2,38.4075,-121.96,CISO,CA
36294,0.024951,0.0,0.024951,CONCORD 3,37.8997,-121.949,CISO,CA
36295,0.024951,0.0,0.024951,CONCORD 4,37.9783,-122.056,CISO,CA
36296,0.026939,0.0,0.026939,CASTRO VALLEY 3,37.7722,-122.042,CISO,CA
36297,0.027747,0.0,0.027747,ALAMO 1,37.857,-121.974,CISO,CA
36298,0.064769,0.0,0.064769,UNION CITY 1,37.6356,-121.942,CISO,CA
36299,0.066498,0.0,0.066498,UNION CITY 2,37.6733,-121.923,CISO,CA
36300,0.039591,0.0,0.039591,SUNNYVALE 5,37.2937,-122.045,CISO,CA
36301,0.035863,0.0,0.035863,SUNNYVALE 6,37.4587,-121.917,CISO,CA
36302,0.027488,0.0,0.027488,SCOTTS VALLEY,37.0795,-121.942,CISO,CA
36303,0.058444,0.0,0.058444,CONCORD 5,37.8908,-122.083,CISO,CA
36304,0.071623,0.0,0.071623,FAIRFIELD 3,38.3463,-121.97,CISO,CA
36305,0.064552,0.0,0.064552,FAIRFIELD 4,38.1946,-122.023,CISO,CA
36306,0.040191,0.0,0.040191,SAN JOSE 1,37.3912,-121.97,CISO,CA
36307,0.036081,0.0,0.036081,SAN JOSE 2,37.3199,-121.988,CISO,CA
36308,0.024061,0.0,0.024061,WALNUT CREEK 4,37.8256,-121.961,CISO,CA
36309,0.028979,0.0,0.028979,DANVILLE 1,37.7918,-121.992,CISO,CA
36310,0.028979,0.0,0.028979,DANVILLE 2,37.8366,-121.907,CISO,CA
36311,0.033917,0.0,0.033917,SANTA CRUZ 4,36.9777,-122.054,CISO,CA
36312,0.048018,0.0,0.048018,SANTA CRUZ 5,36.9251,-121.858,CISO,CA
36313,0.025924,0.0,0.025924,SAN JOSE 3,37.1906,-122.085,CISO,CA
36314,0.03049,0.0,0.03049,LOS GATOS 1,37.1191,-122.052,CISO,CA
36315,0.050617,0.0,0.050617,SANTA CLARA 1,37.4371,-122.013,CISO,CA
36316,0.050617,0.0,0.050617,SANTA CLARA 2,37.2799,-121.997,CISO,CA
36317,0.015116,0.0,0.015116,SANTA CRUZ 6,37.1069,-121.977,CISO,CA
36318,0.023833,0.0,0.023833,LOS GATOS 2,37.2282,-121.892,CISO,CA
36319,0.064097,0.0,0.064097,FREMONT 3,37.5271,-122.016,CISO,CA
36320,0.064097,0.0,0.064097,FREMONT 4,37.5664,-121.945,CISO,CA
36321,0.032478,0.0,0.032478,SAN RAMON 1,37.7209,-121.937,CISO,CA
36322,0.032478,0.0,0.032478,SAN RAMON 2,37.7542,-122.028,CISO,CA
36323,0.043545,0.0,0.043545,SANTA CLARA 3,37.3768,-122.009,CISO,CA
36324,0.056974,0.0,0.056974,FREMONT 5,37.4224,-121.948,CISO,CA
36325,0.056974,0.0,0.056974,FREMONT 6,37.4457,-121.978,CISO,CA
36326,0.028016,0.0,0.028016,SAN JOSE 4,37.2977,-122.032,CISO,CA
36327,0.028016,0.0,0.028016,SAN JOSE 5,37.2308,-121.868,CISO,CA
36328,0.038431,0.0,0.038431,CONCORD 6,37.9498,-121.915,CISO,CA
36329,0.038431,0.0,0.038431,CONCORD 7,37.9843,-121.903,CISO,CA
36330,0.042169,0.0,0.042169,CAMPBELL 1,37.2439,-122.013,CISO,CA
36331,0.042169,0.0,0.042169,CAMPBELL 2,37.1935,-121.937,CISO,CA
36332,0.017031,0.0,0.017031,CAPITOLA,36.8856,-121.832,CISO,CA
36333,0.033472,0.0,0.033472,SANTA CLARA 4,37.4433,-122.041,CISO,CA
36334,0.033472,0.0,0.033472,SANTA CLARA 5,37.4186,-121.975,CISO,CA
36335,0.028451,0.0,0.028451,SAN JOSE 6,37.4173,-121.929,CISO,CA
36336,0.032457,0.0,0.032457,SAN JOSE 7,37.2312,-121.848,CISO,CA
36337,0.018926,0.0,0.018926,SOQUEL,37.1329,-121.848,CISO,CA
36338,0.026338,0.0,0.026338,SUISUN CITY 1,38.1925,-121.863,CISO,CA
36339,0.026338,0.0,0.026338,SUISUN CITY 2,38.1674,-122.017,CISO,CA
36340,0.023377,0.0,0.023377,LOS GATOS 3,37.1548,-121.997,CISO,CA
36341,0.023377,0.0,0.023377,LOS GATOS 4,37.1432,-122.018,CISO,CA
36342,0.043866,0.0,0.043866,SAN JOSE 8,37.2088,-121.921,CISO,CA
36343,0.043866,0.0,0.043866,SAN JOSE 9,37.1585,-122.02,CISO,CA
36344,0.060949,0.0,0.060949,VACAVILLE 3,38.2959,-121.967,CISO,CA
36345,0.060659,0.0,0.060659,VACAVILLE 4,38.2348,-122.018,CISO,CA
36346,0.028927,0.0,0.028927,SAN JOSE 10,37.4224,-121.996,CISO,CA
36347,0.028927,0.0,0.028927,SAN JOSE 11,37.3871,-121.999,CISO,CA
36348,0.035905,0.0,0.035905,SAN RAMON 3,37.7239,-121.972,CISO,CA
36349,0.035905,0.0,0.035905,SAN RAMON 4,37.8552,-121.991,CISO,CA
36350,0.044674,0.0,0.044674,DUBLIN 1,37.7592,-121.947,CISO,CA
36351,0.042873,0.0,0.042873,DUBLIN 2,37.6337,-121.974,CISO,CA
36352,0.041837,0.0,0.041837,DANVILLE 3,37.7255,-121.934,CISO,CA
36353,0.04662,0.0,0.04662,FREMONT 7,37.4532,-121.842,CISO,CA
36354,0.04662,0.0,0.04662,FREMONT 8,37.5121,-121.902,CISO,CA
36355,0.034901,0.0,0.034901,SAN JOSE 12,37.3183,-121.995,CISO,CA
36356,0.052573,0.0,0.052573,PITTSBURG 1,38.0335,-121.877,CISO,CA
36357,0.052573,0.0,0.052573,PITTSBURG 2,38.0778,-121.818,CISO,CA
36358,0.052781,0.0,0.052781,PITTSBURG 3,38.1064,-121.911,CISO,CA
36359,0.026618,0.0,0.026618,SAN JOSE 13,37.3319,-121.907,CISO,CA
36360,0.026618,0.0,0.026618,SAN JOSE 14,37.4076,-121.907,CISO,CA
36361,0.048401,0.0,0.048401,SAN JOSE 15,37.3045,-121.9,CISO,CA
36362,0.052263,0.0,0.052263,SAN JOSE 16,37.385,-121.922,CISO,CA
36363,0.053422,0.0,0.053422,SAN JOSE 17,37.3275,-121.845,CISO,CA
36364,0.029755,0.0,0.029755,SAN JOSE 18,37.2357,-121.877,CISO,CA
36365,0.052108,0.0,0.052108,SAN JOSE 19,37.3207,-121.83,CISO,CA
36366,0.084575,0.0,0.084575,SAN JOSE 20,37.3318,-121.863,CISO,CA
36367,0.044674,0.0,0.044674,APTOS,36.9995,-121.819,CISO,CA
36368,0.023077,0.0,0.023077,CLAYTON,37.895,-121.974,CISO,CA
36369,0.062378,0.0,0.062378,MILPITAS 1,37.4732,-121.821,CISO,CA
36370,0.062378,0.0,0.062378,MILPITAS 2,37.5054,-121.876,CISO,CA
36371,0.023667,0.0,0.023667,SAN JOSE 21,37.4182,-121.77,CISO,CA
36372,0.02874,0.0,0.02874,PLEASANTON 1,37.7035,-121.857,CISO,CA
36373,0.047987,0.0,0.047987,SAN JOSE 22,37.4215,-121.754,CISO,CA
36374,0.047987,0.0,0.047987,SAN JOSE 23,37.3773,-121.84,CISO,CA
36375,0.040056,0.0,0.040056,SAN JOSE 24,37.1801,-121.902,CISO,CA
36376,0.040056,0.0,0.040056,SAN JOSE 25,37.1855,-121.832,CISO,CA
36377,0.0381,0.0,0.0381,PLEASANTON 2,37.6998,-121.877,CISO,CA
36378,0.06683,0.0,0.06683,PLEASANTON 3,37.6989,-121.934,CISO,CA
36379,0.034901,0.0,0.034901,SAN JOSE 26,37.2801,-121.81,CISO,CA
36380,0.034901,0.0,0.034901,SAN JOSE 27,37.2832,-121.82,CISO,CA
36381,0.052687,0.0,0.052687,SAN JOSE 28,37.3869,-121.854,CISO,CA
36382,0.052687,0.0,0.052687,SAN JOSE 29,37.4096,-121.921,CISO,CA
36383,0.058133,0.0,0.058133,SAN JOSE 30,37.1742,-121.737,CISO,CA
36384,0.057988,0.0,0.057988,SAN JOSE 31,37.179,-121.91,CISO,CA
36385,0.054478,0.0,0.054478,SAN JOSE 32,37.3111,-121.832,CISO,CA
36386,0.067058,0.0,0.067058,SAN JOSE 33,37.253,-121.773,CISO,CA
36387,0.058185,0.0,0.058185,ANTIOCH 1,37.9766,-121.768,CISO,CA
36388,0.058185,0.0,0.058185,ANTIOCH 2,37.9565,-121.861,CISO,CA
36389,0.034911,0.0,0.034911,SAN JOSE 34,37.2704,-121.874,CISO,CA
36390,0.034911,0.0,0.034911,SAN JOSE 35,37.2643,-121.887,CISO,CA
36391,0.057139,0.0,0.057139,SAN JOSE 36,37.4011,-121.857,CISO,CA
36392,0.057139,0.0,0.057139,SAN JOSE 37,37.3244,-121.796,CISO,CA
36393,0.018584,0.0,0.018584,SAN JOSE 38,37.2767,-121.849,CISO,CA
36394,0.042779,0.0,0.042779,SAN JOSE 39,37.3916,-121.684,CISO,CA
36395,0.042427,0.0,0.042427,SAN JOSE 40,37.2854,-121.866,CISO,CA
36396,0.037541,0.0,0.037541,ANTIOCH 3,37.8887,-121.792,CISO,CA
36397,0.038307,0.0,0.038307,ANTIOCH 4,38.0059,-121.711,CISO,CA
36398,0.040616,0.071616,0.112232,DIXON,38.434,-121.768,CISO,CA
36399,0.034352,0.0,0.034352,LIVERMORE 1,37.6779,-121.756,CISO,CA
36400,0.034352,0.0,0.034352,LIVERMORE 2,37.7978,-121.661,CISO,CA
36401,0.037551,0.0,0.037551,SAN JOSE 41,37.3443,-121.748,CISO,CA
36402,0.037551,0.0,0.037551,SAN JOSE 42,37.4054,-121.829,CISO,CA
36403,0.035201,0.0,0.035201,SAN JOSE 43,37.3181,-121.775,CISO,CA
36404,0.038007,0.0,0.038007,OAKLEY 1,38.0142,-121.595,CISO,CA
36405,0.034021,0.0,0.034021,OAKLEY 2,37.9558,-121.681,CISO,CA
36406,0.037499,0.0,0.037499,SAN JOSE 44,37.3079,-121.762,CISO,CA
36407,0.025417,0.0,0.025417,DAVIS 3,38.6302,-121.684,CISO,CA
36408,0.025417,0.0,0.025417,DAVIS 4,38.5805,-121.652,CISO,CA
36409,0.050876,0.0,0.050876,BRENTWOOD 1,37.9848,-121.733,CISO,CA
36410,0.050876,0.0,0.050876,BRENTWOOD 2,37.907,-121.621,CISO,CA
36411,0.021089,0.0,0.021089,TRACY 1,37.8092,-121.625,CISO,CA
36412,0.011958,0.0,0.011958,SAN MARTIN,37.0315,-121.641,CISO,CA
36413,0.042469,0.0,0.042469,MORGAN HILL 1,37.2472,-121.572,CISO,CA
36414,0.042469,0.0,0.042469,MORGAN HILL 2,37.2718,-121.687,CISO,CA
36415,0.024982,0.0,0.024982,DISCOVERY BAY,37.9058,-121.597,CISO,CA
36416,0.043701,0.0,0.043701,LIVERMORE 3,37.4626,-121.495,CISO,CA
36417,0.043701,0.0,0.043701,LIVERMORE 4,37.5535,-121.485,CISO,CA
36418,0.053433,0.0,0.053433,GILROY 1,37.0895,-121.528,CISO,CA
36419,0.053433,0.0,0.053433,GILROY 2,37.0264,-121.525,CISO,CA
36420,0.028792,0.0,0.028792,TRACY 2,37.6598,-121.454,CISO,CA
36421,0.028792,0.0,0.028792,TRACY 3,37.7452,-121.608,CISO,CA
36422,0.025986,0.0,0.025986,STOCKTON 1,38.0766,-121.482,CISO,CA
36423,0.025986,0.0,0.025986,STOCKTON 2,38.0725,-121.534,CISO,CA
36432,0.0,0.103634,0.103634,GILROY 3,37.0001,-121.537,CISO,CA
36461,0.036454,0.0,0.036454,PACIFIC GROVE,36.6363,-121.937,CISO,CA
36462,0.028616,0.0,0.028616,CARMEL,36.4807,-121.828,CISO,CA
36463,0.029455,0.0,0.029455,MONTEREY,36.53,-121.826,CISO,CA
36464,0.060545,0.0,0.060545,SEASIDE 2,36.5536,-121.785,CISO,CA
36465,0.03108,0.0,0.03108,SEASIDE 3,36.6846,-121.736,CISO,CA
36466,0.041754,0.0,0.041754,MARINA,36.749,-121.769,CISO,CA
36467,0.051228,0.0,0.051228,WATSONVILLE 1,36.8961,-121.692,CISO,CA
36468,0.051228,0.0,0.051228,WATSONVILLE 2,37.0299,-121.692,CISO,CA
36469,0.053795,0.0,0.053795,WATSONVILLE 3,36.9295,-121.748,CISO,CA
36470,0.06479,0.0,0.06479,SALINAS 1,36.7674,-121.658,CISO,CA
36471,0.014256,0.0,0.014256,CARMEL VALLEY,36.3605,-121.586,CISO,CA
36472,0.062709,0.0,0.062709,SALINAS 2,36.7599,-121.584,CISO,CA
36473,0.0554,0.0,0.0554,SALINAS 3,36.7165,-121.675,CISO,CA
36474,0.025034,0.0,0.025034,SALINAS 4,36.6483,-121.526,CISO,CA
36475,0.101182,0.0,0.101182,SALINAS 5,36.6851,-121.677,CISO,CA
36476,0.058175,0.0,0.058175,SALINAS 6,36.6784,-121.577,CISO,CA
36477,0.046455,0.0,0.046455,TRACY 5,37.751,-121.345,CISO,CA
36478,0.046455,0.0,0.046455,TRACY 6,37.7017,-121.358,CISO,CA
36479,0.060701,0.0,0.060701,STOCKTON 3,38.0104,-121.513,CISO,CA
36480,0.060566,0.0,0.060566,STOCKTON 4,37.8948,-121.465,CISO,CA
36481,0.029268,0.0,0.029268,TRACY 7,37.7656,-121.39,CISO,CA
36482,0.032695,0.0,0.032695,GREENFIELD,36.2857,-121.351,CISO,CA
36483,0.026276,0.0,0.026276,LODI 1,38.0833,-121.432,CISO,CA
36484,0.060452,0.0,0.060452,STOCKTON 5,38.0939,-121.289,CISO,CA
36485,0.046123,0.0,0.046123,HOLLISTER 1,36.9,-121.392,CISO,CA
36486,0.05305,0.0,0.05305,HOLLISTER 2,36.9003,-121.423,CISO,CA
36487,0.028347,0.0,0.028347,SOLEDAD 1,36.4644,-121.244,CISO,CA
36488,0.041496,0.0,0.041496,SOLEDAD 2,36.4459,-121.421,CISO,CA
36489,0.029248,0.0,0.029248,STOCKTON 6,37.8876,-121.371,CISO,CA
36490,0.044695,0.0,0.044695,STOCKTON 7,38.058,-121.299,CISO,CA
36491,0.044695,0.0,0.044695,STOCKTON 8,38.032,-121.25,CISO,CA
36492,0.025893,0.0,0.025893,STOCKTON 9,38.0197,-121.374,CISO,CA
36493,0.028771,0.0,0.028771,STOCKTON 10,37.9741,-121.389,CISO,CA
36494,0.033275,0.0,0.033275,LATHROP 1,37.7662,-121.231,CISO,CA
36495,0.07182,0.0,0.07182,STOCKTON 11,37.9712,-121.242,CISO,CA
36496,0.03635,0.0,0.03635,STOCKTON 12,37.9612,-121.287,CISO,CA
36497,0.037159,0.0,0.037159,MANTECA 1,37.7075,-121.239,BANC,CA
36498,0.037159,0.0,0.037159,MANTECA 2,37.7304,-121.21,BANC,CA
36499,0.026939,0.0,0.026939,ACAMPO,38.1713,-121.285,CISO,CA
36500,0.047035,0.0,0.047035,STOCKTON 13,38.0753,-121.238,CISO,CA
36501,0.053913,0.0,0.053913,PATTERSON 1,37.5099,-121.182,TIDC,CA
36502,0.055183,0.0,0.055183,PATTERSON 2,37.3842,-121.23,TIDC,CA
36503,0.039767,0.0,0.039767,MANTECA 3,37.8343,-121.181,CISO,CA
36504,0.075237,0.0,0.075237,MANTECA 4,37.9052,-121.158,CISO,CA
36505,0.021825,0.0,0.021825,NEWMAN,37.2402,-121.12,CISO,CA
36506,0.051145,0.0,0.051145,STOCKTON 14,38.0016,-121.178,CISO,CA
36507,0.043949,0.0,0.043949,LODI 2,38.2028,-121.079,CISO,CA
36508,0.043949,0.0,0.043949,LODI 3,38.0958,-121.194,CISO,CA
36509,0.039043,0.0,0.039043,RIPON 1,37.6637,-121.061,BANC,CA
36510,0.062385,0.0,0.062385,MODESTO 1,37.566,-121.051,TIDC,CA
36511,0.062385,0.0,0.062385,MODESTO 2,37.5942,-121.012,TIDC,CA
36512,0.06631,0.127491,0.193801,MODESTO 3,37.6722,-120.939,BANC,CA
36513,0.030128,0.0,0.030128,KING CITY 1,36.1709,-120.982,CISO,CA
36514,0.060108,0.0,0.060108,MODESTO 4,37.6933,-121.106,BANC,CA
36515,0.092177,0.0,0.092177,MODESTO 5,37.7633,-121.064,BANC,CA
36516,0.030185,0.0,0.030185,ESCALON,37.8722,-121.043,BANC,CA
36517,0.054704,0.0,0.054704,MODESTO 6,37.6809,-120.969,BANC,CA
36518,0.091519,0.0,0.091519,MODESTO 7,37.5601,-120.971,TIDC,CA
36519,0.023067,0.0,0.023067,IONE 3,38.2699,-120.933,CISO,CA
36520,0.08423,0.019109,0.103339,CERES 1,37.5671,-120.903,TIDC,CA
36521,0.099968,0.0,0.099968,CERES 2,37.5294,-120.901,TIDC,CA
36522,0.160427,0.0,0.160427,MODESTO 8,37.6103,-120.916,TIDC,CA
36523,0.098562,0.0,0.098562,MODESTO 9,37.6335,-121.029,BANC,CA
36524,0.054573,0.0,0.054573,RIVERBANK,37.6311,-120.89,BANC,CA
36525,0.013645,0.0,0.013645,HILMAR,37.3453,-120.963,CISO,CA
36526,0.081166,0.0,0.081166,TURLOCK 1,37.5564,-120.879,TIDC,CA
36527,0.044632,0.0,0.044632,HUGHSON,37.5839,-120.786,TIDC,CA
36528,0.071272,0.148913,0.220184,TURLOCK 2,37.4514,-120.841,TIDC,CA
36529,0.071272,0.0,0.071272,TURLOCK 3,37.5233,-120.794,TIDC,CA
36530,0.028564,0.0,0.028564,VALLEY SPRINGS,38.1786,-120.862,CISO,CA
36531,0.036133,0.46219,0.498323,LOS BANOS 1,37.0689,-120.831,CISO,CA
36532,0.039912,0.117176,0.157088,LOS BANOS 2,37.1334,-120.846,CISO,CA
36533,0.051287,0.128048,0.179335,DELHI,37.433,-120.756,TIDC,CA
36534,0.028834,0.0,0.028834,JACKSON 1,38.3929,-120.798,CISO,CA
36535,0.078936,0.0,0.078936,OAKDALE 1,37.7101,-120.672,BANC,CA
36536,0.046592,0.0,0.046592,OAKDALE 2,37.871,-120.77,BANC,CA
36537,0.061969,0.109806,0.171774,LIVINGSTON 1,37.3505,-120.693,TIDC,CA
36538,0.076634,0.0,0.076634,ATWATER 1,37.4153,-120.583,TIDC,CA
36539,0.133722,0.0,0.133722,ATWATER 2,37.3318,-120.575,TIDC,CA
36540,0.017393,0.0,0.017393,ANGELS CAMP,38.1256,-120.682,CISO,CA
36541,0.020272,0.0,0.020272,DOS PALOS,37.102,-120.644,CISO,CA
36542,0.026566,0.0,0.026566,WINTON,37.479,-120.488,CISO,CA
36543,0.017859,0.056515,0.074374,FIREBAUGH 1,36.8692,-120.575,CISO,CA
36544,0.030718,0.0,0.030718,MERCED 1,37.216,-120.488,CISO,CA
36545,0.030718,0.0,0.030718,MERCED 2,37.147,-120.52,CISO,CA
36546,0.028699,0.0,0.028699,MERCED 3,37.4214,-120.542,CISO,CA
36547,0.018273,0.0,0.018273,JAMESTOWN,37.931,-120.381,CISO,CA
36548,0.022135,0.0,0.022135,MENDOTA 1,36.6599,-120.349,CISO,CA
36549,0.03635,0.0,0.03635,COALINGA 1,36.1514,-120.446,CISO,CA
36550,0.031619,0.0,0.031619,MERCED 4,37.3627,-120.442,CISO,CA
36551,0.031619,0.0,0.031619,MERCED 5,37.3493,-120.518,CISO,CA
36552,0.01202,0.0,0.01202,PIONEER 1,38.5813,-120.328,CISO,CA
36553,0.045606,0.0,0.045606,SONORA 1,38.0268,-120.29,CISO,CA
36554,0.043235,0.0,0.043235,SONORA 2,38.0608,-120.348,CISO,CA
36555,0.016575,0.0,0.016575,PLANADA,37.3172,-120.211,CISO,CA
36556,0.044415,0.0,0.044415,CHOWCHILLA 1,37.0082,-120.304,CISO,CA
36557,0.03517,0.0,0.03517,MADERA 1,36.9476,-120.184,CISO,CA
36558,0.03517,0.0,0.03517,MADERA 2,36.8742,-120.259,CISO,CA
36559,0.055773,0.0,0.055773,KERMAN,36.7735,-120.101,CISO,CA
36560,0.028937,0.0,0.028937,AVENAL 1,35.8727,-119.978,CISO,CA
36561,0.04572,0.0,0.04572,MADERA 3,36.9553,-120.018,CISO,CA
36562,0.04572,0.0,0.04572,MADERA 4,36.9995,-120.014,CISO,CA
36563,0.026028,0.0,0.026028,MARIPOSA,37.5083,-119.926,CISO,CA
36564,0.028057,0.0,0.028057,RIVERDALE,36.3951,-119.853,CISO,CA
36565,0.038286,0.0,0.038286,FRESNO 1,36.66,-119.939,CISO,CA
36566,0.038286,0.0,0.038286,FRESNO 2,36.6301,-119.96,CISO,CA
36567,0.04749,0.0,0.04749,FRESNO 3,36.7342,-119.859,CISO,CA
36568,0.04749,0.0,0.04749,FRESNO 4,36.8879,-119.922,CISO,CA
36569,0.077597,0.0,0.077597,FRESNO 5,36.7128,-119.813,CISO,CA
36570,0.022187,0.0,0.022187,MADERA 5,37.0004,-119.855,CISO,CA
36571,0.034228,0.0,0.034228,FRESNO 6,36.923,-119.908,CISO,CA
36572,0.068424,0.0,0.068424,FRESNO 7,36.8929,-119.747,CISO,CA
36573,0.050834,0.0,0.050834,LEMOORE 1,36.2039,-119.924,CISO,CA
36574,0.034859,0.0,0.034859,LEMOORE 2,36.2092,-119.748,CISO,CA
36575,0.034197,0.0,0.034197,FRESNO 8,36.7659,-119.895,CISO,CA
36576,0.025303,0.0,0.025303,FRESNO 9,36.8209,-119.837,CISO,CA
36577,0.054996,0.0,0.054996,FRESNO 10,36.7572,-119.834,CISO,CA
36578,0.037924,0.0,0.037924,FRESNO 11,36.7122,-119.749,CISO,CA
36579,0.050896,0.063768,0.114665,FRESNO 12,36.7383,-119.788,CISO,CA
36580,0.042106,0.0,0.042106,FRESNO 13,36.8076,-119.749,CISO,CA
36581,0.065453,0.0,0.065453,FRESNO 14,36.825,-119.759,CISO,CA
36582,0.05628,0.0,0.05628,FRESNO 15,36.7775,-119.724,CISO,CA
36583,0.018522,0.0,0.018522,FRESNO 16,36.9936,-119.671,CISO,CA
36584,0.045295,0.0,0.045295,FRESNO 17,36.7532,-119.704,CISO,CA
36585,0.045295,0.0,0.045295,FRESNO 18,36.7816,-119.678,CISO,CA
36586,0.028171,0.0,0.028171,COARSEGOLD,37.2601,-119.841,CISO,CA
36587,0.057056,0.0,0.057056,FRESNO 19,36.562,-119.775,CISO,CA
36588,0.037841,0.0,0.037841,CLOVIS 1,36.7416,-119.627,CISO,CA
36589,0.070195,0.0,0.070195,CLOVIS 2,36.7501,-119.727,CISO,CA
36590,0.066923,0.0,0.066923,FRESNO 20,36.6905,-119.583,CISO,CA
36591,0.066923,0.0,0.066923,FRESNO 21,36.7117,-119.662,CISO,CA
36592,0.0425,0.0,0.0425,CLOVIS 3,36.8394,-119.612,CISO,CA
36593,0.0425,0.0,0.0425,CLOVIS 4,36.8334,-119.675,CISO,CA
36594,0.028171,0.0,0.028171,SELMA 1,36.4606,-119.64,CISO,CA
36595,0.028171,0.0,0.028171,SELMA 2,36.5038,-119.546,CISO,CA
36596,0.019143,0.0,0.019143,OAKHURST,37.4433,-119.558,CISO,CA
36597,0.060815,0.0,0.060815,HANFORD 1,36.3078,-119.642,CISO,CA
36598,0.060815,0.0,0.060815,HANFORD 2,36.196,-119.596,CISO,CA
36599,0.026991,0.0,0.026991,CLOVIS 5,36.8576,-119.659,CISO,CA
36600,0.037303,0.0,0.037303,CLOVIS 6,36.8795,-119.536,CISO,CA
36601,0.048598,0.0,0.048598,CORCORAN 1,36.0666,-119.473,CISO,CA
36602,0.029703,0.0,0.029703,KINGSBURG,36.4081,-119.489,CISO,CA
36603,0.037468,0.0,0.037468,SANGER 1,36.8276,-119.427,CISO,CA
36604,0.032613,0.0,0.032613,SANGER 2,36.7816,-119.44,CISO,CA
36605,0.027747,0.0,0.027747,REEDLEY 1,36.628,-119.487,CISO,CA
36606,0.027747,0.0,0.027747,REEDLEY 2,36.7548,-119.467,CISO,CA
36607,0.053992,0.0,0.053992,DINUBA,36.4671,-119.373,CISO,CA
36608,0.047159,0.237757,0.284916,VISALIA 1,36.2134,-119.297,CISO,CA
36609,0.096398,0.128459,0.224857,VISALIA 2,36.3171,-119.35,CISO,CA
36610,0.060504,0.0,0.060504,VISALIA 3,36.4597,-119.277,CISO,CA
36611,0.064966,0.0,0.064966,TULARE 1,36.255,-119.353,CISO,CA
36612,0.064966,0.0,0.064966,TULARE 2,36.1974,-119.399,CISO,CA
36613,0.017393,0.093136,0.110529,PIXLEY,36.0354,-119.312,CISO,CA
36614,0.020965,0.0,0.020965,ORANGE COVE,36.602,-119.238,CISO,CA
36615,0.018998,0.0,0.018998,EARLIMART,35.9218,-119.367,CISO,CA
36616,0.036371,0.0,0.036371,VISALIA 4,36.3111,-119.247,CISO,CA
36617,0.036371,0.0,0.036371,VISALIA 5,36.4155,-119.225,CISO,CA
36618,0.019764,0.0,0.019764,FARMERSVILLE,36.2954,-119.181,CISO,CA
36619,0.030293,0.0,0.030293,OROSI,36.6895,-119.136,CISO,CA
36620,0.027695,0.0,0.027695,WOODLAKE,36.4704,-119.129,CISO,CA
36621,0.047904,0.0,0.047904,LINDSAY,36.1823,-119.158,CISO,CA
36622,0.032095,0.0,0.032095,EXETER,36.3551,-119.04,CISO,CA
36623,0.055079,0.0,0.055079,PORTERVILLE 1,35.9018,-118.907,CISO,CA
36624,0.053485,0.0,0.053485,PORTERVILLE 2,36.0746,-118.922,CISO,CA
36625,0.057667,0.0,0.057667,PORTERVILLE 3,36.044,-118.911,CISO,CA
36626,0.019847,0.0,0.019847,MAMMOTH LAKES,37.5827,-118.781,CISO,CA
36627,0.027115,0.0,0.027115,BISHOP 1,37.5771,-118.32,CISO,CA
36628,0.019888,0.0,0.019888,PAHRUMP 1,36.3461,-115.969,CISO,CA
36629,0.015126,0.0,0.015126,PAHRUMP 2,36.0157,-115.878,CISO,CA
36631,0.036795,0.0,0.036795,LODI 4,38.0881,-121.387,CISO,CA
36632,0.013718,0.0,0.013718,PINECREST,38.2467,-120.034,CISO,CA
36633,0.013055,0.0,0.013055,JACKSON 2,38.331,-120.67,CISO,CA
36634,0.005042,0.0,0.005042,MERCED 6,37.8094,-120.299,CISO,CA
36635,0.0,0.101683,0.101683,LEMOORE 4,36.2478,-119.834,CISO,CA
36636,0.001191,0.0,0.001191,SAN JOAQUIN 1,36.6514,-120.583,CISO,CA
36637,0.002537,0.0,0.002537,AUBERRY 1,37.0718,-119.558,CISO,CA
36639,0.002516,0.0,0.002516,ALPAUGH,35.8983,-119.435,CISO,CA
36640,0.005912,0.0,0.005912,NORTH FORK 1,37.139,-119.49,CISO,CA
36641,0.00087,0.0,0.00087,FRESNO 22,36.8882,-119.159,CISO,CA
36644,0.003147,0.0,0.003147,AVENAL 2,35.9831,-120.11,CISO,CA
36645,0.011036,0.0,0.011036,SAN ARDO 1,35.9359,-120.841,CISO,CA
36647,0.001998,0.0,0.001998,FRESNO 23,36.9274,-119.02,CISO,CA
36648,0.001481,0.0,0.001481,BIG CREEK 1,37.2042,-119.24,CISO,CA
36649,0.000942,0.0,0.000942,KING CITY 2,36.225,-121.128,CISO,CA
36650,0.009142,0.0,0.009142,INYOKERN 2,36.0372,-117.798,CISO,CA
36653,0.036413,0.0,0.036413,RIPON 2,37.7315,-121.116,BANC,CA
36654,0.029289,0.0,0.029289,SANGER 3,36.6842,-119.552,CISO,CA
36655,0.007972,0.0,0.007972,GROVELAND 2,37.8777,-119.953,CISO,CA
36656,0.0,0.042982,0.042982,MODESTO 11,37.6294,-120.931,BANC,CA
36657,0.081166,0.0,0.081166,TURLOCK 4,37.4903,-120.904,TIDC,CA
36658,0.001253,0.0,0.001253,BIG CREEK 2,37.2096,-119.329,CISO,CA
36659,0.016669,0.0,0.016669,GUSTINE,37.0692,-121.077,CISO,CA
36660,0.0,0.049552,0.049552,CORCORAN 2,36.1383,-119.573,CISO,CA
36661,0.003282,0.0,0.003282,BISHOP 3,37.4379,-118.557,CISO,CA
36662,0.012869,0.0,0.012869,TRANQUILLITY,36.6175,-120.291,CISO,CA
36663,0.007744,0.0,0.007744,PIONEER 2,38.4493,-120.493,CISO,CA
36666,0.000124,0.0,0.000124,INYOKERN 3,36.0019,-117.789,CISO,CA
36668,0.012155,0.0,0.012155,STOCKTON 15,37.9436,-121.33,CISO,CA
36671,0.000228,0.004471,0.004699,SAN JOAQUIN 2,36.617,-120.1,CISO,CA
36672,0.008148,0.0,0.008148,LATHROP 2,37.8062,-121.277,CISO,CA
36673,0.001108,0.0,0.001108,KING CITY 3,36.2248,-121.125,CISO,CA
36674,0.013625,0.0,0.013625,FRESNO 24,36.6697,-119.74,CISO,CA
36680,0.0,0.053827,0.053827,HANFORD 3,36.2701,-119.648,CISO,CA
36683,0.0,0.134598,0.134598,HURON,36.1381,-120.076,CISO,CA
36684,0.0,0.070191,0.070191,MENDOTA 2,36.7559,-120.365,CISO,CA
36685,0.0,0.067146,0.067146,TURLOCK 5,37.4878,-120.896,TIDC,CA
36691,0.0,0.121348,0.121348,MODESTO 12,37.6526,-121.02,BANC,CA
36699,0.012745,0.0,0.012745,CAMBRIA,35.6409,-121.014,CISO,CA
36700,0.032219,0.0,0.032219,LOS OSOS,35.3714,-120.785,CISO,CA
36701,0.020106,0.0,0.020106,MORRO BAY,35.335,-120.865,CISO,CA
36702,0.017062,0.0,0.017062,TEMPLETON,35.4525,-120.695,CISO,CA
36703,0.033027,0.0,0.033027,SAN LUIS OBISPO 1,35.3388,-120.702,CISO,CA
36704,0.033027,0.0,0.033027,SAN LUIS OBISPO 2,35.2842,-120.828,CISO,CA
36705,0.040729,0.0,0.040729,PASO ROBLES 1,35.6762,-120.739,CISO,CA
36706,0.040729,0.0,0.040729,PASO ROBLES 2,35.7329,-120.797,CISO,CA
36707,0.031815,0.0,0.031815,ATASCADERO 1,35.4843,-120.678,CISO,CA
36708,0.029237,0.0,0.029237,ATASCADERO 2,35.3832,-120.638,CISO,CA
36709,0.016617,0.0,0.016617,PISMO BEACH,35.2159,-120.734,CISO,CA
36710,0.024527,0.0,0.024527,GROVER BEACH,35.1181,-120.635,CISO,CA
36711,0.026121,0.0,0.026121,SAN LUIS OBISPO 3,35.3037,-120.525,CISO,CA
36712,0.026121,0.0,0.026121,SAN LUIS OBISPO 4,35.2568,-120.704,CISO,CA
36713,0.013252,0.0,0.013252,GUADALUPE,34.9303,-120.663,CISO,CA
36714,0.035863,0.0,0.035863,NIPOMO,34.9734,-120.408,CISO,CA
36715,0.051652,0.0,0.051652,SANTA MARIA 1,34.8923,-120.454,CISO,CA
36716,0.065018,0.0,0.065018,SANTA MARIA 2,35.0167,-120.569,CISO,CA
36717,0.031877,0.0,0.031877,ARROYO GRANDE 1,35.2396,-120.462,CISO,CA
36718,0.026473,0.0,0.026473,ARROYO GRANDE 2,35.1073,-120.56,CISO,CA
36719,0.045347,0.0,0.045347,SANTA MARIA 3,34.854,-120.448,CISO,CA
36720,0.038845,0.0,0.038845,SANTA MARIA 4,34.8488,-120.363,CISO,CA
36721,0.050337,0.0,0.050337,LOMPOC 1,34.6861,-120.458,CISO,CA
36722,0.050337,0.0,0.050337,LOMPOC 2,34.5066,-120.451,CISO,CA
36723,0.033958,0.0,0.033958,SANTA MARIA 5,34.8784,-120.176,CISO,CA
36724,0.03547,0.0,0.03547,SANTA MARIA 6,35.0095,-120.159,CISO,CA
36725,0.01026,0.0,0.01026,BUELLTON,34.5569,-120.285,CISO,CA
36726,0.027881,0.0,0.027881,SOLVANG,34.6148,-120.125,CISO,CA
36727,0.049592,0.0,0.049592,GOLETA 1,34.5191,-120.155,CISO,CA
36728,0.049592,0.0,0.049592,GOLETA 2,34.4793,-120.103,CISO,CA
36729,0.032374,0.0,0.032374,SANTA BARBARA 1,34.3787,-119.483,CISO,CA
36730,0.049095,0.0,0.049095,SANTA BARBARA 2,34.6128,-119.779,CISO,CA
36731,0.03136,0.0,0.03136,SANTA BARBARA 3,34.5299,-119.703,CISO,CA
36732,0.029517,0.0,0.029517,SANTA BARBARA 4,34.3637,-119.447,CISO,CA
36733,0.029517,0.0,0.029517,SANTA BARBARA 5,34.489,-119.805,CISO,CA
36734,0.037737,0.0,0.037737,SANTA BARBARA 6,34.4782,-119.771,CISO,CA
36735,0.022373,0.0,0.022373,SANTA BARBARA 7,34.48,-119.714,CISO,CA
36736,0.050223,0.0,0.050223,CARPINTERIA,34.3453,-119.42,CISO,CA
36737,0.025303,0.0,0.025303,WASCO 5,35.5996,-119.417,CISO,CA
36738,0.025303,0.0,0.025303,WASCO 6,35.5698,-119.505,CISO,CA
36739,0.032333,0.0,0.032333,TAFT 1,35.1919,-119.511,CISO,CA
36740,0.038369,0.0,0.038369,OJAI,34.4951,-119.371,CISO,CA
36741,0.011378,0.0,0.011378,OAK VIEW,34.3826,-119.292,CISO,CA
36742,0.040781,0.0,0.040781,SHAFTER,35.5082,-119.257,CISO,CA
36743,0.042034,0.049906,0.091939,BAKERSFIELD 1,35.3019,-119.268,CISO,CA
36744,0.007786,0.0,0.007786,MARICOPA 1,34.6734,-119.312,CISO,CA
36745,0.025842,0.0,0.025842,OXNARD 1,34.1858,-119.204,CISO,CA
36746,0.047035,0.0,0.047035,VENTURA 1,34.2869,-119.248,CISO,CA
36747,0.047035,0.0,0.047035,VENTURA 2,34.3485,-119.211,CISO,CA
36748,0.051859,0.0,0.051859,DELANO 1,35.8515,-119.11,CISO,CA
36749,0.051859,0.0,0.051859,DELANO 2,35.8753,-119.178,CISO,CA
36750,0.0252,0.0,0.0252,MC FARLAND,35.6315,-119.263,CISO,CA
36751,0.038845,0.0,0.038845,OXNARD 2,34.1774,-119.238,CISO,CA
36752,0.038845,0.0,0.038845,OXNARD 3,34.2473,-119.134,CISO,CA
36753,0.038048,0.0,0.038048,BAKERSFIELD 2,35.1005,-119.094,CISO,CA
36754,0.038048,0.0,0.038048,BAKERSFIELD 3,35.2628,-119.078,CISO,CA
36755,0.081159,0.0,0.081159,OXNARD 4,34.1053,-119.138,CISO,CA
36756,0.055317,0.0,0.055317,OXNARD 5,34.2648,-119.23,CISO,CA
36757,0.027156,0.0,0.027156,VENTURA 3,34.2577,-119.156,CISO,CA
36758,0.032944,0.0,0.032944,VENTURA 4,34.3372,-119.097,CISO,CA
36759,0.051393,0.0,0.051393,OXNARD 6,34.2333,-119.048,CISO,CA
36760,0.051393,0.0,0.051393,OXNARD 7,34.2022,-119.054,CISO,CA
36761,0.051393,0.0,0.051393,OXNARD 8,34.1429,-119.162,CISO,CA
36762,0.075692,0.0,0.075692,BAKERSFIELD 4,35.3406,-119.093,CISO,CA
36763,0.052874,0.0,0.052874,BAKERSFIELD 5,35.303,-119.139,CISO,CA
36764,0.044053,0.0,0.044053,PORT HUENEME,34.0396,-118.898,CISO,CA
36765,0.030573,0.0,0.030573,SANTA PAULA 1,34.3705,-119.144,CISO,CA
36766,0.030573,0.0,0.030573,SANTA PAULA 2,34.3312,-119.149,CISO,CA
36767,0.040595,0.0,0.040595,CAMARILLO 1,34.2395,-119.158,CISO,CA
36768,0.039974,0.0,0.039974,CAMARILLO 2,34.2574,-119.0,CISO,CA
36769,0.054427,0.0,0.054427,BAKERSFIELD 6,35.4288,-119.039,CISO,CA
36770,0.054427,0.0,0.054427,BAKERSFIELD 7,35.3578,-118.978,CISO,CA
36771,0.040584,0.0,0.040584,BAKERSFIELD 8,35.1659,-118.968,CISO,CA
36772,0.040584,0.0,0.040584,BAKERSFIELD 9,35.1216,-119.02,CISO,CA
36773,0.016534,0.0,0.016534,FRAZIER PARK,34.8136,-118.993,CISO,CA
36774,0.045409,0.0,0.045409,BAKERSFIELD 10,35.3557,-119.03,CISO,CA
36775,0.045409,0.0,0.045409,BAKERSFIELD 11,35.3247,-118.935,CISO,CA
36776,0.032261,0.0,0.032261,CAMARILLO 3,34.1607,-119.01,CISO,CA
36777,0.032261,0.0,0.032261,CAMARILLO 4,34.1525,-118.921,CISO,CA
36778,0.035035,0.0,0.035035,BAKERSFIELD 12,35.3044,-118.982,CISO,CA
36779,0.035035,0.0,0.035035,BAKERSFIELD 13,35.358,-119.055,CISO,CA
36780,0.041257,0.0,0.041257,NEWBURY PARK 1,34.1861,-118.961,CISO,CA
36781,0.041257,0.0,0.041257,NEWBURY PARK 2,34.1158,-118.977,CISO,CA
36782,0.051341,0.0,0.051341,BAKERSFIELD 14,35.303,-118.946,CISO,CA
36783,0.051341,0.0,0.051341,BAKERSFIELD 15,35.1617,-118.88,CISO,CA
36784,0.051341,0.0,0.051341,BAKERSFIELD 16,35.1511,-119.011,CISO,CA
36785,0.032592,0.0,0.032592,LAMONT,35.3531,-118.896,CISO,CA
36786,0.033938,0.0,0.033938,MOORPARK 1,34.3396,-118.944,CISO,CA
36787,0.033938,0.0,0.033938,MOORPARK 2,34.379,-118.923,CISO,CA
36788,0.032302,0.0,0.032302,FILLMORE 1,34.4147,-118.983,CISO,CA
36789,0.038089,0.0,0.038089,WESTLAKE VILLAGE,34.0901,-118.923,CISO,CA
36790,0.039508,0.0,0.039508,THOUSAND OAKS 1,34.1701,-118.804,CISO,CA
36791,0.039508,0.0,0.039508,THOUSAND OAKS 2,34.1153,-118.796,CISO,CA
36792,0.008793,0.0,0.008793,MALIBU,33.9891,-118.477,LDWP,CA
36793,0.039021,0.0,0.039021,ARVIN,35.1537,-118.845,CISO,CA
36794,0.033586,0.0,0.033586,THOUSAND OAKS 3,34.2776,-118.894,CISO,CA
36795,0.033586,0.0,0.033586,THOUSAND OAKS 4,34.2483,-118.726,CISO,CA
36796,0.048867,0.0,0.048867,BAKERSFIELD 17,35.583,-118.794,CISO,CA
36797,0.049395,0.0,0.049395,BAKERSFIELD 18,35.6351,-118.742,CISO,CA
36798,0.060576,0.0,0.060576,BAKERSFIELD 19,35.4092,-118.76,CISO,CA
36799,0.060183,0.0,0.060183,BAKERSFIELD 20,35.4572,-118.775,CISO,CA
36800,0.067565,0.0,0.067565,SIMI VALLEY 1,34.2174,-118.742,CISO,CA
36801,0.067565,0.0,0.067565,SIMI VALLEY 2,34.258,-118.735,CISO,CA
36802,0.025738,0.0,0.025738,OAK PARK,34.086,-118.781,CISO,CA
36803,0.02375,0.0,0.02375,AGOURA HILLS 1,34.1528,-118.847,CISO,CA
36804,0.02375,0.0,0.02375,AGOURA HILLS 2,34.0605,-118.81,CISO,CA
36805,0.027819,0.0,0.027819,CASTAIC 1,34.4648,-118.63,CISO,CA
36806,0.027819,0.0,0.027819,CASTAIC 2,34.6039,-118.682,CISO,CA
36807,0.054447,0.0,0.054447,SIMI VALLEY 3,34.3543,-118.75,CISO,CA
36808,0.077421,0.0,0.077421,SIMI VALLEY 4,34.3744,-118.634,CISO,CA
36809,0.023957,0.0,0.023957,CALABASAS 1,34.1162,-118.726,CISO,CA
36810,0.02403,0.0,0.02403,CALABASAS 2,34.1727,-118.702,CISO,CA
36811,0.045606,0.0,0.045606,WEST HILLS,34.1597,-118.668,CISO,CA
36812,0.037561,0.0,0.037561,STEVENSON RANCH,34.4015,-118.548,CISO,CA
36813,0.030376,0.0,0.030376,VALENCIA 1,34.4604,-118.673,CISO,CA
36814,0.030376,0.0,0.030376,VALENCIA 2,34.3417,-118.619,CISO,CA
36815,0.01219,0.0,0.01219,CANOGA PARK 1,34.184,-118.562,LDWP,CA
36816,0.07183,0.0,0.07183,CANOGA PARK 2,34.2382,-118.703,CISO,CA
36817,0.009585,0.0,0.009585,WOODLAND HILLS 1,34.1886,-118.587,LDWP,CA
36818,0.036806,0.0,0.036806,WOODLAND HILLS 2,34.1473,-118.697,CISO,CA
36819,0.034062,0.0,0.034062,CHATSWORTH 1,34.3871,-118.528,CISO,CA
36820,0.034062,0.0,0.034062,CHATSWORTH 2,34.3895,-118.635,CISO,CA
36821,0.006517,0.0,0.006517,CANOGA PARK 3,34.1347,-118.554,LDWP,CA
36822,0.006274,0.0,0.006274,WOODLAND HILLS 3,34.0947,-118.531,LDWP,CA
36823,0.024092,0.0,0.024092,WOODLAND HILLS 4,34.1412,-118.628,CISO,CA
36824,0.041982,0.0,0.041982,WINNETKA 1,34.2046,-118.67,CISO,CA
36825,0.012247,0.0,0.012247,WINNETKA 2,34.2716,-118.619,LDWP,CA
36826,0.031412,0.0,0.031412,PORTER RANCH 1,34.2995,-118.644,CISO,CA
36827,0.031412,0.0,0.031412,PORTER RANCH 2,34.3558,-118.533,CISO,CA
36828,0.006714,0.0,0.006714,NORTHRIDGE 1,34.1432,-118.517,LDWP,CA
36829,0.007148,0.0,0.007148,TARZANA 1,34.1652,-118.517,LDWP,CA
36830,0.027446,0.0,0.027446,TARZANA 2,34.0945,-118.646,CISO,CA
36831,0.011155,0.0,0.011155,PACIFIC PALISADES,34.1763,-118.547,LDWP,CA
36832,0.018046,0.0,0.018046,RESEDA 1,34.2424,-118.593,LDWP,CA
36833,0.021136,0.0,0.021136,RESEDA 2,34.1927,-118.508,LDWP,CA
36834,0.015388,0.0,0.015388,NORTHRIDGE 2,34.1654,-118.434,LDWP,CA
36835,0.012417,0.0,0.012417,NORTHRIDGE 3,34.1727,-118.504,LDWP,CA
36836,0.006528,0.0,0.006528,ENCINO 1,34.2028,-118.469,LDWP,CA
36837,0.025065,0.0,0.025065,ENCINO 2,34.1114,-118.583,CISO,CA
36838,0.012557,0.0,0.012557,GRANADA HILLS 1,34.2482,-118.445,LDWP,CA
36839,0.074978,0.0,0.074978,GRANADA HILLS 2,34.3861,-118.575,CISO,CA
36840,0.03107,0.0,0.03107,SANTA CLARITA 1,34.4106,-118.586,CISO,CA
36841,0.03107,0.0,0.03107,SANTA CLARITA 2,34.3715,-118.417,CISO,CA
36842,0.033213,0.0,0.033213,TEHACHAPI 1,35.1698,-118.593,CISO,CA
36843,0.032271,0.0,0.032271,TEHACHAPI 2,35.1708,-118.426,CISO,CA
36844,0.011902,0.0,0.011902,SANTA MONICA 1,33.9551,-118.405,LDWP,CA
36845,0.008609,0.0,0.008609,LOS ANGELES 1,34.1202,-118.47,LDWP,CA
36846,0.008609,0.0,0.008609,LOS ANGELES 2,34.0935,-118.57,LDWP,CA
36847,0.012511,0.0,0.012511,VAN NUYS 1,34.2502,-118.498,LDWP,CA
36848,0.048039,0.0,0.048039,VAN NUYS 2,34.2928,-118.434,CISO,CA
36849,0.008464,0.0,0.008464,NEWHALL 1,34.2719,-118.45,LDWP,CA
36850,0.032499,0.0,0.032499,NEWHALL 2,34.3571,-118.453,CISO,CA
36851,0.056145,0.0,0.056145,NORTH HILLS 1,34.3141,-118.557,CISO,CA
36852,0.014622,0.0,0.014622,NORTH HILLS 2,34.198,-118.568,LDWP,CA
36853,0.010367,0.0,0.010367,SANTA MONICA 2,34.1254,-118.412,LDWP,CA
36854,0.050182,0.0,0.050182,SANTA MONICA 3,33.9912,-118.395,CISO,CA
36855,0.036598,0.0,0.036598,VENICE 1,33.9269,-118.401,CISO,CA
36856,0.026411,0.0,0.026411,VENICE 2,34.0234,-118.514,CISO,CA
36857,0.011397,0.0,0.011397,SHERMAN OAKS 1,34.2041,-118.369,LDWP,CA
36858,0.011953,0.0,0.011953,VAN NUYS 3,34.0824,-118.48,LDWP,CA
36859,0.020414,0.0,0.020414,MARINA DEL REY,34.0604,-118.427,LDWP,CA
36860,0.026525,0.0,0.026525,LAKE ISABELLA,35.6397,-118.49,CISO,CA
36861,0.030159,0.0,0.030159,CANYON COUNTRY 1,34.4493,-118.409,CISO,CA
36862,0.030159,0.0,0.030159,CANYON COUNTRY 2,34.4555,-118.49,CISO,CA
36863,0.020708,0.0,0.020708,VAN NUYS 4,34.1966,-118.417,LDWP,CA
36864,0.012411,0.0,0.012411,VAN NUYS 5,34.1766,-118.368,LDWP,CA
36865,0.010227,0.0,0.010227,LOS ANGELES 3,34.0298,-118.353,LDWP,CA
36866,0.023916,0.0,0.023916,PANORAMA CITY 1,34.2178,-118.378,LDWP,CA
36867,0.030614,0.0,0.030614,PANORAMA CITY 2,34.1798,-118.363,LDWP,CA
36868,0.031857,0.0,0.031857,SAN FERNANDO,34.3106,-118.347,CISO,CA
36869,0.011516,0.0,0.011516,LOS ANGELES 4,34.0993,-118.382,LDWP,CA
36870,0.073818,0.0,0.073818,LOS ANGELES 5,33.9808,-118.414,CISO,CA
36871,0.00752,0.0,0.00752,SHERMAN OAKS 2,34.0903,-118.463,LDWP,CA
36872,0.009534,0.0,0.009534,VAN NUYS 6,34.159,-118.46,LDWP,CA
36873,0.016248,0.0,0.016248,VAN NUYS 7,34.2609,-118.505,LDWP,CA
36874,0.016677,0.0,0.016677,LOS ANGELES 6,34.0711,-118.507,LDWP,CA
36875,0.030369,0.0,0.030369,LOS ANGELES 7,33.948,-118.447,LDWP,CA
36876,0.023667,0.0,0.023667,LOS ANGELES 8,33.9781,-118.337,CISO,CA
36877,0.02355,0.0,0.02355,PACOIMA 1,34.2318,-118.432,LDWP,CA
36878,0.016774,0.0,0.016774,PACOIMA 2,34.2595,-118.375,LDWP,CA
36879,0.064407,0.0,0.064407,PACOIMA 3,34.3243,-118.352,CISO,CA
36880,0.036868,0.0,0.036868,SANTA CLARITA 3,34.6415,-118.396,CISO,CA
36881,0.036785,0.0,0.036785,LOS ANGELES 9,33.8483,-118.391,CISO,CA
36882,0.00958,0.0,0.00958,LOS ANGELES 10,34.017,-118.337,LDWP,CA
36883,0.010551,0.0,0.010551,BEVERLY HILLS,34.0493,-118.353,LDWP,CA
36884,0.032737,0.0,0.032737,MANHATTAN BEACH,33.973,-118.368,CISO,CA
36885,0.013673,0.042837,0.05651,NORTH HOLLYWOOD 1,34.2292,-118.498,LDWP,CA
36886,0.006776,0.0,0.006776,VALLEY VILLAGE,34.1107,-118.455,LDWP,CA
36887,0.014067,0.0,0.014067,LOS ANGELES 11,34.056,-118.427,LDWP,CA
36888,0.014067,0.0,0.014067,LOS ANGELES 12,34.0066,-118.3,LDWP,CA
36889,0.03635,0.0,0.03635,HERMOSA BEACH,33.7848,-118.345,CISO,CA
36890,0.007709,0.0,0.007709,CULVER CITY 1,34.0648,-118.448,LDWP,CA
36891,0.007045,0.0,0.007045,STUDIO CITY,34.2002,-118.396,LDWP,CA
36892,0.007353,0.0,0.007353,CULVER CITY 2,34.1075,-118.484,LDWP,CA
36893,0.019888,0.0,0.019888,NORTH HOLLYWOOD 2,34.2729,-118.464,LDWP,CA
36894,0.015002,0.0,0.015002,NORTH HOLLYWOOD 3,34.1147,-118.435,LDWP,CA
36895,0.032882,0.0,0.032882,REDONDO BEACH 1,33.8345,-118.392,CISO,CA
36896,0.019659,0.0,0.019659,LOS ANGELES 13,33.9705,-118.462,LDWP,CA
36897,0.014841,0.0,0.014841,SYLMAR 1,34.2367,-118.336,LDWP,CA
36898,0.056984,0.0,0.056984,SYLMAR 2,34.3119,-118.286,CISO,CA
36899,0.056984,0.0,0.056984,SYLMAR 3,34.4046,-118.344,CISO,CA
36900,0.019529,0.0,0.019529,LOS ANGELES 14,34.0074,-118.333,LDWP,CA
36901,0.009025,0.0,0.009025,NORTH HOLLYWOOD 4,34.1254,-118.359,LDWP,CA
36902,0.037582,0.0,0.037582,CANYON COUNTRY 3,34.315,-118.371,CISO,CA
36903,0.037582,0.0,0.037582,CANYON COUNTRY 4,34.428,-118.45,CISO,CA
36904,0.037334,0.0,0.037334,REDONDO BEACH 2,33.8173,-118.392,CISO,CA
36905,0.037334,0.0,0.037334,REDONDO BEACH 3,33.9378,-118.319,CISO,CA
36906,0.066084,0.0,0.066084,LANCASTER 1,34.8372,-118.374,CISO,CA
36907,0.066084,0.0,0.066084,LANCASTER 2,34.7255,-118.377,CISO,CA
36908,0.010041,0.0,0.010041,NORTH HOLLYWOOD 5,34.1115,-118.35,LDWP,CA
36909,0.01871,0.0,0.01871,RANCHO PALOS VERDES,33.7377,-118.317,LDWP,CA
36910,0.04455,0.0,0.04455,SUN VALLEY 1,34.3143,-118.333,CISO,CA
36911,0.018834,0.0,0.018834,LOS ANGELES 15,34.1409,-118.337,LDWP,CA
36912,0.023391,0.0,0.023391,LOS ANGELES 16,34.1671,-118.374,LDWP,CA
36913,0.056684,0.0,0.056684,INGLEWOOD 1,33.9121,-118.339,CISO,CA
36914,0.076293,0.0,0.076293,INGLEWOOD 2,33.8588,-118.334,CISO,CA
36915,0.007137,0.0,0.007137,INGLEWOOD 3,33.9739,-118.397,LDWP,CA
36916,0.027405,0.0,0.027405,INGLEWOOD 4,33.9695,-118.446,CISO,CA
36917,0.011813,0.0,0.011813,LOS ANGELES 17,34.0184,-118.428,LDWP,CA
36918,0.011551,0.0,0.011551,LOS ANGELES 18,34.0782,-118.28,LDWP,CA
36919,0.041351,0.0,0.041351,TORRANCE 1,33.8412,-118.311,CISO,CA
36920,0.099618,0.0,0.099618,TORRANCE 2,33.7936,-118.332,CISO,CA
36921,0.016321,0.0,0.016321,LAWNDALE 1,33.9517,-118.437,LDWP,CA
36922,0.060224,0.0,0.060224,LAWNDALE 2,33.9003,-118.281,CISO,CA
36923,0.034352,0.0,0.034352,LOS ANGELES 19,34.0097,-118.37,CISO,CA
36924,0.034352,0.0,0.034352,LOS ANGELES 20,34.0879,-118.414,CISO,CA
36925,0.015078,0.0,0.015078,HAWTHORNE 1,33.9583,-118.276,LDWP,CA
36926,0.015078,0.0,0.015078,HAWTHORNE 2,34.0079,-118.292,LDWP,CA
36927,0.098127,0.0,0.098127,HAWTHORNE 3,33.8546,-118.399,CISO,CA
36928,0.034176,0.0,0.034176,TORRANCE 3,33.8761,-118.409,CISO,CA
36929,0.015372,0.0,0.015372,TORRANCE 4,33.7966,-118.287,LDWP,CA
36930,0.014388,0.0,0.014388,BURBANK 3,34.0947,-118.311,LDWP,CA
36931,0.007469,0.0,0.007469,BURBANK 4,34.1262,-118.269,LDWP,CA
36932,0.007844,0.0,0.007844,LOS ANGELES 21,34.0625,-118.371,LDWP,CA
36933,0.035242,0.0,0.035242,ROSAMOND 1,34.7917,-118.348,CISO,CA
36934,0.015641,0.0,0.015641,LOS ANGELES 22,33.9843,-118.428,LDWP,CA
36935,0.024663,0.0,0.024663,LOS ANGELES 23,34.1059,-118.294,LDWP,CA
36936,0.108512,0.0,0.108512,LOS ANGELES 24,33.9512,-118.353,CISO,CA
36937,0.015407,0.0,0.015407,SUNLAND,34.2473,-118.286,LDWP,CA
36938,0.024392,0.0,0.024392,INGLEWOOD 5,33.9054,-118.305,CISO,CA
36939,0.010815,0.0,0.010815,LOS ANGELES 25,34.0629,-118.293,LDWP,CA
36940,0.02991,0.0,0.02991,TORRANCE 5,33.902,-118.386,CISO,CA
36941,0.02991,0.0,0.02991,TORRANCE 6,33.9414,-118.299,CISO,CA
36942,0.019122,0.0,0.019122,BURBANK 5,34.1421,-118.392,LDWP,CA
36943,0.053702,0.0,0.053702,LOS ANGELES 26,34.0853,-118.395,CISO,CA
36944,0.009176,0.0,0.009176,BURBANK 6,34.1917,-118.29,LDWP,CA
36945,0.011966,0.0,0.011966,LOS ANGELES 27,34.0182,-118.368,LDWP,CA
36946,0.011966,0.0,0.011966,LOS ANGELES 28,34.0878,-118.262,LDWP,CA
36947,0.040232,0.0,0.040232,TORRANCE 7,33.808,-118.216,CISO,CA
36948,0.039352,0.0,0.039352,SAN PEDRO 1,33.8079,-118.242,CISO,CA
36949,0.057936,0.0,0.057936,LOS ANGELES 29,34.0886,-118.383,CISO,CA
36950,0.015089,0.0,0.015089,LOS ANGELES 30,34.0641,-118.356,LDWP,CA
36951,0.020851,0.0,0.020851,LOS ANGELES 31,34.0761,-118.229,LDWP,CA
36952,0.045295,0.0,0.045295,LOS ANGELES 32,33.9203,-118.314,CISO,CA
36953,0.011796,0.0,0.011796,LOS ANGELES 33,34.0024,-118.251,LDWP,CA
36954,0.035108,0.0,0.035108,LOS ANGELES 34,33.986,-118.214,CISO,CA
36955,0.023719,0.0,0.023719,HARBOR CITY,33.8078,-118.31,CISO,CA
36956,0.044249,0.0,0.044249,GARDENA 1,33.8889,-118.393,CISO,CA
36957,0.037587,0.0,0.037587,GARDENA 2,33.9804,-118.279,LDWP,CA
36958,0.010958,0.0,0.010958,LOS ANGELES 35,34.1754,-118.2,LDWP,CA
36959,0.017612,0.0,0.017612,LOS ANGELES 36,34.1742,-118.274,LDWP,CA
36960,0.009372,0.0,0.009372,LOS ANGELES 37,34.1892,-118.317,LDWP,CA
36961,0.010548,0.0,0.010548,LOS ANGELES 38,34.0321,-118.392,LDWP,CA
36962,0.02908,0.0,0.02908,LOS ANGELES 39,33.9835,-118.299,LDWP,CA
36963,0.055151,0.0,0.055151,LOS ANGELES 40,33.9903,-118.366,CISO,CA
36964,0.010119,0.0,0.010119,BURBANK 7,34.1515,-118.31,LDWP,CA
36965,0.014525,0.0,0.014525,LOS ANGELES 41,34.049,-118.219,LDWP,CA
36966,0.017925,0.0,0.017925,LOS ANGELES 42,34.0329,-118.267,LDWP,CA
36967,0.086356,0.0,0.086356,LOS ANGELES 43,33.9516,-118.319,CISO,CA
36968,0.011058,0.0,0.011058,GLENDALE 1,34.0779,-118.19,LDWP,CA
36969,0.015113,0.0,0.015113,LOS ANGELES 44,34.0789,-118.271,LDWP,CA
36970,0.065111,0.0,0.065111,LOS ANGELES 45,33.9889,-118.376,CISO,CA
36971,0.070868,0.0,0.070868,LOS ANGELES 46,33.9297,-118.348,CISO,CA
36972,0.067109,0.0,0.067109,LOS ANGELES 47,33.9965,-118.212,CISO,CA
36973,0.014479,0.0,0.014479,SAN PEDRO 2,33.7041,-118.258,LDWP,CA
36974,0.055597,0.0,0.055597,SAN PEDRO 3,33.8289,-118.334,CISO,CA
36975,0.017815,0.0,0.017815,LOS ANGELES 48,34.116,-118.303,LDWP,CA
36976,0.10934,0.0,0.10934,LOS ANGELES 49,33.954,-118.209,CISO,CA
36977,0.061746,0.0,0.061746,LOS ANGELES 50,33.9608,-118.219,CISO,CA
36978,0.011079,0.0,0.011079,GLENDALE 2,34.1689,-118.337,LDWP,CA
36979,0.035377,0.0,0.035377,LOS ANGELES 51,34.0559,-118.178,CISO,CA
36980,0.017143,0.0,0.017143,LOS ANGELES 52,34.0579,-118.359,LDWP,CA
36981,0.05335,0.0,0.05335,CARSON 2,33.7482,-118.187,CISO,CA
36982,0.013894,0.0,0.013894,CARSON 3,33.7356,-118.294,LDWP,CA
36983,0.016469,0.0,0.016469,LOS ANGELES 53,34.0552,-118.228,LDWP,CA
36984,0.021568,0.0,0.021568,LOS ANGELES 54,34.1257,-118.325,LDWP,CA
36985,0.013058,0.0,0.013058,WILMINGTON 1,33.7747,-118.234,LDWP,CA
36986,0.05014,0.0,0.05014,WILMINGTON 2,33.736,-118.259,CISO,CA
36987,0.05512,0.0,0.05512,GLENDALE 3,34.1756,-118.18,CISO,CA
36988,0.006919,0.0,0.006919,LOS ANGELES 55,34.1086,-118.187,LDWP,CA
36989,0.016809,0.0,0.016809,LOS ANGELES 56,34.0815,-118.244,LDWP,CA
36990,0.016809,0.0,0.016809,LOS ANGELES 57,34.0202,-118.299,LDWP,CA
36991,0.064542,0.0,0.064542,LOS ANGELES 58,33.9557,-118.344,CISO,CA
36992,0.024216,0.0,0.024216,CARSON 4,33.8802,-118.177,CISO,CA
36993,0.038162,0.0,0.038162,LOS ANGELES 59,33.8298,-118.291,CISO,CA
36994,0.053215,0.0,0.053215,LOS ANGELES 60,34.0056,-118.151,CISO,CA
36995,0.028285,0.0,0.028285,LA CRESCENTA,34.3237,-118.161,CISO,CA
36996,0.071944,0.055382,0.127326,LOS ANGELES 61,33.8541,-118.247,CISO,CA
36997,0.047728,0.0,0.047728,LOS ANGELES 62,33.9304,-118.223,CISO,CA
36998,0.035232,0.0,0.035232,GLENDALE 4,34.2347,-118.234,CISO,CA
36999,0.035232,0.0,0.035232,GLENDALE 5,34.0431,-118.178,CISO,CA
37000,0.047335,0.0,0.047335,PALMDALE 1,34.5878,-118.302,CISO,CA
37001,0.047335,0.0,0.047335,PALMDALE 2,34.6304,-118.335,CISO,CA
37002,0.014905,0.062428,0.077333,LOS ANGELES 63,34.0225,-118.223,LDWP,CA
37003,0.025707,0.0,0.025707,TUJUNGA 1,34.3016,-118.211,CISO,CA
37004,0.025707,0.0,0.025707,TUJUNGA 2,34.3748,-118.288,CISO,CA
37005,0.007733,0.0,0.007733,COMPTON 1,33.965,-118.312,LDWP,CA
37006,0.045968,0.0,0.045968,COMPTON 2,33.9513,-118.174,CISO,CA
37007,0.045968,0.0,0.045968,COMPTON 3,33.803,-118.137,CISO,CA
37008,0.058102,0.0,0.058102,LOS ANGELES 64,34.1902,-118.13,CISO,CA
37009,0.011047,0.0,0.011047,LOS ANGELES 65,34.1245,-118.213,LDWP,CA
37010,0.015032,0.0,0.015032,LONG BEACH 2,33.7947,-118.273,LDWP,CA
37011,0.015032,0.0,0.015032,LONG BEACH 3,33.7679,-118.293,LDWP,CA
37012,0.014898,0.0,0.014898,ACTON,34.4233,-118.223,CISO,CA
37013,0.012144,0.0,0.012144,HUNTINGTON PARK 1,33.9411,-118.258,LDWP,CA
37014,0.046631,0.0,0.046631,HUNTINGTON PARK 2,33.9452,-118.227,CISO,CA
37015,0.052636,0.0,0.052636,HUNTINGTON PARK 3,33.9108,-118.162,CISO,CA
37016,0.008024,0.0,0.008024,GLENDALE 6,34.2182,-118.301,LDWP,CA
37017,0.0081,0.0,0.0081,GLENDALE 7,34.1987,-118.257,LDWP,CA
37018,0.011856,0.0,0.011856,LOS ANGELES 66,34.1316,-118.302,LDWP,CA
37019,0.011856,0.0,0.011856,LOS ANGELES 67,34.0625,-118.23,LDWP,CA
37020,0.070226,0.0,0.070226,LONG BEACH 4,33.7552,-118.202,CISO,CA
37021,0.036661,0.0,0.036661,LONG BEACH 5,33.8253,-118.126,CISO,CA
37022,0.016183,0.0,0.016183,LOS ANGELES 68,34.079,-118.218,LDWP,CA
37023,0.00954,0.0,0.00954,LOS ANGELES 69,34.1043,-118.204,LDWP,CA
37024,0.050037,0.0,0.050037,COMPTON 4,33.9622,-118.21,CISO,CA
37025,0.013031,0.0,0.013031,COMPTON 5,33.7881,-118.251,LDWP,CA
37026,0.037789,0.0,0.037789,LA CANADA FLINTRIDGE,34.2199,-118.202,CISO,CA
37027,0.064987,0.0,0.064987,LYNWOOD 1,33.9681,-118.234,CISO,CA
37028,0.064987,0.0,0.064987,LYNWOOD 2,33.9525,-118.154,CISO,CA
37029,0.080931,0.0,0.080931,LOS ANGELES 70,33.9598,-118.164,CISO,CA
37030,0.011138,0.0,0.011138,LOS ANGELES 71,34.0966,-118.178,LDWP,CA
37031,0.093841,0.0,0.093841,LONG BEACH 6,33.692,-118.046,CISO,CA
37032,0.054893,0.0,0.054893,LONG BEACH 7,33.8198,-118.222,CISO,CA
37033,0.05864,0.0,0.05864,SOUTH GATE 1,33.8586,-118.281,CISO,CA
37034,0.05864,0.0,0.05864,SOUTH GATE 2,34.0323,-118.151,CISO,CA
37035,0.05864,0.0,0.05864,SOUTH GATE 3,33.9242,-118.213,CISO,CA
37036,0.058175,0.0,0.058175,LOS ANGELES 72,34.1554,-118.169,CISO,CA
37037,0.065536,0.0,0.065536,LOS ANGELES 73,34.0698,-118.148,CISO,CA
37038,0.010289,0.0,0.010289,LONG BEACH 8,33.7856,-118.227,LDWP,CA
37039,0.039508,0.0,0.039508,LONG BEACH 9,33.7129,-118.234,CISO,CA
37040,0.006641,0.0,0.006641,MAYWOOD,34.0206,-118.255,LDWP,CA
37041,0.076852,0.0,0.076852,LOS ANGELES 74,34.1069,-118.137,CISO,CA
37042,0.051952,0.0,0.051952,LOS ANGELES 75,33.9984,-118.123,CISO,CA
37043,0.067058,0.0,0.067058,LOS ANGELES 76,33.982,-118.241,CISO,CA
37044,0.018996,0.0,0.018996,LOS ANGELES 77,34.1484,-118.27,LDWP,CA
37045,0.021651,0.0,0.021651,LONG BEACH 10,33.93,-118.262,LDWP,CA
37046,0.058092,0.0,0.058092,LONG BEACH 11,33.8462,-118.174,CISO,CA
37047,0.058092,0.0,0.058092,LONG BEACH 12,33.8317,-118.246,CISO,CA
37048,0.029331,0.0,0.029331,LONG BEACH 13,33.8553,-118.199,CISO,CA
37049,0.029331,0.0,0.029331,LONG BEACH 14,33.8537,-118.268,CISO,CA
37050,0.062916,0.0,0.062916,BELL GARDENS 1,33.9109,-118.254,CISO,CA
37051,0.062916,0.0,0.062916,BELL GARDENS 2,33.9118,-118.096,CISO,CA
37052,0.08853,0.0,0.08853,BELL GARDENS 3,33.9657,-118.18,CISO,CA
37053,0.072348,0.0,0.072348,PARAMOUNT 1,33.9789,-118.201,CISO,CA
37054,0.05041,0.0,0.05041,PARAMOUNT 2,33.8255,-118.241,CISO,CA
37055,0.025603,0.0,0.025603,PASADENA 1,34.2223,-118.128,CISO,CA
37056,0.006215,0.0,0.006215,SOUTH PASADENA,34.1557,-118.22,LDWP,CA
37057,0.096844,0.0,0.096844,LOS ANGELES 78,34.104,-118.068,CISO,CA
37058,0.115811,0.0,0.115811,LOS ANGELES 79,33.9398,-118.211,CISO,CA
37059,0.036661,0.0,0.036661,LANCASTER 3,34.7178,-118.145,CISO,CA
37060,0.036661,0.0,0.036661,LANCASTER 4,34.6359,-118.127,CISO,CA
37061,0.037561,0.0,0.037561,LONG BEACH 15,33.6855,-118.039,CISO,CA
37062,0.037561,0.0,0.037561,LONG BEACH 16,33.8561,-118.22,CISO,CA
37063,0.029569,0.0,0.029569,LAKEWOOD 6,33.7653,-118.169,CISO,CA
37064,0.029351,0.0,0.029351,LAKEWOOD 7,33.8761,-118.101,CISO,CA
37065,0.028254,0.0,0.028254,ALHAMBRA 1,34.0024,-118.186,CISO,CA
37066,0.035656,0.0,0.035656,LONG BEACH 17,33.7261,-118.053,CISO,CA
37067,0.030511,0.0,0.030511,MONTEREY PARK,34.0875,-118.147,CISO,CA
37068,0.071064,0.0,0.071064,DOWNEY 1,34.0169,-118.188,CISO,CA
37069,0.069511,0.0,0.069511,DOWNEY 2,33.8966,-118.044,CISO,CA
37070,0.026354,0.0,0.026354,PASADENA 2,34.1253,-118.229,LDWP,CA
37071,0.033658,0.0,0.033658,ALTADENA 1,34.1385,-118.084,CISO,CA
37072,0.061943,0.0,0.061943,ALTADENA 2,34.2488,-118.219,CISO,CA
37073,0.029848,0.0,0.029848,LONG BEACH 18,33.8185,-118.041,CISO,CA
37074,0.029848,0.0,0.029848,LONG BEACH 19,33.6691,-118.02,CISO,CA
37075,0.04515,0.0,0.04515,PASADENA 3,34.1493,-118.109,CISO,CA
37076,0.039508,0.0,0.039508,DOWNEY 3,34.0011,-118.142,CISO,CA
37077,0.039508,0.0,0.039508,DOWNEY 4,34.031,-118.064,CISO,CA
37078,0.049136,0.0,0.049136,ALHAMBRA 2,34.1796,-118.053,CISO,CA
37079,0.074688,0.0,0.074688,ALHAMBRA 3,34.0417,-118.162,CISO,CA
37080,0.047594,0.0,0.047594,BELLFLOWER 1,33.8589,-118.114,CISO,CA
37081,0.047594,0.0,0.047594,BELLFLOWER 2,33.8148,-118.101,CISO,CA
37082,0.034248,0.0,0.034248,PASADENA 4,34.0699,-118.046,CISO,CA
37083,0.069822,0.0,0.069822,PALMDALE 3,34.3761,-118.218,CISO,CA
37084,0.069822,0.0,0.069822,PALMDALE 4,34.3671,-118.079,CISO,CA
37085,0.024113,0.0,0.024113,DOWNEY 5,33.8846,-118.151,CISO,CA
37086,0.037023,0.0,0.037023,LONG BEACH 20,33.7784,-118.035,CISO,CA
37087,0.037023,0.0,0.037023,LONG BEACH 21,33.8388,-118.201,CISO,CA
37088,0.026018,0.0,0.026018,LAKEWOOD 8,33.7719,-118.076,CISO,CA
37089,0.035625,0.0,0.035625,LONG BEACH 22,33.8807,-118.131,CISO,CA
37090,0.035625,0.0,0.035625,LONG BEACH 23,33.7929,-118.027,CISO,CA
37091,0.058278,0.0,0.058278,MONTEBELLO 1,33.9669,-118.204,CISO,CA
37092,0.082297,0.0,0.082297,MONTEBELLO 2,33.9436,-118.045,CISO,CA
37093,0.035853,0.0,0.035853,SAN GABRIEL 1,34.0325,-118.105,CISO,CA
37094,0.080558,0.0,0.080558,SAN GABRIEL 2,34.0735,-118.006,CISO,CA
37095,0.05864,0.0,0.05864,PICO RIVERA 1,34.0612,-118.187,CISO,CA
37096,0.05864,0.0,0.05864,PICO RIVERA 2,34.0734,-118.085,CISO,CA
37097,0.030697,0.0,0.030697,PASADENA 5,34.0688,-118.131,CISO,CA
37098,0.030697,0.0,0.030697,PASADENA 6,34.2482,-118.015,CISO,CA
37099,0.081976,0.0,0.081976,ROSEMEAD 1,34.0105,-118.129,CISO,CA
37100,0.057864,0.0,0.057864,ROSEMEAD 2,34.0472,-118.033,CISO,CA
37101,0.065567,0.0,0.065567,NORWALK 1,33.9175,-118.107,CISO,CA
37102,0.065567,0.0,0.065567,NORWALK 2,33.9191,-118.138,CISO,CA
37103,0.168726,0.0,0.168726,NORWALK 3,33.9708,-118.106,CISO,CA
37104,0.030915,0.0,0.030915,ARTESIA,33.9227,-118.002,CISO,CA
37105,0.037996,0.0,0.037996,LAKEWOOD 9,33.7795,-118.173,CISO,CA
37106,0.044218,0.0,0.044218,SEAL BEACH,33.7623,-118.036,CISO,CA
37107,0.066664,0.0,0.066664,CERRITOS 1,33.7899,-118.128,CISO,CA
37108,0.04603,0.0,0.04603,CERRITOS 2,33.7807,-118.015,CISO,CA
37109,0.03019,0.0,0.03019,WHITTIER 1,34.0306,-117.97,CISO,CA
37110,0.027705,0.0,0.027705,SANTA FE SPRINGS,33.9066,-118.129,CISO,CA
37111,0.031991,0.0,0.031991,TEMPLE CITY 1,34.1795,-118.116,CISO,CA
37112,0.031991,0.0,0.031991,TEMPLE CITY 2,34.0495,-117.991,CISO,CA
37113,0.040905,0.0,0.040905,SOUTH EL MONTE 1,34.1105,-118.101,CISO,CA
37114,0.040905,0.0,0.040905,SOUTH EL MONTE 2,34.0357,-118.035,CISO,CA
37115,0.031774,0.0,0.031774,ARCADIA 1,34.1167,-118.082,CISO,CA
37116,0.031774,0.0,0.031774,ARCADIA 2,34.0821,-118.107,CISO,CA
37117,0.027571,0.0,0.027571,EL MONTE 1,34.0324,-117.996,CISO,CA
37118,0.044715,0.0,0.044715,CYPRESS 1,33.8556,-118.058,CISO,CA
37119,0.044715,0.0,0.044715,CYPRESS 2,33.7935,-118.068,CISO,CA
37120,0.029796,0.0,0.029796,WHITTIER 2,33.9208,-117.961,CISO,CA
37121,0.029796,0.0,0.029796,WHITTIER 3,34.0977,-117.961,CISO,CA
37122,0.029548,0.0,0.029548,ARCADIA 3,34.1117,-118.033,CISO,CA
37123,0.029548,0.0,0.029548,ARCADIA 4,34.0823,-117.949,CISO,CA
37124,0.037582,0.0,0.037582,WHITTIER 4,34.0078,-118.029,CISO,CA
37125,0.037582,0.0,0.037582,WHITTIER 5,33.8959,-118.081,CISO,CA
37126,0.035553,0.0,0.035553,PALMDALE 5,34.6506,-117.963,CISO,CA
37127,0.035553,0.0,0.035553,PALMDALE 6,34.479,-118.007,CISO,CA
37128,0.110023,0.0,0.110023,EL MONTE 2,34.1137,-117.985,CISO,CA
37129,0.057201,0.0,0.057201,EL MONTE 3,34.1486,-118.053,CISO,CA
37130,0.036723,0.0,0.036723,WHITTIER 6,33.9963,-118.028,CISO,CA
37131,0.036723,0.0,0.036723,WHITTIER 7,33.9014,-117.974,CISO,CA
37132,0.0721,0.0,0.0721,LA MIRADA,33.8111,-117.973,CISO,CA
37133,0.037831,0.0,0.037831,MONROVIA 1,34.2077,-117.942,CISO,CA
37134,0.061456,0.0,0.061456,MONROVIA 2,34.0529,-117.917,CISO,CA
37135,0.037385,0.0,0.037385,WHITTIER 8,33.9782,-117.965,CISO,CA
37136,0.028409,0.0,0.028409,LA PUENTE 1,34.1034,-118.016,CISO,CA
37137,0.028409,0.0,0.028409,LA PUENTE 2,34.1042,-118.05,CISO,CA
37138,0.024289,0.0,0.024289,LITTLEROCK,34.5709,-117.95,CISO,CA
37139,0.050327,0.0,0.050327,HACIENDA HEIGHTS 1,33.9542,-117.927,CISO,CA
37140,0.095995,0.0,0.095995,HACIENDA HEIGHTS 2,33.9189,-118.033,CISO,CA
37141,0.071965,0.0,0.071965,BALDWIN PARK 1,34.0059,-117.873,CISO,CA
37142,0.075133,0.0,0.075133,BALDWIN PARK 2,34.0222,-117.983,CISO,CA
37143,0.047563,0.0,0.047563,BALDWIN PARK 3,34.0887,-117.903,CISO,CA
37144,0.024299,0.0,0.024299,DUARTE 1,34.1343,-118.014,CISO,CA
37145,0.024299,0.0,0.024299,DUARTE 2,34.2174,-117.92,CISO,CA
37146,0.063009,0.0,0.063009,LA HABRA 1,33.8635,-117.944,CISO,CA
37147,0.063009,0.0,0.063009,LA HABRA 2,33.9518,-118.025,CISO,CA
37148,0.041848,0.0,0.041848,WEST COVINA 1,34.0553,-117.971,CISO,CA
37149,0.041848,0.0,0.041848,WEST COVINA 2,33.9892,-117.842,CISO,CA
37150,0.052822,0.0,0.052822,LA PUENTE 3,34.1076,-117.871,CISO,CA
37151,0.052822,0.0,0.052822,LA PUENTE 4,34.1225,-117.933,CISO,CA
37152,0.032064,0.0,0.032064,COVINA 1,34.1271,-117.882,CISO,CA
37153,0.032064,0.0,0.032064,COVINA 2,34.1636,-117.901,CISO,CA
37154,0.028751,0.0,0.028751,WEST COVINA 3,33.9881,-117.979,CISO,CA
37155,0.028751,0.0,0.028751,WEST COVINA 4,34.0491,-117.886,CISO,CA
37156,0.042313,0.0,0.042313,ROWLAND HEIGHTS 1,33.9252,-117.862,CISO,CA
37157,0.042313,0.0,0.042313,ROWLAND HEIGHTS 2,33.8934,-117.937,CISO,CA
37158,0.0302,0.0,0.0302,WEST COVINA 5,34.0238,-117.848,CISO,CA
37159,0.0302,0.0,0.0302,WEST COVINA 6,34.0762,-117.921,CISO,CA
37160,0.03665,0.0,0.03665,COVINA 3,34.1363,-117.959,CISO,CA
37161,0.031888,0.0,0.031888,CALIFORNIA CITY,35.0958,-117.798,CISO,CA
37162,0.055628,0.0,0.055628,AZUSA 1,34.3051,-117.789,CISO,CA
37163,0.079958,0.0,0.079958,AZUSA 2,34.2367,-117.964,CISO,CA
37164,0.067555,0.0,0.067555,LANCASTER 5,34.7784,-117.926,CISO,CA
37165,0.06713,0.0,0.06713,LANCASTER 6,34.6668,-117.771,CISO,CA
37166,0.023626,0.0,0.023626,GLENDORA 1,34.0362,-117.789,CISO,CA
37167,0.040139,0.0,0.040139,WALNUT 1,34.0697,-117.784,CISO,CA
37168,0.040139,0.0,0.040139,WALNUT 2,34.0085,-117.793,CISO,CA
37169,0.024402,0.0,0.024402,COVINA 4,34.1507,-117.817,CISO,CA
37170,0.024061,0.0,0.024061,GLENDORA 2,34.1222,-117.768,CISO,CA
37171,0.024061,0.0,0.024061,GLENDORA 3,34.1891,-117.77,CISO,CA
37172,0.043287,0.0,0.043287,DIAMOND BAR 1,34.0704,-117.793,CISO,CA
37173,0.043287,0.0,0.043287,DIAMOND BAR 2,33.9387,-117.914,CISO,CA
37174,0.016648,0.0,0.016648,PALMDALE 7,34.5035,-117.765,CISO,CA
37175,0.030863,0.0,0.030863,SAN DIMAS 1,34.1736,-117.827,CISO,CA
37176,0.030863,0.0,0.030863,SAN DIMAS 2,34.1903,-117.849,CISO,CA
37177,0.032178,0.0,0.032178,POMONA 1,34.0385,-117.733,CISO,CA
37178,0.032178,0.0,0.032178,POMONA 2,34.1251,-117.849,CISO,CA
37179,0.031867,0.0,0.031867,LA VERNE 1,34.1522,-117.724,CISO,CA
37180,0.030977,0.0,0.030977,LA VERNE 2,34.205,-117.778,CISO,CA
37181,0.066716,0.0,0.066716,POMONA 3,33.9475,-117.796,CISO,CA
37182,0.066716,0.0,0.066716,POMONA 4,33.9559,-117.741,CISO,CA
37183,0.044788,0.0,0.044788,POMONA 5,34.0621,-117.748,CISO,CA
37184,0.044788,0.0,0.044788,POMONA 6,34.1235,-117.824,CISO,CA
37185,0.033265,0.0,0.033265,CLAREMONT 1,34.1242,-117.8,CISO,CA
37186,0.033265,0.0,0.033265,CLAREMONT 2,34.1986,-117.803,CISO,CA
37187,0.031484,0.0,0.031484,RIDGECREST 1,35.6925,-117.669,CISO,CA
37188,0.03079,0.0,0.03079,RIDGECREST 2,35.5741,-117.632,CISO,CA
37189,0.009121,0.0,0.009121,WRIGHTWOOD,34.3747,-117.617,CISO,CA
37190,0.0,0.044311,0.044311,OXNARD 9,34.1292,-119.169,CISO,CA
37200,0.000186,0.0,0.000186,CANTIL,35.248,-118.175,CISO,CA
37202,0.004286,0.0,0.004286,BORON 1,35.0122,-117.556,CISO,CA
37207,0.020976,0.0,0.020976,PASADENA 7,34.1254,-118.148,CISO,CA
37211,0.002133,0.0,0.002133,TEHACHAPI 3,35.2608,-118.247,CISO,CA
37214,0.000217,0.0,0.000217,BAKERSFIELD 23,35.7415,-119.051,CISO,CA
37215,0.008635,0.0,0.008635,TUPMAN 1,35.4791,-119.737,CISO,CA
37220,0.031039,0.0,0.031039,EL SEGUNDO 1,33.9106,-118.425,CISO,CA
37222,0.026018,0.0,0.026018,NORWALK 4,33.9296,-118.105,CISO,CA
37227,0.005466,0.0,0.005466,SANTA CLARITA 4,34.5902,-118.455,CISO,CA
37235,0.010188,0.0,0.010188,MOJAVE 7,35.0506,-118.171,CISO,CA
37247,0.0,0.200244,0.200244,OXNARD 12,34.1958,-119.166,CISO,CA
37281,0.0,0.082354,0.082354,TUPMAN 2,35.2803,-119.471,CISO,CA
37298,0.040533,0.0,0.040533,LOS ALAMITOS,33.6965,-118.029,CISO,CA
37299,0.072659,0.0,0.072659,HUNTINGTON BEACH 1,33.7682,-118.034,CISO,CA
37300,0.072472,0.0,0.072472,HUNTINGTON BEACH 2,33.7639,-118.11,CISO,CA
37301,0.042034,0.0,0.042034,BUENA PARK 1,33.8797,-118.044,CISO,CA
37302,0.042034,0.0,0.042034,BUENA PARK 2,33.7741,-117.993,CISO,CA
37303,0.05334,0.0,0.05334,HUNTINGTON BEACH 3,33.7672,-118.091,CISO,CA
37304,0.05334,0.0,0.05334,HUNTINGTON BEACH 4,33.6582,-118.006,CISO,CA
37305,0.027902,0.0,0.027902,STANTON 1,33.8023,-118.044,CISO,CA
37306,0.055752,0.0,0.055752,WESTMINSTER 1,33.7709,-117.967,CISO,CA
37307,0.083654,0.0,0.083654,WESTMINSTER 2,33.722,-118.027,CISO,CA
37308,0.055752,0.0,0.055752,WESTMINSTER 3,33.7523,-117.928,CISO,CA
37309,0.065515,0.0,0.065515,BUENA PARK 3,33.8842,-118.004,CISO,CA
37310,0.030604,0.0,0.030604,GARDEN GROVE 1,33.8056,-117.959,CISO,CA
37311,0.030604,0.0,0.030604,GARDEN GROVE 2,33.8607,-118.007,CISO,CA
37312,0.053371,0.0,0.053371,ANAHEIM 1,33.7684,-118.044,CISO,CA
37313,0.083623,0.0,0.083623,ANAHEIM 2,33.7865,-118.074,CISO,CA
37314,0.053371,0.0,0.053371,ANAHEIM 3,33.7359,-117.993,CISO,CA
37315,0.045295,0.0,0.045295,GARDEN GROVE 3,33.702,-117.914,CISO,CA
37316,0.051455,0.0,0.051455,HUNTINGTON BEACH 5,33.7527,-118.014,CISO,CA
37317,0.051455,0.0,0.051455,HUNTINGTON BEACH 6,33.6056,-117.927,CISO,CA
37318,0.048235,0.0,0.048235,FULLERTON 1,33.9414,-117.893,CISO,CA
37319,0.048235,0.0,0.048235,FULLERTON 2,33.7877,-117.956,CISO,CA
37320,0.057833,0.0,0.057833,ANAHEIM 4,33.7851,-117.864,CISO,CA
37321,0.057833,0.0,0.057833,ANAHEIM 5,33.7948,-117.942,CISO,CA
37322,0.05218,0.0,0.05218,FOUNTAIN VALLEY 1,33.6391,-117.897,CISO,CA
37323,0.053029,0.0,0.053029,FOUNTAIN VALLEY 2,33.7061,-118.047,CISO,CA
37324,0.040346,0.0,0.040346,NEWPORT BEACH 1,33.5543,-117.817,CISO,CA
37325,0.050389,0.0,0.050389,GARDEN GROVE 4,33.7787,-117.865,CISO,CA
37326,0.082815,0.0,0.082815,GARDEN GROVE 5,33.7212,-117.834,CISO,CA
37327,0.052905,0.0,0.052905,GARDEN GROVE 6,33.863,-117.868,CISO,CA
37328,0.042127,0.0,0.042127,GARDEN GROVE 7,33.819,-117.976,CISO,CA
37329,0.046123,0.0,0.046123,FULLERTON 3,33.804,-117.931,CISO,CA
37330,0.039798,0.0,0.039798,ANAHEIM 6,33.7985,-117.857,CISO,CA
37331,0.039798,0.0,0.039798,ANAHEIM 7,33.8682,-117.879,CISO,CA
37332,0.089317,0.0,0.089317,COSTA MESA 1,33.5947,-117.838,CISO,CA
37333,0.086118,0.0,0.086118,COSTA MESA 2,33.6805,-117.951,CISO,CA
37334,0.068414,0.0,0.068414,FULLERTON 4,33.8384,-117.899,CISO,CA
37335,0.045978,0.0,0.045978,COSTA MESA 3,33.6033,-117.852,CISO,CA
37336,0.045978,0.0,0.045978,COSTA MESA 4,33.6826,-117.884,CISO,CA
37337,0.06098,0.0,0.06098,SANTA ANA 1,33.7141,-117.886,CISO,CA
37338,0.06098,0.0,0.06098,SANTA ANA 2,33.6871,-117.974,CISO,CA
37339,0.065598,0.0,0.065598,ANAHEIM 8,33.9053,-117.902,CISO,CA
37340,0.065598,0.0,0.065598,ANAHEIM 9,33.7892,-117.99,CISO,CA
37341,0.1372,0.0,0.1372,SANTA ANA 3,33.6403,-117.92,CISO,CA
37342,0.054737,0.0,0.054737,SANTA ANA 4,33.7416,-117.807,CISO,CA
37343,0.031867,0.0,0.031867,FULLERTON 5,33.8417,-117.819,CISO,CA
37344,0.033109,0.0,0.033109,BREA 1,33.9694,-117.97,CISO,CA
37345,0.033109,0.0,0.033109,BREA 2,33.9665,-117.864,CISO,CA
37346,0.033969,0.0,0.033969,SANTA ANA 5,33.723,-117.789,CISO,CA
37347,0.032426,0.0,0.032426,NEWPORT BEACH 2,33.7291,-117.861,CISO,CA
37348,0.034642,0.0,0.034642,ANAHEIM 10,33.8437,-117.795,CISO,CA
37349,0.034642,0.0,0.034642,ANAHEIM 11,33.814,-117.802,CISO,CA
37350,0.099939,0.0,0.099939,SANTA ANA 6,33.6522,-117.781,CISO,CA
37351,0.070971,0.0,0.070971,SANTA ANA 7,33.7642,-117.941,CISO,CA
37352,0.050234,0.0,0.050234,SANTA ANA 8,33.7858,-117.923,CISO,CA
37353,0.050234,0.0,0.050234,SANTA ANA 9,33.7689,-117.778,CISO,CA
37354,0.048484,0.0,0.048484,PLACENTIA 1,33.8157,-117.899,CISO,CA
37355,0.048484,0.0,0.048484,PLACENTIA 2,33.8018,-117.909,CISO,CA
37356,0.070422,0.0,0.070422,ORANGE 1,33.876,-117.837,CISO,CA
37357,0.041475,0.0,0.041475,ORANGE 2,33.7654,-117.864,CISO,CA
37358,0.041475,0.0,0.041475,ORANGE 3,33.8541,-117.941,CISO,CA
37359,0.071137,0.0,0.071137,IRVINE 1,33.6672,-117.82,CISO,CA
37360,0.025645,0.0,0.025645,IRVINE 2,33.5999,-117.901,CISO,CA
37361,0.053805,0.0,0.053805,TUSTIN 1,33.7919,-117.875,CISO,CA
37362,0.053805,0.0,0.053805,TUSTIN 2,33.6572,-117.806,CISO,CA
37363,0.040056,0.0,0.040056,IRVINE 3,33.708,-117.779,CISO,CA
37364,0.114517,0.0,0.114517,YORBA LINDA 1,33.8252,-117.816,CISO,CA
37365,0.034652,0.0,0.034652,ORANGE 4,33.8023,-117.814,CISO,CA
37366,0.107497,0.0,0.107497,SANTA ANA 10,33.8075,-117.835,CISO,CA
37367,0.041661,0.0,0.041661,SANTA ANA 11,33.8553,-117.726,CISO,CA
37368,0.0337,0.0,0.0337,ANAHEIM 12,33.883,-117.8,CISO,CA
37369,0.042924,0.0,0.042924,TUSTIN 3,33.6738,-117.864,CISO,CA
37370,0.061612,0.0,0.061612,IRVINE 4,33.5301,-117.715,CISO,CA
37371,0.035863,0.0,0.035863,IRVINE 5,33.6897,-117.667,CISO,CA
37372,0.035863,0.0,0.035863,IRVINE 6,33.7656,-117.763,CISO,CA
37373,0.042624,0.0,0.042624,IRVINE 7,33.808,-117.722,CISO,CA
37374,0.037344,0.0,0.037344,ANAHEIM 13,33.9226,-117.721,CISO,CA
37375,0.076427,0.0,0.076427,CHINO HILLS 1,33.9909,-117.779,CISO,CA
37376,0.075972,0.0,0.075972,CHINO HILLS 2,33.9293,-117.681,CISO,CA
37377,0.0305,0.0,0.0305,IRVINE 8,33.7494,-117.832,CISO,CA
37378,0.029838,0.0,0.029838,LAGUNA WOODS,33.6649,-117.689,CISO,CA
37379,0.068952,0.0,0.068952,ALISO VIEJO 1,33.5557,-117.791,CISO,CA
37380,0.045699,0.0,0.045699,ALISO VIEJO 2,33.5704,-117.795,CISO,CA
37381,0.071934,0.0,0.071934,YORBA LINDA 2,33.8111,-117.745,CISO,CA
37382,0.03751,0.0,0.03751,DANA POINT,33.4128,-117.614,CISO,CA
37383,0.058982,0.0,0.058982,LAGUNA NIGUEL 1,33.5444,-117.71,CISO,CA
37384,0.058982,0.0,0.058982,LAGUNA NIGUEL 2,33.5279,-117.659,CISO,CA
37385,0.033896,0.0,0.033896,MONTCLAIR 1,34.0145,-117.617,CISO,CA
37386,0.033896,0.0,0.033896,MONTCLAIR 2,34.0916,-117.682,CISO,CA
37387,0.027291,0.0,0.027291,LAGUNA HILLS 1,33.5713,-117.646,CISO,CA
37388,0.04545,0.0,0.04545,LAGUNA HILLS 2,33.4937,-117.737,CISO,CA
37389,0.055141,0.0,0.055141,LAKE FOREST 1,33.6821,-117.65,CISO,CA
37390,0.056062,0.0,0.056062,LAKE FOREST 2,33.7418,-117.672,CISO,CA
37391,0.049913,0.0,0.049913,CHINO 1,33.9383,-117.777,CISO,CA
37392,0.049913,0.0,0.049913,CHINO 2,33.9982,-117.719,CISO,CA
37393,0.049913,0.0,0.049913,CHINO 3,34.0673,-117.634,CISO,CA
37394,0.020965,0.0,0.020965,FOOTHILL RANCH,33.6577,-117.588,CISO,CA
37395,0.052045,0.0,0.052045,ONTARIO 2,33.9753,-117.706,CISO,CA
37396,0.052045,0.0,0.052045,ONTARIO 3,34.0445,-117.63,CISO,CA
37397,0.044332,0.0,0.044332,MISSION VIEJO 1,33.5551,-117.726,CISO,CA
37398,0.044332,0.0,0.044332,MISSION VIEJO 2,33.5247,-117.741,CISO,CA
37399,0.047676,0.0,0.047676,UPLAND 1,34.1069,-117.667,CISO,CA
37400,0.047676,0.0,0.047676,UPLAND 2,34.0481,-117.649,CISO,CA
37401,0.024164,0.0,0.024164,UPLAND 3,34.1739,-117.61,CISO,CA
37402,0.024164,0.0,0.024164,UPLAND 4,34.1529,-117.598,CISO,CA
37403,0.044001,0.0,0.044001,MISSION VIEJO 3,33.7047,-117.631,CISO,CA
37404,0.044001,0.0,0.044001,MISSION VIEJO 4,33.6204,-117.561,CISO,CA
37405,0.040895,0.0,0.040895,LADERA RANCH,33.5018,-117.54,CISO,CA
37406,0.058382,0.0,0.058382,CORONA 1,33.8576,-117.69,CISO,CA
37407,0.054758,0.0,0.054758,CORONA 2,33.8504,-117.538,CISO,CA
37408,0.027312,0.0,0.027312,SAN CLEMENTE 1,33.5592,-117.691,CISO,CA
37409,0.040802,0.0,0.040802,RANCHO SANTA MARGARITA 1,33.5804,-117.617,CISO,CA
37410,0.040802,0.0,0.040802,RANCHO SANTA MARGARITA 2,33.6167,-117.612,CISO,CA
37411,0.032364,0.0,0.032364,SAN JUAN CAPISTRANO 1,33.6007,-117.589,CISO,CA
37412,0.059676,0.0,0.059676,SAN JUAN CAPISTRANO 2,33.4568,-117.521,CISO,CA
37413,0.032116,0.0,0.032116,SAN CLEMENTE 2,33.3329,-117.505,CISO,CA
37414,0.032116,0.0,0.032116,SAN CLEMENTE 3,33.3537,-117.51,CISO,CA
37415,0.050399,0.0,0.050399,ONTARIO 4,34.1698,-117.557,CISO,CA
37416,0.050399,0.0,0.050399,ONTARIO 5,34.1123,-117.662,CISO,CA
37417,0.030387,0.0,0.030387,TRABUCO CANYON 1,33.6302,-117.529,CISO,CA
37418,0.030387,0.0,0.030387,TRABUCO CANYON 2,33.5334,-117.568,CISO,CA
37419,0.063289,0.0,0.063289,CORONA 3,33.834,-117.637,CISO,CA
37420,0.063289,0.0,0.063289,CORONA 4,33.8711,-117.555,CISO,CA
37421,0.036319,0.0,0.036319,RANCHO CUCAMONGA 1,34.1802,-117.53,CISO,CA
37422,0.036319,0.0,0.036319,RANCHO CUCAMONGA 2,34.0599,-117.566,CISO,CA
37423,0.053029,0.0,0.053029,ONTARIO 6,33.9859,-117.542,CISO,CA
37424,0.053029,0.0,0.053029,ONTARIO 7,34.1075,-117.599,CISO,CA
37425,0.062357,0.0,0.062357,RANCHO CUCAMONGA 3,34.1231,-117.492,CISO,CA
37426,0.062357,0.0,0.062357,RANCHO CUCAMONGA 4,34.1301,-117.644,CISO,CA
37427,0.046103,0.0,0.046103,RANCHO CUCAMONGA 5,34.061,-117.668,CISO,CA
37428,0.025345,0.0,0.025345,NORCO,33.8882,-117.636,CISO,CA
37429,0.042831,0.0,0.042831,PHELAN,34.3515,-117.493,CISO,CA
37430,0.027995,0.0,0.027995,MIRA LOMA 1,33.8958,-117.509,CISO,CA
37431,0.027995,0.0,0.027995,MIRA LOMA 2,34.0642,-117.521,CISO,CA
37432,0.043556,0.0,0.043556,CORONA 5,33.9597,-117.5,CISO,CA
37433,0.043556,0.0,0.043556,CORONA 6,33.9487,-117.562,CISO,CA
37434,0.05422,0.0,0.05422,CORONA 7,33.9045,-117.486,CISO,CA
37435,0.028875,0.0,0.028875,CORONA 8,33.9204,-117.425,CISO,CA
37436,0.033741,0.0,0.033741,RANCHO CUCAMONGA 6,34.2433,-117.485,CISO,CA
37437,0.032416,0.0,0.032416,RANCHO CUCAMONGA 7,34.0863,-117.486,CISO,CA
37438,0.044415,0.0,0.044415,RIVERSIDE 1,33.9232,-117.551,CISO,CA
37439,0.044415,0.0,0.044415,RIVERSIDE 2,33.9198,-117.493,CISO,CA
37440,0.027301,0.0,0.027301,CORONA 9,33.6831,-117.438,CISO,CA
37441,0.027301,0.0,0.027301,CORONA 10,33.6627,-117.497,CISO,CA
37442,0.035263,0.0,0.035263,FONTANA 1,34.0188,-117.514,CISO,CA
37443,0.035263,0.0,0.035263,FONTANA 2,33.9739,-117.464,CISO,CA
37444,0.059262,0.0,0.059262,FONTANA 3,34.0251,-117.416,CISO,CA
37445,0.059262,0.0,0.059262,FONTANA 4,34.0993,-117.505,CISO,CA
37446,0.059262,0.0,0.059262,FONTANA 5,34.1816,-117.38,CISO,CA
37447,0.054924,0.0,0.054924,FONTANA 6,34.0926,-117.418,CISO,CA
37448,0.054924,0.0,0.054924,FONTANA 7,34.1824,-117.439,CISO,CA
37449,0.054924,0.0,0.054924,FONTANA 8,34.2382,-117.547,CISO,CA
37450,0.03049,0.0,0.03049,ADELANTO 1,34.6578,-117.411,CISO,CA
37451,0.03049,0.0,0.03049,ADELANTO 2,34.5394,-117.509,CISO,CA
37452,0.029175,0.0,0.029175,CAMP PENDLETON,33.4145,-117.45,CISO,CA
37453,0.052501,0.0,0.052501,RIVERSIDE 3,33.9055,-117.385,CISO,CA
37454,0.052501,0.0,0.052501,RIVERSIDE 4,33.8424,-117.513,CISO,CA
37455,0.052501,0.0,0.052501,RIVERSIDE 5,33.8889,-117.353,CISO,CA
37456,0.046714,0.0,0.046714,RIVERSIDE 6,34.0419,-117.43,CISO,CA
37457,0.046714,0.0,0.046714,RIVERSIDE 7,33.9411,-117.378,CISO,CA
37458,0.046714,0.0,0.046714,RIVERSIDE 8,34.1011,-117.541,CISO,CA
37459,0.051114,0.0,0.051114,VICTORVILLE 1,34.3862,-117.314,CISO,CA
37460,0.051114,0.0,0.051114,VICTORVILLE 2,34.5622,-117.326,CISO,CA
37461,0.037251,0.0,0.037251,RIALTO 1,34.257,-117.356,CISO,CA
37462,0.0387,0.0,0.0387,HESPERIA 1,34.3853,-117.329,CISO,CA
37463,0.050109,0.0,0.050109,RIVERSIDE 9,33.9214,-117.311,CISO,CA
37464,0.050109,0.0,0.050109,RIVERSIDE 10,33.9889,-117.456,CISO,CA
37465,0.02873,0.0,0.02873,BLOOMINGTON,34.0384,-117.48,CISO,CA
37466,0.052822,0.0,0.052822,SAN BERNARDINO 1,34.311,-117.295,CISO,CA
37467,0.052822,0.0,0.052822,SAN BERNARDINO 2,34.125,-117.303,CISO,CA
37468,0.050637,0.0,0.050637,RIALTO 2,34.1937,-117.321,CISO,CA
37469,0.050637,0.0,0.050637,RIALTO 3,34.1743,-117.378,CISO,CA
37470,0.050637,0.0,0.050637,RIALTO 4,34.1736,-117.43,CISO,CA
37471,0.088395,0.0,0.088395,RIVERSIDE 11,34.0675,-117.284,CISO,CA
37472,0.046786,0.0,0.046786,LAKE ELSINORE 1,33.5705,-117.378,CISO,CA
37473,0.046786,0.0,0.046786,LAKE ELSINORE 2,33.6384,-117.299,CISO,CA
37474,0.073611,0.0,0.073611,RIVERSIDE 12,33.9339,-117.386,CISO,CA
37475,0.040999,0.0,0.040999,RIVERSIDE 13,33.877,-117.277,CISO,CA
37476,0.037623,0.0,0.037623,OCEANSIDE 1,33.2746,-117.318,CISO,CA
37477,0.033047,0.0,0.033047,VICTORVILLE 3,34.6184,-117.346,CISO,CA
37478,0.030966,0.0,0.030966,VICTORVILLE 4,34.6304,-117.374,CISO,CA
37479,0.011885,0.0,0.011885,HELENDALE,34.7923,-117.444,CISO,CA
37480,0.057843,0.0,0.057843,MURRIETA 1,33.4977,-117.348,CISO,CA
37481,0.057843,0.0,0.057843,MURRIETA 2,33.4634,-117.355,CISO,CA
37482,0.032613,0.0,0.032613,RIVERSIDE 14,33.8329,-117.385,CISO,CA
37483,0.054044,0.0,0.054044,RIVERSIDE 15,33.9214,-117.337,CISO,CA
37484,0.054044,0.0,0.054044,RIVERSIDE 16,33.9271,-117.299,CISO,CA
37485,0.050037,0.0,0.050037,PERRIS 1,33.7153,-117.416,CISO,CA
37486,0.050037,0.0,0.050037,PERRIS 2,33.8193,-117.356,CISO,CA
37487,0.024423,0.0,0.024423,SAN BERNARDINO 3,34.1686,-117.339,CISO,CA
37488,0.048225,0.0,0.048225,CARLSBAD 1,33.0893,-117.314,CISO,CA
37489,0.025759,0.0,0.025759,CARLSBAD 2,33.1597,-117.356,CISO,CA
37490,0.039539,0.0,0.039539,OCEANSIDE 2,33.2426,-117.316,CISO,CA
37491,0.039539,0.0,0.039539,OCEANSIDE 3,33.3913,-117.269,CISO,CA
37492,0.026908,0.0,0.026908,SAN BERNARDINO 4,34.223,-117.354,CISO,CA
37493,0.048898,0.0,0.048898,HESPERIA 2,34.4135,-117.357,CISO,CA
37494,0.048898,0.0,0.048898,HESPERIA 3,34.3031,-117.315,CISO,CA
37495,0.051238,0.0,0.051238,HESPERIA 4,34.336,-117.355,CISO,CA
37496,0.046041,0.0,0.046041,SAN BERNARDINO 5,34.0565,-117.247,CISO,CA
37497,0.046041,0.0,0.046041,SAN BERNARDINO 6,34.1312,-117.232,CISO,CA
37498,0.048298,0.0,0.048298,OCEANSIDE 4,33.2452,-117.264,CISO,CA
37499,0.048298,0.0,0.048298,OCEANSIDE 5,33.1064,-117.321,CISO,CA
37500,0.079378,0.0,0.079378,CARLSBAD 3,33.1401,-117.342,CISO,CA
37501,0.039508,0.0,0.039508,VICTORVILLE 5,34.5781,-117.266,CISO,CA
37502,0.039508,0.0,0.039508,VICTORVILLE 6,34.5052,-117.255,CISO,CA
37503,0.052646,0.0,0.052646,COLTON 1,34.1131,-117.21,CISO,CA
37504,0.081376,0.0,0.081376,COLTON 2,34.0244,-117.297,CISO,CA
37505,0.05041,0.0,0.05041,OCEANSIDE 6,33.2574,-117.371,CISO,CA
37506,0.111659,0.0,0.111659,OCEANSIDE 7,33.2272,-117.311,CISO,CA
37507,0.017497,0.0,0.017497,CRESTLINE,34.252,-117.204,CISO,CA
37508,0.029041,0.0,0.029041,SAN BERNARDINO 7,34.1286,-117.18,CISO,CA
37509,0.045771,0.0,0.045771,ENCINITAS 1,33.1185,-117.322,CISO,CA
37510,0.047728,0.0,0.047728,ENCINITAS 2,33.0227,-117.287,CISO,CA
37511,0.027819,0.0,0.027819,WILDOMAR 1,33.6996,-117.357,CISO,CA
37512,0.034631,0.0,0.034631,WILDOMAR 2,33.5742,-117.31,CISO,CA
37513,0.04689,0.0,0.04689,MORENO VALLEY 1,33.9228,-117.19,CISO,CA
37514,0.04689,0.0,0.04689,MORENO VALLEY 2,33.9353,-117.321,CISO,CA
37515,0.067202,0.0,0.067202,LA JOLLA 1,32.7628,-117.253,CISO,CA
37516,0.043587,0.0,0.043587,LA JOLLA 2,32.8071,-117.265,CISO,CA
37517,0.03108,0.0,0.03108,SUN CITY 1,33.7341,-117.157,CISO,CA
37518,0.024516,0.0,0.024516,DEL MAR,32.9546,-117.266,CISO,CA
37519,0.034455,0.0,0.034455,VISTA 1,33.1765,-117.281,CISO,CA
37520,0.068693,0.0,0.068693,MORENO VALLEY 3,33.8253,-117.149,CISO,CA
37521,0.068693,0.0,0.068693,MORENO VALLEY 4,33.9439,-117.307,CISO,CA
37522,0.057398,0.0,0.057398,CARLSBAD 4,33.125,-117.2,CISO,CA
37523,0.037965,0.0,0.037965,CARLSBAD 5,33.1608,-117.244,CISO,CA
37524,0.025531,0.0,0.025531,VISTA 2,33.1088,-117.255,CISO,CA
37525,0.043307,0.0,0.043307,VISTA 3,33.0958,-117.208,CISO,CA
37526,0.036019,0.0,0.036019,SAN DIEGO 1,32.6125,-117.136,CISO,CA
37527,0.043732,0.0,0.043732,SAN DIEGO 2,32.7014,-117.255,CISO,CA
37528,0.049064,0.0,0.049064,SAN DIEGO 3,32.6929,-117.253,CISO,CA
37529,0.028709,0.0,0.028709,MORENO VALLEY 5,33.8914,-117.299,CISO,CA
37530,0.094473,0.0,0.094473,SAN BERNARDINO 8,34.1138,-117.311,CISO,CA
37531,0.054292,0.0,0.054292,SAN BERNARDINO 9,34.1558,-117.308,CISO,CA
37532,0.053391,0.0,0.053391,SAN DIEGO 4,32.8839,-117.253,CISO,CA
37533,0.045606,0.0,0.045606,SAN DIEGO 5,32.891,-117.253,CISO,CA
37534,0.043929,0.0,0.043929,CORONADO 1,32.7467,-117.199,CISO,CA
37535,0.04309,0.0,0.04309,FALLBROOK 1,33.4802,-117.307,CISO,CA
37536,0.04309,0.0,0.04309,FALLBROOK 2,33.3794,-117.127,CISO,CA
37537,0.077649,0.0,0.077649,PERRIS 3,33.9,-117.181,CISO,CA
37538,0.048929,0.0,0.048929,PERRIS 4,33.9207,-117.201,CISO,CA
37539,0.044405,0.0,0.044405,VISTA 4,33.3052,-117.276,CISO,CA
37540,0.044405,0.0,0.044405,VISTA 5,33.1461,-117.103,CISO,CA
37541,0.074522,0.0,0.074522,SAN DIEGO 6,32.8081,-117.236,CISO,CA
37542,0.047832,0.0,0.047832,SAN DIEGO 7,32.8578,-117.219,CISO,CA
37543,0.019733,0.0,0.019733,LAKE ARROWHEAD,34.3329,-117.154,CISO,CA
37544,0.071675,0.0,0.071675,SUN CITY 2,33.6312,-117.273,CISO,CA
37545,0.051176,0.0,0.051176,HIGHLAND 1,34.0627,-117.234,CISO,CA
37546,0.051176,0.0,0.051176,HIGHLAND 2,34.054,-117.101,CISO,CA
37547,0.039984,0.0,0.039984,SAN MARCOS 1,33.1302,-117.237,CISO,CA
37548,0.039984,0.0,0.039984,SAN MARCOS 2,33.1677,-117.137,CISO,CA
37549,0.04044,0.0,0.04044,MENIFEE 1,33.6406,-117.129,CISO,CA
37550,0.04044,0.0,0.04044,MENIFEE 2,33.6837,-117.185,CISO,CA
37551,0.047707,0.0,0.047707,SUN CITY 3,33.8106,-117.167,CISO,CA
37552,0.042241,0.0,0.042241,REDLANDS 1,34.1671,-117.234,CISO,CA
37553,0.03752,0.0,0.03752,REDLANDS 2,34.0315,-117.22,CISO,CA
37554,0.04075,0.0,0.04075,SAN DIEGO 8,32.8992,-117.254,CISO,CA
37555,0.04075,0.0,0.04075,SAN DIEGO 9,32.8329,-117.191,CISO,CA
37556,0.034932,0.0,0.034932,SAN DIEGO 10,32.7919,-117.153,CISO,CA
37557,0.065111,0.0,0.065111,SAN DIEGO 11,32.7871,-117.105,CISO,CA
37558,0.042024,0.0,0.042024,SAN DIEGO 12,32.9026,-117.229,CISO,CA
37559,0.042024,0.0,0.042024,SAN DIEGO 13,32.7515,-117.217,CISO,CA
37560,0.028947,0.0,0.028947,SAN DIEGO 14,32.77,-117.213,CISO,CA
37561,0.028947,0.0,0.028947,SAN DIEGO 15,32.8248,-117.253,CISO,CA
37562,0.037116,0.0,0.037116,APPLE VALLEY 1,34.5232,-117.179,CISO,CA
37563,0.037116,0.0,0.037116,APPLE VALLEY 2,34.4527,-117.208,CISO,CA
37564,0.034745,0.0,0.034745,REDLANDS 3,34.0944,-117.234,CISO,CA
37565,0.031142,0.0,0.031142,REDLANDS 4,34.0972,-117.206,CISO,CA
37566,0.043204,0.0,0.043204,SAN MARCOS 3,33.216,-117.077,CISO,CA
37567,0.043204,0.0,0.043204,SAN MARCOS 4,33.2004,-117.236,CISO,CA
37568,0.050213,0.0,0.050213,MURRIETA 3,33.574,-117.205,CISO,CA
37569,0.050213,0.0,0.050213,MURRIETA 4,33.5411,-117.174,CISO,CA
37570,0.035139,0.0,0.035139,SAN DIEGO 16,32.7343,-117.123,CISO,CA
37571,0.068341,0.0,0.068341,SAN DIEGO 17,32.9275,-117.219,CISO,CA
37572,0.093334,0.0,0.093334,SAN DIEGO 18,32.8664,-117.157,CISO,CA
37573,0.024993,0.0,0.024993,SAN DIEGO 19,32.8376,-117.134,CISO,CA
37574,0.035066,0.0,0.035066,APPLE VALLEY 3,34.5634,-117.166,CISO,CA
37575,0.035066,0.0,0.035066,APPLE VALLEY 4,34.5289,-117.096,CISO,CA
37576,0.03665,0.0,0.03665,SAN DIEGO 20,32.9781,-117.09,CISO,CA
37577,0.03665,0.0,0.03665,SAN DIEGO 21,33.0208,-117.169,CISO,CA
37578,0.035449,0.0,0.035449,ESCONDIDO 1,33.069,-117.13,CISO,CA
37579,0.041382,0.0,0.041382,SAN DIEGO 22,32.6463,-117.038,CISO,CA
37580,0.041382,0.0,0.041382,SAN DIEGO 23,32.6459,-117.091,CISO,CA
37581,0.048018,0.0,0.048018,SAN DIEGO 24,32.9768,-117.172,CISO,CA
37582,0.048018,0.0,0.048018,SAN DIEGO 25,33.013,-117.149,CISO,CA
37583,0.029517,0.0,0.029517,SAN DIEGO 26,32.7997,-117.063,CISO,CA
37584,0.023968,0.0,0.023968,IMPERIAL BEACH,32.5085,-117.175,CISO,CA
37585,0.052242,0.0,0.052242,SAN DIEGO 27,32.6909,-117.109,CISO,CA
37586,0.052242,0.0,0.052242,SAN DIEGO 28,32.7813,-117.174,CISO,CA
37587,0.040315,0.0,0.040315,SAN DIEGO 29,32.617,-117.021,CISO,CA
37588,0.067016,0.0,0.067016,SAN DIEGO 30,32.6511,-117.154,CISO,CA
37589,0.045585,0.0,0.045585,ESCONDIDO 2,33.1302,-117.145,CISO,CA
37590,0.081065,0.0,0.081065,ESCONDIDO 3,33.1919,-117.034,CISO,CA
37591,0.036412,0.0,0.036412,MORENO VALLEY 6,33.8443,-117.164,CISO,CA
37592,0.036412,0.0,0.036412,MORENO VALLEY 7,33.9133,-117.163,CISO,CA
37593,0.035656,0.0,0.035656,TEMECULA 1,33.5754,-117.04,CISO,CA
37594,0.035656,0.0,0.035656,TEMECULA 2,33.5171,-117.087,CISO,CA
37595,0.056207,0.0,0.056207,NATIONAL CITY 1,32.6418,-117.061,CISO,CA
37596,0.056207,0.0,0.056207,NATIONAL CITY 2,32.6859,-117.099,CISO,CA
37597,0.066095,0.0,0.066095,SAN DIEGO 31,32.6845,-117.182,CISO,CA
37598,0.065049,0.0,0.065049,SAN DIEGO 32,32.7143,-117.079,CISO,CA
37599,0.052884,0.0,0.052884,SAN DIEGO 33,32.8659,-117.098,CISO,CA
37600,0.030552,0.0,0.030552,SAN DIEGO 34,32.9234,-117.108,CISO,CA
37601,0.05541,0.0,0.05541,ESCONDIDO 4,33.1891,-117.168,CISO,CA
37602,0.046569,0.0,0.046569,ESCONDIDO 5,33.0739,-117.024,CISO,CA
37603,0.082929,0.0,0.082929,SAN DIEGO 35,32.838,-117.091,CISO,CA
37604,0.054561,0.0,0.054561,SAN DIEGO 36,32.7811,-116.977,CISO,CA
37605,0.02492,0.0,0.02492,MENTONE,34.0942,-117.089,CISO,CA
37606,0.044249,0.0,0.044249,SAN DIEGO 37,33.0329,-116.988,CISO,CA
37607,0.044249,0.0,0.044249,SAN DIEGO 38,32.9785,-116.975,CISO,CA
37608,0.048246,0.0,0.048246,SAN DIEGO 39,32.7474,-117.059,CISO,CA
37609,0.070702,0.0,0.070702,CHULA VISTA 1,32.6809,-117.103,CISO,CA
37610,0.047086,0.0,0.047086,CHULA VISTA 2,32.6531,-117.044,CISO,CA
37611,0.06097,0.0,0.06097,SAN DIEGO 40,32.6618,-117.136,CISO,CA
37612,0.108056,0.0,0.108056,SAN DIEGO 41,32.7165,-117.096,CISO,CA
37613,0.051559,0.0,0.051559,CHULA VISTA 3,32.6917,-116.995,CISO,CA
37614,0.051559,0.0,0.051559,CHULA VISTA 4,32.5743,-117.07,CISO,CA
37615,0.051559,0.0,0.051559,CHULA VISTA 5,32.5641,-117.131,CISO,CA
37616,0.014515,0.0,0.014515,CALIMESA,34.0086,-116.958,CISO,CA
37617,0.043183,0.0,0.043183,WINCHESTER,33.7439,-117.028,CISO,CA
37618,0.032726,0.0,0.032726,SAN DIEGO 42,32.6211,-117.091,CISO,CA
37619,0.032726,0.0,0.032726,SAN DIEGO 43,32.7219,-117.111,CISO,CA
37620,0.051383,0.0,0.051383,SAN YSIDRO,32.5364,-117.125,CISO,CA
37621,0.067544,0.0,0.067544,TEMECULA 3,33.4461,-117.141,CISO,CA
37622,0.067544,0.0,0.067544,TEMECULA 4,33.5484,-116.985,CISO,CA
37623,0.054396,0.0,0.054396,HEMET 1,33.7109,-117.075,CISO,CA
37624,0.036764,0.0,0.036764,HEMET 2,33.6598,-117.037,CISO,CA
37625,0.042966,0.0,0.042966,SAN DIEGO 44,32.7927,-117.08,CISO,CA
37626,0.03547,0.0,0.03547,LA MESA 1,32.6905,-116.947,CISO,CA
37627,0.059199,0.0,0.059199,LA MESA 2,32.7231,-116.927,CISO,CA
37628,0.029165,0.0,0.029165,SAN JACINTO 1,33.8187,-116.937,CISO,CA
37629,0.044633,0.0,0.044633,POWAY 1,32.9831,-117.023,CISO,CA
37630,0.075185,0.0,0.075185,POWAY 2,32.8976,-117.022,CISO,CA
37631,0.062513,0.0,0.062513,BONITA,32.6888,-117.014,CISO,CA
37632,0.060162,0.0,0.060162,YUCAIPA 1,34.0687,-117.006,CISO,CA
37633,0.049022,0.0,0.049022,YUCAIPA 2,33.9566,-117.058,CISO,CA
37634,0.04982,0.0,0.04982,SAN DIEGO 45,32.6091,-116.916,CISO,CA
37635,0.049509,0.0,0.049509,SAN DIEGO 46,32.562,-116.927,CISO,CA
37636,0.049509,0.0,0.049509,SAN DIEGO 47,32.549,-117.04,CISO,CA
37637,0.02961,0.0,0.02961,LA MESA 3,32.823,-116.908,CISO,CA
37638,0.054385,0.0,0.054385,SPRING VALLEY 1,32.7538,-116.926,CISO,CA
37639,0.054385,0.0,0.054385,SPRING VALLEY 2,32.7923,-117.0,CISO,CA
37640,0.049778,0.0,0.049778,SANTEE 1,32.7973,-117.036,CISO,CA
37641,0.049778,0.0,0.049778,SANTEE 2,32.8469,-117.047,CISO,CA
37642,0.040626,0.0,0.040626,BEAUMONT 1,33.9222,-117.053,CISO,CA
37643,0.045378,0.0,0.045378,BEAUMONT 2,33.9164,-116.893,CISO,CA
37644,0.065598,0.0,0.065598,CHULA VISTA 6,32.5538,-117.025,CISO,CA
37645,0.038172,0.0,0.038172,CHULA VISTA 7,32.6799,-116.909,CISO,CA
37646,0.050203,0.0,0.050203,ESCONDIDO 6,33.0739,-117.055,CISO,CA
37647,0.050617,0.0,0.050617,ESCONDIDO 7,33.1746,-117.011,CISO,CA
37648,0.053826,0.0,0.053826,EL CAJON 1,32.7647,-117.052,CISO,CA
37649,0.053826,0.0,0.053826,EL CAJON 2,32.8365,-117.045,CISO,CA
37650,0.063185,0.0,0.063185,BARSTOW,34.9763,-116.884,CISO,CA
37651,0.031267,0.0,0.031267,HEMET 3,33.6727,-116.946,CISO,CA
37652,0.031267,0.0,0.031267,HEMET 4,33.7651,-116.953,CISO,CA
37653,0.045958,0.0,0.045958,CHULA VISTA 8,32.5389,-117.073,CISO,CA
37654,0.028792,0.0,0.028792,CHULA VISTA 9,32.6254,-116.939,CISO,CA
37655,0.028171,0.0,0.028171,SAN JACINTO 2,33.7511,-116.985,CISO,CA
37656,0.028171,0.0,0.028171,SAN JACINTO 3,33.8452,-116.921,CISO,CA
37657,0.01203,0.0,0.01203,LUCERNE VALLEY,34.6052,-116.882,CISO,CA
37658,0.041164,0.0,0.041164,LAKESIDE 1,32.8654,-116.936,CISO,CA
37659,0.038462,0.0,0.038462,LAKESIDE 2,32.892,-116.907,CISO,CA
37660,0.048784,0.0,0.048784,HEMET 5,33.5711,-116.876,CISO,CA
37661,0.041682,0.0,0.041682,HEMET 6,33.7264,-116.938,CISO,CA
37662,0.05627,0.0,0.05627,EL CAJON 3,32.8161,-116.854,CISO,CA
37663,0.039694,0.0,0.039694,EL CAJON 4,32.7444,-116.923,CISO,CA
37664,0.060628,0.0,0.060628,EL CAJON 5,32.9052,-116.873,CISO,CA
37665,0.067037,0.0,0.067037,EL CAJON 6,32.9209,-116.776,CISO,CA
37666,0.032996,0.0,0.032996,RAMONA 1,33.0004,-116.949,CISO,CA
37667,0.035315,0.0,0.035315,RAMONA 2,32.9954,-116.891,CISO,CA
37668,0.03371,0.0,0.03371,BANNING 1,34.0264,-116.86,CISO,CA
37669,0.029476,0.0,0.029476,BANNING 2,34.0129,-116.825,CISO,CA
37670,0.024837,0.0,0.024837,BIG BEAR CITY,34.3118,-116.797,CISO,CA
37671,0.017921,0.0,0.017921,JAMUL,32.7332,-116.79,CISO,CA
37672,0.036557,0.0,0.036557,ALPINE 1,32.8721,-116.737,CISO,CA
37673,0.022818,0.0,0.022818,FORT IRWIN,35.1807,-116.651,CISO,CA
37674,0.012455,0.0,0.012455,ANZA,33.43,-116.561,CISO,CA
37675,0.031712,0.0,0.031712,PALM SPRINGS 1,33.8203,-116.655,CISO,CA
37676,0.026701,0.0,0.026701,PALM SPRINGS 2,33.9086,-116.602,CISO,CA
37677,0.032354,0.0,0.032354,DESERT HOT SPRINGS 1,33.8616,-116.507,CISO,CA
37678,0.039042,0.0,0.039042,DESERT HOT SPRINGS 2,34.0342,-116.555,CISO,CA
37679,0.036122,0.0,0.036122,PALM SPRINGS 3,33.6556,-116.466,CISO,CA
37680,0.047666,0.0,0.047666,CATHEDRAL CITY 1,33.8237,-116.516,CISO,CA
37681,0.047666,0.0,0.047666,CATHEDRAL CITY 2,33.7378,-116.524,CISO,CA
37682,0.023388,0.0,0.023388,YUCCA VALLEY 1,34.2055,-116.371,CISO,CA
37683,0.024454,0.0,0.024454,YUCCA VALLEY 2,34.2433,-116.521,CISO,CA
37684,0.03519,0.0,0.03519,RANCHO MIRAGE,33.6858,-116.504,CISO,CA
37685,0.038307,0.0,0.038307,PALM DESERT 1,33.677,-116.424,CISO,CA
37686,0.005375,0.0,0.005375,PALM DESERT 2,33.6512,-116.337,IID,CA
37687,0.008224,0.0,0.008224,PALM DESERT 3,33.773,-116.319,IID,CA
37688,0.005548,0.0,0.005548,DESERT HOT SPRINGS 3,33.8188,-116.315,IID,CA
37689,0.017973,0.0,0.017973,JOSHUA TREE,34.0812,-116.266,CISO,CA
37690,0.006308,0.0,0.006308,LA QUINTA 1,33.5538,-116.225,IID,CA
37691,0.006308,0.0,0.006308,LA QUINTA 2,33.6974,-116.292,IID,CA
37692,0.004333,0.0,0.004333,INDIO 1,33.8236,-116.267,IID,CA
37693,0.010464,0.0,0.010464,INDIO 2,33.7737,-116.135,IID,CA
37694,0.010464,0.0,0.010464,INDIO 3,33.6303,-116.174,IID,CA
37695,0.006953,0.0,0.006953,COACHELLA 1,33.6987,-116.218,IID,CA
37696,0.011288,0.0,0.011288,COACHELLA 2,33.7054,-116.256,IID,CA
37697,0.001315,0.0,0.001315,BORREGO SPRINGS,33.0926,-116.146,IID,CA
37698,0.006703,0.0,0.006703,THERMAL,33.4073,-116.047,IID,CA
37699,0.007185,0.0,0.007185,TWENTYNINE PALMS 1,34.2672,-116.022,CISO,CA
37700,0.004322,0.0,0.004322,MECCA 1,33.5912,-115.982,IID,CA
37701,0.007923,0.0,0.007923,IMPERIAL 1,32.9338,-115.635,IID,CA
37702,0.044591,0.0,0.044591,TWENTYNINE PALMS 2,34.2073,-115.658,CISO,CA
37703,0.008262,0.0,0.008262,EL CENTRO 1,32.7681,-115.641,IID,CA
37704,0.00813,0.0,0.00813,EL CENTRO 2,32.7651,-115.593,IID,CA
37705,0.00353,0.0,0.00353,CALIPATRIA 1,33.2618,-115.52,IID,CA
37706,0.006614,0.0,0.006614,CALEXICO 1,32.7157,-115.482,IID,CA
37707,0.006614,0.0,0.006614,CALEXICO 2,32.5951,-115.452,IID,CA
37708,0.002482,0.0,0.002482,HEBER 1,32.644,-115.772,IID,CA
37709,0.00444,0.0,0.00444,BRAWLEY 1,32.9602,-115.352,IID,CA
37710,0.00444,0.0,0.00444,BRAWLEY 2,32.9459,-115.317,IID,CA
37711,0.003889,0.0,0.003889,HOLTVILLE 1,32.7846,-115.084,IID,CA
37712,2.395176,0.0,2.395176,BLYTHE 1,33.7528,-114.623,WALC,CA
37713,0.496136,0.0,0.496136,NEEDLES,34.9721,-114.698,WALC,CA
37714,0.003158,0.0,0.003158,HINKLEY 1,35.0111,-117.324,CISO,CA
37717,0.002081,0.0,0.002081,SAN DIEGO 48,32.5624,-116.944,CISO,CA
37719,0.000414,0.0,0.000414,DESERT CENTER,33.8231,-115.394,CISO,CA
37722,0.014515,0.0,0.014515,CAMPO,32.7056,-116.343,CISO,CA
37723,0.000166,0.0,0.000166,NIPTON 1,35.5561,-115.469,CISO,CA
37724,0.001605,0.0,0.001605,DESERT HOT SPRINGS 4,33.9342,-116.571,CISO,CA
37732,0.007672,0.0,0.007672,PALA,33.3594,-117.111,CISO,CA
37733,0.003624,0.0,0.003624,TRONA,35.765,-117.383,CISO,CA
37734,0.025645,0.0,0.025645,IRVINE 9,33.613,-117.822,CISO,CA
37737,0.001333,0.0,0.001333,CALIPATRIA 3,33.1582,-115.639,IID,CA
37738,0.024423,0.0,0.024423,COLTON 3,34.0414,-117.36,CISO,CA
37753,0.000435,0.0,0.000435,BLYTHE 2,33.6157,-114.686,CISO,CA
37755,0.0,0.009826,0.009826,IMPERIAL 2,32.9038,-115.512,IID,CA
37767,0.0,0.074882,0.074882,ONTARIO 9,34.0454,-117.54,CISO,CA
37805,0.026059,0.0,0.026059,INCLINE VILLAGE,39.194,-119.835,NEVP,NV
37806,0.045336,0.0,0.045336,RENO 1,39.542,-119.971,NEVP,NV
37807,0.045336,0.0,0.045336,RENO 2,39.5364,-119.978,NEVP,NV
37808,0.000277,0.0,0.000277,RENO 3,39.7699,-120.003,CISO,NV
37809,7.1e-05,0.0,7.1e-05,STATELINE,38.8819,-119.834,CISO,NV
37810,0.036146,0.0,0.036146,RENO 4,39.3063,-119.949,NEVP,NV
37811,0.036146,0.0,0.036146,RENO 5,39.3003,-119.925,NEVP,NV
37812,0.016252,0.0,0.016252,CARSON CITY 1,39.1045,-119.87,NEVP,NV
37813,0.024258,0.0,0.024258,RENO 6,39.4774,-119.855,NEVP,NV
37814,0.040307,0.0,0.040307,RENO 7,39.4851,-119.741,NEVP,NV
37815,0.040307,0.0,0.040307,RENO 8,39.494,-119.747,NEVP,NV
37816,0.028073,0.0,0.028073,CARSON CITY 2,39.0757,-119.743,NEVP,NV
37817,0.048255,0.0,0.048255,RENO 9,39.4331,-119.809,NEVP,NV
37818,0.048255,0.0,0.048255,RENO 10,39.5728,-119.868,NEVP,NV
37819,0.055461,0.0,0.055461,RENO 11,39.6354,-119.797,NEVP,NV
37820,0.055461,0.0,0.055461,RENO 12,39.6729,-119.789,NEVP,NV
37821,0.012601,0.0,0.012601,WASHOE VALLEY,39.2309,-119.871,NEVP,NV
37822,0.036955,0.0,0.036955,RENO 13,39.5352,-119.814,NEVP,NV
37823,0.036955,0.0,0.036955,RENO 14,39.5422,-119.789,NEVP,NV
37824,0.040943,0.0,0.040943,GARDNERVILLE 1,38.9139,-119.76,NEVP,NV
37825,0.058342,0.0,0.058342,SUN VALLEY 3,39.6769,-119.832,NEVP,NV
37826,0.035144,0.0,0.035144,MINDEN,39.0285,-119.782,NEVP,NV
37827,0.052292,0.0,0.052292,SPARKS 1,39.5842,-119.815,NEVP,NV
37828,0.052292,0.0,0.052292,SPARKS 2,39.5425,-119.777,NEVP,NV
37829,0.075249,0.0,0.075249,RENO 15,39.4433,-119.757,NEVP,NV
37830,0.062956,0.0,0.062956,RENO 16,39.4353,-119.694,NEVP,NV
37831,0.040433,0.0,0.040433,CARSON CITY 3,39.22,-119.824,NEVP,NV
37832,0.039922,0.0,0.039922,CARSON CITY 4,39.0634,-119.679,NEVP,NV
37833,0.059122,0.0,0.059122,CARSON CITY 5,39.3225,-119.628,NEVP,NV
37834,0.037157,0.0,0.037157,RENO 17,39.4734,-119.721,NEVP,NV
37835,0.037157,0.0,0.037157,RENO 18,39.3836,-119.643,NEVP,NV
37836,0.053274,0.0,0.053274,SPARKS 3,39.6189,-119.653,NEVP,NV
37837,0.053274,0.0,0.053274,SPARKS 4,39.6407,-119.738,NEVP,NV
37838,0.033362,0.0,0.033362,SPARKS 5,39.6136,-119.701,NEVP,NV
37839,0.036724,0.0,0.036724,SPARKS 6,39.5504,-119.622,NEVP,NV
37840,0.036724,0.0,0.036724,SPARKS 7,39.5769,-119.663,NEVP,NV
37841,0.006397,0.0,0.006397,RENO 19,40.094,-119.6,NEVP,NV
37842,0.03051,0.0,0.03051,GARDNERVILLE 2,38.8188,-119.68,NEVP,NV
37843,0.040914,0.0,0.040914,DAYTON 7,39.1947,-119.499,NEVP,NV
37844,0.009152,0.0,0.009152,WELLINGTON 1,38.6735,-119.299,NEVP,NV
37845,0.022042,0.0,0.022042,SILVER SPRINGS,39.2712,-119.376,NEVP,NV
37846,0.056723,0.0,0.056723,FERNLEY 1,39.6351,-119.161,NEVP,NV
37847,0.022919,0.0,0.022919,YERINGTON 1,38.7551,-119.196,NEVP,NV
37848,0.013738,0.0,0.013738,HAWTHORNE 4,38.526,-118.654,NEVP,NV
37849,0.071598,0.0,0.071598,FALLON 1,39.5399,-118.221,NEVP,NV
37850,0.047928,0.0,0.047928,WINNEMUCCA 1,41.2532,-118.184,NEVP,NV
37851,0.016002,0.0,0.016002,LOVELOCK,40.3694,-118.177,NEVP,NV
37852,0.002582,0.0,0.002582,MC DERMITT,41.9967,-117.955,NEVP,NV
37853,0.015481,0.0,0.015481,BATTLE MOUNTAIN 1,40.4639,-116.954,NEVP,NV
37854,0.006137,0.0,0.006137,ROUND MOUNTAIN,38.8938,-116.914,NEVP,NV
37855,3.4e-05,0.0,3.4e-05,BEATTY,36.949,-116.815,CISO,NV
37856,3.5e-05,0.0,3.5e-05,AMARGOSA VALLEY,36.5285,-116.464,CISO,NV
37857,0.008333,0.0,0.008333,TONOPAH 1,38.3484,-116.259,NEVP,NV
37858,0.007264,0.0,0.007264,CARLIN,40.4476,-116.19,NEVP,NV
37859,0.000503,0.0,0.000503,PAHRUMP 3,36.1843,-116.007,CISO,NV
37860,0.004065,0.0,0.004065,EUREKA 4,39.7583,-115.941,NEVP,NV
37861,0.06733,0.0,0.06733,ELKO,41.3406,-115.79,NEVP,NV
37862,0.039922,0.0,0.039922,SPRING CREEK,40.6548,-115.501,NEVP,NV
37863,0.043804,0.0,0.043804,LAS VEGAS 1,36.3153,-115.574,NEVP,NV
37864,0.004046,0.0,0.004046,ALAMO 2,37.2615,-115.41,NEVP,NV
37865,0.069777,0.0,0.069777,LAS VEGAS 2,36.1052,-115.368,NEVP,NV
37866,0.035019,0.0,0.035019,LAS VEGAS 3,36.0816,-115.35,NEVP,NV
37867,0.054084,0.0,0.054084,LAS VEGAS 4,36.1792,-115.264,NEVP,NV
37868,0.069478,0.0,0.069478,LAS VEGAS 5,36.1254,-115.244,NEVP,NV
37869,0.057388,0.0,0.057388,LAS VEGAS 6,36.0686,-115.213,NEVP,NV
37870,0.057388,0.0,0.057388,LAS VEGAS 7,36.1415,-115.198,NEVP,NV
37871,0.036955,0.0,0.036955,LAS VEGAS 8,36.2685,-115.2,NEVP,NV
37872,0.044999,0.0,0.044999,LAS VEGAS 9,36.3465,-115.392,NEVP,NV
37873,0.044999,0.0,0.044999,LAS VEGAS 10,36.258,-115.258,NEVP,NV
37874,0.074064,0.0,0.074064,LAS VEGAS 11,36.2386,-115.336,NEVP,NV
37875,0.074064,0.0,0.074064,LAS VEGAS 12,36.145,-115.374,NEVP,NV
37876,0.046935,0.0,0.046935,LAS VEGAS 13,35.9835,-115.322,NEVP,NV
37877,0.039864,0.0,0.039864,LAS VEGAS 14,36.0558,-115.31,NEVP,NV
37878,0.081511,0.0,0.081511,LAS VEGAS 15,36.0695,-115.362,NEVP,NV
37879,0.080075,0.0,0.080075,LAS VEGAS 16,36.1784,-115.215,NEVP,NV
37880,0.071935,0.0,0.071935,LAS VEGAS 17,36.1191,-115.195,NEVP,NV
37881,0.071935,0.0,0.071935,LAS VEGAS 18,36.0983,-115.305,NEVP,NV
37882,0.067012,0.0,0.067012,LAS VEGAS 19,36.0679,-115.257,NEVP,NV
37883,0.05154,0.0,0.05154,LAS VEGAS 20,36.2054,-115.237,NEVP,NV
37884,0.05154,0.0,0.05154,LAS VEGAS 21,36.1294,-115.351,NEVP,NV
37885,0.068785,0.0,0.068785,LAS VEGAS 22,36.0569,-115.286,NEVP,NV
37886,0.062243,0.0,0.062243,LAS VEGAS 23,36.3525,-115.339,NEVP,NV
37887,0.062243,0.0,0.062243,LAS VEGAS 24,36.2543,-115.339,NEVP,NV
37888,0.047706,0.0,0.047706,LAS VEGAS 25,36.2518,-115.168,NEVP,NV
37889,0.047706,0.0,0.047706,LAS VEGAS 26,36.1946,-115.315,NEVP,NV
37890,0.064844,0.0,0.064844,LAS VEGAS 27,36.216,-115.185,NEVP,NV
37891,0.101327,0.0,0.101327,LAS VEGAS 28,36.1694,-115.287,NEVP,NV
37892,0.101327,0.0,0.101327,LAS VEGAS 29,36.1852,-115.18,NEVP,NV
37893,0.055827,0.0,0.055827,LAS VEGAS 30,36.0268,-115.215,NEVP,NV
37894,0.073004,0.0,0.073004,LAS VEGAS 31,36.0658,-115.147,NEVP,NV
37895,0.073004,0.0,0.073004,LAS VEGAS 32,36.17,-115.135,NEVP,NV
37896,0.044045,0.0,0.044045,LAS VEGAS 33,36.1191,-115.228,NEVP,NV
37897,0.044045,0.0,0.044045,LAS VEGAS 34,35.9661,-115.209,NEVP,NV
37898,0.052427,0.0,0.052427,LAS VEGAS 35,36.2519,-115.301,NEVP,NV
37899,0.052427,0.0,0.052427,LAS VEGAS 36,36.1115,-115.206,NEVP,NV
37900,0.036338,0.0,0.036338,LAS VEGAS 37,35.9712,-115.262,NEVP,NV
37901,0.036772,0.0,0.036772,LAS VEGAS 38,35.9287,-115.201,NEVP,NV
37902,0.051675,0.0,0.051675,LAS VEGAS 39,36.0682,-115.16,NEVP,NV
37903,0.051675,0.0,0.051675,LAS VEGAS 40,36.1339,-115.099,NEVP,NV
37904,0.041213,0.0,0.041213,HENDERSON 1,35.9575,-115.164,NEVP,NV
37905,0.06311,0.0,0.06311,NORTH LAS VEGAS 1,36.3461,-115.202,NEVP,NV
37906,0.058236,0.0,0.058236,NORTH LAS VEGAS 2,36.3205,-115.184,NEVP,NV
37907,0.058236,0.0,0.058236,NORTH LAS VEGAS 3,36.2834,-115.238,NEVP,NV
37908,0.087551,0.0,0.087551,NORTH LAS VEGAS 4,36.3338,-115.192,NEVP,NV
37909,0.087551,0.0,0.087551,NORTH LAS VEGAS 5,36.1976,-115.234,NEVP,NV
37910,0.022456,0.0,0.022456,LAS VEGAS 41,36.0803,-115.196,NEVP,NV
37911,0.037225,0.0,0.037225,LAS VEGAS 42,36.1045,-115.202,NEVP,NV
37912,0.037225,0.0,0.037225,LAS VEGAS 43,36.209,-115.119,NEVP,NV
37913,0.052032,0.0,0.052032,LAS VEGAS 44,35.9271,-115.168,NEVP,NV
37914,0.052032,0.0,0.052032,LAS VEGAS 45,35.9979,-115.12,NEVP,NV
37915,0.081357,0.0,0.081357,LAS VEGAS 46,35.9556,-115.075,NEVP,NV
37916,0.081357,0.0,0.081357,LAS VEGAS 47,36.0064,-115.053,NEVP,NV
37917,0.071453,0.0,0.071453,LAS VEGAS 48,36.1271,-115.124,NEVP,NV
37918,0.071453,0.0,0.071453,LAS VEGAS 49,36.0725,-115.18,NEVP,NV
37919,0.067349,0.0,0.067349,LAS VEGAS 50,36.153,-115.198,NEVP,NV
37920,0.080403,0.0,0.080403,NORTH LAS VEGAS 6,36.2653,-115.111,NEVP,NV
37921,0.077927,0.0,0.077927,NORTH LAS VEGAS 7,36.1227,-115.082,NEVP,NV
37922,0.06655,0.0,0.06655,LAS VEGAS 51,36.2156,-115.077,NEVP,NV
37923,0.06655,0.0,0.06655,LAS VEGAS 52,36.1019,-115.062,NEVP,NV
37924,0.057667,0.0,0.057667,LAS VEGAS 53,36.0574,-115.083,NEVP,NV
37925,0.057667,0.0,0.057667,LAS VEGAS 54,36.1088,-115.198,NEVP,NV
37926,0.013661,0.0,0.013661,NORTH LAS VEGAS 8,36.2685,-115.03,NEVP,NV
37927,0.043024,0.0,0.043024,NORTH LAS VEGAS 9,36.3575,-115.119,NEVP,NV
37928,0.043024,0.0,0.043024,NORTH LAS VEGAS 10,36.3149,-115.07,NEVP,NV
37929,0.067369,0.0,0.067369,LAS VEGAS 55,35.9946,-115.044,NEVP,NV
37930,0.092618,0.0,0.092618,LAS VEGAS 56,36.2197,-115.005,NEVP,NV
37931,0.092618,0.0,0.092618,LAS VEGAS 57,36.0498,-115.062,NEVP,NV
37932,0.068053,0.0,0.068053,HENDERSON 2,35.9513,-115.158,NEVP,NV
37933,0.068053,0.0,0.068053,HENDERSON 3,35.9451,-115.016,NEVP,NV
37934,0.053351,0.0,0.053351,HENDERSON 4,36.0573,-115.106,NEVP,NV
37935,0.053351,0.0,0.053351,HENDERSON 5,36.1459,-114.985,NEVP,NV
37936,0.068226,0.0,0.068226,HENDERSON 6,35.9877,-115.151,NEVP,NV
37937,0.068226,0.0,0.068226,HENDERSON 7,36.0454,-115.047,NEVP,NV
37938,0.102589,0.0,0.102589,LAS VEGAS 58,36.1495,-114.963,NEVP,NV
37939,0.102589,0.0,0.102589,LAS VEGAS 59,36.2656,-115.062,NEVP,NV
37940,0.042032,0.0,0.042032,HENDERSON 8,36.0511,-115.002,NEVP,NV
37941,0.042032,0.0,0.042032,HENDERSON 9,35.9252,-114.995,NEVP,NV
37942,0.08496,0.0,0.08496,LAS VEGAS 60,36.2701,-115.091,NEVP,NV
37943,0.08496,0.0,0.08496,LAS VEGAS 61,36.2731,-115.099,NEVP,NV
37944,0.066068,0.0,0.066068,LAS VEGAS 62,36.1294,-114.953,NEVP,NV
37945,0.066068,0.0,0.066068,LAS VEGAS 63,36.1152,-115.131,NEVP,NV
37946,0.048747,0.0,0.048747,LAS VEGAS 64,36.0774,-115.0,NEVP,NV
37947,0.048747,0.0,0.048747,LAS VEGAS 65,36.1624,-114.994,NEVP,NV
37948,0.040163,0.0,0.040163,LAS VEGAS 66,36.0931,-114.911,NEVP,NV
37949,0.040163,0.0,0.040163,LAS VEGAS 67,36.09,-115.055,NEVP,NV
37950,0.056502,0.0,0.056502,HENDERSON 10,36.1397,-114.997,NEVP,NV
37951,0.046068,0.0,0.046068,HENDERSON 11,35.9457,-114.989,NEVP,NV
37952,0.046068,0.0,0.046068,HENDERSON 12,36.0149,-115.011,NEVP,NV
37953,0.056348,0.0,0.056348,HENDERSON 13,36.0687,-115.007,NEVP,NV
37954,0.056348,0.0,0.056348,HENDERSON 14,36.0036,-114.941,NEVP,NV
37955,0.004046,0.0,0.004046,MOAPA 1,36.6178,-114.895,NEVP,NV
37956,0.00684,0.0,0.00684,WELLS,41.0379,-114.772,NEVP,NV
37957,0.043544,0.0,0.043544,BOULDER CITY 1,36.0664,-114.871,NEVP,NV
37958,0.00367,0.0,0.00367,JACKPOT,41.8837,-114.813,NEVP,NV
37959,0.028092,0.0,0.028092,ELY 1,39.5735,-114.713,NEVP,NV
37960,0.021811,0.0,0.021811,LAUGHLIN,35.1842,-114.62,NEVP,NV
37961,0.010751,0.0,0.010751,OVERTON,36.3154,-114.548,NEVP,NV
37962,0.004354,0.0,0.004354,CALIENTE,37.2614,-114.575,NEVP,NV
37963,0.00551,0.0,0.00551,PIOCHE,38.1595,-114.532,NEVP,NV
37964,0.010414,0.0,0.010414,LOGANDALE,36.5501,-114.545,NEVP,NV
37965,0.002919,0.0,0.002919,PANACA,37.663,-114.262,NEVP,NV
37966,0.012967,0.0,0.012967,WEST WENDOVER,40.9177,-114.238,NEVP,NV
37967,0.048053,0.0,0.048053,MESQUITE 1,36.8253,-114.12,NEVP,NV
37972,0.000819,0.0,0.000819,FALLON 2,39.2944,-118.573,NEVP,NV
37973,0.003227,0.0,0.003227,SPARKS 8,39.5603,-119.511,NEVP,NV
37974,0.002823,0.0,0.002823,SEARCHLIGHT,35.4797,-114.936,NEVP,NV
37975,0.000983,0.0,0.000983,FALLON 3,39.796,-119.01,NEVP,NV
37976,0.000588,0.0,0.000588,TUSCARORA,41.4828,-116.151,NEVP,NV
37983,0.001146,0.0,0.001146,VALMY,40.8813,-117.152,NEVP,NV
37984,0.001397,0.0,0.001397,CRESCENT VALLEY,40.5547,-116.618,NEVP,NV
37985,0.0,0.039811,0.039811,HENDERSON 15,36.0417,-115.012,NEVP,NV
38008,0.0,0.021709,0.021709,NORTH LAS VEGAS 11,36.2319,-115.122,NEVP,NV
38015,0.023358,0.0,0.023358,SAN LUIS 1,32.4567,-114.689,Arizona,AZ
38016,0.02464,0.0,0.02464,SAN LUIS 2,32.5779,-114.704,Arizona,AZ
38017,0.038833,0.0,0.038833,SOMERTON,32.605,-114.666,Arizona,AZ
38018,0.068562,0.0,0.068562,YUMA 1,32.6839,-114.616,Arizona,AZ
38019,0.068562,0.0,0.068562,YUMA 2,32.7326,-114.672,Arizona,AZ
38020,0.180093,0.0,0.180093,FORT MOHAVE,34.9171,-114.535,WALC,AZ
38021,0.215106,0.0,0.215106,BULLHEAD CITY 1,35.0718,-114.464,WALC,AZ
38022,0.215106,0.0,0.215106,BULLHEAD CITY 2,35.1043,-114.602,WALC,AZ
38023,0.089015,0.0,0.089015,MOHAVE VALLEY 1,34.986,-114.581,WALC,AZ
38024,0.003185,0.0,0.003185,EHRENBERG,33.5377,-114.428,Arizona,AZ
38025,0.092323,0.0,0.092323,BULLHEAD CITY 3,35.2434,-114.546,WALC,AZ
38026,0.037399,0.0,0.037399,YUMA 3,32.742,-114.472,Arizona,AZ
38027,0.027108,0.0,0.027108,TOPOCK,34.7819,-114.33,WALC,AZ
38028,0.037849,0.0,0.037849,DOLAN SPRINGS,35.5803,-114.434,WALC,AZ
38029,0.203678,0.0,0.203678,LAKE HAVASU CITY 1,34.5776,-114.363,WALC,AZ
38030,0.155992,0.0,0.155992,GOLDEN VALLEY 1,35.2648,-114.359,WALC,AZ
38031,0.209349,0.0,0.209349,LAKE HAVASU CITY 2,34.588,-114.265,WALC,AZ
38032,0.016744,0.0,0.016744,PARKER 1,34.0169,-114.251,Arizona,AZ
38033,0.010465,0.0,0.010465,WELLTON,32.6905,-114.078,Arizona,AZ
38034,0.008866,0.0,0.008866,QUARTZSITE,33.7255,-114.164,Arizona,AZ
38035,0.042616,0.0,0.042616,YUMA 4,33.0558,-114.105,Arizona,AZ
38036,0.042616,0.0,0.042616,YUMA 5,33.0592,-114.06,Arizona,AZ
38037,0.318041,0.0,0.318041,LAKE HAVASU CITY 3,34.3739,-114.106,WALC,AZ
38038,0.017614,0.0,0.017614,MEADVIEW,35.905,-114.071,WALC,AZ
38039,0.170598,0.0,0.170598,KINGMAN 1,35.3941,-114.021,WALC,AZ
38040,0.170598,0.0,0.170598,KINGMAN 2,35.3797,-114.07,WALC,AZ
38041,0.002221,0.0,0.002221,BOUSE,33.993,-113.963,Arizona,AZ
38042,0.005101,0.0,0.005101,SALOME,33.6878,-113.624,Arizona,AZ
38043,0.313057,0.0,0.313057,KINGMAN 3,35.0805,-113.673,WALC,AZ
38044,0.02307,0.0,0.02307,PEACH SPRINGS,35.5887,-113.58,WALC,AZ
38045,0.056966,0.0,0.056966,LITTLEFIELD,36.2669,-113.466,WALC,AZ
38046,0.003582,0.0,0.003582,AGUILA,33.9827,-113.294,Arizona,AZ
38047,0.005278,0.0,0.005278,BAGDAD 1,34.4377,-113.004,Arizona,AZ
38048,0.012161,0.0,0.012161,TONOPAH 2,33.3457,-113.053,Arizona,AZ
38049,0.002319,0.0,0.002319,SELIGMAN,35.3467,-112.948,Arizona,AZ
38050,0.078404,0.0,0.078404,COLORADO CITY,36.9612,-113.093,WALC,AZ
38051,0.033134,0.0,0.033134,PRESCOTT 1,34.765,-112.895,Arizona,AZ
38052,0.00393,0.0,0.00393,CONGRESS,34.0916,-112.999,Arizona,AZ
38053,0.01578,0.0,0.01578,WICKENBURG,33.94,-112.877,Arizona,AZ
38054,0.028483,0.0,0.028483,FREDONIA,36.7665,-112.836,WALC,AZ
38055,0.005113,0.0,0.005113,GILA BEND 1,33.0065,-112.783,Arizona,AZ
38056,0.022266,0.0,0.022266,BUCKEYE 1,33.5298,-112.724,Arizona,AZ
38057,0.008189,0.0,0.008189,AJO,32.1788,-112.625,Arizona,AZ
38058,0.003448,0.0,0.003448,ASH FORK,35.2754,-112.565,Arizona,AZ
38059,0.002996,0.0,0.002996,KIRKLAND 6,34.2662,-112.687,Arizona,AZ
38060,0.015151,0.0,0.015151,WITTMANN,33.7706,-112.522,Arizona,AZ
38061,0.047327,0.0,0.047327,BUCKEYE 2,33.2216,-112.535,Arizona,AZ
38062,0.047687,0.0,0.047687,BUCKEYE 3,33.2906,-112.498,Arizona,AZ
38063,0.009129,0.0,0.009129,PAULDEN,35.0395,-112.545,Arizona,AZ
38064,0.016006,0.0,0.016006,WADDELL,33.5746,-112.393,Arizona,AZ
38065,0.017525,0.0,0.017525,SURPRISE 1,33.6427,-112.443,Arizona,AZ
38066,0.031273,0.0,0.031273,PRESCOTT 2,34.4511,-112.35,Arizona,AZ
38067,0.043001,0.0,0.043001,SURPRISE 2,33.6011,-112.357,Arizona,AZ
38068,0.038229,0.0,0.038229,PRESCOTT 3,34.6071,-112.444,Arizona,AZ
38069,0.026757,0.0,0.026757,LITCHFIELD PARK 1,33.4971,-112.471,Arizona,AZ
38070,0.024036,0.0,0.024036,LITCHFIELD PARK 2,33.607,-112.426,Arizona,AZ
38071,0.037631,0.0,0.037631,GOODYEAR 1,33.3403,-112.364,Arizona,AZ
38072,0.037631,0.0,0.037631,GOODYEAR 2,33.2883,-112.324,Arizona,AZ
38073,0.028966,0.0,0.028966,CHINO VALLEY 1,34.7375,-112.375,Arizona,AZ
38074,0.023725,0.0,0.023725,GOODYEAR 3,33.4306,-112.31,Arizona,AZ
38075,0.023725,0.0,0.023725,GOODYEAR 4,33.4749,-112.46,Arizona,AZ
38076,0.043153,0.0,0.043153,SURPRISE 3,33.5724,-112.449,Arizona,AZ
38077,0.043153,0.0,0.043153,SURPRISE 4,33.6131,-112.34,Arizona,AZ
38078,0.036368,0.0,0.036368,SURPRISE 5,33.529,-112.415,Arizona,AZ
38079,0.036368,0.0,0.036368,SURPRISE 6,33.6076,-112.275,Arizona,AZ
38080,0.025354,0.0,0.025354,SUN CITY WEST 1,33.6732,-112.313,Arizona,AZ
38081,0.025354,0.0,0.025354,SUN CITY WEST 2,33.6222,-112.355,Arizona,AZ
38082,0.029094,0.0,0.029094,EL MIRAGE 1,33.6796,-112.273,Arizona,AZ
38083,0.029094,0.0,0.029094,EL MIRAGE 2,33.6392,-112.342,Arizona,AZ
38084,0.03616,0.0,0.03616,AVONDALE 1,33.4334,-112.376,Arizona,AZ
38085,0.03616,0.0,0.03616,AVONDALE 2,33.3963,-112.257,Arizona,AZ
38086,0.016896,0.0,0.016896,GLENDALE 9,33.5392,-112.273,Arizona,AZ
38087,0.032316,0.0,0.032316,AVONDALE 3,33.3881,-112.287,Arizona,AZ
38088,0.032316,0.0,0.032316,AVONDALE 4,33.5572,-112.252,Arizona,AZ
38089,0.031486,0.0,0.031486,PRESCOTT VALLEY 1,34.7197,-112.222,Arizona,AZ
38090,0.031486,0.0,0.031486,PRESCOTT VALLEY 2,34.6407,-112.338,Arizona,AZ
38091,0.01127,0.0,0.01127,YOUNGTOWN,33.5712,-112.295,Arizona,AZ
38092,0.031773,0.0,0.031773,SUN CITY 5,33.6136,-112.295,Arizona,AZ
38093,0.025433,0.0,0.025433,SUN CITY 6,33.6472,-112.363,Arizona,AZ
38094,0.025433,0.0,0.025433,SUN CITY 7,33.6244,-112.328,Arizona,AZ
38095,0.028386,0.0,0.028386,TOLLESON 1,33.435,-112.229,Arizona,AZ
38096,0.028386,0.0,0.028386,TOLLESON 2,33.4017,-112.241,Arizona,AZ
38097,0.013241,0.0,0.013241,PRESCOTT VALLEY 3,34.7342,-112.257,Arizona,AZ
38098,0.040981,0.0,0.040981,PHOENIX 2,33.464,-112.348,Arizona,AZ
38099,0.040981,0.0,0.040981,PHOENIX 3,33.5287,-112.28,Arizona,AZ
38100,0.019813,0.0,0.019813,GLENDALE 10,33.5879,-112.189,Arizona,AZ
38101,0.037027,0.0,0.037027,PEORIA 1,33.6525,-112.232,Arizona,AZ
38102,0.037027,0.0,0.037027,PEORIA 2,33.6839,-112.195,Arizona,AZ
38103,0.034031,0.0,0.034031,PEORIA 3,33.7358,-112.224,Arizona,AZ
38104,0.034031,0.0,0.034031,PEORIA 4,33.8047,-112.329,Arizona,AZ
38105,0.051446,0.0,0.051446,PEORIA 5,33.5405,-112.146,Arizona,AZ
38106,0.051446,0.0,0.051446,PEORIA 6,33.6576,-112.288,Arizona,AZ
38107,0.044392,0.0,0.044392,PEORIA 7,33.6375,-112.265,Arizona,AZ
38108,0.027746,0.0,0.027746,GLENDALE 11,33.4626,-112.201,Arizona,AZ
38109,0.027746,0.0,0.027746,GLENDALE 12,33.4388,-112.17,Arizona,AZ
38110,0.048547,0.0,0.048547,PHOENIX 4,33.3944,-112.214,Arizona,AZ
38111,0.048547,0.0,0.048547,PHOENIX 5,33.4989,-112.158,Arizona,AZ
38112,0.027972,0.0,0.027972,PHOENIX 6,33.4221,-112.17,Arizona,AZ
38113,0.027972,0.0,0.027972,PHOENIX 7,33.4295,-112.261,Arizona,AZ
38114,0.043465,0.0,0.043465,PHOENIX 8,33.5576,-112.287,Arizona,AZ
38115,0.043465,0.0,0.043465,PHOENIX 9,33.5572,-112.24,Arizona,AZ
38116,0.058463,0.0,0.058463,GLENDALE 13,33.6352,-112.194,Arizona,AZ
38117,0.058463,0.0,0.058463,GLENDALE 14,33.7222,-112.143,Arizona,AZ
38118,0.023688,0.0,0.023688,GLENDALE 15,33.6473,-112.134,Arizona,AZ
38119,0.023688,0.0,0.023688,GLENDALE 16,33.526,-112.178,Arizona,AZ
38120,0.033781,0.0,0.033781,GLENDALE 17,33.5901,-112.158,Arizona,AZ
38121,0.033781,0.0,0.033781,GLENDALE 18,33.5812,-112.196,Arizona,AZ
38122,0.055064,0.0,0.055064,GLENDALE 19,33.5665,-112.169,Arizona,AZ
38123,0.055064,0.0,0.055064,GLENDALE 20,33.511,-112.216,Arizona,AZ
38124,0.044282,0.0,0.044282,GLENDALE 21,33.6046,-112.259,Arizona,AZ
38125,0.027911,0.0,0.027911,PHOENIX 10,33.5285,-112.199,Arizona,AZ
38126,0.027911,0.0,0.027911,PHOENIX 11,33.4291,-112.103,Arizona,AZ
38127,0.032572,0.0,0.032572,LAVEEN 1,33.3164,-112.138,Arizona,AZ
38128,0.032572,0.0,0.032572,LAVEEN 2,33.1467,-112.071,Arizona,AZ
38129,0.034794,0.0,0.034794,GLENDALE 22,33.6928,-112.082,Arizona,AZ
38130,0.03314,0.0,0.03314,PHOENIX 12,33.7661,-112.155,Arizona,AZ
38131,0.032914,0.0,0.032914,MARICOPA 2,32.9936,-112.208,Arizona,AZ
38132,0.022919,0.0,0.022919,PHOENIX 13,33.5034,-112.062,Arizona,AZ
38133,0.022919,0.0,0.022919,PHOENIX 14,33.5077,-112.226,Arizona,AZ
38134,0.036954,0.0,0.036954,PHOENIX 15,33.5283,-112.205,Arizona,AZ
38135,0.036954,0.0,0.036954,PHOENIX 16,33.6493,-112.135,Arizona,AZ
38136,0.026068,0.0,0.026068,PHOENIX 17,33.667,-112.095,Arizona,AZ
38137,0.026068,0.0,0.026068,PHOENIX 18,33.6521,-112.075,Arizona,AZ
38138,0.048072,0.0,0.048072,PHOENIX 19,33.4015,-112.16,Arizona,AZ
38139,0.048072,0.0,0.048072,PHOENIX 20,33.3774,-112.196,Arizona,AZ
38140,0.014108,0.0,0.014108,NEW RIVER,33.8677,-112.126,Arizona,AZ
38141,0.013241,0.0,0.013241,WILLIAMS 2,35.3844,-112.033,Arizona,AZ
38142,0.045795,0.0,0.045795,PHOENIX 21,33.5114,-112.047,Arizona,AZ
38143,0.035581,0.0,0.035581,PHOENIX 22,33.4392,-112.087,Arizona,AZ
38144,0.0085,0.0,0.0085,CLARKDALE,34.8017,-112.196,Arizona,AZ
38145,0.037064,0.0,0.037064,PHOENIX 23,33.8636,-112.05,Arizona,AZ
38146,0.037064,0.0,0.037064,PHOENIX 24,33.7407,-112.12,Arizona,AZ
38147,0.050293,0.0,0.050293,PHOENIX 25,33.3923,-112.026,Arizona,AZ
38148,0.050293,0.0,0.050293,PHOENIX 26,33.4008,-112.14,Arizona,AZ
38149,0.039571,0.0,0.039571,PHOENIX 27,33.6547,-112.183,Arizona,AZ
38150,0.039571,0.0,0.039571,PHOENIX 28,33.5712,-112.144,Arizona,AZ
38151,0.018373,0.0,0.018373,DEWEY,34.4912,-112.141,Arizona,AZ
38152,0.013247,0.0,0.013247,PHOENIX 29,33.3626,-112.11,Arizona,AZ
38153,0.034458,0.0,0.034458,PHOENIX 30,33.5005,-112.008,Arizona,AZ
38154,0.034458,0.0,0.034458,PHOENIX 31,33.4172,-112.034,Arizona,AZ
38155,0.028624,0.0,0.028624,PHOENIX 32,33.6231,-112.125,Arizona,AZ
38156,0.028624,0.0,0.028624,PHOENIX 33,33.6204,-112.136,Arizona,AZ
38157,0.034543,0.0,0.034543,PHOENIX 34,33.5203,-111.995,Arizona,AZ
38158,0.034543,0.0,0.034543,PHOENIX 35,33.4958,-112.018,Arizona,AZ
38159,0.033994,0.0,0.033994,PHOENIX 36,33.6727,-112.015,Arizona,AZ
38160,0.033994,0.0,0.033994,PHOENIX 37,33.6632,-112.13,Arizona,AZ
38161,0.025702,0.0,0.025702,PHOENIX 38,33.4745,-112.03,Arizona,AZ
38162,0.032066,0.0,0.032066,PHOENIX 39,33.7496,-111.991,Arizona,AZ
38163,0.035355,0.0,0.035355,PHOENIX 40,33.4261,-112.154,Arizona,AZ
38164,0.010819,0.0,0.010819,MAYER,34.3155,-112.162,Arizona,AZ
38165,0.017153,0.0,0.017153,PHOENIX 41,33.5169,-112.086,Arizona,AZ
38166,0.009086,0.0,0.009086,PHOENIX 42,33.5273,-112.023,Arizona,AZ
38167,0.045368,0.0,0.045368,PHOENIX 43,33.5475,-112.012,Arizona,AZ
38168,0.030614,0.0,0.030614,PHOENIX 44,33.2215,-112.157,Arizona,AZ
38169,0.030614,0.0,0.030614,PHOENIX 45,33.3139,-111.981,Arizona,AZ
38170,0.030065,0.0,0.030065,PHOENIX 46,33.607,-112.095,Arizona,AZ
38171,0.030065,0.0,0.030065,PHOENIX 47,33.5216,-111.979,Arizona,AZ
38172,0.02356,0.0,0.02356,PHOENIX 48,33.5015,-112.002,Arizona,AZ
38173,0.02356,0.0,0.02356,PHOENIX 49,33.374,-111.98,Arizona,AZ
38174,0.042464,0.0,0.042464,PHOENIX 50,33.6798,-112.076,Arizona,AZ
38175,0.042464,0.0,0.042464,PHOENIX 51,33.6375,-112.043,Arizona,AZ
38176,0.005284,0.0,0.005284,BLACK CANYON CITY,34.0833,-111.965,Arizona,AZ
38177,0.037491,0.0,0.037491,PHOENIX 52,33.4222,-112.027,Arizona,AZ
38178,0.037491,0.0,0.037491,PHOENIX 53,33.4242,-111.978,Arizona,AZ
38179,0.041915,0.0,0.041915,PHOENIX 54,33.7976,-112.061,Arizona,AZ
38180,0.026867,0.0,0.026867,PHOENIX 55,33.3216,-112.123,Arizona,AZ
38181,0.038565,0.0,0.038565,PHOENIX 56,33.4913,-112.082,Arizona,AZ
38182,0.042732,0.0,0.042732,COTTONWOOD 2,34.7616,-112.015,Arizona,AZ
38183,0.004857,0.0,0.004857,GRAND CANYON,36.111,-112.108,Arizona,AZ
38184,0.031023,0.0,0.031023,PHOENIX 57,33.4588,-112.042,Arizona,AZ
38185,0.031023,0.0,0.031023,PHOENIX 58,33.4707,-112.018,Arizona,AZ
38186,0.034775,0.0,0.034775,PHOENIX 59,33.297,-112.039,Arizona,AZ
38187,0.034775,0.0,0.034775,PHOENIX 60,33.422,-112.041,Arizona,AZ
38188,0.034208,0.0,0.034208,CHANDLER 1,33.2646,-111.986,Arizona,AZ
38189,0.034208,0.0,0.034208,CHANDLER 2,33.1705,-112.073,Arizona,AZ
38190,0.035068,0.0,0.035068,PHOENIX 61,33.6185,-112.07,Arizona,AZ
38191,0.05994,0.0,0.05994,PHOENIX 62,33.5746,-112.098,Arizona,AZ
38192,0.05994,0.0,0.05994,PHOENIX 63,33.5541,-111.935,Arizona,AZ
38193,0.023554,0.0,0.023554,PHOENIX 64,33.6573,-111.961,Arizona,AZ
38194,0.023554,0.0,0.023554,PHOENIX 65,33.6314,-112.043,Arizona,AZ
38195,0.011881,0.0,0.011881,SELLS,31.9997,-112.008,Arizona,AZ
38196,0.033286,0.0,0.033286,MARICOPA 3,32.9497,-111.937,Arizona,AZ
38197,0.030785,0.0,0.030785,MARICOPA 4,33.0444,-112.068,Arizona,AZ
38198,0.033012,0.0,0.033012,PHOENIX 66,33.5567,-111.926,Arizona,AZ
38199,0.033012,0.0,0.033012,PHOENIX 67,33.6003,-111.976,Arizona,AZ
38200,0.051391,0.0,0.051391,PHOENIX 68,33.4022,-112.033,Arizona,AZ
38201,0.051391,0.0,0.051391,PHOENIX 69,33.4533,-112.014,Arizona,AZ
38202,0.031206,0.0,0.031206,PARADISE VALLEY,33.4656,-111.93,Arizona,AZ
38203,0.041921,0.0,0.041921,SCOTTSDALE 1,33.6017,-111.964,Arizona,AZ
38204,0.041921,0.0,0.041921,SCOTTSDALE 2,33.6768,-111.923,Arizona,AZ
38205,0.009855,0.0,0.009855,PHOENIX 70,33.7702,-111.982,Arizona,AZ
38206,0.030168,0.0,0.030168,TEMPE 1,33.3545,-111.866,Arizona,AZ
38207,0.052489,0.0,0.052489,TEMPE 2,33.4335,-111.978,Arizona,AZ
38208,0.052489,0.0,0.052489,TEMPE 3,33.4811,-111.974,Arizona,AZ
38209,0.044551,0.0,0.044551,TEMPE 4,33.3084,-111.994,Arizona,AZ
38210,0.044551,0.0,0.044551,TEMPE 5,33.4202,-111.877,Arizona,AZ
38211,0.041018,0.0,0.041018,TEMPE 6,33.3284,-111.929,Arizona,AZ
38212,0.041018,0.0,0.041018,TEMPE 7,33.3184,-111.958,Arizona,AZ
38213,0.03148,0.0,0.03148,SCOTTSDALE 3,33.5579,-111.841,Arizona,AZ
38214,0.03148,0.0,0.03148,SCOTTSDALE 4,33.5401,-111.914,Arizona,AZ
38215,0.020881,0.0,0.020881,SCOTTSDALE 5,33.7482,-111.974,Arizona,AZ
38216,0.024487,0.0,0.024487,SCOTTSDALE 6,33.4133,-111.883,Arizona,AZ
38217,0.024487,0.0,0.024487,SCOTTSDALE 7,33.5001,-111.86,Arizona,AZ
38218,0.005583,0.0,0.005583,CAREFREE,33.8064,-111.925,Arizona,AZ
38219,0.024676,0.0,0.024676,CAVE CREEK 1,33.923,-111.975,Arizona,AZ
38220,0.024676,0.0,0.024676,CAVE CREEK 2,33.9654,-112.008,Arizona,AZ
38221,0.009434,0.0,0.009434,CORNVILLE,34.83,-111.859,Arizona,AZ
38222,0.042732,0.0,0.042732,SCOTTSDALE 8,33.6333,-111.907,Arizona,AZ
38223,0.033,0.0,0.033,SCOTTSDALE 9,33.5482,-111.87,Arizona,AZ
38224,0.033,0.0,0.033,SCOTTSDALE 10,33.6174,-111.875,Arizona,AZ
38225,0.029119,0.0,0.029119,SCOTTSDALE 11,33.517,-111.819,Arizona,AZ
38226,0.039169,0.0,0.039169,CHANDLER 3,33.2869,-111.927,Arizona,AZ
38227,0.039169,0.0,0.039169,CHANDLER 4,33.2727,-111.788,Arizona,AZ
38228,0.034116,0.0,0.034116,MESA 2,33.3299,-111.834,Arizona,AZ
38229,0.034116,0.0,0.034116,MESA 3,33.4716,-111.86,Arizona,AZ
38230,0.027294,0.0,0.027294,CHANDLER 5,33.1433,-111.806,Arizona,AZ
38231,0.027294,0.0,0.027294,CHANDLER 6,33.3063,-111.905,Arizona,AZ
38232,0.020722,0.0,0.020722,SEDONA 1,34.8862,-111.826,Arizona,AZ
38233,0.042189,0.0,0.042189,MESA 4,33.3376,-111.752,Arizona,AZ
38234,0.042189,0.0,0.042189,MESA 5,33.3563,-111.788,Arizona,AZ
38235,0.009104,0.0,0.009104,SCOTTSDALE 12,33.5849,-111.933,Arizona,AZ
38236,0.033378,0.0,0.033378,MESA 6,33.4239,-111.786,Arizona,AZ
38237,0.033378,0.0,0.033378,MESA 7,33.3698,-111.874,Arizona,AZ
38238,0.03962,0.0,0.03962,CHANDLER 7,33.217,-111.86,Arizona,AZ
38239,0.03563,0.0,0.03563,CHANDLER 8,33.3144,-111.767,Arizona,AZ
38240,0.0639,0.0,0.0639,CHANDLER 9,33.3397,-111.763,Arizona,AZ
38241,0.0639,0.0,0.0639,CHANDLER 10,33.2318,-111.798,Arizona,AZ
38242,0.034116,0.0,0.034116,SCOTTSDALE 13,33.6526,-111.904,Arizona,AZ
38243,0.034116,0.0,0.034116,SCOTTSDALE 14,33.6006,-111.772,Arizona,AZ
38244,0.008982,0.0,0.008982,CASA GRANDE 1,32.7951,-111.79,Arizona,AZ
38245,0.034385,0.0,0.034385,GILBERT 1,33.3974,-111.866,Arizona,AZ
38246,0.034385,0.0,0.034385,GILBERT 2,33.4526,-111.742,Arizona,AZ
38247,0.039218,0.0,0.039218,SCOTTSDALE 15,33.6836,-111.78,Arizona,AZ
38248,0.020643,0.0,0.020643,SCOTTSDALE 16,33.7787,-111.761,Arizona,AZ
38249,0.03253,0.0,0.03253,MESA 8,33.4282,-111.759,Arizona,AZ
38250,0.03253,0.0,0.03253,MESA 9,33.4003,-111.859,Arizona,AZ
38251,0.021015,0.0,0.021015,CAMP VERDE,34.524,-111.868,Arizona,AZ
38252,0.033781,0.0,0.033781,CHANDLER 11,33.2354,-111.838,Arizona,AZ
38253,0.033781,0.0,0.033781,CHANDLER 12,33.2804,-111.767,Arizona,AZ
38254,0.05573,0.0,0.05573,MESA 10,33.3342,-111.806,Arizona,AZ
38255,0.05573,0.0,0.05573,MESA 11,33.3181,-111.713,Arizona,AZ
38256,0.012845,0.0,0.012845,SEDONA 2,34.8281,-111.784,Arizona,AZ
38257,0.029107,0.0,0.029107,MESA 12,33.403,-111.794,Arizona,AZ
38258,0.029107,0.0,0.029107,MESA 13,33.4282,-111.749,Arizona,AZ
38259,0.046625,0.0,0.046625,CASA GRANDE 2,32.83,-111.712,Arizona,AZ
38260,0.046625,0.0,0.046625,CASA GRANDE 3,32.9914,-111.721,Arizona,AZ
38261,0.041524,0.0,0.041524,FOUNTAIN HILLS,33.6384,-111.817,Arizona,AZ
38262,0.035086,0.0,0.035086,GILBERT 3,33.3406,-111.836,Arizona,AZ
38263,0.035086,0.0,0.035086,GILBERT 4,33.3386,-111.789,Arizona,AZ
38264,0.033683,0.0,0.033683,GILBERT 5,33.2492,-111.826,Arizona,AZ
38265,0.033683,0.0,0.033683,GILBERT 6,33.4089,-111.722,Arizona,AZ
38266,0.045777,0.0,0.045777,GILBERT 7,33.3705,-111.641,Arizona,AZ
38267,0.045777,0.0,0.045777,GILBERT 8,33.3311,-111.76,Arizona,AZ
38268,0.008317,0.0,0.008317,SACATON,33.1834,-111.764,Arizona,AZ
38269,0.024695,0.0,0.024695,GILBERT 9,33.2678,-111.663,Arizona,AZ
38270,0.024695,0.0,0.024695,GILBERT 10,33.342,-111.674,Arizona,AZ
38271,0.039321,0.0,0.039321,GILBERT 11,33.302,-111.721,Arizona,AZ
38272,0.036484,0.0,0.036484,MESA 14,33.3657,-111.71,Arizona,AZ
38273,0.036484,0.0,0.036484,MESA 15,33.472,-111.679,Arizona,AZ
38274,0.030345,0.0,0.030345,MESA 16,33.4028,-111.778,Arizona,AZ
38275,0.030345,0.0,0.030345,MESA 17,33.3938,-111.656,Arizona,AZ
38276,0.019545,0.0,0.019545,ARIZONA CITY,32.6673,-111.654,Arizona,AZ
38277,0.010087,0.0,0.010087,RIMROCK,34.6564,-111.663,Arizona,AZ
38278,0.011832,0.0,0.011832,FLAGSTAFF 1,35.0951,-111.592,Arizona,AZ
38279,0.03732,0.0,0.03732,FLAGSTAFF 2,35.3274,-111.547,Arizona,AZ
38280,0.03732,0.0,0.03732,FLAGSTAFF 3,35.3292,-111.618,Arizona,AZ
38281,0.034214,0.0,0.034214,MESA 18,33.3579,-111.695,Arizona,AZ
38282,0.034214,0.0,0.034214,MESA 19,33.3498,-111.703,Arizona,AZ
38283,0.044728,0.0,0.044728,QUEEN CREEK 1,33.2014,-111.718,Arizona,AZ
38284,0.044728,0.0,0.044728,QUEEN CREEK 2,33.1485,-111.662,Arizona,AZ
38285,0.040957,0.0,0.040957,MESA 20,33.3974,-111.684,Arizona,AZ
38286,0.040957,0.0,0.040957,MESA 21,33.4065,-111.637,Arizona,AZ
38287,0.044837,0.0,0.044837,MESA 22,33.2312,-111.656,Arizona,AZ
38288,0.012302,0.0,0.012302,CASA GRANDE 4,32.9418,-111.726,Arizona,AZ
38289,0.031816,0.0,0.031816,MESA 23,33.4768,-111.566,Arizona,AZ
38290,0.031816,0.0,0.031816,MESA 24,33.3575,-111.532,Arizona,AZ
38291,0.029222,0.0,0.029222,MESA 25,33.432,-111.505,Arizona,AZ
38292,0.025781,0.0,0.025781,APACHE JUNCTION 1,33.4661,-111.62,Arizona,AZ
38293,0.025781,0.0,0.025781,APACHE JUNCTION 2,33.4078,-111.566,Arizona,AZ
38294,0.0054,0.0,0.0054,PINE 1,34.2744,-111.503,Arizona,AZ
38295,0.033927,0.0,0.033927,ELOY,32.6181,-111.526,Arizona,AZ
38296,0.033604,0.0,0.033604,SAN TAN VALLEY 1,33.1472,-111.539,Arizona,AZ
38297,0.033604,0.0,0.033604,SAN TAN VALLEY 2,33.3376,-111.59,Arizona,AZ
38298,0.027136,0.0,0.027136,COOLIDGE,32.9302,-111.514,Arizona,AZ
38299,0.003863,0.0,0.003863,RIO VERDE,33.9361,-111.522,Arizona,AZ
38300,0.032048,0.0,0.032048,SAN TAN VALLEY 3,33.23,-111.446,Arizona,AZ
38301,0.032048,0.0,0.032048,SAN TAN VALLEY 4,33.0919,-111.548,Arizona,AZ
38302,0.038845,0.0,0.038845,APACHE JUNCTION 3,33.4389,-111.483,Arizona,AZ
38303,0.003551,0.0,0.003551,CAMERON,35.965,-111.43,Arizona,AZ
38304,0.019532,0.0,0.019532,PAGE 1,36.7916,-111.525,Arizona,AZ
38305,0.031468,0.0,0.031468,MARANA 1,32.4681,-111.425,Arizona,AZ
38306,0.034287,0.0,0.034287,FLAGSTAFF 4,35.4574,-111.442,Arizona,AZ
38307,0.034177,0.0,0.034177,FLAGSTAFF 5,35.3834,-111.456,Arizona,AZ
38308,0.009208,0.0,0.009208,TUCSON 1,31.8328,-111.451,Arizona,AZ
38309,0.020594,0.0,0.020594,TUCSON 2,32.1846,-111.398,Arizona,AZ
38310,0.022419,0.0,0.022419,GOLD CANYON,33.2853,-111.325,Arizona,AZ
38311,0.040047,0.0,0.040047,PAYSON 1,34.2803,-111.264,Arizona,AZ
38312,0.030711,0.0,0.030711,FLORENCE 2,32.9552,-111.188,Arizona,AZ
38313,0.030711,0.0,0.030711,FLORENCE 3,33.0082,-111.286,Arizona,AZ
38314,0.004174,0.0,0.004174,TONTO BASIN,33.8292,-111.121,Arizona,AZ
38315,0.026678,0.0,0.026678,TUCSON 3,32.3374,-111.173,Arizona,AZ
38316,0.026678,0.0,0.026678,TUCSON 4,32.2412,-111.217,Arizona,AZ
38317,0.005364,0.0,0.005364,AMADO,31.6499,-111.152,Arizona,AZ
38318,0.01426,0.0,0.01426,MARANA 2,32.611,-111.053,Arizona,AZ
38319,0.00526,0.0,0.00526,SUPERIOR 1,33.3185,-111.026,Arizona,AZ
38320,0.031096,0.0,0.031096,TUCSON 5,32.1777,-111.054,Arizona,AZ
38321,0.020783,0.0,0.020783,TUBA CITY,36.1006,-111.085,Arizona,AZ
38322,0.033872,0.0,0.033872,TUCSON 6,32.2844,-111.125,Arizona,AZ
38323,0.033872,0.0,0.033872,TUCSON 7,32.3405,-111.078,Arizona,AZ
38324,0.011582,0.0,0.011582,GREEN VALLEY 1,31.8726,-111.099,Arizona,AZ
38325,0.023078,0.0,0.023078,TUCSON 8,32.404,-110.988,Arizona,AZ
38326,0.023078,0.0,0.023078,TUCSON 9,32.443,-111.028,Arizona,AZ
38327,0.004229,0.0,0.004229,KAIBETO,36.7933,-111.119,Arizona,AZ
38328,0.039413,0.0,0.039413,TUCSON 10,32.0233,-111.05,Arizona,AZ
38329,0.039413,0.0,0.039413,TUCSON 11,32.1276,-111.024,Arizona,AZ
38330,0.030205,0.0,0.030205,TUCSON 12,32.395,-110.978,Arizona,AZ
38331,0.030382,0.0,0.030382,TUCSON 13,32.376,-111.134,Arizona,AZ
38332,0.038137,0.0,0.038137,RIO RICO,31.5573,-110.955,Arizona,AZ
38333,0.004265,0.0,0.004265,KEARNY,33.0856,-111.121,Arizona,AZ
38334,0.043141,0.0,0.043141,SAHUARITA,31.9039,-110.92,Arizona,AZ
38335,0.045905,0.0,0.045905,TUCSON 14,32.1579,-111.063,Arizona,AZ
38336,0.045905,0.0,0.045905,TUCSON 15,32.1342,-111.054,Arizona,AZ
38337,0.052648,0.0,0.052648,TUCSON 16,32.2498,-110.951,Arizona,AZ
38338,0.052648,0.0,0.052648,TUCSON 17,32.3428,-111.049,Arizona,AZ
38339,0.03267,0.0,0.03267,TUCSON 18,32.6258,-110.944,Arizona,AZ
38340,0.028307,0.0,0.028307,TUCSON 19,32.3582,-111.054,Arizona,AZ
38341,0.028307,0.0,0.028307,TUCSON 20,32.3812,-110.919,Arizona,AZ
38342,0.027654,0.0,0.027654,TUCSON 21,32.5043,-110.903,Arizona,AZ
38343,0.009122,0.0,0.009122,TUCSON 22,32.168,-110.959,Arizona,AZ
38344,0.027477,0.0,0.027477,TUCSON 23,32.1295,-110.972,Arizona,AZ
38345,0.040261,0.0,0.040261,TUCSON 24,32.2527,-110.883,Arizona,AZ
38346,0.040261,0.0,0.040261,TUCSON 25,32.2493,-110.901,Arizona,AZ
38347,0.037942,0.0,0.037942,TUCSON 26,32.4197,-111.046,Arizona,AZ
38348,0.003301,0.0,0.003301,LEUPP,35.4901,-110.929,Arizona,AZ
38349,0.050531,0.0,0.050531,TUCSON 27,32.0899,-110.916,Arizona,AZ
38350,0.051739,0.0,0.051739,TUCSON 28,32.2087,-110.887,Arizona,AZ
38351,0.030071,0.0,0.030071,TUCSON 29,32.1922,-110.878,Arizona,AZ
38352,0.030071,0.0,0.030071,TUCSON 30,32.2027,-110.851,Arizona,AZ
38353,0.042403,0.0,0.042403,GREEN VALLEY 2,31.7712,-110.884,Arizona,AZ
38354,0.025049,0.0,0.025049,TUCSON 31,32.3811,-110.99,Arizona,AZ
38355,0.025049,0.0,0.025049,TUCSON 32,32.3007,-110.904,Arizona,AZ
38356,0.042201,0.0,0.042201,NOGALES 1,31.3635,-110.818,Arizona,AZ
38357,0.032676,0.0,0.032676,TUCSON 33,32.0363,-110.863,Arizona,AZ
38358,0.032676,0.0,0.032676,TUCSON 34,31.9889,-110.863,Arizona,AZ
38359,0.008274,0.0,0.008274,MIAMI,33.3527,-110.82,Arizona,AZ
38360,0.0299,0.0,0.0299,TUCSON 35,32.2199,-110.959,Arizona,AZ
38361,0.0299,0.0,0.0299,TUCSON 36,32.2375,-110.794,Arizona,AZ
38362,0.037759,0.0,0.037759,TUCSON 37,32.2383,-110.937,Arizona,AZ
38363,0.037759,0.0,0.037759,TUCSON 38,32.3019,-110.824,Arizona,AZ
38364,0.005455,0.0,0.005455,TUCSON 39,32.1286,-110.872,Arizona,AZ
38365,0.032408,0.0,0.032408,TUCSON 40,32.1835,-110.756,Arizona,AZ
38366,0.044319,0.0,0.044319,TUCSON 41,32.3862,-110.811,Arizona,AZ
38367,0.049829,0.0,0.049829,TUCSON 42,32.146,-110.738,Arizona,AZ
38368,0.049829,0.0,0.049829,TUCSON 43,32.3139,-110.848,Arizona,AZ
38369,0.00778,0.0,0.00778,TONALEA,36.6207,-110.755,Arizona,AZ
38370,0.007457,0.0,0.007457,ORACLE,32.6137,-110.804,Arizona,AZ
38371,0.042208,0.0,0.042208,TUCSON 44,32.1224,-110.688,Arizona,AZ
38372,0.024432,0.0,0.024432,GLOBE 1,33.5072,-110.666,Arizona,AZ
38373,0.033109,0.0,0.033109,TUCSON 45,32.2579,-110.774,Arizona,AZ
38374,0.035074,0.0,0.035074,TUCSON 46,32.1118,-110.741,Arizona,AZ
38375,0.035074,0.0,0.035074,TUCSON 47,32.2075,-110.846,Arizona,AZ
38376,0.034842,0.0,0.034842,TUCSON 48,32.2983,-110.817,Arizona,AZ
38377,0.002514,0.0,0.002514,HOTEVILLA,36.0179,-110.804,Arizona,AZ
38378,0.002612,0.0,0.002612,PATAGONIA,31.5537,-110.738,Arizona,AZ
38379,0.005034,0.0,0.005034,WINKELMAN,33.0515,-110.752,Arizona,AZ
38380,0.027404,0.0,0.027404,WINSLOW,35.189,-110.604,Arizona,AZ
38381,0.039822,0.0,0.039822,VAIL 1,31.9901,-110.562,Arizona,AZ
38382,0.003539,0.0,0.003539,SHONTO,36.6934,-110.638,Arizona,AZ
38383,0.0098,0.0,0.0098,SAN MANUEL,32.6159,-110.58,Arizona,AZ
38384,0.003289,0.0,0.003289,SECOND MESA,35.9071,-110.494,Arizona,AZ
38385,0.002685,0.0,0.002685,KYKOTSMOVI VILLAGE,36.1102,-110.479,Arizona,AZ
38386,0.009086,0.0,0.009086,OVERGAARD,34.4207,-110.561,Arizona,AZ
38387,0.008769,0.0,0.008769,SAN CARLOS 3,33.4447,-110.488,Arizona,AZ
38388,0.017324,0.0,0.017324,BENSON,32.1891,-110.316,Arizona,AZ
38389,0.010251,0.0,0.010251,FORT HUACHUCA 1,31.5658,-110.335,Arizona,AZ
38390,0.003295,0.0,0.003295,CIBECUE,34.1483,-110.455,Arizona,AZ
38391,0.0826,0.0,0.0826,MONUMENT VALLEY,37.1737,-110.336,PACE,AZ
38392,0.011954,0.0,0.011954,HUACHUCA CITY,31.7189,-110.39,Arizona,AZ
38393,0.005852,0.0,0.005852,PERIDOT,33.3623,-110.253,Arizona,AZ
38394,0.002764,0.0,0.002764,JOSEPH CITY 1,35.0691,-110.243,Arizona,AZ
38395,0.014358,0.0,0.014358,KAYENTA,36.6282,-110.183,Arizona,AZ
38396,0.009806,0.0,0.009806,PINON,36.294,-110.18,Arizona,AZ
38397,0.017232,0.0,0.017232,HEREFORD,31.3837,-110.149,Arizona,AZ
38398,0.027972,0.0,0.027972,SIERRA VISTA 1,31.4068,-110.227,Arizona,AZ
38399,0.003789,0.0,0.003789,BYLAS,33.1482,-110.29,Arizona,AZ
38400,0.006932,0.020207,0.027139,SAINT DAVID,31.8104,-110.146,Arizona,AZ
38401,0.031785,0.0,0.031785,SIERRA VISTA 2,31.5365,-110.124,Arizona,AZ
38402,0.031785,0.0,0.031785,SIERRA VISTA 3,31.6092,-110.174,Arizona,AZ
38403,0.007414,0.0,0.007414,KEAMS CANYON,35.7699,-110.196,Arizona,AZ
38404,0.011063,0.0,0.011063,HOLBROOK,35.0214,-110.038,Arizona,AZ
38405,0.009104,0.0,0.009104,TAYLOR,34.4757,-110.153,Arizona,AZ
38406,0.01445,0.0,0.01445,SNOWFLAKE 1,34.6019,-110.138,Arizona,AZ
38407,0.003399,0.0,0.003399,INDIAN WELLS,35.3136,-109.97,Arizona,AZ
38408,0.003612,0.0,0.003612,TOMBSTONE,31.7554,-110.061,Arizona,AZ
38409,0.031499,0.0,0.031499,SHOW LOW,34.2772,-109.965,Arizona,AZ
38410,0.007743,0.0,0.007743,PIMA,33.0038,-110.054,Arizona,AZ
38411,0.018684,0.0,0.018684,WHITERIVER,33.7921,-109.923,Arizona,AZ
38412,0.01905,0.0,0.01905,WILLCOX,32.3775,-109.96,Arizona,AZ
38413,0.015237,0.0,0.015237,LAKESIDE 3,34.1522,-109.931,Arizona,AZ
38414,0.023113,0.0,0.023113,BLUE GAP,36.1128,-109.899,WALC,AZ
38415,0.017079,0.0,0.017079,BISBEE,31.5009,-109.945,Arizona,AZ
38416,0.010654,0.0,0.010654,PINETOP,34.105,-109.864,Arizona,AZ
38417,0.023715,0.0,0.023715,DENNEHOTSO,36.787,-109.817,WALC,AZ
38418,0.013302,0.0,0.013302,THATCHER,32.883,-109.786,Arizona,AZ
38419,0.099025,0.0,0.099025,GANADO,35.7136,-109.7,WALC,AZ
38420,0.138077,0.0,0.138077,CHINLE,36.0565,-109.614,WALC,AZ
38421,0.018602,0.0,0.018602,VERNON,34.3099,-109.631,WALC,AZ
38422,0.034584,0.0,0.034584,CONCHO,34.6205,-109.728,WALC,AZ
38423,0.007597,0.0,0.007597,PEARCE,31.8507,-109.666,Arizona,AZ
38424,0.036345,0.0,0.036345,ROCK POINT,36.6295,-109.547,WALC,AZ
38425,0.030116,0.0,0.030116,MANY FARMS,36.4531,-109.575,WALC,AZ
38426,0.01886,0.0,0.01886,CHAMBERS,35.1524,-109.59,WALC,AZ
38427,0.000498,0.0,0.000498,CLIFTON 1,33.3726,-109.309,PNM,AZ
38428,0.000479,0.0,0.000479,MORENCI,32.9396,-109.296,PNM,AZ
38429,0.034641,0.0,0.034641,DOUGLAS 1,31.4738,-109.29,Arizona,AZ
38430,0.03602,0.0,0.03602,SAFFORD,32.7683,-109.323,Arizona,AZ
38431,0.030502,0.0,0.030502,SPRINGERVILLE 1,34.227,-109.245,WALC,AZ
38432,0.042746,0.0,0.042746,TEEC NOS POS,36.8242,-109.406,WALC,AZ
38433,0.075998,0.0,0.075998,EAGAR,34.1025,-109.412,WALC,AZ
38434,0.055334,0.0,0.055334,SAINT JOHNS 1,34.588,-109.292,WALC,AZ
38435,0.030159,0.0,0.030159,LUKACHUKAI,36.3963,-109.272,WALC,AZ
38436,0.026937,0.0,0.026937,TSAILE,36.3011,-109.157,WALC,AZ
38437,0.031448,0.0,0.031448,SANDERS,35.0629,-109.239,WALC,AZ
38438,0.017013,0.0,0.017013,HOUCK,35.2972,-109.22,WALC,AZ
38439,0.05731,0.0,0.05731,SAINT MICHAELS,35.4722,-109.094,WALC,AZ
38440,0.016325,0.0,0.016325,RED VALLEY,36.6164,-109.101,WALC,AZ
38441,0.000431,0.0,0.000431,DUNCAN,32.7487,-109.125,PNM,AZ
38442,0.098939,0.0,0.098939,FORT DEFIANCE,36.0177,-109.203,WALC,AZ
38443,0.000445,0.0,0.000445,NAVAJO,35.9839,-109.002,PNM,AZ
38444,0.000747,0.0,0.000747,WINDOW ROCK,35.7123,-108.977,PNM,AZ
38446,0.001446,0.0,0.001446,DATELAND 1,32.9774,-113.495,Arizona,AZ
38450,0.001068,0.0,0.001068,PHOENIX 71,33.6711,-111.162,Arizona,AZ
38455,0.00609,0.0,0.00609,DOUGLAS 2,31.3641,-109.554,Arizona,AZ
38459,0.000409,0.0,0.000409,BAGDAD 2,34.5858,-113.177,Arizona,AZ
38462,0.002886,0.0,0.002886,COCHISE,32.0603,-109.893,Arizona,AZ
38464,0.002288,0.0,0.002288,PHOENIX 72,33.5536,-111.443,Arizona,AZ
38465,0.001379,0.0,0.001379,BUCKEYE 4,33.305,-112.834,Arizona,AZ
38482,0.0,0.080644,0.080644,CHANDLER 15,33.4172,-111.928,Arizona,AZ
38484,0.0,0.04526,0.04526,CASA GRANDE 5,32.9042,-111.789,Arizona,AZ
38517,0.010997,0.0,0.010997,ENTERPRISE 2,37.6319,-113.83,PACE,UT
38518,0.03067,0.0,0.03067,IVINS,37.2524,-113.728,PACE,UT
38519,0.023928,0.0,0.023928,SANTA CLARA 9,37.0728,-113.727,PACE,UT
38520,0.08317,0.0,0.08317,SAINT GEORGE 1,37.2645,-113.62,PACE,UT
38521,0.076218,0.0,0.076218,SAINT GEORGE 2,37.1174,-113.63,PACE,UT
38522,0.006173,0.0,0.006173,WENDOVER,40.7559,-113.541,PACE,UT
38523,0.06967,0.0,0.06967,SAINT GEORGE 3,37.029,-113.527,PACE,UT
38524,0.06967,0.0,0.06967,SAINT GEORGE 4,37.1042,-113.633,PACE,UT
38525,0.073072,0.0,0.073072,WASHINGTON,37.1967,-113.537,PACE,UT
38526,0.007941,0.0,0.007941,TOQUERVILLE,37.3144,-113.228,PACE,UT
38527,0.005274,0.0,0.005274,NEW HARMONY,37.4969,-113.236,PACE,UT
38528,0.020317,0.0,0.020317,LA VERKIN,37.2161,-113.299,PACE,UT
38529,0.005463,0.0,0.005463,HURRICANE,36.9661,-113.209,WALC,UT
38530,0.077776,0.0,0.077776,CEDAR CITY 1,37.6225,-113.165,PACE,UT
38531,0.081657,0.0,0.081657,CEDAR CITY 2,37.8112,-113.106,PACE,UT
38532,0.011642,0.0,0.011642,HILDALE,37.1202,-113.056,PACE,UT
38533,0.011177,0.0,0.011177,MILFORD 1,38.3497,-112.966,PACE,UT
38534,0.013215,0.0,0.013215,PAROWAN,37.7887,-112.91,PACE,UT
38535,0.036903,0.0,0.036903,GRANTSVILLE 1,40.6526,-112.733,PACE,UT
38536,0.008181,0.0,0.008181,ORDERVILLE,37.3471,-112.726,PACE,UT
38537,0.014773,0.0,0.014773,BEAVER 1,38.4068,-112.732,PACE,UT
38538,0.026055,0.0,0.026055,DELTA 1,39.5582,-112.729,PACE,UT
38539,0.006637,0.0,0.006637,DUGWAY,40.4075,-112.708,PACE,UT
38540,0.006143,0.0,0.006143,CORINNE,41.4395,-112.557,PACE,UT
38541,0.010398,0.0,0.010398,PANGUITCH,37.9535,-112.494,PACE,UT
38542,0.013799,0.0,0.013799,FILLMORE 2,39.0321,-112.459,PACE,UT
38543,0.00457,0.0,0.00457,OAK CITY,39.4164,-112.319,PACE,UT
38544,0.047526,0.0,0.047526,TREMONTON,41.8591,-112.278,PACE,UT
38545,0.086301,0.0,0.086301,TOOELE 1,40.5154,-112.203,PACE,UT
38546,0.090871,0.0,0.090871,TOOELE 2,40.5126,-112.32,PACE,UT
38547,0.00433,0.0,0.00433,CIRCLEVILLE,38.2379,-112.24,PACE,UT
38548,0.02165,0.0,0.02165,KANAB,37.1031,-112.16,PACE,UT
38549,0.051661,0.0,0.051661,MAGNA 1,40.7397,-112.249,PACE,UT
38550,0.051661,0.0,0.051661,MAGNA 2,40.6644,-112.14,PACE,UT
38551,0.020601,0.0,0.020601,GARLAND,41.678,-112.176,PACE,UT
38552,0.010593,0.0,0.010593,ELSINORE,38.696,-112.216,PACE,UT
38553,0.029531,0.0,0.029531,HOOPER,41.1525,-112.175,PACE,UT
38554,0.10978,0.0,0.10978,OGDEN 1,41.2621,-112.071,PACE,UT
38555,0.10978,0.0,0.10978,OGDEN 2,41.2036,-112.16,PACE,UT
38556,0.016931,0.0,0.016931,MONROE 4,38.5404,-112.124,PACE,UT
38557,0.065041,0.0,0.065041,HERRIMAN 1,40.6102,-112.108,PACE,UT
38558,0.068262,0.0,0.068262,HERRIMAN 2,40.5952,-112.148,PACE,UT
38559,0.095471,0.0,0.095471,SYRACUSE,41.0429,-112.042,PACE,UT
38560,0.006083,0.0,0.006083,TROPIC,37.5869,-112.013,PACE,UT
38561,0.011881,0.0,0.011881,CLARKSTON 2,41.9118,-112.016,PACE,UT
38562,0.121721,0.0,0.121721,CLEARFIELD 1,41.0385,-112.141,PACE,UT
38563,0.121721,0.0,0.121721,CLEARFIELD 2,41.1496,-111.985,PACE,UT
38564,0.095771,0.027314,0.123084,BRIGHAM CITY,41.6191,-112.082,PACE,UT
38565,0.072937,0.0,0.072937,ROY 2,41.2551,-112.142,PACE,UT
38566,0.072937,0.0,0.072937,ROY 3,41.2563,-112.011,PACE,UT
38567,0.054508,0.0,0.054508,SALT LAKE CITY 1,40.7077,-112.008,PACE,UT
38568,0.054508,0.0,0.054508,SALT LAKE CITY 2,40.6135,-112.116,PACE,UT
38569,0.079334,0.0,0.079334,WEST JORDAN 1,40.6499,-112.128,PACE,UT
38570,0.079334,0.0,0.079334,WEST JORDAN 2,40.5954,-112.033,PACE,UT
38571,0.013125,0.0,0.013125,WILLARD 1,41.4597,-112.029,PACE,UT
38572,0.069386,0.0,0.069386,OGDEN 3,41.1367,-112.072,PACE,UT
38573,0.069386,0.0,0.069386,OGDEN 4,41.123,-112.069,PACE,UT
38574,0.140584,0.0,0.140584,SALT LAKE CITY 3,40.7083,-111.918,PACE,UT
38575,0.133018,0.0,0.133018,SALT LAKE CITY 4,40.7044,-111.963,PACE,UT
38576,0.095351,0.0,0.095351,SALT LAKE CITY 5,40.7739,-111.956,PACE,UT
38577,0.095351,0.0,0.095351,SALT LAKE CITY 6,40.6067,-111.998,PACE,UT
38578,0.087335,0.0,0.087335,EAGLE MOUNTAIN,40.2364,-111.985,PACE,UT
38579,0.0129,0.0,0.0129,HILL AFB,41.2161,-112.086,PACE,UT
38580,0.086916,0.0,0.086916,LAYTON 1,41.1563,-112.009,PACE,UT
38581,0.086916,0.0,0.086916,LAYTON 2,41.162,-112.008,PACE,UT
38582,0.096879,0.0,0.096879,SALT LAKE CITY 7,40.6883,-112.066,PACE,UT
38583,0.098498,0.0,0.098498,SOUTH JORDAN 1,40.502,-112.043,PACE,UT
38584,0.098498,0.0,0.098498,SOUTH JORDAN 2,40.6045,-111.928,PACE,UT
38585,0.051631,0.0,0.051631,OGDEN 5,41.3018,-112.027,PACE,UT
38586,0.051631,0.0,0.051631,OGDEN 6,41.4202,-112.058,PACE,UT
38587,0.061055,0.0,0.061055,OGDEN 7,41.2154,-112.044,PACE,UT
38588,0.061055,0.0,0.061055,OGDEN 8,41.1171,-112.041,PACE,UT
38589,0.093104,0.0,0.093104,WEST JORDAN 3,40.712,-111.872,PACE,UT
38590,0.072547,0.0,0.072547,WEST JORDAN 4,40.6272,-111.95,PACE,UT
38591,0.069341,0.0,0.069341,WEST JORDAN 5,40.609,-111.922,PACE,UT
38592,0.069341,0.0,0.069341,WEST JORDAN 6,40.5501,-112.024,PACE,UT
38593,0.064861,0.0,0.064861,SALT LAKE CITY 8,40.8021,-111.918,PACE,UT
38594,0.064861,0.0,0.064861,SALT LAKE CITY 9,40.7747,-111.865,PACE,UT
38595,0.064996,0.0,0.064996,KAYSVILLE 1,41.0976,-111.992,PACE,UT
38596,0.064996,0.0,0.064996,KAYSVILLE 2,41.1032,-112.04,PACE,UT
38597,0.103382,0.0,0.103382,SALT LAKE CITY 10,40.6125,-111.981,PACE,UT
38598,0.103382,0.0,0.103382,SALT LAKE CITY 11,40.7287,-111.848,PACE,UT
38599,0.019658,0.0,0.019658,WELLSVILLE,41.5505,-111.846,PACE,UT
38600,0.074345,0.0,0.074345,RIVERTON 1,40.5268,-111.921,PACE,UT
38601,0.074345,0.0,0.074345,RIVERTON 2,40.4323,-111.936,PACE,UT
38602,0.055422,0.0,0.055422,WOODS CROSS,40.8458,-111.929,PACE,UT
38603,0.089703,0.0,0.089703,LAYTON 3,41.0129,-111.98,PACE,UT
38604,0.010788,0.0,0.010788,AURORA 1,38.8705,-111.83,PACE,UT
38605,0.073821,0.0,0.073821,SALT LAKE CITY 12,40.6259,-111.92,PACE,UT
38606,0.073821,0.0,0.073821,SALT LAKE CITY 13,40.6592,-111.998,PACE,UT
38607,0.063093,0.0,0.063093,NORTH SALT LAKE,40.9069,-111.852,PACE,UT
38608,0.06573,0.0,0.06573,SARATOGA SPRINGS,40.3978,-111.854,PACE,UT
38609,0.071259,0.0,0.071259,OGDEN 9,41.2732,-111.955,PACE,UT
38610,0.071259,0.0,0.071259,OGDEN 10,41.0973,-111.861,PACE,UT
38611,0.071109,0.0,0.071109,FARMINGTON 1,40.8891,-111.896,PACE,UT
38612,0.056366,0.0,0.056366,MIDVALE 1,40.6572,-111.817,PACE,UT
38613,0.056366,0.0,0.056366,MIDVALE 2,40.5513,-111.932,PACE,UT
38614,0.0961,0.0,0.0961,SALT LAKE CITY 14,40.746,-111.968,PACE,UT
38615,0.096849,0.0,0.096849,SANDY 3,40.6078,-111.795,PACE,UT
38616,0.060111,0.0,0.060111,SALT LAKE CITY 15,40.5926,-111.956,PACE,UT
38617,0.060111,0.0,0.060111,SALT LAKE CITY 16,40.6267,-111.934,PACE,UT
38618,0.059482,0.0,0.059482,CENTERVILLE 2,40.8896,-111.892,PACE,UT
38619,0.041847,0.0,0.041847,SALT LAKE CITY 17,40.7814,-111.929,PACE,UT
38620,0.050402,0.0,0.050402,SMITHFIELD,41.7415,-111.974,PACE,UT
38621,0.095501,0.0,0.095501,LEHI 1,40.4601,-111.789,PACE,UT
38622,0.095501,0.0,0.095501,LEHI 2,40.3896,-111.877,PACE,UT
38623,0.077447,0.0,0.077447,DRAPER 1,40.4564,-111.83,PACE,UT
38624,0.077447,0.0,0.077447,DRAPER 2,40.4545,-111.803,PACE,UT
38625,0.087305,0.0,0.087305,BOUNTIFUL 1,40.8019,-111.789,PACE,UT
38626,0.087305,0.0,0.087305,BOUNTIFUL 2,40.9301,-111.9,PACE,UT
38627,0.022504,0.0,0.022504,NEPHI,39.7294,-111.876,PACE,UT
38628,0.067857,0.0,0.067857,SALT LAKE CITY 18,40.6936,-111.766,PACE,UT
38629,0.054673,0.0,0.054673,SANDY 4,40.6601,-111.856,PACE,UT
38630,0.054673,0.0,0.054673,SANDY 5,40.5919,-111.771,PACE,UT
38631,0.086242,0.0,0.086242,SALT LAKE CITY 19,40.6769,-111.791,PACE,UT
38632,0.065026,0.0,0.065026,SALT LAKE CITY 20,40.7062,-111.904,PACE,UT
38633,0.065026,0.0,0.065026,SALT LAKE CITY 21,40.6182,-111.783,PACE,UT
38634,0.016017,0.0,0.016017,EDEN,41.4344,-111.75,PACE,UT
38635,0.00872,0.0,0.00872,LEWISTON 1,42.0303,-111.836,PACE,UT
38636,0.010203,0.0,0.010203,MONA 1,39.8276,-111.779,PACE,UT
38637,0.082136,0.0,0.082136,SALT LAKE CITY 22,40.7162,-111.82,PACE,UT
38638,0.085852,0.0,0.085852,LOGAN 1,41.6373,-111.936,PACE,UT
38639,0.085852,0.0,0.085852,LOGAN 2,41.7457,-111.849,PACE,UT
38640,0.009214,0.0,0.009214,PARADISE 3,41.4649,-111.932,PACE,UT
38641,0.094677,0.0,0.094677,SALT LAKE CITY 23,40.5977,-111.799,PACE,UT
38642,0.090107,0.0,0.090107,SANDY 6,40.5515,-111.898,PACE,UT
38643,0.008271,0.0,0.008271,CENTERFIELD,39.1491,-111.74,PACE,UT
38644,0.006862,0.0,0.006862,MILLVILLE,41.6913,-111.762,PACE,UT
38645,0.023358,0.0,0.023358,HYDE PARK,41.7801,-111.906,PACE,UT
38646,0.08296,0.0,0.08296,SALT LAKE CITY 24,40.6445,-111.857,PACE,UT
38647,0.028123,0.086162,0.114285,PROVIDENCE,41.6698,-111.86,PACE,UT
38648,0.010608,0.0,0.010608,RICHMOND 6,41.8454,-111.73,PACE,UT
38649,0.015717,0.0,0.015717,GUNNISON 1,39.2312,-111.899,PACE,UT
38650,0.045488,0.0,0.045488,SANTAQUIN,39.9941,-111.89,PACE,UT
38651,0.078331,0.0,0.078331,LOGAN 3,41.7156,-111.883,PACE,UT
38652,0.038251,0.0,0.038251,ALPINE 2,40.5762,-111.78,PACE,UT
38653,0.080788,0.0,0.080788,SALT LAKE CITY 25,40.7926,-111.721,PACE,UT
38654,0.059482,0.0,0.059482,OREM 1,40.312,-111.821,PACE,UT
38655,0.059482,0.0,0.059482,OREM 2,40.3002,-111.744,PACE,UT
38656,0.039315,0.0,0.039315,LINDON,40.3679,-111.725,PACE,UT
38657,0.095456,0.0,0.095456,PAYSON 2,39.9668,-111.806,PACE,UT
38658,0.081222,0.0,0.081222,SALT LAKE CITY 26,40.5474,-111.722,PACE,UT
38659,0.081222,0.0,0.081222,SALT LAKE CITY 27,40.6731,-111.631,PACE,UT
38660,0.071423,0.0,0.071423,OREM 3,40.2473,-111.766,PACE,UT
38661,0.071423,0.0,0.071423,OREM 4,40.2762,-111.794,PACE,UT
38662,0.057504,0.0,0.057504,SANDY 7,40.6348,-111.653,PACE,UT
38663,0.057504,0.0,0.057504,SANDY 8,40.6216,-111.777,PACE,UT
38664,0.092939,0.0,0.092939,SALT LAKE CITY 28,40.6962,-111.676,PACE,UT
38665,0.038326,0.0,0.038326,RICHFIELD,38.6551,-111.791,PACE,UT
38666,0.061325,0.0,0.061325,PROVO 1,40.1627,-111.795,PACE,UT
38667,0.061325,0.0,0.061325,PROVO 2,40.1557,-111.782,PACE,UT
38668,0.074,0.0,0.074,SPANISH FORK 1,40.0724,-111.745,PACE,UT
38669,0.074,0.0,0.074,SPANISH FORK 2,40.1028,-111.792,PACE,UT
38670,0.082556,0.0,0.082556,AMERICAN FORK 1,40.494,-111.64,PACE,UT
38671,0.082556,0.0,0.082556,AMERICAN FORK 2,40.4994,-111.767,PACE,UT
38672,0.040214,0.0,0.040214,MORGAN,40.9889,-111.66,PACE,UT
38673,0.083065,0.0,0.083065,OREM 5,40.3324,-111.757,PACE,UT
38674,0.084279,0.0,0.084279,PLEASANT GROVE 1,40.5128,-111.767,PACE,UT
38675,0.084279,0.0,0.084279,PLEASANT GROVE 2,40.4903,-111.759,PACE,UT
38676,0.03079,0.0,0.03079,HYRUM,41.6449,-111.662,PACE,UT
38677,0.030955,0.0,0.030955,SALEM 14,39.9572,-111.579,PACE,UT
38678,0.009185,0.0,0.009185,LOA,38.4635,-111.568,PACE,UT
38679,0.010473,0.0,0.010473,SALINA,38.939,-111.676,PACE,UT
38680,0.062898,0.0,0.062898,PROVO 3,40.1237,-111.63,PACE,UT
38681,0.062898,0.0,0.062898,PROVO 4,40.1996,-111.63,PACE,UT
38682,0.011237,0.0,0.011237,HUNTSVILLE,41.3273,-111.69,PACE,UT
38683,0.015882,0.0,0.015882,MANTI,39.2692,-111.519,PACE,UT
38684,0.016256,0.0,0.016256,MORONI,39.5628,-111.689,PACE,UT
38685,0.006577,0.0,0.006577,ESCALANTE,37.7802,-111.611,PACE,UT
38686,0.095726,0.0,0.095726,PROVO 5,40.3173,-111.619,PACE,UT
38687,0.095726,0.0,0.095726,PROVO 6,40.3105,-111.597,PACE,UT
38688,0.031299,0.0,0.031299,MAPLETON,40.1767,-111.579,PACE,UT
38689,0.031494,0.0,0.031494,EPHRAIM,39.392,-111.467,PACE,UT
38690,0.067318,0.0,0.067318,PARK CITY 1,40.7062,-111.591,PACE,UT
38691,0.019927,0.0,0.019927,MIDWAY,40.4277,-111.49,PACE,UT
38692,0.029591,0.0,0.029591,PARK CITY 2,40.6076,-111.486,PACE,UT
38693,0.058388,0.0,0.058388,SPRINGVILLE 1,40.241,-111.578,PACE,UT
38694,0.058388,0.0,0.058388,SPRINGVILLE 2,40.1093,-111.408,PACE,UT
38695,0.009859,0.0,0.009859,FAIRVIEW 2,39.8452,-111.467,PACE,UT
38696,0.007252,0.0,0.007252,GARDEN CITY 1,41.8719,-111.366,PACE,UT
38697,0.015657,0.0,0.015657,MOUNT PLEASANT,39.5765,-111.469,PACE,UT
38698,0.067198,0.0,0.067198,HEBER CITY,40.5508,-111.317,PACE,UT
38699,0.014099,0.0,0.014099,COALVILLE,40.9378,-111.212,PACE,UT
38700,0.005858,0.0,0.005858,ORANGEVILLE,39.3259,-111.204,PACE,UT
38701,0.006997,0.0,0.006997,OAKLEY 3,40.6187,-111.235,PACE,UT
38702,0.007881,0.0,0.007881,FERRON,39.1885,-111.248,PACE,UT
38703,0.010683,0.0,0.010683,HUNTINGTON 1,39.4631,-111.014,PACE,UT
38704,0.024557,0.0,0.024557,KAMAS,40.7224,-110.928,PACE,UT
38705,0.007911,0.0,0.007911,CASTLE DALE 1,39.1695,-110.967,PACE,UT
38706,0.016107,0.0,0.016107,HELPER 1,39.7829,-110.967,PACE,UT
38707,0.053729,0.0,0.053729,PRICE,39.6262,-110.666,PACE,UT
38708,0.013035,0.0,0.013035,WELLINGTON 2,39.5188,-110.749,PACE,UT
38709,0.056935,0.0,0.056935,EVANSTON 1,41.1071,-110.632,PACE,UT
38710,0.014698,0.0,0.014698,DUCHESNE,40.0733,-110.609,PACE,UT
38711,0.006548,0.0,0.006548,EAST CARBON,39.4803,-110.511,PACE,UT
38712,0.007761,0.0,0.007761,ALTAMONT,40.3906,-110.369,PACE,UT
38713,0.004795,0.0,0.004795,GREEN RIVER 1,39.095,-110.069,PACE,UT
38714,0.046837,0.0,0.046837,ROOSEVELT 3,40.3086,-110.116,PACE,UT
38715,0.006413,0.0,0.006413,NEOLA,40.5047,-110.059,PACE,UT
38716,0.006772,0.0,0.006772,MYTON,40.1279,-110.079,PACE,UT
38717,0.006503,0.0,0.006503,FORT DUCHESNE,40.3376,-109.826,PACE,UT
38718,0.005813,0.0,0.005813,LAPOINT,40.5381,-109.798,PACE,UT
38719,0.005304,0.0,0.005304,BLUFF,37.1113,-109.626,PACE,UT
38720,0.010128,0.0,0.010128,MONTICELLO,37.9082,-109.47,PACE,UT
38721,0.039914,0.0,0.039914,MOAB,38.6072,-109.575,PACE,UT
38722,0.054478,0.0,0.054478,VERNAL 1,40.6192,-109.568,PACE,UT
38723,0.050357,0.0,0.050357,VERNAL 2,40.588,-109.533,PACE,UT
38724,0.018204,0.0,0.018204,BLANDING,37.6045,-109.346,PACE,UT
38725,0.010338,0.0,0.010338,MONTEZUMA CREEK,37.1945,-109.187,PACE,UT
38726,0.002907,0.0,0.002907,JENSEN,40.3446,-109.181,PACE,UT
38751,0.02945,0.0,0.02945,LAS VEGAS 79,35.5753,-104.898,PNM,NM
38752,0.006181,0.0,0.006181,ANGEL FIRE,36.4001,-105.287,PNM,NM
38753,0.003699,0.0,0.003699,CAPITAN,33.706,-105.246,PNM,NM
38754,0.006251,0.0,0.006251,MORA,35.8952,-105.433,PNM,NM
38755,0.01634,0.0,0.01634,TAOS,36.4014,-105.527,PNM,NM
38756,0.006131,0.0,0.006131,QUESTA,36.8006,-105.52,PNM,NM
38757,0.005084,0.0,0.005084,RIBERA,35.2915,-105.604,PNM,NM
38758,0.005802,0.0,0.005802,RUIDOSO DOWNS,33.323,-105.555,PNM,NM
38759,0.001425,0.0,0.001425,MESCALERO,33.1937,-105.606,EPE,NM
38760,0.005643,0.0,0.005643,PECOS,35.5972,-105.657,PNM,NM
38761,0.009501,0.0,0.009501,EL PRADO,36.4612,-105.532,PNM,NM
38762,0.004397,0.0,0.004397,ALTO,33.4472,-105.752,PNM,NM
38763,0.012362,0.0,0.012362,RUIDOSO,33.4289,-105.596,PNM,NM
38764,0.011605,0.0,0.011605,RANCHOS DE TAOS,36.368,-105.673,PNM,NM
38765,0.002582,0.0,0.002582,CARRIZOZO,33.8831,-105.807,PNM,NM
38766,0.009102,0.0,0.009102,CHIMAYO,35.9242,-105.719,PNM,NM
38767,0.021146,0.0,0.021146,SANTA FE 1,35.8095,-105.858,PNM,NM
38768,0.024216,0.0,0.024216,SANTA FE 2,35.5971,-105.833,PNM,NM
38769,0.021903,0.0,0.021903,SANTA FE 3,35.6786,-105.849,PNM,NM
38770,0.000791,0.0,0.000791,LA LUZ,33.0859,-105.818,EPE,NM
38771,0.00653,0.0,0.00653,ESTANCIA,34.823,-105.902,PNM,NM
38772,0.014127,0.0,0.014127,ALCALDE,36.0472,-106.012,PNM,NM
38773,0.010199,0.0,0.010199,MORIARTY,34.9527,-106.004,PNM,NM
38774,0.026669,0.0,0.026669,SANTA FE 4,35.4827,-105.986,PNM,NM
38775,0.020408,0.0,0.020408,SANTA FE 5,35.9009,-105.921,PNM,NM
38776,0.001181,0.0,0.001181,TULAROSA,33.2302,-106.08,EPE,NM
38777,0.004074,0.0,0.004074,ALAMOGORDO 1,32.6359,-106.164,EPE,NM
38778,0.004569,0.0,0.004569,ALAMOGORDO 2,32.7261,-106.034,EPE,NM
38779,0.000696,0.0,0.000696,HOLLOMAN AIR FORCE BASE,32.8294,-106.077,EPE,NM
38780,0.029819,0.0,0.029819,ESPANOLA,35.9958,-106.145,PNM,NM
38781,0.033608,0.0,0.033608,SANTA FE 6,35.5481,-106.101,PNM,NM
38782,0.032022,0.0,0.032022,SANTA FE 7,35.6826,-106.027,PNM,NM
38783,0.018294,0.0,0.018294,EDGEWOOD,35.0437,-106.256,PNM,NM
38784,0.003589,0.0,0.003589,CHAPARRAL,32.1713,-106.304,EPE,NM
38785,0.003061,0.0,0.003061,MOUNTAINAIR,34.3453,-106.221,PNM,NM
38786,0.027077,0.0,0.027077,LOS ALAMOS,35.8099,-106.319,PNM,NM
38787,0.006829,0.0,0.006829,SANDIA PARK,35.2043,-106.249,PNM,NM
38788,0.013409,0.0,0.013409,TIJERAS,34.9398,-106.396,PNM,NM
38789,0.010508,0.0,0.010508,ALGODONES 1,35.4315,-106.397,PNM,NM
38790,0.006181,0.0,0.006181,ABIQUIU,36.2943,-106.423,PNM,NM
38791,0.007049,0.0,0.007049,PLACITAS,35.26,-106.369,PNM,NM
38792,0.041324,0.0,0.041324,ALBUQUERQUE 1,34.9691,-106.55,PNM,NM
38793,0.028942,0.0,0.028942,ALBUQUERQUE 2,34.981,-106.414,PNM,NM
38794,0.03942,0.0,0.03942,ALBUQUERQUE 3,35.1361,-106.463,PNM,NM
38795,0.03942,0.0,0.03942,ALBUQUERQUE 4,35.1541,-106.475,PNM,NM
38796,0.025093,0.0,0.025093,ALBUQUERQUE 5,35.1848,-106.441,PNM,NM
38797,0.033976,0.0,0.033976,ALBUQUERQUE 6,35.1642,-106.42,PNM,NM
38798,0.030417,0.0,0.030417,ALBUQUERQUE 7,35.0828,-106.558,PNM,NM
38799,0.028214,0.0,0.028214,ALBUQUERQUE 8,35.1729,-106.607,PNM,NM
38800,0.028214,0.0,0.028214,ALBUQUERQUE 9,35.2397,-106.53,PNM,NM
38801,0.026928,0.0,0.026928,ALBUQUERQUE 10,35.0443,-106.483,PNM,NM
38802,0.026928,0.0,0.026928,ALBUQUERQUE 11,35.0916,-106.543,PNM,NM
38803,0.026968,0.0,0.026968,ALBUQUERQUE 12,34.9947,-106.601,PNM,NM
38804,0.026968,0.0,0.026968,ALBUQUERQUE 13,34.9921,-106.5,PNM,NM
38805,0.020208,0.0,0.020208,ALBUQUERQUE 14,35.1598,-106.514,PNM,NM
38806,0.014147,0.0,0.014147,BERNALILLO,35.3748,-106.5,PNM,NM
38807,0.003028,0.0,0.003028,SUNLAND PARK 1,31.8723,-106.687,EPE,NM
38808,0.040257,0.0,0.040257,ALBUQUERQUE 15,35.0513,-106.543,PNM,NM
38809,0.040257,0.0,0.040257,ALBUQUERQUE 16,35.0584,-106.691,PNM,NM
38810,0.000569,0.0,0.000569,VADO,32.0599,-106.548,EPE,NM
38811,0.018853,0.0,0.018853,ALBUQUERQUE 17,34.9691,-106.574,PNM,NM
38812,0.018853,0.0,0.018853,ALBUQUERQUE 18,35.021,-106.575,PNM,NM
38813,0.012113,0.0,0.012113,CORRALES,35.1957,-106.617,PNM,NM
38814,0.021764,0.0,0.021764,ALBUQUERQUE 19,35.2122,-106.668,PNM,NM
38815,0.021764,0.0,0.021764,ALBUQUERQUE 20,35.0662,-106.704,PNM,NM
38816,0.0296,0.0,0.0296,ALBUQUERQUE 21,35.1485,-106.692,PNM,NM
38817,0.003532,0.0,0.003532,LAS CRUCES 1,32.2821,-106.581,EPE,NM
38818,0.003155,0.0,0.003155,LAS CRUCES 2,32.3734,-106.714,EPE,NM
38819,0.004068,0.0,0.004068,VEGUITA,34.4291,-106.681,PNM,NM
38820,0.03287,0.0,0.03287,BELEN 1,34.7002,-106.563,PNM,NM
38821,0.00088,0.0,0.00088,MESQUITE 2,32.2241,-106.588,EPE,NM
38822,0.017357,0.0,0.017357,ALBUQUERQUE 22,35.083,-106.602,PNM,NM
38823,0.00131,0.0,0.00131,SANTA TERESA,31.7683,-106.515,EPE,NM
38824,0.043009,0.0,0.043009,ALBUQUERQUE 23,35.2792,-106.666,PNM,NM
38825,0.043009,0.0,0.043009,ALBUQUERQUE 24,35.2275,-106.658,PNM,NM
38826,0.006351,0.0,0.006351,PERALTA,34.9144,-106.641,PNM,NM
38827,0.02632,0.0,0.02632,RIO RANCHO 1,35.3482,-106.729,PNM,NM
38828,0.02632,0.0,0.02632,RIO RANCHO 2,35.248,-106.632,PNM,NM
38829,0.006749,0.0,0.006749,JEMEZ PUEBLO,35.6011,-106.716,PNM,NM
38830,0.004427,0.0,0.004427,LAS CRUCES 3,32.2392,-106.787,EPE,NM
38831,0.004269,0.0,0.004269,LAS CRUCES 4,32.3278,-106.767,EPE,NM
38832,0.040496,0.0,0.040496,ALBUQUERQUE 25,35.1645,-106.771,PNM,NM
38833,0.040496,0.0,0.040496,ALBUQUERQUE 26,35.2329,-106.835,PNM,NM
38834,0.002956,0.0,0.002956,LAS CRUCES 5,32.6024,-106.78,EPE,NM
38835,0.003018,0.0,0.003018,LAS CRUCES 6,32.5524,-106.723,EPE,NM
38836,0.035871,0.0,0.035871,RIO RANCHO 3,35.3482,-106.817,PNM,NM
38837,0.035871,0.0,0.035871,RIO RANCHO 4,35.2217,-106.864,PNM,NM
38838,0.001389,0.0,0.001389,LA MESA 4,32.0866,-106.725,EPE,NM
38839,0.003088,0.0,0.003088,LAS CRUCES 7,32.3559,-106.751,EPE,NM
38840,0.003291,0.0,0.003291,LAS CRUCES 8,32.2654,-106.741,EPE,NM
38841,0.016938,0.0,0.016938,SOCORRO,34.0447,-106.838,PNM,NM
38842,0.035691,0.0,0.035691,ALBUQUERQUE 27,35.0507,-106.871,PNM,NM
38843,0.035691,0.0,0.035691,ALBUQUERQUE 28,35.1712,-106.857,PNM,NM
38844,0.035691,0.0,0.035691,ALBUQUERQUE 29,35.1064,-106.89,PNM,NM
38845,0.005836,0.0,0.005836,LAS CRUCES 9,32.403,-106.979,EPE,NM
38846,0.007507,0.0,0.007507,DULCE,36.6855,-106.893,PNM,NM
38847,0.004196,0.0,0.004196,ANTHONY 1,31.8977,-106.977,EPE,NM
38848,0.030756,0.0,0.030756,LOS LUNAS 1,34.7175,-107.029,PNM,NM
38849,0.030756,0.0,0.030756,LOS LUNAS 2,34.7345,-107.004,PNM,NM
38850,0.002058,0.0,0.002058,TRUTH OR CONSEQUENCES,33.3097,-107.185,EPE,NM
38851,0.00103,0.0,0.00103,HATCH,32.5862,-107.166,EPE,NM
38852,0.008733,0.0,0.008733,LAGUNA,34.8814,-107.237,PNM,NM
38853,0.009361,0.0,0.009361,CUBA,35.8622,-107.47,PNM,NM
38854,0.000735,0.0,0.000735,ARREY,32.8881,-107.359,EPE,NM
38855,0.003469,0.0,0.003469,PUEBLO OF ACOMA,34.721,-107.655,PNM,NM
38856,0.005443,0.0,0.005443,MAGDALENA,33.7878,-107.746,PNM,NM
38857,0.004127,0.0,0.004127,COLUMBUS 1,31.766,-108.208,PNM,NM
38858,0.005289,0.0,0.005289,DEMING 1,32.2146,-107.751,EPE,NM
38859,0.009581,0.0,0.009581,MILAN,35.195,-107.854,PNM,NM
38860,0.026051,0.0,0.026051,AZTEC,36.908,-107.915,PNM,NM
38861,0.015842,0.0,0.015842,GRANTS,34.9141,-107.916,PNM,NM
38862,0.024067,0.0,0.024067,BLOOMFIELD 1,36.4421,-108.04,PNM,NM
38863,0.007906,0.0,0.007906,CROWNPOINT,35.8985,-108.142,PNM,NM
38864,0.01303,0.0,0.01303,BAYARD,32.7636,-108.139,PNM,NM
38865,0.017905,0.0,0.017905,FARMINGTON 2,36.8291,-108.168,PNM,NM
38866,0.032311,0.0,0.032311,FARMINGTON 3,36.6945,-108.171,PNM,NM
38867,0.032311,0.0,0.032311,FARMINGTON 4,36.7491,-108.093,PNM,NM
38868,0.008614,0.0,0.008614,THOREAU,35.3582,-108.285,PNM,NM
38869,0.025941,0.0,0.025941,SILVER CITY,32.5662,-108.24,PNM,NM
38870,0.009641,0.0,0.009641,KIRTLAND,36.7357,-108.412,PNM,NM
38871,0.004157,0.0,0.004157,RAMAH,34.934,-108.309,PNM,NM
38872,0.010219,0.0,0.010219,FRUITLAND 1,36.6558,-108.503,PNM,NM
38873,0.00668,0.0,0.00668,CHURCH ROCK,35.539,-108.56,PNM,NM
38874,0.010059,0.0,0.010059,TOHATCHI,36.0925,-108.628,PNM,NM
38875,0.035601,0.0,0.035601,GALLUP 1,35.5057,-108.821,PNM,NM
38876,0.002542,0.0,0.002542,RESERVE,33.7657,-108.81,PNM,NM
38877,0.00991,0.0,0.00991,YATAHEY,35.5919,-108.706,PNM,NM
38878,0.012293,0.0,0.012293,ZUNI,34.981,-108.866,PNM,NM
38879,0.007029,0.0,0.007029,GALLUP 2,35.3937,-108.716,PNM,NM
38880,0.016699,0.0,0.016699,SHIPROCK,36.8633,-108.869,PNM,NM
38882,0.001994,0.0,0.001994,FARMINGTON 5,36.8061,-107.613,PNM,NM
38884,0.002443,0.0,0.002443,PREWITT,35.4159,-108.082,PNM,NM
38885,0.002094,0.0,0.002094,TYRONE,32.6618,-108.363,PNM,NM
38887,0.005433,0.0,0.005433,LORDSBURG 1,32.3505,-108.698,PNM,NM
38903,0.012216,0.0,0.012216,DOVE CREEK,37.6341,-108.941,WACM,CO
38904,0.029282,0.0,0.029282,FRUITA,39.0588,-108.743,PSCO,CO
38905,0.007519,0.0,0.007519,LOMA,39.2079,-108.781,PSCO,CO
38906,0.090799,0.0,0.090799,CORTEZ,37.3514,-108.722,WACM,CO
38907,0.00593,0.0,0.00593,RANGELY,40.0013,-108.635,PSCO,CO
38908,0.027324,0.0,0.027324,GRAND JUNCTION 1,39.1,-108.681,PSCO,CO
38909,0.042515,0.0,0.042515,GRAND JUNCTION 2,39.1519,-108.493,PSCO,CO
38910,0.017721,0.0,0.017721,GRAND JUNCTION 3,39.2037,-108.467,PSCO,CO
38911,0.019861,0.0,0.019861,GRAND JUNCTION 4,39.0428,-108.593,PSCO,CO
38912,0.025805,0.0,0.025805,GRAND JUNCTION 5,39.0926,-108.58,PSCO,CO
38913,0.025805,0.0,0.025805,GRAND JUNCTION 6,39.0205,-108.476,PSCO,CO
38914,0.004007,0.0,0.004007,WHITEWATER,38.7006,-108.539,PSCO,CO
38915,0.02763,0.0,0.02763,GRAND JUNCTION 7,38.9438,-108.367,PSCO,CO
38916,0.024362,0.0,0.024362,CLIFTON 2,39.1667,-108.497,PSCO,CO
38917,0.02295,0.0,0.02295,NORWOOD,38.1169,-108.47,WACM,CO
38918,0.009638,0.0,0.009638,PALISADE,39.0418,-108.298,PSCO,CO
38919,0.02224,0.0,0.02224,MANCOS,37.3307,-108.309,WACM,CO
38920,0.029445,0.0,0.029445,OLATHE,38.5626,-108.163,WACM,CO
38921,0.011903,0.0,0.011903,HESPERUS,37.2257,-108.235,WACM,CO
38922,0.075324,0.0,0.075324,DELTA 3,38.6897,-108.178,WACM,CO
38923,0.025456,0.0,0.025456,DOLORES,37.6942,-108.095,WACM,CO
38924,0.023568,0.0,0.023568,RIFLE 1,39.6562,-108.158,PSCO,CO
38925,0.010794,0.0,0.010794,PARACHUTE,39.4053,-107.955,PSCO,CO
38926,0.018293,0.0,0.018293,ECKERT,38.749,-108.006,WACM,CO
38927,0.057198,0.0,0.057198,MONTROSE 1,38.3544,-107.998,WACM,CO
38928,0.033768,0.0,0.033768,CEDAREDGE,39.0137,-108.044,WACM,CO
38929,0.042037,0.0,0.042037,DURANGO 1,37.1378,-107.959,WACM,CO
38930,0.031888,0.0,0.031888,TELLURIDE,37.8401,-107.949,WACM,CO
38931,0.076849,0.0,0.076849,DURANGO 2,37.4499,-107.841,WACM,CO
38932,0.076849,0.0,0.076849,DURANGO 3,37.3902,-107.806,WACM,CO
38933,0.130581,0.0,0.130581,MONTROSE 2,38.4697,-107.861,WACM,CO
38934,0.029361,0.0,0.029361,RIDGWAY,38.0309,-107.688,WACM,CO
38935,0.00715,0.0,0.00715,MEEKER,40.0504,-107.668,PSCO,CO
38936,0.029424,0.0,0.029424,HOTCHKISS,38.9519,-107.661,WACM,CO
38937,0.02386,0.0,0.02386,CRAIG 1,40.6623,-107.676,PSCO,CO
38938,0.008885,0.0,0.008885,SILT,39.5257,-107.64,PSCO,CO
38939,0.029842,0.0,0.029842,IGNACIO,37.087,-107.541,WACM,CO
38940,0.020946,0.0,0.020946,PAONIA,38.9069,-107.568,WACM,CO
38941,0.012871,0.0,0.012871,NEW CASTLE,39.5346,-107.518,PSCO,CO
38942,0.044668,0.0,0.044668,BAYFIELD,37.407,-107.575,WACM,CO
38943,0.027979,0.0,0.027979,GLENWOOD SPRINGS,39.6996,-107.347,PSCO,CO
38944,0.004516,0.0,0.004516,HAYDEN 1,40.4882,-107.152,PSCO,CO
38945,0.030125,0.0,0.030125,CARBONDALE,39.2288,-107.247,PSCO,CO
38946,0.014174,0.0,0.014174,GYPSUM,39.7908,-107.158,PSCO,CO
38947,0.065781,0.0,0.065781,PAGOSA SPRINGS,37.4008,-107.138,WACM,CO
38948,0.054087,0.0,0.054087,GUNNISON 2,38.3245,-106.922,WACM,CO
38949,0.025811,0.0,0.025811,CRESTED BUTTE,38.8792,-106.901,WACM,CO
38950,0.005178,0.0,0.005178,SNOWMASS VILLAGE,39.1461,-107.018,PSCO,CO
38951,0.011157,0.0,0.011157,BASALT,39.3512,-106.892,PSCO,CO
38952,0.030906,0.0,0.030906,STEAMBOAT SPRINGS,40.4749,-106.804,PSCO,CO
38953,0.006035,0.0,0.006035,OAK CREEK,40.1593,-106.771,PSCO,CO
38954,0.014885,0.0,0.014885,EAGLE 1,39.6113,-106.669,PSCO,CO
38955,0.018084,0.0,0.018084,ASPEN,39.2392,-106.7,PSCO,CO
38956,0.020648,0.0,0.020648,EDWARDS,39.5612,-106.583,PSCO,CO
38957,0.018934,0.0,0.018934,AVON,39.6229,-106.508,PSCO,CO
38958,0.004439,0.0,0.004439,KREMMLING 1,40.1661,-106.471,PSCO,CO
38959,0.023786,0.0,0.023786,DEL NORTE,37.7115,-106.508,WACM,CO
38960,0.048532,0.0,0.048532,BUENA VISTA,38.9922,-106.402,WACM,CO
38961,0.003714,0.0,0.003714,WALDEN,40.7589,-106.431,PSCO,CO
38962,0.015432,0.0,0.015432,ANTONITO,37.1534,-106.389,WACM,CO
38963,0.012843,0.0,0.012843,LEADVILLE 1,39.1514,-106.248,PSCO,CO
38964,0.010537,0.0,0.010537,VAIL 2,39.7469,-106.342,PSCO,CO
38965,0.01269,0.0,0.01269,SILVERTHORNE,39.6667,-106.282,PSCO,CO
38966,0.007164,0.0,0.007164,FRISCO,39.4819,-106.164,PSCO,CO
38967,0.039865,0.0,0.039865,MONTE VISTA,37.4908,-106.077,WACM,CO
38968,0.01491,0.0,0.01491,LA JARA,37.3622,-106.057,WACM,CO
38969,0.030238,0.0,0.030238,CENTER,37.8213,-106.04,WACM,CO
38970,0.056321,0.0,0.056321,SALIDA,38.5118,-106.094,WACM,CO
38971,0.019136,0.0,0.019136,BRECKENRIDGE,39.425,-105.992,PSCO,CO
38972,0.006829,0.0,0.006829,FAIRPLAY,39.3205,-105.987,PSCO,CO
38973,0.011003,0.0,0.011003,GRANBY,40.097,-105.909,PSCO,CO
38974,0.015888,0.0,0.015888,DILLON 1,39.6328,-105.985,PSCO,CO
38975,0.007847,0.0,0.007847,FRASER,39.9165,-105.816,PSCO,CO
38976,0.079689,0.0,0.079689,ALAMOSA 1,37.3994,-105.898,WACM,CO
38977,0.015432,0.0,0.015432,SANFORD,37.208,-105.73,WACM,CO
38978,0.004411,0.0,0.004411,GRAND LAKE,40.2506,-105.805,PSCO,CO
38979,0.006843,0.0,0.006843,IDAHO SPRINGS,39.6612,-105.738,PSCO,CO
38980,0.01491,0.0,0.01491,COTOPAXI,38.2957,-105.595,WACM,CO
38981,0.01731,0.0,0.01731,ESTES PARK 1,40.4821,-105.608,PSCO,CO
38982,0.003958,0.0,0.003958,BELLVUE,40.6437,-105.543,PSCO,CO
38983,0.010348,0.0,0.010348,BLACK HAWK,39.9342,-105.51,PSCO,CO
38984,0.017143,0.0,0.017143,BAILEY,39.3892,-105.413,PSCO,CO
38985,0.045303,0.0,0.045303,EVERGREEN,39.6225,-105.421,PSCO,CO
38986,0.020799,0.0,0.020799,WESTCLIFFE,38.1541,-105.405,WACM,CO
38987,0.013699,0.0,0.013699,SAN LUIS 3,37.0155,-105.364,WACM,CO
38988,0.080733,0.0,0.080733,CANON CITY 1,38.4964,-105.341,WACM,CO
38989,0.085119,0.0,0.085119,CANON CITY 2,38.6001,-105.445,WACM,CO
38990,0.024404,0.0,0.024404,BOULDER 1,39.9878,-105.363,PSCO,CO
38991,0.032432,0.0,0.032432,BOULDER 2,39.9744,-105.435,PSCO,CO
38992,0.004913,0.0,0.004913,LIVERMORE 7,40.84,-105.44,PSCO,CO
38993,0.009916,0.0,0.009916,LYONS 2,40.2982,-105.36,PSCO,CO
38994,0.005958,0.0,0.005958,PINE 2,39.4322,-105.367,PSCO,CO
38995,0.009387,0.0,0.009387,FLORISSANT,38.8132,-105.39,PSCO,CO
38996,0.033456,0.0,0.033456,GOLDEN 1,39.8859,-105.282,PSCO,CO
38997,0.023212,0.0,0.023212,BOULDER 3,40.0408,-105.292,PSCO,CO
38998,0.023212,0.0,0.023212,BOULDER 4,39.991,-105.332,PSCO,CO
38999,0.011916,0.0,0.011916,BOULDER 5,40.0352,-105.225,PSCO,CO
39000,0.01547,0.0,0.01547,CONIFER,39.4031,-105.251,PSCO,CO
39001,0.030571,0.0,0.030571,BOULDER 6,39.8794,-105.221,PSCO,CO
39002,0.035672,0.0,0.035672,GOLDEN 2,39.6501,-105.221,PSCO,CO
39003,0.035672,0.0,0.035672,GOLDEN 3,39.678,-105.179,PSCO,CO
39004,0.028139,0.0,0.028139,LONGMONT 1,40.2314,-105.178,PSCO,CO
39005,0.028139,0.0,0.028139,LONGMONT 2,40.1444,-105.217,PSCO,CO
39006,0.040515,0.0,0.040515,BOULDER 7,39.9045,-105.266,PSCO,CO
39007,0.027798,0.0,0.027798,MORRISON,39.6994,-105.297,PSCO,CO
39008,0.068982,0.0,0.068982,BOULDER 8,40.0354,-105.149,PSCO,CO
39009,0.013157,0.0,0.013157,ARVADA 1,39.8173,-105.21,PSCO,CO
39010,0.007289,0.0,0.007289,DIVIDE,38.8916,-105.188,PSCO,CO
39011,0.004773,0.0,0.004773,LAPORTE,40.7915,-105.154,PSCO,CO
39012,0.035171,0.0,0.035171,LOVELAND 1,40.3189,-105.11,PSCO,CO
39013,0.035171,0.0,0.035171,LOVELAND 2,40.3992,-105.11,PSCO,CO
39014,0.027303,0.0,0.027303,DENVER 1,39.6472,-105.21,PSCO,CO
39015,0.027303,0.0,0.027303,DENVER 2,39.7734,-105.113,PSCO,CO
39016,0.038592,0.0,0.038592,LITTLETON 1,39.4318,-105.174,PSCO,CO
39017,0.038592,0.0,0.038592,LITTLETON 2,39.5019,-105.186,PSCO,CO
39018,0.028111,0.0,0.028111,LOUISVILLE,40.0108,-105.215,PSCO,CO
39019,0.006948,0.0,0.006948,SEDALIA,39.2311,-105.124,PSCO,CO
39020,0.003721,0.0,0.003721,CRIPPLE CREEK,38.7675,-105.197,PSCO,CO
39021,0.040028,0.0,0.040028,FORT COLLINS 1,40.4218,-105.223,PSCO,CO
39022,0.040028,0.0,0.040028,FORT COLLINS 2,40.4763,-105.075,PSCO,CO
39023,0.055298,0.0,0.055298,FLORENCE 4,38.3155,-105.05,WACM,CO
39024,0.02315,0.0,0.02315,ARVADA 2,39.9086,-105.065,PSCO,CO
39025,0.02315,0.0,0.02315,ARVADA 3,39.8663,-105.146,PSCO,CO
39026,0.030265,0.0,0.030265,FORT COLLINS 3,40.6037,-105.192,PSCO,CO
39027,0.030265,0.0,0.030265,FORT COLLINS 4,40.5927,-105.209,PSCO,CO
39028,0.032515,0.0,0.032515,ARVADA 4,39.8457,-105.082,PSCO,CO
39029,0.032515,0.0,0.032515,ARVADA 5,39.8824,-105.143,PSCO,CO
39030,0.032327,0.0,0.032327,DENVER 3,39.8058,-105.191,PSCO,CO
39031,0.027226,0.0,0.027226,BROOMFIELD 1,39.8067,-105.053,PSCO,CO
39032,0.027226,0.0,0.027226,BROOMFIELD 2,39.7915,-105.127,PSCO,CO
39033,0.022962,0.0,0.022962,WOODLAND PARK,38.9958,-105.107,PSCO,CO
39034,0.014743,0.0,0.014743,LA VETA,37.543,-105.028,WACM,CO
39035,0.032648,0.0,0.032648,ARVADA 6,39.777,-105.094,PSCO,CO
39036,0.018655,0.0,0.018655,BERTHOUD,40.2879,-105.02,PSCO,CO
39037,0.036007,0.0,0.036007,LONGMONT 3,40.1513,-105.132,PSCO,CO
39038,0.035805,0.0,0.035805,LONGMONT 4,40.2598,-105.127,PSCO,CO
39039,0.043428,0.0,0.043428,WHEAT RIDGE,39.6973,-105.054,PSCO,CO
39040,0.023895,0.0,0.023895,LAFAYETTE 2,39.9285,-105.079,PSCO,CO
39041,0.023895,0.0,0.023895,LAFAYETTE 3,39.9409,-105.195,PSCO,CO
39042,0.028021,0.0,0.028021,DENVER 4,39.7414,-105.148,PSCO,CO
39043,0.028021,0.0,0.028021,DENVER 5,39.6222,-105.048,PSCO,CO
39044,0.038794,0.0,0.038794,DENVER 6,39.5941,-105.012,PSCO,CO
39045,0.030502,0.0,0.030502,DENVER 7,39.7428,-105.093,PSCO,CO
39046,0.03161,0.284862,0.316472,DENVER 8,39.731,-105.182,PSCO,CO
39047,0.013714,0.0,0.013714,DENVER 9,39.558,-105.138,PSCO,CO
39048,0.032139,0.0,0.032139,LITTLETON 3,39.5227,-105.083,PSCO,CO
39049,0.031693,0.0,0.031693,LITTLETON 4,39.5135,-105.092,PSCO,CO
39050,0.04246,0.0,0.04246,BROOMFIELD 3,39.8604,-105.04,PSCO,CO
39051,0.04246,0.0,0.04246,BROOMFIELD 4,39.9669,-105.163,PSCO,CO
39052,0.040578,0.0,0.040578,LITTLETON 5,39.6397,-105.012,PSCO,CO
39053,0.040578,0.0,0.040578,LITTLETON 6,39.6068,-105.09,PSCO,CO
39054,0.044968,0.0,0.044968,DENVER 10,39.7988,-105.098,PSCO,CO
39055,0.032056,0.0,0.032056,ARVADA 7,39.8996,-105.025,PSCO,CO
39056,0.032056,0.0,0.032056,ARVADA 8,39.751,-105.054,PSCO,CO
39057,0.01846,0.0,0.01846,LITTLETON 7,39.4916,-105.038,PSCO,CO
39058,0.039798,0.0,0.039798,LOVELAND 3,40.4265,-105.113,PSCO,CO
39059,0.039798,0.0,0.039798,LOVELAND 4,40.4244,-105.086,PSCO,CO
39060,0.016439,0.0,0.016439,WELLINGTON 3,40.8866,-105.121,PSCO,CO
39061,0.032704,0.0,0.032704,DENVER 11,39.74,-105.1,PSCO,CO
39062,0.029212,0.0,0.029212,DENVER 12,39.6978,-105.019,PSCO,CO
39063,0.030738,0.0,0.030738,WESTMINSTER 4,39.9674,-104.997,PSCO,CO
39064,0.030738,0.0,0.030738,WESTMINSTER 5,39.7934,-105.072,PSCO,CO
39065,0.027777,0.0,0.027777,WESTMINSTER 6,39.8797,-105.063,PSCO,CO
39066,0.045261,0.045406,0.090667,FORT COLLINS 5,40.5899,-104.941,PSCO,CO
39067,0.04386,0.0,0.04386,FORT COLLINS 6,40.5142,-105.118,PSCO,CO
39068,0.055526,0.0,0.055526,DENVER 13,39.7549,-105.051,PSCO,CO
39069,0.055526,0.0,0.055526,DENVER 14,39.7709,-104.998,PSCO,CO
39070,0.023472,0.0,0.023472,PENROSE,38.4146,-104.958,WACM,CO
39071,0.042467,0.0,0.042467,LONGMONT 5,40.2036,-104.932,PSCO,CO
39072,0.042467,0.0,0.042467,LONGMONT 6,40.1338,-104.986,PSCO,CO
39073,0.02869,0.0,0.02869,FORT COLLINS 7,40.7325,-104.995,PSCO,CO
39074,0.02869,0.0,0.02869,FORT COLLINS 8,40.7031,-104.994,PSCO,CO
39075,0.043561,0.0,0.043561,ERIE,40.018,-105.04,PSCO,CO
39076,0.028529,0.0,0.028529,DENVER 15,39.6702,-105.012,PSCO,CO
39077,0.028529,0.0,0.028529,DENVER 16,39.6467,-105.045,PSCO,CO
39078,0.028613,0.0,0.028613,DENVER 17,39.7922,-104.949,PSCO,CO
39079,0.028613,0.0,0.028613,DENVER 18,39.7819,-105.106,PSCO,CO
39080,0.025763,0.0,0.025763,LITTLETON 8,39.654,-105.012,PSCO,CO
39081,0.025763,0.0,0.025763,LITTLETON 9,39.6583,-105.082,PSCO,CO
39082,0.037805,0.0,0.037805,ENGLEWOOD 1,39.5762,-105.028,PSCO,CO
39083,0.034223,0.0,0.034223,DENVER 19,39.7935,-105.09,PSCO,CO
39084,0.034223,0.0,0.034223,DENVER 20,39.8053,-104.981,PSCO,CO
39085,0.024467,0.0,0.024467,LITTLETON 10,39.4589,-105.021,PSCO,CO
39086,0.024467,0.0,0.024467,LITTLETON 11,39.5535,-104.986,PSCO,CO
39087,0.02793,0.0,0.02793,BROOMFIELD 5,39.9256,-104.986,PSCO,CO
39088,0.02846,0.0,0.02846,DENVER 21,39.8781,-105.047,PSCO,CO
39089,0.02846,0.0,0.02846,DENVER 22,39.7747,-104.974,PSCO,CO
39090,0.032515,0.019206,0.051722,FORT COLLINS 9,40.4443,-104.921,PSCO,CO
39091,0.032592,0.0,0.032592,DENVER 23,39.6689,-105.095,PSCO,CO
39092,0.023498,0.0,0.023498,DENVER 24,39.8226,-104.914,PSCO,CO
39093,0.023498,0.0,0.023498,DENVER 25,39.8715,-104.941,PSCO,CO
39094,0.018383,0.0,0.018383,DENVER 26,39.8215,-105.057,PSCO,CO
39095,0.034132,0.0,0.034132,DENVER 27,39.7992,-104.972,PSCO,CO
39096,0.032481,0.0,0.032481,DENVER 28,39.6884,-104.958,PSCO,CO
39097,0.039003,0.0,0.039003,DENVER 29,39.6983,-104.878,PSCO,CO
39098,0.037254,0.0,0.037254,ENGLEWOOD 2,39.6438,-104.952,PSCO,CO
39099,0.026474,0.0,0.026474,DENVER 30,39.7047,-104.947,PSCO,CO
39100,0.030752,0.0,0.030752,DENVER 31,39.619,-105.053,PSCO,CO
39101,0.030752,0.0,0.030752,DENVER 32,39.7304,-105.008,PSCO,CO
39102,0.035965,0.0,0.035965,LITTLETON 12,39.5462,-104.987,PSCO,CO
39103,0.035965,0.0,0.035965,LITTLETON 13,39.5973,-104.865,PSCO,CO
39104,0.019791,0.0,0.019791,DENVER 33,39.7288,-104.985,PSCO,CO
39105,0.044934,0.0,0.044934,DENVER 34,39.8234,-104.872,PSCO,CO
39106,0.044934,0.0,0.044934,DENVER 35,39.8597,-104.957,PSCO,CO
39107,0.007442,0.0,0.007442,DACONO,40.0581,-105.05,PSCO,CO
39108,0.026982,0.0,0.026982,LITTLETON 14,39.6293,-104.964,PSCO,CO
39109,0.026982,0.0,0.026982,LITTLETON 15,39.5405,-105.048,PSCO,CO
39110,0.028759,0.0,0.028759,THORNTON 1,39.832,-104.998,PSCO,CO
39111,0.028759,0.0,0.028759,THORNTON 2,40.0151,-104.971,PSCO,CO
39112,0.032348,0.0,0.032348,LITTLETON 16,39.5391,-104.902,PSCO,CO
39113,0.038989,0.0,0.038989,DENVER 36,39.6954,-104.873,PSCO,CO
39114,0.041115,0.0,0.041115,DENVER 37,39.948,-104.946,PSCO,CO
39115,0.041115,0.0,0.041115,DENVER 38,39.87,-104.935,PSCO,CO
39116,0.027052,0.0,0.027052,JOHNSTOWN,40.3339,-105.035,PSCO,CO
39117,0.023324,0.0,0.023324,DENVER 39,39.6274,-105.013,PSCO,CO
39118,0.036369,0.0,0.036369,DENVER 40,39.6892,-104.873,PSCO,CO
39119,0.024509,0.0,0.024509,LITTLETON 17,39.4833,-104.838,PSCO,CO
39120,0.024509,0.0,0.024509,LITTLETON 18,39.6227,-104.953,PSCO,CO
39121,0.038439,0.0,0.038439,DENVER 41,39.8276,-104.862,PSCO,CO
39122,0.030376,0.0,0.030376,DENVER 42,39.6414,-104.839,PSCO,CO
39123,0.030376,0.0,0.030376,DENVER 43,39.6705,-104.875,PSCO,CO
39124,0.025059,0.0,0.025059,BRIGHTON 1,39.8881,-104.947,PSCO,CO
39125,0.027777,0.0,0.027777,BRIGHTON 2,40.0001,-104.883,PSCO,CO
39126,0.057735,0.0,0.057735,DENVER 44,39.6888,-104.938,PSCO,CO
39127,0.103161,0.0,0.103161,COLORADO SPRINGS 1,39.0203,-104.835,WACM,CO
39128,0.013317,0.0,0.013317,LARKSPUR,39.1971,-104.983,PSCO,CO
39129,0.010253,0.0,0.010253,RYE,37.9221,-105.003,WACM,CO
39130,0.031833,0.0,0.031833,DENVER 45,39.722,-104.891,PSCO,CO
39131,0.031198,0.0,0.031198,CASTLE ROCK 2,39.4267,-104.986,PSCO,CO
39132,0.040056,0.0,0.040056,WINDSOR 3,40.5348,-104.916,PSCO,CO
39133,0.032648,0.0,0.032648,LONE TREE,39.4684,-104.96,PSCO,CO
39134,0.013693,0.0,0.013693,DENVER 46,39.7875,-104.919,PSCO,CO
39135,0.029108,0.0,0.029108,DENVER 47,39.5929,-104.871,PSCO,CO
39136,0.029108,0.0,0.029108,DENVER 48,39.5905,-104.809,PSCO,CO
39137,0.020028,0.0,0.020028,HENDERSON 16,39.9737,-104.92,PSCO,CO
39138,0.018223,0.0,0.018223,DENVER 49,39.7906,-104.862,PSCO,CO
39139,0.023052,0.0,0.023052,DENVER 50,39.7294,-104.82,PSCO,CO
39140,0.023052,0.0,0.023052,DENVER 51,39.7954,-104.789,PSCO,CO
39141,0.113248,0.0,0.113248,COLORADO SPRINGS 2,38.7371,-104.902,WACM,CO
39142,0.110637,0.0,0.110637,COLORADO SPRINGS 3,38.8186,-104.902,WACM,CO
39143,0.026223,0.0,0.026223,ENGLEWOOD 3,39.6044,-104.808,PSCO,CO
39144,0.026223,0.0,0.026223,ENGLEWOOD 4,39.5389,-104.926,PSCO,CO
39145,0.10786,0.0,0.10786,COLORADO SPRINGS 4,38.7821,-104.816,WACM,CO
39146,0.035993,0.0,0.035993,AURORA 2,39.8332,-104.942,PSCO,CO
39147,0.036404,0.0,0.036404,AURORA 3,39.7909,-104.818,PSCO,CO
39148,0.060894,0.0,0.060894,U S A F ACADEMY,39.0553,-104.81,WACM,CO
39149,0.026467,0.0,0.026467,ENGLEWOOD 5,39.5714,-104.892,PSCO,CO
39150,0.026467,0.0,0.026467,ENGLEWOOD 6,39.4883,-104.916,PSCO,CO
39151,0.040968,0.0,0.040968,CASTLE ROCK 3,39.364,-104.76,PSCO,CO
39152,0.074385,0.0,0.074385,COLORADO SPRINGS 5,38.8286,-104.866,WACM,CO
39153,0.074385,0.0,0.074385,COLORADO SPRINGS 6,38.8943,-104.879,WACM,CO
39154,0.01253,0.0,0.01253,MILLIKEN,40.3352,-104.835,PSCO,CO
39155,0.106628,0.0,0.106628,MONUMENT,39.079,-104.825,WACM,CO
39156,0.036704,0.0,0.036704,DENVER 52,39.8563,-104.895,PSCO,CO
39157,0.036704,0.0,0.036704,DENVER 53,39.8185,-104.891,PSCO,CO
39158,0.088251,0.0,0.088251,COLORADO SPRINGS 7,38.7479,-104.76,WACM,CO
39159,0.033756,0.0,0.033756,AURORA 4,39.6834,-104.776,PSCO,CO
39160,0.033254,0.0,0.033254,AURORA 5,39.6374,-104.838,PSCO,CO
39161,0.042272,0.0,0.042272,AURORA 6,39.6387,-104.888,PSCO,CO
39162,0.042272,0.0,0.042272,AURORA 7,39.6729,-104.92,PSCO,CO
39163,0.024989,0.0,0.024989,CASTLE ROCK 4,39.3117,-104.906,PSCO,CO
39164,0.024989,0.0,0.024989,CASTLE ROCK 5,39.1964,-104.764,PSCO,CO
39165,0.072651,0.0,0.072651,COLORADO SPRINGS 8,38.9512,-104.765,WACM,CO
39166,0.072651,0.0,0.072651,COLORADO SPRINGS 9,38.9067,-104.882,WACM,CO
39167,0.081756,0.0,0.081756,COLORADO SPRINGS 10,38.9042,-104.724,WACM,CO
39168,0.081381,0.0,0.081381,PUEBLO 1,38.1375,-104.741,WACM,CO
39169,0.088084,0.0,0.088084,PUEBLO 2,38.1639,-104.871,WACM,CO
39170,0.007568,0.0,0.007568,PLATTEVILLE 1,40.3053,-104.909,PSCO,CO
39171,0.066721,0.0,0.066721,COLORADO SPRINGS 11,38.7232,-104.87,WACM,CO
39172,0.030648,0.0,0.030648,BRIGHTON 3,40.0551,-104.742,PSCO,CO
39173,0.030648,0.0,0.030648,BRIGHTON 4,39.9395,-104.778,PSCO,CO
39174,0.021888,0.0,0.021888,FORT LUPTON 1,40.1958,-104.828,PSCO,CO
39175,0.041742,0.0,0.041742,COMMERCE CITY 1,39.7835,-104.765,PSCO,CO
39176,0.038683,0.0,0.038683,COMMERCE CITY 2,39.8826,-104.785,PSCO,CO
39177,0.047888,0.0,0.047888,GREELEY 1,40.4026,-104.731,PSCO,CO
39178,0.047888,0.0,0.047888,GREELEY 2,40.3452,-104.802,PSCO,CO
39179,0.031045,0.0,0.031045,AURORA 8,39.604,-104.716,PSCO,CO
39180,0.031045,0.0,0.031045,AURORA 9,39.648,-104.701,PSCO,CO
39181,0.042996,0.0,0.042996,AURORA 10,39.7532,-104.797,PSCO,CO
39182,0.042996,0.0,0.042996,AURORA 11,39.7158,-104.799,PSCO,CO
39183,0.123439,0.0,0.123439,COLORADO SPRINGS 12,38.988,-104.81,WACM,CO
39184,0.123439,0.0,0.123439,COLORADO SPRINGS 13,38.9682,-104.846,WACM,CO
39185,0.056557,0.0,0.056557,AURORA 12,39.5718,-104.717,PSCO,CO
39186,0.056557,0.0,0.056557,AURORA 13,39.6515,-104.773,PSCO,CO
39187,0.049895,0.0,0.049895,PARKER 2,39.5536,-104.839,PSCO,CO
39188,0.049895,0.0,0.049895,PARKER 3,39.5522,-104.836,PSCO,CO
39189,0.097022,0.0,0.097022,COLORADO SPRINGS 14,38.755,-104.821,WACM,CO
39190,0.097022,0.0,0.097022,COLORADO SPRINGS 15,38.7846,-104.844,WACM,CO
39191,0.080274,0.0,0.080274,COLORADO SPRINGS 16,38.7993,-104.802,WACM,CO
39192,0.078165,0.0,0.078165,COLORADO SPRINGS 17,38.7817,-104.864,WACM,CO
39193,0.08065,0.0,0.08065,PUEBLO 3,38.4573,-104.724,WACM,CO
39194,0.08065,0.0,0.08065,PUEBLO 4,38.4547,-104.777,WACM,CO
39195,0.104707,0.0,0.104707,COLORADO SPRINGS 18,39.048,-104.692,WACM,CO
39196,0.134444,0.0,0.134444,COLORADO SPRINGS 19,38.8988,-104.842,WACM,CO
39197,0.063038,0.0,0.063038,AURORA 14,39.6127,-104.797,PSCO,CO
39198,0.063038,0.0,0.063038,AURORA 15,39.6146,-104.756,PSCO,CO
39199,0.102284,0.0,0.102284,COLORADO SPRINGS 20,38.9526,-104.652,WACM,CO
39200,0.079459,0.0,0.079459,COLORADO SPRINGS 21,38.7878,-104.843,WACM,CO
39201,0.030886,0.0,0.030886,WALSENBURG,37.5838,-104.642,WACM,CO
39202,0.021693,0.0,0.021693,BRIGHTON 5,39.936,-104.672,PSCO,CO
39203,0.083051,0.0,0.083051,COLORADO SPRINGS 22,38.6897,-104.795,WACM,CO
39204,0.083051,0.0,0.083051,COLORADO SPRINGS 23,38.7754,-104.762,WACM,CO
39205,0.032209,0.0,0.032209,EVANS,40.3386,-104.802,PSCO,CO
39206,0.105981,0.0,0.105981,COLORADO SPRINGS 24,38.9383,-104.762,WACM,CO
39207,0.070876,0.0,0.070876,COLORADO SPRINGS 25,39.016,-104.756,WACM,CO
39208,0.074239,0.0,0.074239,COLORADO SPRINGS 26,38.9857,-104.655,WACM,CO
39209,0.07852,0.0,0.07852,PUEBLO 5,37.9998,-104.767,WACM,CO
39210,0.07781,0.0,0.07781,PUEBLO 6,38.1063,-104.67,WACM,CO
39211,0.007143,0.0,0.007143,FRANKTOWN,39.3138,-104.663,PSCO,CO
39212,0.094036,0.0,0.094036,COLORADO SPRINGS 27,38.8897,-104.732,WACM,CO
39213,0.094036,0.0,0.094036,COLORADO SPRINGS 28,38.8018,-104.613,WACM,CO
39214,0.037338,0.0,0.037338,AURORA 16,39.699,-104.61,PSCO,CO
39215,0.037338,0.0,0.037338,AURORA 17,39.5174,-104.729,PSCO,CO
39216,0.072067,0.0,0.072067,COLORADO SPRINGS 29,38.9547,-104.686,WACM,CO
39217,0.072067,0.0,0.072067,COLORADO SPRINGS 30,38.9595,-104.715,WACM,CO
39218,0.042404,0.0,0.042404,DENVER 54,39.9264,-104.653,PSCO,CO
39219,0.075074,0.0,0.075074,COLORADO SPRINGS 31,38.983,-104.734,WACM,CO
39220,0.016683,0.0,0.016683,AURORA 18,39.6669,-104.68,PSCO,CO
39221,0.09036,0.0,0.09036,FOUNTAIN 1,38.7107,-104.736,WACM,CO
39222,0.074134,0.0,0.074134,FOUNTAIN 2,38.5843,-104.663,WACM,CO
39223,0.044028,0.0,0.044028,GREELEY 3,40.3615,-104.596,PSCO,CO
39224,0.044028,0.0,0.044028,GREELEY 4,40.3829,-104.584,PSCO,CO
39225,0.080858,0.0,0.080858,PARKER 4,39.5636,-104.592,WACM,CO
39226,0.026982,0.0,0.026982,PARKER 5,39.57,-104.769,PSCO,CO
39227,0.008787,0.197079,0.205866,LA SALLE,40.411,-104.626,PSCO,CO
39228,0.039845,0.0,0.039845,COLORADO SPRINGS 32,38.7142,-104.604,WACM,CO
39229,0.013554,0.138305,0.151859,EATON,40.4608,-104.683,PSCO,CO
39230,0.081109,0.0,0.081109,PUEBLO 7,38.2001,-104.654,WACM,CO
39231,0.052353,0.0,0.052353,PUEBLO 8,38.4127,-104.582,WACM,CO
39232,0.007805,0.0,0.007805,HUDSON,40.0578,-104.539,PSCO,CO
39233,0.00855,0.0,0.00855,AULT,40.7366,-104.511,PSCO,CO
39234,0.065384,0.0,0.065384,ELIZABETH,39.3694,-104.498,WACM,CO
39235,0.082801,0.0,0.082801,PUEBLO 9,38.2628,-104.567,WACM,CO
39236,0.082801,0.0,0.082801,PUEBLO 10,38.3872,-104.584,WACM,CO
39237,0.068809,0.0,0.068809,TRINIDAD,37.2339,-104.47,WACM,CO
39238,0.022971,0.0,0.022971,ELBERT,39.2814,-104.532,WACM,CO
39239,0.068329,0.0,0.068329,PUEBLO 11,38.3265,-104.472,WACM,CO
39240,0.119408,0.0,0.119408,PEYTON,39.074,-104.451,WACM,CO
39241,0.005456,0.0,0.005456,KEENESBURG 1,40.1987,-104.469,PSCO,CO
39242,0.005415,0.0,0.005415,KERSEY,40.3542,-104.476,PSCO,CO
39243,0.01239,0.0,0.01239,BENNETT,39.6976,-104.538,PSCO,CO
39244,0.016184,0.0,0.016184,KIOWA,39.4489,-104.35,WACM,CO
39245,0.043938,0.0,0.043938,CALHAN,39.0549,-104.35,WACM,CO
39246,0.00876,0.0,0.00876,STRASBURG,39.7604,-104.342,PSCO,CO
39247,0.011298,0.0,0.011298,YODER,38.6015,-104.175,WACM,CO
39248,0.006578,0.0,0.006578,BYERS,39.7813,-104.157,PSCO,CO
39249,0.013616,0.0,0.013616,FOWLER,37.8648,-104.109,WACM,CO
39250,0.007289,0.0,0.007289,WIGGINS,40.2362,-104.102,PSCO,CO
39251,0.019463,0.0,0.019463,OLNEY SPRINGS,38.2922,-103.868,WACM,CO
39252,0.031414,0.0,0.031414,FORT MORGAN,40.1619,-103.748,PSCO,CO
39253,0.034728,0.0,0.034728,ROCKY FORD,37.9366,-103.76,WACM,CO
39254,0.018252,0.0,0.018252,ORDWAY,38.3358,-103.777,WACM,CO
39255,0.023096,0.0,0.023096,LIMON 1,39.3749,-103.667,WACM,CO
39256,0.014425,0.0,0.014425,BRUSH 1,40.1357,-103.608,PSCO,CO
39257,0.055298,0.0,0.055298,LA JUNTA,37.8559,-103.5,WACM,CO
39258,0.036787,0.025698,0.062485,STERLING,40.5609,-103.282,PSCO,CO
39259,0.004634,0.0,0.004634,AKRON,40.0619,-103.28,PSCO,CO
39260,0.03099,0.0,0.03099,LAS ANIMAS,37.9816,-103.238,WACM,CO
39261,0.012154,0.0,0.012154,FLAGLER,39.4341,-103.033,WACM,CO
39262,0.012759,0.0,0.012759,SPRINGFIELD 6,37.4353,-102.723,WACM,CO
39263,0.010927,0.025647,0.036574,YUMA 9,40.1309,-102.685,PSCO,CO
39264,0.058723,0.0,0.058723,LAMAR 1,37.9959,-102.67,WACM,CO
39265,0.0043,0.0,0.0043,HAXTUN,40.63,-102.587,PSCO,CO
39266,0.009878,0.0,0.009878,CHEYENNE WELLS,38.7976,-102.456,WACM,CO
39267,0.005519,0.0,0.005519,HOLYOKE,40.4935,-102.283,PSCO,CO
39268,0.028797,0.0,0.028797,BURLINGTON 3,39.3125,-102.234,WACM,CO
39269,0.007894,0.0,0.007894,WALSH,37.2613,-102.154,WACM,CO
39270,0.008676,0.0,0.008676,WRAY,40.0964,-102.263,PSCO,CO
39271,0.004,0.0,0.004,JULESBURG,40.8328,-102.266,PSCO,CO
39272,0.010608,0.0,0.010608,HOLLY,38.1543,-102.076,WACM,CO
39273,0.001122,0.0,0.001122,PEETZ 1,40.941,-103.259,PSCO,CO
39274,0.002481,0.0,0.002481,PEETZ 2,40.9881,-102.897,PSCO,CO
39276,0.001387,0.0,0.001387,GROVER,40.8944,-104.021,PSCO,CO
39277,0.000585,0.0,0.000585,LIMON 2,39.4218,-103.678,WACM,CO
39280,0.007789,0.0,0.007789,LIMON 3,39.381,-103.573,WACM,CO
39283,0.009857,0.0,0.009857,BURLINGTON 4,39.3561,-102.243,WACM,CO
39285,0.007246,0.0,0.007246,ALAMOSA 2,37.4594,-105.895,WACM,CO
39286,0.009356,0.0,0.009356,LAMAR 2,38.0333,-102.538,WACM,CO
39287,0.001211,0.0,0.001211,LAMAR 3,37.6735,-102.862,WACM,CO
39313,0.0,0.103208,0.103208,BRUSH 4,40.2171,-103.685,PSCO,CO
39331,0.165644,0.0,0.165644,WILSON,43.4846,-111.035,PACE,WY
39332,0.146744,0.0,0.146744,THAYNE,43.0422,-110.958,PACE,WY
39333,0.209654,0.0,0.209654,AFTON,42.7542,-110.881,PACE,WY
39334,0.08532,0.0,0.08532,ALPINE 3,43.0111,-110.727,PACE,WY
39335,0.587652,0.0,0.587652,JACKSON 3,43.333,-110.543,PACE,WY
39336,0.138509,0.0,0.138509,KEMMERER 1,41.9253,-110.605,PACE,WY
39337,0.137969,0.0,0.137969,LYMAN,41.3542,-110.295,PACE,WY
39338,0.139994,0.0,0.139994,BIG PINEY,42.4673,-110.207,PACE,WY
39339,0.196019,0.0,0.196019,PINEDALE,42.8567,-109.706,PACE,WY
39340,0.08397,0.0,0.08397,DUBOIS,43.551,-109.746,PACE,WY
39341,0.494638,0.0,0.494638,GREEN RIVER 2,41.7556,-109.757,PACE,WY
39342,0.573747,0.0,0.573747,CODY,44.3983,-109.589,PACE,WY
39343,0.501388,0.051966,0.553353,ROCK SPRINGS 1,41.461,-109.046,PACE,WY
39344,0.490858,0.0,0.490858,ROCK SPRINGS 2,41.4317,-108.976,PACE,WY
39345,0.075195,0.0,0.075195,FORT WASHAKIE,42.949,-108.982,PACE,WY
39346,0.462913,0.0,0.462913,POWELL,44.8865,-108.844,PACE,WY
39347,0.490723,0.0,0.490723,LANDER,42.755,-108.535,PACE,WY
39348,0.195344,0.0,0.195344,THERMOPOLIS,43.6889,-108.441,PACE,WY
39349,0.738716,0.0,0.738716,RIVERTON 3,42.9856,-108.216,PACE,WY
39350,0.152144,0.006523,0.158668,LOVELL,44.8457,-108.137,PACE,WY
39351,0.279584,0.005122,0.284705,WORLAND,43.9228,-108.133,PACE,WY
39352,0.105299,0.0,0.105299,BASIN,44.2931,-108.133,PACE,WY
39353,0.106514,0.0,0.106514,GREYBULL,44.498,-107.664,PACE,WY
39354,0.095606,0.0,0.095606,RAWLINS,41.8154,-107.498,WACM,WY
39355,0.022182,0.0,0.022182,RANCHESTER,44.9294,-107.232,WACM,WY
39356,0.018137,0.0,0.018137,STORY,44.4944,-106.91,WACM,WY
39357,0.030206,0.0,0.030206,SARATOGA 3,41.3388,-106.784,WACM,WY
39358,0.11344,0.0,0.11344,CASPER 1,42.7644,-106.839,WACM,WY
39359,0.114316,0.0,0.114316,CASPER 2,42.8821,-106.813,WACM,WY
39360,0.079964,0.0,0.079964,BUFFALO,44.1688,-106.655,WACM,WY
39361,0.12625,0.0,0.12625,CASPER 3,43.0532,-106.415,WACM,WY
39362,0.13306,0.0,0.13306,CASPER 4,42.9899,-106.37,WACM,WY
39363,0.137881,0.0,0.137881,CASPER 5,42.7117,-106.101,WACM,WY
39364,0.034892,0.0,0.034892,EVANSVILLE,42.853,-106.127,WACM,WY
39365,0.03624,0.0,0.03624,GLENROCK 1,42.7658,-105.797,WACM,WY
39366,0.175874,0.0,0.175874,LARAMIE 1,41.2003,-105.895,WACM,WY
39367,0.168019,0.0,0.168019,GILLETTE 1,44.4174,-105.728,WACM,WY
39368,0.201629,0.0,0.201629,GILLETTE 2,43.9675,-105.709,WACM,WY
39369,0.018879,0.0,0.018879,WRIGHT 1,43.7864,-105.535,WACM,WY
39370,0.137308,0.0,0.137308,LARAMIE 2,41.4919,-105.553,WACM,WY
39371,0.08492,0.0,0.08492,DOUGLAS 3,43.0083,-105.324,WACM,WY
39372,0.060175,0.0,0.060175,WHEATLAND 1,41.9347,-105.055,WACM,WY
39373,0.155512,0.121182,0.276694,CHEYENNE 1,41.0597,-105.008,WACM,WY
39374,0.156692,0.0,0.156692,CHEYENNE 2,41.0637,-105.016,WACM,WY
39375,0.036173,0.0,0.036173,MOORCROFT,44.4114,-104.86,WACM,WY
39376,0.139263,0.0,0.139263,CHEYENNE 3,41.361,-104.945,WACM,WY
39377,0.145028,0.0,0.145028,CHEYENNE 4,41.4537,-104.756,WACM,WY
39378,0.025823,0.0,0.025823,GUERNSEY,42.1626,-104.763,WACM,WY
39379,0.171019,0.0,0.171019,CHEYENNE 5,41.1436,-104.776,WACM,WY
39380,0.016148,0.0,0.016148,UPTON,43.9535,-104.617,WACM,WY
39381,0.025149,0.0,0.025149,SUNDANCE,44.4068,-104.362,WACM,WY
39382,0.028183,0.0,0.028183,BURNS 2,41.226,-104.357,WACM,WY
39383,0.021508,0.0,0.021508,LUSK,42.9605,-104.39,WACM,WY
39384,0.101034,0.0,0.101034,TORRINGTON,42.2294,-104.133,WACM,WY
39388,0.000202,0.0,0.000202,CHEYENNE 6,41.1297,-105.024,WACM,WY
39390,0.009979,0.0,0.009979,ALCOVA 1,42.4766,-106.796,WACM,WY
39391,0.00327,0.0,0.00327,ROCK RIVER 1,41.6751,-106.011,WACM,WY
39392,0.00118,0.0,0.00118,WRIGHT 2,44.3889,-105.461,WACM,WY
39393,0.025515,0.0,0.025515,KEMMERER 2,41.7581,-110.598,PACE,WY
39394,0.002528,0.0,0.002528,ROCK RIVER 2,41.6744,-106.18,WACM,WY
39395,0.099495,0.0,0.099495,MOUNTAIN VIEW 6,41.2881,-110.481,PACE,WY
39398,0.003607,0.0,0.003607,MEDICINE BOW 1,42.0436,-106.16,WACM,WY
39399,0.00891,0.0,0.00891,GREEN RIVER 3,41.6217,-109.812,PACE,WY
39401,0.034155,0.0,0.034155,POINT OF ROCKS,41.7378,-108.787,PACE,WY
39404,0.016114,0.0,0.016114,GILLETTE 6,44.285,-105.379,WACM,WY
39413,0.022803,0.0,0.022803,NYSSA,43.5821,-117.397,IPCO,ID
39414,0.028177,0.0,0.028177,HOMEDALE,43.5232,-116.908,IPCO,ID
39415,0.061342,0.0,0.061342,POST FALLS 1,47.7573,-116.937,AVA,ID
39416,0.061342,0.0,0.061342,POST FALLS 2,47.6912,-116.965,AVA,ID
39417,0.034054,0.0,0.034054,WEISER,44.2989,-117.026,IPCO,ID
39418,0.044977,0.0,0.044977,RATHDRUM 1,47.9247,-116.998,AVA,ID
39419,0.052074,0.0,0.052074,MOSCOW 1,46.7133,-116.94,AVA,ID
39420,0.047193,0.0,0.047193,MOSCOW 2,46.7824,-117.015,AVA,ID
39421,0.021762,0.0,0.021762,PARMA,43.8032,-116.971,IPCO,ID
39422,0.072099,0.0,0.072099,LEWISTON 2,46.1263,-116.974,BPAT,ID
39423,0.084873,0.0,0.084873,LEWISTON 3,46.236,-116.857,BPAT,ID
39424,0.010316,0.0,0.010316,PLUMMER,47.3541,-116.99,AVA,ID
39425,0.042853,0.0,0.042853,FRUITLAND 3,43.963,-116.82,IPCO,ID
39426,0.027489,0.0,0.027489,PRIEST RIVER,48.2769,-117.0,AVA,ID
39427,0.020469,0.0,0.020469,WILDER,43.567,-116.97,IPCO,ID
39428,0.018955,0.0,0.018955,SPIRIT LAKE,48.0347,-116.973,AVA,ID
39429,0.010181,0.0,0.010181,POTLATCH,47.04,-116.925,AVA,ID
39430,0.051086,0.0,0.051086,COEUR D ALENE 1,47.7211,-116.747,AVA,ID
39431,0.051086,0.0,0.051086,COEUR D ALENE 2,47.6416,-116.865,AVA,ID
39432,0.082431,0.0,0.082431,CALDWELL 1,43.6831,-116.705,IPCO,ID
39433,0.019315,0.0,0.019315,TROY 1,46.7543,-116.764,AVA,ID
39434,0.037059,0.0,0.037059,PAYETTE,43.9935,-116.774,IPCO,ID
39435,0.024076,0.0,0.024076,ATHOL,48.0276,-116.584,AVA,ID
39436,0.065849,0.0,0.065849,HAYDEN 3,47.7226,-116.719,AVA,ID
39437,0.073229,0.128261,0.20149,CALDWELL 2,43.6829,-116.735,IPCO,ID
39438,0.073229,0.0,0.073229,CALDWELL 3,43.5664,-116.635,IPCO,ID
39439,0.08139,0.0,0.08139,COEUR D ALENE 3,47.5984,-116.665,AVA,ID
39440,0.052844,0.0,0.052844,NAMPA 1,43.6247,-116.634,IPCO,ID
39441,0.052844,0.0,0.052844,NAMPA 2,43.539,-116.595,IPCO,ID
39442,0.085386,0.0,0.085386,NAMPA 3,43.5309,-116.608,IPCO,ID
39443,0.085386,0.0,0.085386,NAMPA 4,43.4053,-116.651,IPCO,ID
39444,0.036858,0.0,0.036858,MIDDLETON,43.8313,-116.522,IPCO,ID
39445,0.046802,0.0,0.046802,BONNERS FERRY,48.8429,-116.525,BPAT,ID
39446,0.028463,0.0,0.028463,SAINT MARIES,47.3158,-116.606,AVA,ID
39447,0.024555,0.0,0.024555,SAGLE,48.1641,-116.531,AVA,ID
39448,0.054859,0.034095,0.088954,NAMPA 5,43.6137,-116.601,IPCO,ID
39449,0.054859,0.082718,0.137577,NAMPA 6,43.6545,-116.45,IPCO,ID
39450,0.060354,0.0,0.060354,SANDPOINT,48.3608,-116.577,AVA,ID
39451,0.056974,0.0,0.056974,EMMETT,43.9263,-116.415,IPCO,ID
39452,0.027203,0.0,0.027203,STAR,43.8189,-116.456,IPCO,ID
39453,0.086998,0.0,0.086998,MERIDIAN 1,43.5542,-116.38,IPCO,ID
39454,0.086998,0.0,0.086998,MERIDIAN 2,43.5789,-116.396,IPCO,ID
39455,0.068359,0.0,0.068359,MERIDIAN 3,43.5173,-116.438,IPCO,ID
39456,0.068359,0.0,0.068359,MERIDIAN 4,43.6606,-116.339,IPCO,ID
39457,0.08416,0.0,0.08416,EAGLE 2,43.7999,-116.437,IPCO,ID
39458,0.051903,0.0,0.051903,BOISE 1,43.5581,-116.358,IPCO,ID
39459,0.051903,0.0,0.051903,BOISE 2,43.6151,-116.268,IPCO,ID
39460,0.090491,0.07004,0.160531,KUNA 1,43.4444,-116.264,IPCO,ID
39461,0.092422,0.0,0.092422,BOISE 3,43.5436,-116.352,IPCO,ID
39462,0.092422,0.0,0.092422,BOISE 4,43.5529,-116.219,IPCO,ID
39463,0.074958,0.0,0.074958,GARDEN CITY 2,43.759,-116.373,IPCO,ID
39464,0.073195,0.0,0.073195,BOISE 5,43.5285,-116.282,IPCO,ID
39465,0.073195,0.0,0.073195,BOISE 6,43.5517,-116.229,IPCO,ID
39466,0.061189,0.0,0.061189,BOISE 7,43.7017,-116.293,IPCO,ID
39467,0.098366,0.0,0.098366,BOISE 8,43.6148,-116.219,IPCO,ID
39468,0.054926,0.0,0.054926,BOISE 9,43.4997,-116.185,IPCO,ID
39469,0.054926,0.0,0.054926,BOISE 10,43.5891,-116.115,IPCO,ID
39471,0.082347,0.0,0.082347,BOISE 11,43.7341,-116.19,IPCO,ID
39472,0.028419,0.0,0.028419,OROFINO,46.5082,-116.217,BPAT,ID
39473,0.020671,0.0,0.020671,HORSESHOE BEND,44.0017,-116.059,IPCO,ID
39474,0.052624,0.0,0.052624,KELLOGG,47.5428,-116.055,BPAT,ID
39475,0.030108,0.0,0.030108,BOISE 12,43.6242,-116.135,IPCO,ID
39476,0.035498,0.0,0.035498,GRANGEVILLE,45.8513,-116.183,IPCO,ID
39477,0.007069,0.0,0.007069,DONNELLY,44.6507,-116.103,IPCO,ID
39478,0.026235,0.0,0.026235,KAMIAH,46.3069,-115.941,BPAT,ID
39479,0.032307,0.0,0.032307,MCCALL,45.0469,-115.909,IPCO,ID
39480,0.05365,0.0,0.05365,BOISE 13,43.5022,-115.951,IPCO,ID
39481,0.076805,0.0,0.076805,MOUNTAIN HOME 1,43.3434,-115.61,IPCO,ID
39482,0.009185,0.0,0.009185,CASCADE 1,44.7551,-115.379,IPCO,ID
39483,0.008782,0.0,0.008782,KOOSKIA,46.124,-115.028,IPCO,ID
39484,0.035565,0.0,0.035565,BUHL,42.6956,-114.965,IPCO,ID
39485,0.019965,0.0,0.019965,WENDELL,42.7329,-114.643,IPCO,ID
39486,0.027858,0.06946,0.097318,GOODING,43.0224,-114.752,IPCO,ID
39487,0.021796,0.0,0.021796,KETCHUM,43.6743,-114.692,IPCO,ID
39488,0.022501,0.0,0.022501,FILER,42.5657,-114.695,IPCO,ID
39489,0.096066,0.132302,0.228368,TWIN FALLS 1,42.4834,-114.485,IPCO,ID
39490,0.096066,0.0,0.096066,TWIN FALLS 2,42.4652,-114.458,IPCO,ID
39491,0.0,0.0,0.0,LOLO,46.7133,-114.419,NWMT,ID
39492,0.079375,0.05953,0.138904,JEROME,42.6936,-114.492,IPCO,ID
39493,0.016221,0.0,0.016221,SHOSHONE,43.0293,-114.393,IPCO,ID
39494,0.031585,0.0,0.031585,KIMBERLY 1,42.3756,-114.31,IPCO,ID
39495,0.011435,0.0,0.011435,CHALLIS,44.6377,-114.305,IPCO,ID
39496,0.05145,0.0,0.05145,HAILEY,43.6472,-114.278,IPCO,ID
39497,0.013887,0.0,0.013887,BELLEVUE 8,43.2982,-114.179,IPCO,ID
39498,0.010965,0.0,0.010965,HAZELTON,42.5206,-114.148,IPCO,ID
39499,0.028781,0.0,0.028781,SALMON,45.0692,-113.84,IPCO,ID
39500,0.018286,0.0,0.018286,HEYBURN,42.6048,-113.902,IPCO,ID
39501,0.068964,0.184855,0.253818,BURLEY 1,42.5019,-113.759,IPCO,ID
39502,0.01204,0.038452,0.050492,PAUL,42.6652,-113.783,IPCO,ID
39503,0.045321,0.0,0.045321,RUPERT 1,42.6767,-113.576,IPCO,ID
39504,0.014961,0.0,0.014961,DECLO,42.4475,-113.433,IPCO,ID
39505,0.011973,0.0,0.011973,ARCO,43.5699,-113.202,IPCO,ID
39506,0.029564,0.0,0.029564,AMERICAN FALLS 1,42.6449,-112.988,PACE,ID
39507,0.014772,0.0,0.014772,ABERDEEN 3,43.0069,-112.817,PACE,ID
39508,0.082212,0.186365,0.268577,POCATELLO 1,42.8562,-112.669,PACE,ID
39509,0.057844,0.0,0.057844,BLACKFOOT 1,43.2608,-112.497,PACE,ID
39510,0.064267,0.0,0.064267,BLACKFOOT 2,43.2519,-112.514,PACE,ID
39511,0.018723,0.0,0.018723,MALAD CITY,42.2443,-112.425,PACE,ID
39512,0.080966,0.0,0.080966,POCATELLO 2,42.9969,-112.353,PACE,ID
39513,0.079643,0.0,0.079643,POCATELLO 3,42.8643,-112.366,PACE,ID
39514,0.023161,0.0,0.023161,INKOM,42.783,-112.114,PACE,ID
39515,0.092527,0.0,0.092527,POCATELLO 4,42.9122,-112.247,PACE,ID
39516,0.071741,0.0,0.071741,IDAHO FALLS 1,43.6107,-112.172,PACE,ID
39517,0.05582,0.0,0.05582,IDAHO FALLS 2,43.48,-112.181,PACE,ID
39518,0.039588,0.0,0.039588,SHELLEY,43.4466,-112.198,PACE,ID
39519,0.092508,0.0,0.092508,IDAHO FALLS 3,43.4132,-112.001,PACE,ID
39520,0.082426,0.0,0.082426,RIGBY,43.6902,-111.834,PACE,ID
39521,0.090912,0.0,0.090912,IDAHO FALLS 4,43.6197,-111.955,PACE,ID
39522,0.083555,0.0,0.083555,IDAHO FALLS 5,43.5253,-111.939,PACE,ID
39523,0.011191,0.0,0.011191,FIRTH,43.1423,-111.914,PACE,ID
39524,0.081161,0.0,0.081161,REXBURG 1,43.8042,-111.724,PACE,ID
39525,0.08155,0.0,0.08155,REXBURG 2,43.7976,-111.844,PACE,ID
39526,0.068082,0.0,0.068082,IDAHO FALLS 6,43.4531,-111.85,PACE,ID
39527,0.046088,0.090851,0.136939,SAINT ANTHONY,43.8878,-111.796,PACE,ID
39528,0.018256,0.0,0.018256,GRACE 1,42.5884,-111.85,PACE,ID
39529,0.051149,0.0,0.051149,PRESTON 1,42.0861,-111.75,PACE,ID
39530,0.022207,1.362457,1.384665,SODA SPRINGS,42.7162,-111.492,PACE,ID
39531,0.026606,0.0,0.026606,ASHTON,44.0744,-111.437,PACE,ID
39532,0.019307,0.0,0.019307,MONTPELIER,42.381,-111.174,PACE,ID
39533,0.040541,0.0,0.040541,VICTOR 1,43.615,-111.173,PACE,ID
39534,0.00543,0.0,0.00543,IRWIN,43.3348,-111.206,PACE,ID
39538,0.004175,0.085397,0.089571,LEWISTON 4,46.4231,-116.976,BPAT,ID
39540,0.016372,0.0,0.016372,MOUNTAIN HOME 3,43.1792,-115.734,IPCO,ID
39542,0.008715,0.0,0.008715,HAGERMAN 2,42.8744,-115.017,IPCO,ID
39543,0.014743,0.0,0.014743,KUNA 2,43.2435,-116.379,IPCO,ID
39545,0.008055,0.0,0.008055,CLARK FORK,48.0844,-116.053,AVA,ID
39548,0.010612,0.0,0.010612,CAMBRIDGE,44.8367,-116.897,IPCO,ID
39552,0.000191,0.0,0.000191,PONDERAY,48.9595,-116.557,BPAT,ID
39554,0.004937,0.0,0.004937,GLENNS FERRY 1,43.0281,-115.4,IPCO,ID
39556,0.011681,0.0,0.011681,AHSAHKA,46.5143,-116.298,BPAT,ID
39558,0.007892,0.0,0.007892,GLENNS FERRY 2,43.0566,-115.452,IPCO,ID
39559,0.007201,0.0,0.007201,PRESTON 2,42.2678,-111.749,PACE,ID
39568,0.0,0.090691,0.090691,AMERICAN FALLS 4,42.7778,-112.876,PACE,ID
39570,0.0,0.058217,0.058217,KIMBERLY 2,42.5892,-114.355,IPCO,ID
39576,0.020863,0.0,0.020863,LAME DEER,45.598,-106.728,NWMT,MT
39577,0.026535,0.0,0.026535,FORSYTH,46.3057,-106.596,NWMT,MT
39578,0.3341,0.0,0.3341,SHERIDAN 2,44.9288,-106.856,WACM,MT
39579,0.034978,0.0,0.034978,GLASGOW 1,48.0622,-106.889,NWMT,MT
39580,0.022004,0.0,0.022004,CROW AGENCY,45.5219,-107.228,NWMT,MT
39581,0.014213,0.0,0.014213,LODGE GRASS,45.2771,-107.617,NWMT,MT
39582,0.035695,0.0,0.035695,HARDIN 1,45.6754,-107.652,NWMT,MT
39583,0.026046,0.0,0.026046,MALTA 2,48.052,-107.755,NWMT,MT
39584,0.019592,0.0,0.019592,WORDEN,46.0377,-108.121,NWMT,MT
39585,0.022689,0.0,0.022689,SHEPHERD,46.1321,-108.374,NWMT,MT
39586,0.13988,0.0,0.13988,BILLINGS 1,45.7018,-108.339,NWMT,MT
39587,0.12896,0.0,0.12896,BILLINGS 2,45.5942,-108.297,NWMT,MT
39588,0.097633,0.0,0.097633,BILLINGS 3,45.9747,-108.445,NWMT,MT
39589,0.096557,0.0,0.096557,BILLINGS 4,45.9355,-108.444,NWMT,MT
39590,0.033316,0.0,0.033316,ROUNDUP,46.4834,-108.568,NWMT,MT
39591,0.151779,0.0,0.151779,BILLINGS 5,45.8161,-108.561,NWMT,MT
39592,0.151779,0.0,0.151779,BILLINGS 6,45.7965,-108.641,NWMT,MT
39593,0.08443,0.0,0.08443,BILLINGS 7,45.9055,-108.66,NWMT,MT
39594,0.018809,0.0,0.018809,HARLEM,48.504,-108.788,NWMT,MT
39595,0.076085,0.0,0.076085,LAUREL,45.591,-108.629,NWMT,MT
39596,0.011996,0.0,0.011996,HAYS,48.0697,-108.709,NWMT,MT
39597,0.016886,0.0,0.016886,BRIDGER,45.1576,-108.768,NWMT,MT
39598,0.019364,0.0,0.019364,PARK CITY 3,45.7488,-109.039,NWMT,MT
39599,0.021645,0.0,0.021645,JOLIET,45.5029,-108.899,NWMT,MT
39600,0.025883,0.0,0.025883,COLUMBUS 2,45.6608,-109.199,NWMT,MT
39601,0.015158,0.0,0.015158,CHINOOK,48.5202,-109.288,NWMT,MT
39602,0.072695,0.0,0.072695,LEWISTOWN,47.1501,-109.39,NWMT,MT
39603,0.026535,0.0,0.026535,RED LODGE,45.0254,-109.416,NWMT,MT
39604,0.01656,0.0,0.01656,ABSAROKEE,45.6043,-109.441,NWMT,MT
39605,0.087429,0.0,0.087429,HAVRE,48.5999,-109.79,NWMT,MT
39606,0.029371,0.0,0.029371,BOX ELDER,48.2948,-109.864,NWMT,MT
39607,0.023601,0.0,0.023601,HARLOWTON,46.549,-109.875,NWMT,MT
39608,0.022558,0.0,0.022558,BIG TIMBER,45.8849,-109.888,NWMT,MT
39609,0.008802,0.0,0.008802,GARDINER,45.0628,-110.448,NWMT,MT
39610,0.079638,0.0,0.079638,LIVINGSTON 2,45.555,-110.664,NWMT,MT
39611,0.018451,0.0,0.018451,FORT BENTON,47.9809,-110.627,NWMT,MT
39612,0.024156,0.0,0.024156,BELT,47.3014,-110.877,NWMT,MT
39613,0.111552,0.0,0.111552,BOZEMAN 1,45.8284,-110.826,NWMT,MT
39614,0.102914,0.0,0.102914,BOZEMAN 2,45.8708,-110.907,NWMT,MT
39615,0.018875,0.0,0.018875,CHESTER,48.603,-111.089,NWMT,MT
39616,0.010986,0.0,0.010986,WHITE SULPHUR SPRINGS,46.6534,-111.139,NWMT,MT
39617,0.089222,0.0,0.089222,BOZEMAN 3,45.6639,-111.097,NWMT,MT
39618,0.089222,0.0,0.089222,BOZEMAN 4,45.5053,-111.153,NWMT,MT
39619,0.118952,0.0,0.118952,BELGRADE,46.0721,-111.031,NWMT,MT
39620,0.017114,0.0,0.017114,GALLATIN GATEWAY,45.3432,-111.09,NWMT,MT
39621,0.014995,0.0,0.014995,WEST YELLOWSTONE,44.7624,-111.268,NWMT,MT
39622,0.094079,0.0,0.094079,GREAT FALLS 1,47.5036,-111.228,NWMT,MT
39623,0.104967,0.0,0.104967,GREAT FALLS 2,47.2238,-111.219,NWMT,MT
39624,0.10249,0.0,0.10249,GREAT FALLS 3,47.345,-111.272,NWMT,MT
39625,0.088733,0.0,0.088733,GREAT FALLS 4,47.662,-111.315,NWMT,MT
39626,0.098089,0.0,0.098089,GREAT FALLS 5,47.5522,-111.332,NWMT,MT
39627,0.032892,0.0,0.032892,MANHATTAN,45.829,-111.461,NWMT,MT
39628,0.028491,0.0,0.028491,TOWNSEND,46.5,-111.509,NWMT,MT
39629,0.025231,0.0,0.025231,THREE FORKS,45.9546,-111.478,NWMT,MT
39630,0.015191,0.0,0.015191,VAUGHN,47.5955,-111.687,NWMT,MT
39631,0.031164,0.0,0.031164,ENNIS,45.2176,-111.624,NWMT,MT
39632,0.027774,0.0,0.027774,SHELBY,48.5213,-111.671,NWMT,MT
39633,0.019527,0.0,0.019527,CASCADE 2,47.1731,-111.797,NWMT,MT
39634,0.047464,0.0,0.047464,EAST HELENA,46.6125,-111.763,NWMT,MT
39635,0.026666,0.0,0.026666,CONRAD,48.207,-111.919,NWMT,MT
39636,0.158331,0.0,0.158331,HELENA 1,46.6663,-111.831,NWMT,MT
39637,0.048083,0.0,0.048083,CLANCY,46.3901,-111.927,NWMT,MT
39638,0.018842,0.0,0.018842,SHERIDAN 3,45.3671,-112.169,NWMT,MT
39639,0.029176,0.0,0.029176,WHITEHALL,45.8125,-112.212,NWMT,MT
39640,0.101023,0.0,0.101023,HELENA 2,46.5927,-112.242,NWMT,MT
39641,0.095546,0.0,0.095546,HELENA 3,46.5927,-112.181,NWMT,MT
39642,0.015875,0.0,0.015875,VALIER,48.2422,-112.316,NWMT,MT
39643,0.017864,0.0,0.017864,CHOTEAU,47.8808,-112.39,NWMT,MT
39644,0.109988,0.0,0.109988,BUTTE 1,46.0684,-112.506,NWMT,MT
39645,0.108064,0.0,0.108064,BUTTE 2,45.9898,-112.406,NWMT,MT
39646,0.031001,0.0,0.031001,CUT BANK,48.7221,-112.532,NWMT,MT
39647,0.015973,0.0,0.015973,LINCOLN 4,47.0344,-112.64,NWMT,MT
39648,0.041889,0.0,0.041889,DEER LODGE,46.3299,-112.755,NWMT,MT
39649,0.054179,0.0,0.054179,DILLON 2,45.0416,-112.768,NWMT,MT
39650,0.05633,0.0,0.05633,BROWNING,48.6049,-113.094,NWMT,MT
39651,0.061644,0.0,0.061644,ANACONDA 1,46.0671,-113.159,NWMT,MT
39652,0.01004,0.0,0.01004,PHILIPSBURG,46.1965,-113.404,NWMT,MT
39653,0.013398,0.0,0.013398,SEELEY LAKE,47.2969,-113.564,NWMT,MT
39654,0.023373,0.0,0.023373,CLINTON 2,46.632,-113.773,NWMT,MT
39655,0.018001,0.0,0.018001,BIGFORK,47.656,-113.653,BPAT,MT
39656,0.130199,0.0,0.130199,MISSOULA 1,46.9033,-113.878,NWMT,MT
39657,0.10676,0.0,0.10676,MISSOULA 2,46.7477,-114.05,NWMT,MT
39658,0.037554,0.0,0.037554,CORVALLIS 4,46.2678,-113.925,NWMT,MT
39659,0.006733,0.0,0.006733,SAINT IGNATIUS,47.3103,-113.948,BPAT,MT
39660,0.10086,0.0,0.10086,MISSOULA 3,46.9164,-114.107,NWMT,MT
39661,0.10086,0.0,0.10086,MISSOULA 4,46.9543,-113.998,NWMT,MT
39662,0.035532,0.0,0.035532,FLORENCE 5,46.6544,-114.1,NWMT,MT
39663,0.062687,0.0,0.062687,STEVENSVILLE,46.573,-113.986,NWMT,MT
39664,0.005021,0.0,0.005021,ARLEE,47.2176,-114.054,BPAT,MT
39665,0.116735,0.0,0.116735,MISSOULA 5,47.0581,-114.044,NWMT,MT
39666,0.021352,0.0,0.021352,RONAN,47.4459,-114.022,BPAT,MT
39667,0.02854,0.0,0.02854,COLUMBIA FALLS,48.3117,-114.218,BPAT,MT
39668,0.020961,0.0,0.020961,POLSON 1,47.7396,-114.1,BPAT,MT
39669,0.010116,0.0,0.010116,LAKESIDE 4,47.9247,-114.216,BPAT,MT
39670,0.09108,0.0,0.09108,HAMILTON,46.2422,-114.171,NWMT,MT
39671,0.005697,0.0,0.005697,FRENCHTOWN,47.1474,-114.28,BPAT,MT
39672,0.049126,0.0,0.049126,MISSOULA 6,46.8482,-114.331,NWMT,MT
39673,0.019429,0.0,0.019429,DARBY,45.6991,-114.388,NWMT,MT
39674,0.023047,0.0,0.023047,VICTOR 2,46.4865,-114.263,NWMT,MT
39675,0.052524,0.0,0.052524,KALISPELL 1,48.2683,-114.483,BPAT,MT
39676,0.052524,0.0,0.052524,KALISPELL 2,48.3177,-114.296,BPAT,MT
39677,0.021678,0.0,0.021678,HUSON,47.0719,-114.522,NWMT,MT
39678,0.027663,0.0,0.027663,WHITEFISH,48.4913,-114.549,BPAT,MT
39679,0.007082,0.0,0.007082,KILA,47.9835,-114.614,BPAT,MT
39680,0.011638,0.0,0.011638,PLAINS,47.5645,-114.829,BPAT,MT
39681,0.013128,0.0,0.013128,EUREKA 5,48.9903,-114.96,BPAT,MT
39682,0.004883,0.0,0.004883,SUPERIOR 2,47.0781,-114.888,BPAT,MT
39683,0.007082,0.0,0.007082,THOMPSON FALLS 1,47.6498,-115.358,BPAT,MT
39684,0.020834,0.0,0.020834,LIBBY 1,48.3163,-115.328,BPAT,MT
39685,0.006353,0.0,0.006353,TROUT CREEK,47.8675,-115.582,BPAT,MT
39686,0.007558,0.0,0.007558,TROY 2,48.5885,-115.739,BPAT,MT
39688,0.006487,0.0,0.006487,ANACONDA 2,46.1047,-112.877,NWMT,MT
39689,0.015615,0.0,0.015615,COLSTRIP 1,45.9752,-106.655,NWMT,MT
39691,0.006552,0.0,0.006552,FAIRFIELD 5,48.51,-112.11,NWMT,MT
39692,0.002869,0.0,0.002869,TWO DOT,46.4494,-110.087,NWMT,MT
39693,0.0,0.012262,0.012262,BILLINGS 8,45.7756,-108.481,NWMT,MT
39694,0.003358,0.0,0.003358,HARDIN 2,45.3074,-107.958,NWMT,MT
39695,0.003562,0.0,0.003562,HUNGRY HORSE,48.3415,-114.014,BPAT,MT
39697,0.019787,0.0,0.019787,FAIRFIELD 6,47.7233,-111.965,NWMT,MT
39698,0.001247,0.0,0.001247,POLSON 2,47.6777,-114.234,BPAT,MT
39699,0.4467,0.0,0.4467,GLASGOW 2,48.0122,-106.412,WAUW,MT
