sub_id,name,lat,lon,Pd,state,ba
35000,NEAH BAY,48.2414,-124.578,9.64,WA,BPAT
35001,FORKS,47.6956,-124.184,15.98,WA,BPAT
35002,OCEAN SHORES,47.04,-124.057,14.39,WA,BPAT
35003,WESTPORT,46.9275,-124.172,10.45,WA,BPAT
35004,LONG BEACH 1,46.3165,-124.061,13.44,WA,BPAT
35005,OCEAN PARK,46.4983,-123.983,16.82,WA,BPAT
35006,HOQUIAM,47.1743,-123.847,33.49,WA,BPAT
35007,PORT ANGELES 1,48.0025,-123.762,32.02,WA,BPAT
35008,ABERDEEN 1,47.165,-123.664,57.79,WA,BPAT
35009,MONTESANO,47.1889,-123.686,25.01,WA,BPAT
35010,RAYMOND,46.656,-123.615,25.89,WA,BPAT
35011,ELMA 1,47.0719,-123.294,24.47,WA,BPAT
35012,PORT ANGELES 2,47.988,-123.332,53.35,WA,BPAT
35013,CATHLAMET,46.1904,-123.332,8.99,WA,BPAT
35014,SHELTON 1,47.1504,-123.13,48.19,WA,BPAT
35015,SHELTON 2,47.1479,-123.072,43.96,WA,BPAT
35016,ROCHESTER,46.7918,-123.042,30.89,WA,PSEI
35017,FRIDAY HARBOR,48.6268,-123.038,18.65,WA,BPAT
35018,SEQUIM 1,48.0874,-123.158,32.23,WA,BPAT
35019,SEQUIM 2,48.0024,-123.082,32.23,WA,BPAT
35020,OLYMPIA 1,47.0228,-123.132,39.8,WA,PSEI
35021,OLYMPIA 2,47.0673,-123.143,41.5,WA,PSEI
35022,LONGVIEW 1,46.1277,-123.011,59.05,WA,BPAT
35023,LONGVIEW 2,46.1467,-122.989,59.05,WA,BPAT
35024,CHEHALIS 1,46.66,-122.963,58.29,WA,PSEI
35025,OLYMPIA 3,47.1433,-123.021,36.59,WA,BPAT
35026,OLYMPIA 4,47.1717,-122.923,43.57,WA,PSEI
35027,WINLOCK,46.4187,-122.896,20.08,WA,BPAT
35028,CENTRALIA 1,46.7548,-122.848,59.25,WA,PSEI
35029,BELFAIR,47.4535,-122.926,37.54,WA,BPAT
35030,CASTLE ROCK 1,46.3394,-122.809,25.35,WA,BPAT
35031,OLYMPIA 5,46.9955,-122.858,45.76,WA,PSEI
35032,OLYMPIA 6,46.9904,-122.886,45.76,WA,PSEI
35033,EASTSOUND,48.5514,-122.945,17.51,WA,BPAT
35034,OLYMPIA 7,47.0745,-122.852,43.68,WA,PSEI
35035,PORT TOWNSEND,48.0143,-122.891,43.32,WA,PSEI
35036,TENINO,46.9218,-122.807,17.57,WA,PSEI
35037,LACEY 1,46.9892,-122.722,43.93,WA,PSEI
35038,LACEY 2,47.003,-122.791,43.93,WA,PSEI
35039,OLYMPIA 8,47.1839,-122.752,51.07,WA,BPAT
35040,BREMERTON 1,47.5276,-122.809,36.24,WA,PSEI
35041,BREMERTON 2,47.5296,-122.878,46.26,WA,PSEI
35042,KELSO,46.0854,-122.84,58.86,WA,BPAT
35043,LAKEBAY 1,47.3623,-122.739,11.07,WA,BPAT
35044,OLYMPIA 9,46.8946,-122.715,38.37,WA,PSEI
35045,OLYMPIA 10,47.0142,-122.693,38.37,WA,PSEI
35046,KALAMA,46.0192,-122.767,14.72,WA,BPAT
35047,GIG HARBOR 1,47.3039,-122.788,27.96,WA,BPAT
35048,VANCOUVER 1,45.7379,-122.691,28.46,WA,BPAT
35049,SILVERDALE 1,47.7074,-122.658,55.86,WA,PSEI
35050,SILVERDALE 2,47.7601,-122.715,22.32,WA,PSEI
35051,BLAINE 1,48.9,-122.772,40.86,WA,PSEI
35052,PORT LUDLOW,47.9481,-122.682,10.87,WA,BPAT
35053,PORT ORCHARD 1,47.5032,-122.614,33.23,WA,PSEI
35054,PORT ORCHARD 2,47.4023,-122.622,33.23,WA,BPAT
35055,RIDGEFIELD,45.8363,-122.686,37.67,WA,BPAT
35056,VANCOUVER 2,45.7159,-122.652,31.46,WA,BPAT
35057,VANCOUVER 3,45.6572,-122.775,31.46,WA,PGE
35058,STEILACOOM,47.3081,-122.67,18.02,WA,BPAT
35059,WOODLAND 1,46.0356,-122.568,31.02,WA,BPAT
35060,DUPONT,47.1074,-122.665,19.84,WA,PSEI
35061,VANCOUVER 4,45.5909,-122.658,33.88,WA,PGE
35062,VANCOUVER 5,45.6377,-122.615,57.74,WA,BPAT
35063,ANACORTES 1,48.5919,-122.692,51.34,WA,PSEI
35064,COUPEVILLE,48.1206,-122.581,26.95,WA,PSEI
35065,ONALASKA,46.6517,-122.651,12.48,WA,BPAT
35066,RAINIER 1,46.8176,-122.649,11.2,WA,PSEI
35067,BREMERTON 3,47.7207,-122.703,31.06,WA,PSEI
35068,BREMERTON 4,47.5662,-122.642,31.06,WA,PSEI
35069,OAK HARBOR 1,48.2781,-122.63,47.94,WA,PSEI
35070,OAK HARBOR 2,48.2395,-122.535,45.39,WA,BPAT
35071,POULSBO 1,47.7984,-122.684,35.43,WA,PSEI
35072,POULSBO 2,47.7539,-122.658,35.43,WA,PSEI
35073,BREMERTON 5,47.5231,-122.622,44.89,WA,PSEI
35074,VANCOUVER 6,45.5753,-122.627,50.09,WA,PGE
35075,VANCOUVER 7,45.6695,-122.554,50.09,WA,BPAT
35076,VANCOUVER 8,45.638,-122.606,41.72,WA,BPAT
35077,GIG HARBOR 2,47.2477,-122.719,71.03,WA,BPAT
35078,FERNDALE 1,48.8946,-122.67,61.01,WA,PSEI
35079,LA CENTER,45.8584,-122.666,20.07,WA,BPAT
35080,GIG HARBOR 3,47.4467,-122.645,38.05,WA,PSEI
35081,TACOMA 1,47.1496,-122.565,35.0,WA,PSEI
35082,PORT ORCHARD 3,47.5868,-122.668,57.18,WA,PSEI
35083,PORT ORCHARD 4,47.6145,-122.62,41.11,WA,PSEI
35084,VANCOUVER 9,45.7462,-122.552,37.97,WA,BPAT
35085,VANCOUVER 10,45.6971,-122.584,37.97,WA,BPAT
35086,VANCOUVER 11,45.6566,-122.64,52.25,WA,BPAT
35087,OLALLA,47.498,-122.665,19.72,WA,PSEI
35088,UNIVERSITY PLACE,47.1162,-122.596,35.35,WA,PSEI
35089,LAKEWOOD 1,47.1492,-122.575,33.06,WA,PSEI
35090,LAKEWOOD 2,47.0621,-122.607,33.52,WA,PSEI
35091,TACOMA 2,47.2402,-122.53,32.33,WA,BPAT
35092,TACOMA 3,47.2904,-122.56,15.22,WA,BPAT
35093,BAINBRIDGE ISLAND,47.6283,-122.493,55.26,WA,BPAT
35094,KINGSTON,47.8029,-122.537,25.6,WA,PSEI
35095,ROY 1,47.0922,-122.584,26.64,WA,PSEI
35096,TACOMA 4,47.3789,-122.464,47.72,WA,BPAT
35097,VANCOUVER 12,45.5753,-122.604,32.36,WA,PGE
35098,VANCOUVER 13,45.6205,-122.54,32.36,WA,BPAT
35099,LAKEWOOD 3,47.0746,-122.486,14.51,WA,PSEI
35100,TACOMA 5,47.2812,-122.419,51.86,WA,BPAT
35101,BATTLE GROUND 1,45.763,-122.424,41.08,WA,BPAT
35102,BATTLE GROUND 2,45.8824,-122.529,41.08,WA,BPAT
35103,VANCOUVER 14,45.575,-122.567,37.0,WA,PGE
35104,VANCOUVER 15,45.6766,-122.574,37.0,WA,BPAT
35105,BELLINGHAM 1,48.8277,-122.544,55.41,WA,PSEI
35106,BELLINGHAM 2,48.7084,-122.609,56.87,WA,PSEI
35107,LAKEWOOD 4,47.241,-122.413,48.59,WA,BPAT
35108,LAKEWOOD 5,47.2147,-122.577,68.06,WA,BPAT
35109,CAMANO ISLAND,48.209,-122.608,37.59,WA,PSEI
35110,YELM,46.8447,-122.451,51.74,WA,PSEI
35111,VANCOUVER 16,45.7632,-122.514,63.47,WA,BPAT
35112,VANCOUVER 17,45.7218,-122.566,63.47,WA,BPAT
35113,TACOMA 6,47.1245,-122.557,55.17,WA,PSEI
35114,VASHON,47.4255,-122.48,25.51,WA,PSEI
35115,TACOMA 7,47.2126,-122.441,57.98,WA,BPAT
35116,LYNDEN,49.0235,-122.465,45.34,WA,PSEI
35117,BRUSH PRAIRIE,45.6699,-122.371,21.66,WA,BPAT
35118,LANGLEY,48.012,-122.507,12.67,WA,PSEI
35119,TACOMA 8,47.2028,-122.354,40.75,WA,PSEI
35120,TACOMA 9,47.2014,-122.491,40.75,WA,BPAT
35121,TACOMA 10,47.3067,-122.518,24.17,WA,BPAT
35122,TACOMA 11,47.1904,-122.422,81.39,WA,BPAT
35123,BELLINGHAM 3,48.8083,-122.452,49.48,WA,PSEI
35124,BELLINGHAM 4,48.759,-122.436,49.48,WA,PSEI
35125,MOSSYROCK,46.4722,-122.371,12.52,WA,BPAT
35126,BELLINGHAM 5,48.6497,-122.474,36.39,WA,PSEI
35127,BELLINGHAM 6,48.7025,-122.479,36.39,WA,PSEI
35128,CLINTON 1,47.9174,-122.546,30.67,WA,PSEI
35129,TACOMA 12,47.2202,-122.495,38.5,WA,BPAT
35130,TACOMA 13,47.1365,-122.331,38.5,WA,BPAT
35131,BOW,48.6364,-122.354,9.41,WA,PSEI
35132,TACOMA 14,47.1045,-122.429,35.59,WA,BPAT
35133,TACOMA 15,47.1903,-122.338,35.59,WA,PSEI
35134,SEATTLE 1,47.6876,-122.504,47.25,WA,BPAT
35135,SEATTLE 2,47.6146,-122.326,53.38,WA,BPAT
35136,SEATTLE 3,47.5031,-122.327,35.45,WA,BPAT
35137,SPANAWAY 1,47.104,-122.398,51.81,WA,BPAT
35138,SPANAWAY 2,47.0282,-122.413,51.81,WA,BPAT
35139,TACOMA 16,47.3025,-122.311,48.36,WA,PSEI
35140,SEATTLE 4,47.6998,-122.309,37.64,WA,BPAT
35141,SEATTLE 5,47.7826,-122.491,37.64,WA,PSEI
35142,CAMAS 1,45.6124,-122.329,33.48,WA,BPAT
35143,CAMAS 2,45.644,-122.344,33.48,WA,BPAT
35144,SEATTLE 6,47.5435,-122.32,50.01,WA,BPAT
35145,SEATTLE 7,47.6768,-122.282,50.75,WA,BPAT
35146,SEATTLE 8,47.6954,-122.385,45.67,WA,BPAT
35147,MOUNT VERNON 1,48.3831,-122.401,34.46,WA,PSEI
35148,MOUNT VERNON 2,48.3917,-122.401,34.46,WA,PSEI
35149,TACOMA 17,47.2016,-122.308,41.16,WA,PSEI
35150,EDMONDS 1,47.8798,-122.514,43.93,WA,PSEI
35151,SEATTLE 9,47.7031,-122.337,50.49,WA,BPAT
35152,FEDERAL WAY 1,47.2992,-122.415,57.01,WA,BPAT
35153,FEDERAL WAY 2,47.2213,-122.426,57.01,WA,BPAT
35154,SEATTLE 10,47.4004,-122.328,31.11,WA,PSEI
35155,SEATTLE 11,47.4459,-122.341,31.11,WA,PSEI
35156,TACOMA 18,47.2861,-122.375,24.34,WA,BPAT
35157,SEATTLE 12,47.3627,-122.325,48.72,WA,PSEI
35158,SEATTLE 13,47.6889,-122.272,30.31,WA,PSEI
35159,SEATTLE 14,47.6404,-122.415,54.9,WA,BPAT
35160,BURLINGTON 1,48.4514,-122.416,35.69,WA,PSEI
35161,SEATTLE 15,47.6603,-122.337,49.72,WA,BPAT
35162,YACOLT,45.7986,-122.311,23.27,WA,BPAT
35163,SEATTLE 16,47.8251,-122.313,53.47,WA,PSEI
35164,SEATTLE 17,47.72,-122.376,53.47,WA,BPAT
35165,SEATTLE 18,47.6366,-122.399,55.09,WA,BPAT
35166,SEATTLE 19,47.7292,-122.331,55.09,WA,BPAT
35167,SEATTLE 20,47.665,-122.241,24.57,WA,PSEI
35168,EDMONDS 2,47.8822,-122.246,43.11,WA,PSEI
35169,EDMONDS 3,47.9219,-122.313,44.92,WA,PSEI
35170,EVERSON,48.906,-122.314,28.63,WA,PSEI
35171,SEATTLE 21,47.5328,-122.32,32.97,WA,BPAT
35172,SEATTLE 22,47.4956,-122.229,24.02,WA,PSEI
35173,PUYALLUP 1,47.1462,-122.344,53.39,WA,PSEI
35174,PUYALLUP 2,47.2703,-122.268,49.12,WA,PSEI
35175,PUYALLUP 3,47.0533,-122.224,32.24,WA,PSEI
35176,PUYALLUP 4,47.1606,-122.399,32.24,WA,BPAT
35177,SEATTLE 23,47.713,-122.347,49.81,WA,BPAT
35178,FEDERAL WAY 3,47.3951,-122.271,52.98,WA,PSEI
35179,FEDERAL WAY 4,47.2423,-122.343,52.98,WA,BPAT
35180,SEATTLE 24,47.3349,-122.263,56.71,WA,PSEI
35181,SEATTLE 25,47.313,-122.341,41.5,WA,PSEI
35182,STANWOOD,48.2045,-122.317,50.57,WA,BPAT
35183,MOUNTLAKE TERRACE,47.8313,-122.236,47.86,WA,PSEI
35184,SEATTLE 26,47.5936,-122.296,60.83,WA,BPAT
35185,MUKILTEO,47.8987,-122.223,48.61,WA,PSEI
35186,SEATTLE 27,47.6909,-122.296,39.33,WA,BPAT
35187,SEATTLE 28,47.7631,-122.316,39.33,WA,BPAT
35188,SEATTLE 29,47.421,-122.349,40.48,WA,PSEI
35189,SEATTLE 30,47.4298,-122.298,40.48,WA,PSEI
35190,SEATTLE 31,47.7113,-122.307,44.5,WA,BPAT
35191,SEATTLE 32,47.6398,-122.263,44.5,WA,BPAT
35192,SEATTLE 33,47.7043,-122.268,37.74,WA,PSEI
35193,SEATTLE 34,47.6408,-122.339,37.74,WA,BPAT
35194,SEATTLE 35,47.6708,-122.366,32.26,WA,BPAT
35195,SEATTLE 36,47.6468,-122.286,32.26,WA,BPAT
35196,SEATTLE 37,47.6732,-122.337,50.58,WA,BPAT
35197,LYNNWOOD 1,47.9233,-122.377,32.27,WA,PSEI
35198,LYNNWOOD 2,47.815,-122.321,32.27,WA,PSEI
35199,SEATTLE 38,47.653,-122.219,52.71,WA,PSEI
35200,SEATTLE 39,47.6345,-122.263,52.71,WA,BPAT
35201,SEATTLE 40,47.7292,-122.322,55.45,WA,BPAT
35202,SEATTLE 41,47.625,-122.198,55.45,WA,PSEI
35203,LYNNWOOD 3,47.8153,-122.367,43.2,WA,PSEI
35204,LYNNWOOD 4,47.8516,-122.336,43.2,WA,BPAT
35205,GRAHAM,47.0349,-122.184,87.17,WA,BPAT
35206,SEATTLE 42,47.5253,-122.244,55.47,WA,PSEI
35207,SEATTLE 43,47.4522,-122.208,51.28,WA,PSEI
35208,SEATTLE 44,47.507,-122.206,51.28,WA,PSEI
35209,LYNNWOOD 5,47.8401,-122.23,35.97,WA,PSEI
35210,LYNNWOOD 6,47.8719,-122.262,35.97,WA,PSEI
35211,PUYALLUP 5,47.1506,-122.347,53.94,WA,BPAT
35212,AUBURN 1,47.368,-122.276,38.29,WA,PSEI
35213,AUBURN 2,47.2525,-122.333,38.29,WA,BPAT
35214,PUYALLUP 6,47.1096,-122.356,44.83,WA,BPAT
35215,PUYALLUP 7,47.2232,-122.322,44.83,WA,PSEI
35216,EVERETT 1,47.8443,-122.275,47.26,WA,PSEI
35217,EVERETT 2,47.9909,-122.175,47.26,WA,PSEI
35218,KENT 1,47.3465,-122.284,40.62,WA,PSEI
35219,KENT 2,47.4797,-122.334,40.62,WA,BPAT
35220,KENMORE,47.7533,-122.29,49.01,WA,BPAT
35221,SEATTLE 45,47.5762,-122.154,57.82,WA,PSEI
35222,WASHOUGAL,45.6682,-122.212,50.93,WA,BPAT
35223,MARYSVILLE 1,48.1583,-122.276,32.62,WA,BPAT
35224,MARYSVILLE 2,48.0128,-122.197,32.62,WA,PSEI
35225,MERCER ISLAND,47.6218,-122.269,54.48,WA,BPAT
35226,EVERETT 3,47.8893,-122.252,41.22,WA,PSEI
35227,EVERETT 4,47.9502,-122.295,41.22,WA,PSEI
35228,SUMNER,47.2663,-122.163,25.11,WA,PSEI
35229,RENTON 1,47.5072,-122.157,25.47,WA,PSEI
35230,AUBURN 3,47.3545,-122.26,37.98,WA,PSEI
35231,AUBURN 4,47.3152,-122.129,37.98,WA,PSEI
35232,KIRKLAND 1,47.8022,-122.219,48.49,WA,PSEI
35233,KIRKLAND 2,47.7388,-122.216,48.49,WA,PSEI
35234,EVERETT 5,48.0627,-122.286,35.5,WA,BPAT
35235,EVERETT 6,47.958,-122.191,35.5,WA,PSEI
35236,BOTHELL 1,47.8138,-122.287,32.07,WA,PSEI
35237,BOTHELL 2,47.8688,-122.23,32.07,WA,PSEI
35238,BELLEVUE 1,47.5984,-122.191,33.54,WA,PSEI
35239,BELLEVUE 2,47.537,-122.259,33.54,WA,PSEI
35240,BOTHELL 3,47.7109,-122.228,35.05,WA,PSEI
35241,BOTHELL 4,47.7242,-122.24,35.05,WA,PSEI
35242,RENTON 2,47.4854,-122.17,52.57,WA,PSEI
35243,BOTHELL 5,47.8217,-122.188,61.36,WA,PSEI
35244,BOTHELL 6,47.782,-122.104,61.36,WA,PSEI
35245,KENT 3,47.3594,-122.271,40.52,WA,PSEI
35246,KENT 4,47.349,-122.238,40.52,WA,PSEI
35247,KENT 5,47.3235,-122.223,43.9,WA,PSEI
35248,KENT 6,47.3765,-122.219,43.9,WA,PSEI
35249,KIRKLAND 3,47.7263,-122.156,41.21,WA,PSEI
35250,KIRKLAND 4,47.7358,-122.095,41.21,WA,PSEI
35251,RENTON 3,47.4739,-122.246,38.99,WA,BPAT
35252,RENTON 4,47.4626,-122.113,38.99,WA,PSEI
35253,EVERETT 7,47.8353,-122.089,62.16,WA,PSEI
35254,EVERETT 8,47.8077,-122.202,62.16,WA,PSEI
35255,BELLEVUE 3,47.6034,-122.206,42.51,WA,PSEI
35256,BONNEY LAKE 1,47.145,-122.084,54.76,WA,PSEI
35257,BONNEY LAKE 2,47.116,-122.078,53.17,WA,PSEI
35258,EATONVILLE,46.8799,-122.16,28.73,WA,BPAT
35259,BELLEVUE 4,47.5212,-122.242,43.64,WA,PSEI
35260,BELLEVUE 5,47.5196,-122.234,43.64,WA,PSEI
35261,EVERETT 9,48.0135,-122.172,29.48,WA,PSEI
35262,MARYSVILLE 3,48.0409,-122.104,55.08,WA,PSEI
35263,MARYSVILLE 4,48.0427,-122.17,55.08,WA,PSEI
35264,MOUNT VERNON 3,48.3909,-122.136,40.3,WA,PSEI
35265,BELLEVUE 6,47.6734,-122.157,59.73,WA,PSEI
35266,WOODINVILLE 1,47.8101,-122.194,53.55,WA,PSEI
35267,AUBURN 5,47.3361,-122.095,47.78,WA,PSEI
35268,AUBURN 6,47.3826,-122.052,47.78,WA,PSEI
35269,RENTON 5,47.486,-122.14,50.33,WA,PSEI
35270,RENTON 6,47.5182,-122.211,50.33,WA,PSEI
35271,SEDRO WOOLLEY,48.5591,-122.061,58.98,WA,PSEI
35272,MAPLE FALLS,48.8663,-122.063,17.46,WA,PSEI
35273,REDMOND 1,47.6987,-122.162,70.13,WA,PSEI
35274,REDMOND 2,47.73,-122.177,70.13,WA,PSEI
35275,KENT 7,47.4375,-122.167,52.41,WA,PSEI
35276,KENT 8,47.352,-122.053,64.47,WA,PSEI
35277,RENTON 7,47.5654,-122.136,41.36,WA,PSEI
35278,RENTON 8,47.5841,-122.044,42.13,WA,PSEI
35279,SNOHOMISH 1,47.7753,-122.023,33.55,WA,PSEI
35280,SNOHOMISH 2,47.7964,-122.179,33.55,WA,PSEI
35281,BELLEVUE 7,47.5722,-122.102,58.59,WA,PSEI
35282,LAKE STEVENS 1,48.0716,-121.985,36.63,WA,PSEI
35283,LAKE STEVENS 2,47.9546,-122.115,36.63,WA,PSEI
35284,BUCKLEY,47.2107,-122.159,37.47,WA,PSEI
35285,CARSON 1,45.7705,-122.041,6.89,WA,BPAT
35286,WOODINVILLE 2,47.7174,-122.023,32.6,WA,PSEI
35287,SAMMAMISH 1,47.6539,-122.083,30.9,WA,PSEI
35288,SAMMAMISH 2,47.6533,-122.066,30.9,WA,PSEI
35289,SAMMAMISH 3,47.53,-122.106,49.72,WA,PSEI
35290,REDMOND 3,47.6984,-122.053,45.08,WA,PSEI
35291,ISSAQUAH 1,47.5088,-122.045,58.44,WA,PSEI
35292,ISSAQUAH 2,47.4204,-121.999,31.37,WA,PSEI
35293,ISSAQUAH 3,47.5484,-122.021,31.37,WA,PSEI
35294,SNOHOMISH 3,47.8617,-121.976,39.26,WA,PSEI
35295,SNOHOMISH 4,47.8765,-122.083,39.26,WA,PSEI
35296,MAPLE VALLEY 1,47.3322,-121.972,45.25,WA,PSEI
35297,MAPLE VALLEY 2,47.5141,-122.052,37.41,WA,PSEI
35298,STEVENSON,45.6247,-122.022,9.47,WA,BPAT
35299,ARLINGTON 1,48.2871,-122.039,48.98,WA,BPAT
35300,ARLINGTON 2,48.1649,-121.877,48.98,WA,BPAT
35301,ENUMCLAW,47.1536,-121.891,52.05,WA,PSEI
35302,FALL CITY 1,47.6184,-121.816,13.56,WA,PSEI
35303,MONROE 1,47.8344,-121.804,33.53,WA,BPAT
35304,MONROE 2,47.9353,-121.822,33.53,WA,PSEI
35305,CARNATION,47.7267,-121.899,16.24,WA,PSEI
35306,DUVALL,47.72,-121.79,25.74,WA,PSEI
35307,SNOQUALMIE,47.6707,-121.713,31.18,WA,PSEI
35308,SULTAN 1,47.8719,-121.774,15.83,WA,BPAT
35309,GRANITE FALLS,48.0007,-121.598,21.06,WA,BPAT
35310,NORTH BEND 1,47.4476,-121.62,35.95,WA,PSEI
35311,GOLD BAR,47.8387,-121.687,11.97,WA,BPAT
35312,WHITE SALMON,45.8583,-121.52,23.34,WA,BPAT
35313,DARRINGTON,48.2191,-121.308,5.11,WA,BPAT
35314,NACHES,46.8228,-121.284,12.65,WA,BPAT
35315,LYLE,45.6573,-121.134,8.11,WA,BPAT
35316,YAKIMA 1,46.52,-121.052,34.84,WA,BPAT
35317,CLE ELUM 1,47.2783,-120.851,23.34,WA,PSEI
35318,LEAVENWORTH,47.8317,-120.899,21.1,WA,CHPD
35319,GOLDENDALE 1,45.9276,-120.717,17.1,WA,BPAT
35320,WHITE SWAN,46.292,-120.781,5.59,WA,BPAT
35321,YAKIMA 2,46.6481,-120.678,52.69,WA,BPAT
35322,YAKIMA 3,46.7045,-120.683,42.29,WA,BPAT
35323,SELAH,46.873,-120.727,40.74,WA,BPAT
35324,YAKIMA 4,46.5831,-120.469,55.59,WA,BPAT
35325,YAKIMA 5,46.6723,-120.47,55.59,WA,BPAT
35326,WAPATO,46.5432,-120.569,36.42,WA,BPAT
35327,CASHMERE,47.4854,-120.482,20.01,WA,CHPD
35328,ELLENSBURG 1,47.0315,-120.532,36.29,WA,PSEI
35329,ELLENSBURG 2,46.9945,-120.431,38.97,WA,PSEI
35330,YAKIMA 6,46.7656,-120.424,36.2,WA,PSEI
35331,YAKIMA 7,46.8168,-120.485,36.2,WA,PSEI
35332,CHELAN,48.0169,-120.332,15.92,WA,CHPD
35333,WENATCHEE 1,47.3425,-120.277,49.17,WA,CHPD
35334,WENATCHEE 2,47.4248,-120.327,49.17,WA,CHPD
35335,WINTHROP,48.5775,-120.412,5.68,WA,DOPD
35336,TOPPENISH,46.2344,-120.294,31.74,WA,BPAT
35337,TWISP,48.3329,-120.338,7.28,WA,DOPD
35338,ZILLAH,46.4421,-120.185,48.67,WA,BPAT
35339,EAST WENATCHEE 1,47.4908,-120.118,38.11,WA,DOPD
35340,EAST WENATCHEE 2,47.4767,-120.147,34.46,WA,DOPD
35341,MALAGA,47.2553,-120.165,8.85,WA,BPAT
35342,MANSON,47.9079,-120.041,16.95,WA,CHPD
35343,MABTON,46.1405,-120.097,10.06,WA,BPAT
35344,GRANDVIEW,46.2234,-119.973,36.6,WA,BPAT
35345,QUINCY 1,47.1193,-119.794,28.08,WA,GCPD
35346,BREWSTER,48.0643,-119.69,11.76,WA,DOPD
35347,MATTAWA 1,46.7256,-119.625,20.36,WA,GCPD
35348,PROSSER,46.1752,-119.678,31.66,WA,BPAT
35349,ROYAL CITY,46.8538,-119.7,11.65,WA,GCPD
35350,SUNNYSIDE 1,46.5318,-119.56,52.83,WA,BPAT
35351,EPHRATA,47.4061,-119.534,26.53,WA,GCPD
35352,OKANOGAN,48.2962,-119.665,13.0,WA,DOPD
35353,BENTON CITY,46.3237,-119.53,22.08,WA,BPAT
35354,SOAP LAKE,47.4753,-119.519,13.67,WA,GCPD
35355,WEST RICHLAND,46.2844,-119.292,31.93,WA,BPAT
35356,MOSES LAKE 1,47.1599,-119.374,47.67,WA,GCPD
35357,MOSES LAKE 2,47.2058,-119.293,48.43,WA,GCPD
35358,RICHLAND 1,46.332,-119.296,51.22,WA,BPAT
35359,RICHLAND 2,46.3498,-119.264,32.37,WA,BPAT
35360,RICHLAND 3,46.1596,-119.357,33.21,WA,BPAT
35361,KENNEWICK 1,46.1784,-119.187,27.73,WA,BPAT
35362,OMAK,48.3025,-119.316,24.66,WA,DOPD
35363,TONASKET,48.6336,-119.347,15.44,WA,DOPD
35364,OROVILLE 1,48.9833,-119.219,11.72,WA,DOPD
35365,MESA 1,46.6475,-119.276,7.3,WA,BPAT
35366,OTHELLO,46.9002,-119.148,40.36,WA,BPAT
35367,KENNEWICK 2,46.1558,-119.146,58.5,WA,BPAT
35368,KENNEWICK 3,46.2059,-119.154,58.5,WA,BPAT
35369,KENNEWICK 4,46.119,-119.034,36.33,WA,BPAT
35370,KENNEWICK 5,46.1418,-119.034,35.81,WA,BPAT
35371,WARDEN,46.9803,-119.065,9.8,WA,GCPD
35372,PASCO 1,46.3067,-118.856,81.83,WA,BPAT
35373,PASCO 2,46.4504,-119.033,84.01,WA,BPAT
35374,COULEE DAM,48.0642,-118.908,19.08,WA,DOPD
35375,BURBANK 1,46.236,-118.973,8.84,WA,BPAT
35376,CONNELL,46.6152,-118.833,14.83,WA,BPAT
35377,REPUBLIC,48.5237,-118.725,10.54,WA,AVA
35378,COLLEGE PLACE,46.0608,-118.472,25.71,WA,BPAT
35379,RITZVILLE,47.1453,-118.431,11.54,WA,BPAT
35380,DAVENPORT,47.603,-118.245,18.18,WA,AVA
35381,KETTLE FALLS 1,48.6381,-118.056,16.75,WA,AVA
35382,DAYTON 1,46.2473,-117.768,13.52,WA,BPAT
35383,SPRINGDALE,48.0408,-117.937,12.06,WA,AVA
35384,COLVILLE,48.5904,-117.782,33.56,WA,AVA
35385,MEDICAL LAKE,47.5223,-117.695,44.13,WA,AVA
35386,CHEWELAH,48.3264,-117.614,21.97,WA,AVA
35387,CHENEY,47.448,-117.595,44.49,WA,AVA
35388,NINE MILE FALLS 1,47.8176,-117.626,26.49,WA,AVA
35389,SPOKANE 1,47.6986,-117.566,43.89,WA,AVA
35390,DEER PARK,48.0336,-117.55,37.73,WA,AVA
35391,SPOKANE 2,47.7976,-117.431,59.03,WA,AVA
35392,SPOKANE 3,47.7576,-117.424,59.03,WA,AVA
35393,SPOKANE 4,47.6004,-117.414,50.56,WA,AVA
35394,SPOKANE 5,47.7045,-117.488,50.56,WA,AVA
35395,SPOKANE 6,47.7299,-117.375,32.02,WA,AVA
35396,SPOKANE 7,47.6011,-117.461,16.23,WA,AVA
35397,COLFAX 1,46.8793,-117.435,12.43,WA,AVA
35398,SPOKANE 8,47.8353,-117.428,37.27,WA,AVA
35399,SPOKANE 9,47.5865,-117.342,48.46,WA,AVA
35400,SPOKANE 10,47.6851,-117.361,37.02,WA,AVA
35401,SPOKANE 11,47.7601,-117.386,37.02,WA,AVA
35402,SPOKANE 12,47.6639,-117.367,51.79,WA,AVA
35403,COLBERT,47.8809,-117.31,20.58,WA,AVA
35404,SPOKANE 13,47.5957,-117.263,35.13,WA,AVA
35405,SPOKANE 14,47.5037,-117.321,42.81,WA,AVA
35406,SPOKANE 15,47.6871,-117.291,46.07,WA,AVA
35407,CHATTAROY,48.0173,-117.297,11.64,WA,AVA
35408,CLARKSTON 1,46.3546,-117.284,52.07,WA,BPAT
35409,SPOKANE 16,47.7636,-117.293,41.82,WA,AVA
35410,SPOKANE 17,47.5894,-117.303,41.76,WA,AVA
35411,SPOKANE 18,47.7083,-117.31,41.76,WA,AVA
35412,ELK,48.1135,-117.325,9.47,WA,AVA
35413,SPOKANE 19,47.7363,-117.258,58.47,WA,AVA
35414,PULLMAN 1,46.6533,-117.315,37.68,WA,AVA
35415,PULLMAN 2,46.6335,-117.171,43.92,WA,AVA
35416,VERADALE,47.6369,-117.195,31.14,WA,AVA
35417,NEWPORT 1,48.1673,-117.148,19.47,WA,AVA
35418,MEAD,47.9256,-117.139,22.02,WA,AVA
35419,OTIS ORCHARDS,47.7108,-117.218,14.64,WA,AVA
35420,GREENACRES,47.5149,-117.03,33.11,WA,AVA
35421,LIBERTY LAKE,47.6862,-117.088,22.8,WA,AVA
35422,NEWMAN LAKE,47.7501,-117.133,12.56,WA,AVA
35423,MATTAWA 2,46.6451,-119.908,0.0,WA,GCPD
35424,ROOSEVELT 1,45.8131,-120.347,0.71,WA,BPAT
35425,RANDLE,46.4661,-122.11,6.94,WA,BPAT
35426,CLE ELUM 2,47.1356,-120.687,1.19,WA,PSEI
35427,GOLDENDALE 2,45.8797,-120.807,2.16,WA,BPAT
35428,WENATCHEE 3,47.5336,-120.295,0.17,WA,CHPD
35429,WENATCHEE 4,47.3461,-120.092,0.31,WA,DOPD
35430,SULTAN 2,47.9084,-121.814,0.0,WA,PSEI
35431,SHELTON 3,47.3698,-123.16,0.0,WA,BPAT
35432,TACOMA 19,47.0861,-122.366,0.0,WA,BPAT
35433,COUGAR 1,46.0608,-122.202,0.36,WA,BPAT
35434,ELLENSBURG 3,46.9547,-120.182,0.42,WA,BPAT
35435,BRIDGEPORT,47.9951,-119.64,8.81,WA,DOPD
35436,SILVER CREEK 1,46.5035,-122.588,10.95,WA,BPAT
35437,CONCRETE 1,48.5478,-121.741,9.66,WA,PSEI
35438,CAMAS 3,45.5847,-122.406,0.0,WA,BPAT
35439,DAYTON 2,46.4211,-118.027,5.4,WA,BPAT
35440,ROCKPORT 1,48.6981,-121.209,2.32,WA,PSEI
35441,MOUNT VERNON 4,48.4481,-122.433,0.0,WA,PSEI
35442,SPOKANE 20,47.6536,-117.421,0.0,WA,AVA
35443,LONGVIEW 3,46.1039,-122.918,0.0,WA,BPAT
35444,BELLINGHAM 7,48.746,-122.486,0.0,WA,PSEI
35445,ROSALIA,47.1558,-117.364,13.86,WA,AVA
35446,ANACORTES 2,48.4708,-122.56,9.92,WA,PSEI
35447,GOLDENDALE 3,45.7818,-120.521,0.0,WA,BPAT
35448,KIRKLAND 5,47.4446,-121.688,0.0,WA,PSEI
35449,ROCKPORT 2,48.7139,-121.132,0.0,WA,PSEI
35450,RICHLAND 4,46.4711,-119.334,0.0,WA,BPAT
35451,AMBOY,45.9628,-122.335,2.44,WA,BPAT
35452,KETTLE FALLS 2,48.6203,-118.111,2.9,WA,AVA
35453,BICKLETON 1,45.9215,-120.236,0.52,WA,BPAT
35454,POMEROY 1,46.6595,-117.429,5.5,WA,AVA
35455,TACOMA 20,47.0797,-122.365,0.0,WA,BPAT
35456,TACOMA 21,47.2661,-122.428,0.0,WA,BPAT
35457,LAKEBAY 2,46.8328,-122.32,0.0,WA,PSEI
35458,BURBANK 2,46.2498,-118.88,0.0,WA,BPAT
35459,CENTRALIA 2,46.7559,-122.86,0.0,WA,PSEI
35460,SILVER CREEK 2,46.5347,-122.425,0.0,WA,BPAT
35461,NORTH BEND 2,47.4193,-121.782,0.0,WA,PSEI
35462,NINE MILE FALLS 2,47.7697,-117.537,0.0,WA,AVA
35463,SPOKANE 21,47.7351,-117.371,0.0,WA,AVA
35464,WENATCHEE 5,47.8347,-120.013,0.0,WA,CHPD
35465,DAYTON 3,46.5838,-118.027,0.0,WA,BPAT
35466,SUMAS,48.9905,-122.273,0.0,WA,PSEI
35467,BURLINGTON 2,48.4558,-122.436,0.0,WA,PSEI
35468,COULEE CITY 1,47.5025,-119.292,0.0,WA,GCPD
35469,BICKLETON 2,45.9192,-120.304,0.0,WA,BPAT
35470,BEVERLY,46.8731,-119.97,0.0,WA,BPAT
35471,ROCKPORT 3,48.7326,-121.068,0.0,WA,PSEI
35472,BLAINE 2,48.8288,-122.686,0.0,WA,PSEI
35473,NORTH BEND 3,47.6992,-121.783,0.0,WA,PSEI
35474,CHEHALIS 2,46.6225,-122.913,0.0,WA,PSEI
35475,GOLDENDALE 4,45.7442,-120.784,0.0,WA,BPAT
35476,COUGAR 2,46.0594,-122.259,0.0,WA,BPAT
35477,ABERDEEN 2,46.9728,-123.774,0.0,WA,BPAT
35478,KAHLOTUS,46.5635,-118.54,0.0,WA,BPAT
35479,FALL CITY 2,47.5445,-121.841,0.0,WA,PSEI
35480,ARIEL,45.9567,-122.554,0.0,WA,BPAT
35481,CENTERVILLE 1,45.7269,-120.834,0.0,WA,BPAT
35482,POMEROY 2,46.5242,-117.822,0.0,WA,BPAT
35483,PACKWOOD,46.5958,-121.569,0.0,WA,BPAT
35484,SPOKANE 22,47.6263,-117.504,0.0,WA,AVA
35485,FORD 1,47.8344,-117.836,0.0,WA,AVA
35486,KENNEWICK 6,46.0958,-119.096,0.0,WA,BPAT
35487,ELLENSBURG 4,47.0363,-120.206,0.0,WA,BPAT
35488,BICKLETON 3,45.8877,-120.29,0.0,WA,BPAT
35489,ELMA 2,46.9692,-123.48,0.0,WA,BPAT
35490,IONE 1,48.7809,-117.418,0.0,WA,AVA
35491,LAKEBAY 3,46.8016,-122.31,0.0,WA,PSEI
35492,GOLDENDALE 5,45.8114,-120.833,0.0,WA,BPAT
35493,SHELTON 4,47.4181,-123.225,0.0,WA,BPAT
35494,GRAND COULEE,47.9575,-118.977,0.0,WA,DOPD
35495,FERNDALE 2,48.8288,-122.687,0.0,WA,PSEI
35496,LONGVIEW 4,46.1236,-122.973,0.0,WA,BPAT
35497,CONCRETE 2,48.649,-121.691,0.0,WA,PSEI
35498,METALINE FALLS,48.9871,-117.348,0.0,WA,AVA
35499,COULEE CITY 2,47.6164,-119.299,0.0,WA,GCPD
35500,VANCOUVER 18,45.6497,-122.726,0.0,WA,BPAT
35501,DAYTON 4,46.4211,-117.833,0.0,WA,BPAT
35502,FORD 2,47.8217,-117.917,0.0,WA,AVA
35503,DAYTON 5,46.3747,-117.777,0.0,WA,BPAT
35504,PASCO 3,46.3069,-119.114,0.0,WA,BPAT
35505,TOUCHET,46.06,-118.917,0.0,WA,BPAT
35506,ROOSEVELT 2,45.8155,-120.342,0.0,WA,BPAT
35507,LONGVIEW 5,46.1388,-122.986,0.0,WA,BPAT
35508,PATEROS,47.9469,-119.865,0.0,WA,CHPD
35509,BANDON,43.1141,-124.309,18.95,OR,PACW
35510,PORT ORFORD,42.7958,-124.245,5.92,OR,PACW
35511,GOLD BEACH,42.5352,-124.277,12.43,OR,PACW
35512,NORTH BEND 4,43.5655,-124.119,35.23,OR,PACW
35513,BROOKINGS,42.1441,-124.125,35.54,OR,PACW
35514,COQUILLE,43.2667,-124.12,16.34,OR,PACW
35515,COOS BAY 1,43.3603,-124.093,32.97,OR,PACW
35516,COOS BAY 2,43.4329,-124.149,37.67,OR,PACW
35517,FLORENCE 1,44.1582,-124.055,39.69,OR,BPAT
35518,NEWPORT 2,44.7568,-123.976,26.39,OR,BPAT
35519,MYRTLE POINT,43.1212,-123.912,13.32,OR,PACW
35520,LINCOLN CITY,44.8721,-124.042,31.38,OR,BPAT
35521,WARRENTON,46.2056,-123.962,17.49,OR,BPAT
35522,WALDPORT,44.4494,-123.879,16.52,OR,BPAT
35523,OTIS,45.1142,-123.883,11.69,OR,BPAT
35524,TOLEDO 1,44.7009,-123.977,19.17,OR,BPAT
35525,CLOVERDALE 1,45.3609,-123.787,7.26,OR,BPAT
35526,REEDSPORT,43.9044,-123.825,16.54,OR,PACW
35527,NEHALEM,45.6578,-123.914,23.07,OR,BPAT
35528,TILLAMOOK,45.5991,-123.728,31.54,OR,BPAT
35529,ASTORIA,46.2102,-123.675,40.46,OR,BPAT
35530,SEASIDE 1,45.9124,-123.496,24.05,OR,BPAT
35531,CAVE JUNCTION,42.0675,-123.56,21.24,OR,PACW
35532,WILLAMINA,45.0801,-123.582,12.08,OR,PGE
35533,MERLIN,42.627,-123.609,5.71,OR,PACW
35534,ROSEBURG 1,43.2085,-123.422,38.52,OR,PACW
35535,ROSEBURG 2,43.2385,-123.435,36.63,OR,PACW
35536,WINSTON,43.119,-123.571,22.2,OR,PACW
35537,PHILOMATH,44.6094,-123.535,20.89,OR,BPAT
35538,RIDDLE,42.8203,-123.445,17.06,OR,PACW
35539,SHERIDAN 1,45.0786,-123.373,21.32,OR,PGE
35540,GRANTS PASS 1,42.4166,-123.314,40.46,OR,PACW
35541,GRANTS PASS 2,42.4573,-123.449,42.22,OR,PACW
35542,VENETA,43.9869,-123.338,20.28,OR,BPAT
35543,MONROE 3,44.2451,-123.451,13.68,OR,BPAT
35544,DALLAS,44.8767,-123.274,50.69,OR,PGE
35545,MONMOUTH,44.7378,-123.378,29.33,OR,PGE
35546,GRANTS PASS 3,42.555,-123.297,41.05,OR,PACW
35547,GRANTS PASS 4,42.5809,-123.379,41.05,OR,PACW
35548,DRAIN,43.5903,-123.264,12.35,OR,PACW
35549,CORVALLIS 1,44.5588,-123.384,51.3,OR,BPAT
35550,MCMINNVILLE 1,45.2669,-123.212,43.37,OR,PGE
35551,MCMINNVILLE 2,45.1164,-123.219,52.47,OR,PGE
35552,JUNCTION CITY,44.2009,-123.303,29.39,OR,BPAT
35553,CLATSKANIE 1,46.114,-123.188,14.6,OR,BPAT
35554,CORVALLIS 2,44.7014,-123.324,55.55,OR,BPAT
35555,CORVALLIS 3,44.6189,-123.246,53.79,OR,BPAT
35556,ROSEBURG 3,43.3399,-123.262,47.96,OR,PACW
35557,VERNONIA,45.8409,-123.184,8.78,OR,BPAT
35558,EUGENE 1,44.086,-123.3,68.22,OR,BPAT
35559,EUGENE 2,43.9613,-123.22,60.41,OR,BPAT
35560,MYRTLE CREEK,42.9845,-123.278,32.56,OR,PACW
35561,SUTHERLIN,43.4033,-123.245,32.26,OR,PACW
35562,GASTON,45.4803,-123.247,18.78,OR,PGE
35563,EUGENE 3,43.8513,-123.248,54.5,OR,BPAT
35564,EUGENE 4,44.0216,-123.263,53.57,OR,BPAT
35565,FOREST GROVE,45.4992,-123.078,57.85,OR,PGE
35566,ALBANY 1,44.7405,-123.132,59.83,OR,BPAT
35567,ROGUE RIVER,42.5653,-123.223,16.6,OR,PACW
35568,INDEPENDENCE,44.89,-123.235,24.74,OR,PGE
35569,EUGENE 5,44.1554,-123.156,38.71,OR,BPAT
35570,EUGENE 6,44.1049,-123.14,38.71,OR,BPAT
35571,BANKS,45.627,-123.19,14.31,OR,PGE
35572,SALEM 1,45.0728,-123.107,34.14,OR,PGE
35573,SALEM 2,44.9707,-123.022,34.14,OR,PGE
35574,SALEM 3,44.7515,-123.133,32.83,OR,BPAT
35575,SALEM 4,44.7599,-123.099,32.83,OR,PGE
35576,EUGENE 7,44.1049,-122.986,48.63,OR,BPAT
35577,EUGENE 8,44.052,-123.101,48.63,OR,BPAT
35578,DAYTON 6,45.2576,-123.142,20.4,OR,PGE
35579,SALEM 5,44.8875,-123.074,44.56,OR,PGE
35580,SALEM 6,44.9694,-123.159,46.31,OR,PGE
35581,GOLD HILL,42.4264,-123.065,11.04,OR,PACW
35582,EUGENE 9,44.1243,-123.091,28.11,OR,BPAT
35583,JACKSONVILLE,42.0725,-123.083,21.89,OR,PACW
35584,HARRISBURG,44.2789,-123.049,11.55,OR,BPAT
35585,EUGENE 10,44.0002,-123.106,27.89,OR,BPAT
35586,CORNELIUS,45.5167,-123.003,33.97,OR,PGE
35587,CRESWELL,43.8105,-123.045,23.32,OR,BPAT
35588,JEFFERSON,44.7812,-123.052,13.45,OR,PGE
35589,SALEM 7,45.0186,-123.035,46.4,OR,PGE
35590,SALEM 8,44.9338,-123.062,46.4,OR,PGE
35591,NORTH PLAINS,45.699,-122.954,9.6,OR,PGE
35592,ALBANY 2,44.6932,-123.068,40.85,OR,BPAT
35593,ALBANY 3,44.6757,-123.034,40.85,OR,BPAT
35594,GLIDE,43.2909,-122.941,5.36,OR,PACW
35595,COTTAGE GROVE,43.7481,-122.958,44.45,OR,BPAT
35596,SPRINGFIELD 1,44.1148,-122.98,44.25,OR,BPAT
35597,SPRINGFIELD 2,43.9963,-122.96,50.34,OR,BPAT
35598,SALEM 9,44.9005,-123.09,64.22,OR,PGE
35599,SALEM 10,44.8689,-123.058,64.22,OR,PGE
35600,NEWBERG 1,45.3382,-123.0,51.44,OR,PGE
35601,NEWBERG 2,45.4173,-122.936,33.93,OR,PGE
35602,RAINIER 2,46.0529,-123.051,16.06,OR,BPAT
35603,HILLSBORO 1,45.4409,-123.052,53.44,OR,PGE
35604,HILLSBORO 2,45.355,-122.963,53.44,OR,PGE
35605,SCAPPOOSE,45.8141,-122.886,40.07,OR,BPAT
35606,GERVAIS,45.1923,-122.991,12.29,OR,PGE
35607,CENTRAL POINT 1,42.358,-122.884,33.23,OR,PACW
35608,CENTRAL POINT 2,42.3531,-123.03,33.23,OR,PACW
35609,SAINT HELENS,45.949,-122.972,42.09,OR,BPAT
35610,HILLSBORO 3,45.5182,-122.938,58.02,OR,PGE
35611,HILLSBORO 4,45.5012,-122.96,58.02,OR,PGE
35612,BROWNSVILLE,44.3853,-123.016,12.99,OR,BPAT
35613,TURNER,44.7395,-122.905,12.46,OR,PGE
35614,SALEM 11,45.0701,-122.972,48.21,OR,PGE
35615,SALEM 12,44.9877,-122.898,48.21,OR,PGE
35616,WHITE CITY 1,42.518,-122.908,25.27,OR,PACW
35617,SALEM 13,44.9415,-122.928,58.45,OR,PGE
35618,MEDFORD 1,42.3427,-122.87,50.54,OR,PACW
35619,MEDFORD 2,42.233,-122.943,50.54,OR,PACW
35620,BEAVERTON 1,45.3594,-122.914,93.84,OR,PGE
35621,BEAVERTON 2,45.4657,-122.837,80.34,OR,PGE
35622,SHERWOOD,45.4213,-122.884,56.34,OR,PGE
35623,BEAVERTON 3,45.5972,-122.8,75.64,OR,PGE
35624,BEAVERTON 4,45.6164,-122.813,75.64,OR,PGE
35625,AUMSVILLE,44.8785,-122.894,15.87,OR,PGE
35626,SPRINGFIELD 3,44.1256,-122.883,44.41,OR,BPAT
35627,SPRINGFIELD 4,44.0649,-122.765,47.27,OR,BPAT
35628,DEXTER 1,43.8388,-122.834,9.01,OR,BPAT
35629,WOODBURN 1,45.2229,-122.734,34.56,OR,PGE
35630,WOODBURN 2,45.1929,-122.878,34.56,OR,PGE
35631,LEBANON 1,44.5034,-122.861,34.34,OR,BPAT
35632,LEBANON 2,44.5094,-122.913,34.34,OR,BPAT
35633,TALENT,42.1441,-122.735,19.03,OR,PACW
35634,PHOENIX 1,42.1838,-122.722,12.11,OR,PACW
35635,PORTLAND 1,45.5639,-122.844,69.86,OR,PGE
35636,PORTLAND 2,45.6271,-122.898,69.86,OR,PGE
35637,BEAVERTON 5,45.3733,-122.753,34.76,OR,PGE
35638,BEAVERTON 6,45.5193,-122.839,34.76,OR,PGE
35639,BEAVERTON 7,45.5864,-122.872,59.77,OR,PGE
35640,MEDFORD 3,42.276,-122.709,53.33,OR,PACW
35641,MEDFORD 4,42.4147,-122.775,53.33,OR,PACW
35642,PORTLAND 3,45.4822,-122.886,37.35,OR,PGE
35643,PORTLAND 4,45.4635,-122.823,37.35,OR,PGE
35644,SHADY COVE,42.487,-122.763,13.85,OR,PACW
35645,HUBBARD,45.1224,-122.838,12.53,OR,PGE
35646,PORTLAND 5,45.4701,-122.767,56.04,OR,PGE
35647,PORTLAND 6,45.4294,-122.816,56.04,OR,PGE
35648,WILSONVILLE,45.2759,-122.709,50.3,OR,PGE
35649,MOUNT ANGEL,45.0517,-122.688,10.41,OR,PGE
35650,PORTLAND 7,45.5323,-122.731,58.02,OR,PGE
35651,TUALATIN 1,45.3646,-122.717,32.92,OR,PGE
35652,TUALATIN 2,45.432,-122.857,32.92,OR,PGE
35653,PORTLAND 8,45.5179,-122.66,37.25,OR,PGE
35654,PORTLAND 9,45.6011,-122.713,37.25,OR,PGE
35655,PORTLAND 10,45.4612,-122.741,27.91,OR,PGE
35656,SWEET HOME,44.3595,-122.681,39.23,OR,BPAT
35657,PORTLAND 11,45.5637,-122.781,44.58,OR,PGE
35658,LAKE OSWEGO 1,45.397,-122.789,57.39,OR,PGE
35659,STAYTON,44.702,-122.788,43.46,OR,BPAT
35660,SILVERTON,44.9164,-122.746,35.31,OR,PGE
35661,PORTLAND 12,45.5781,-122.707,37.73,OR,PGE
35662,PORTLAND 13,45.5821,-122.783,37.73,OR,PGE
35663,PORTLAND 14,45.4389,-122.781,46.45,OR,PGE
35664,PORTLAND 15,45.4942,-122.605,83.61,OR,PGE
35665,PORTLAND 16,45.4157,-122.743,33.96,OR,PGE
35666,PORTLAND 17,45.4804,-122.724,35.88,OR,PGE
35667,LAKE OSWEGO 2,45.3764,-122.61,45.37,OR,PGE
35668,WEST LINN 1,45.4451,-122.747,33.97,OR,PGE
35669,WEST LINN 2,45.4277,-122.711,33.97,OR,PGE
35670,CANBY,45.2832,-122.737,54.45,OR,PGE
35671,EAGLE POINT,42.377,-122.635,36.28,OR,PACW
35672,PORTLAND 18,45.504,-122.696,46.51,OR,PGE
35673,PORTLAND 19,45.4669,-122.604,46.51,OR,PGE
35674,PORTLAND 20,45.4399,-122.726,27.53,OR,PGE
35675,PORTLAND 21,45.5869,-122.624,67.14,OR,PGE
35676,PORTLAND 22,45.4518,-122.626,57.15,OR,PGE
35677,PORTLAND 23,45.5764,-122.572,37.5,OR,PGE
35678,PORTLAND 24,45.6788,-122.722,47.78,OR,BPAT
35679,PORTLAND 25,45.3561,-122.626,41.97,OR,PGE
35680,PORTLAND 26,45.3694,-122.626,41.97,OR,PGE
35681,PORTLAND 27,45.4963,-122.62,37.01,OR,PGE
35682,PORTLAND 28,45.3213,-122.542,37.01,OR,PGE
35683,PORTLAND 29,45.5749,-122.532,34.95,OR,PGE
35684,PORTLAND 30,45.4899,-122.629,39.3,OR,PGE
35685,PORTLAND 31,45.6262,-122.565,35.06,OR,BPAT
35686,PORTLAND 32,45.5726,-122.665,35.06,OR,PGE
35687,PORTLAND 33,45.5661,-122.577,57.12,OR,PGE
35688,PORTLAND 34,45.5151,-122.646,57.12,OR,PGE
35689,GLADSTONE,45.2892,-122.515,29.11,OR,PGE
35690,ASHLAND,42.2276,-122.584,58.73,OR,PACW
35691,PORTLAND 35,45.5498,-122.58,34.19,OR,PGE
35692,PORTLAND 36,45.6494,-122.544,34.19,OR,BPAT
35693,MOLALLA,45.1696,-122.602,36.27,OR,PGE
35694,PORTLAND 37,45.5992,-122.648,39.91,OR,PGE
35695,PORTLAND 38,45.5115,-122.597,39.96,OR,PGE
35696,PORTLAND 39,45.4499,-122.544,39.96,OR,PGE
35697,CLACKAMAS,45.4465,-122.485,46.85,OR,PGE
35698,OREGON CITY 1,45.2537,-122.569,68.65,OR,PGE
35699,OREGON CITY 2,45.3769,-122.622,61.63,OR,PGE
35700,HAPPY VALLEY 1,45.5198,-122.623,31.21,OR,PGE
35701,HAPPY VALLEY 2,45.5405,-122.539,31.21,OR,PGE
35702,PORTLAND 40,45.3912,-122.505,44.22,OR,PGE
35703,PORTLAND 41,45.5391,-122.525,44.22,OR,PGE
35704,PORTLAND 42,45.4955,-122.513,47.7,OR,PGE
35705,PORTLAND 43,45.6203,-122.524,47.7,OR,BPAT
35706,PORTLAND 44,45.5273,-122.6,47.24,OR,PGE
35707,PORTLAND 45,45.4829,-122.476,47.24,OR,PGE
35708,BEAVERCREEK,45.2556,-122.467,17.54,OR,PGE
35709,DAMASCUS,45.4882,-122.351,28.77,OR,PGE
35710,FAIRVIEW 1,45.6415,-122.484,24.58,OR,BPAT
35711,GRESHAM 1,45.5671,-122.371,44.03,OR,PGE
35712,GRESHAM 2,45.4673,-122.467,44.03,OR,PGE
35713,LYONS 1,44.8281,-122.447,14.64,OR,PGE
35714,GRESHAM 3,45.5013,-122.473,49.07,OR,PGE
35715,GRESHAM 4,45.4232,-122.4,58.0,OR,PGE
35716,OAKRIDGE,43.713,-122.308,11.15,OR,BPAT
35717,TROUTDALE,45.5688,-122.272,54.03,OR,BPAT
35718,BORING,45.5193,-122.272,26.22,OR,PGE
35719,ESTACADA 1,45.2504,-122.28,23.6,OR,PGE
35720,SANDY 1,45.3824,-122.175,48.17,OR,PGE
35721,KLAMATH FALLS 1,42.4035,-122.148,54.11,OR,PACW
35722,SISTERS,44.4473,-121.98,15.54,OR,BPAT
35723,KLAMATH FALLS 2,42.2055,-121.628,35.91,OR,PACW
35724,KLAMATH FALLS 3,42.0984,-121.734,35.43,OR,PACW
35725,CHILOQUIN,43.0194,-121.631,11.04,OR,PACW
35726,MOUNT HOOD PARKDALE,45.4636,-121.695,14.42,OR,PGE
35727,HOOD RIVER,45.7223,-121.549,44.1,OR,PGE
35728,BEND 1,43.886,-121.495,13.95,OR,BPAT
35729,LA PINE,43.637,-121.371,28.03,OR,BPAT
35730,MALIN,42.0133,-121.524,6.78,OR,PACW
35731,BONANZA,42.1897,-121.348,9.02,OR,PACW
35732,WARM SPRINGS,44.8021,-121.214,12.16,OR,BPAT
35733,BEND 2,44.0067,-121.302,48.7,OR,BPAT
35734,BEND 3,44.0749,-121.191,48.7,OR,BPAT
35735,TERREBONNE,44.3835,-121.256,16.22,OR,BPAT
35736,REDMOND 4,44.2071,-121.153,45.1,OR,BPAT
35737,REDMOND 5,44.2292,-121.221,40.26,OR,BPAT
35738,BEND 4,44.1983,-121.267,70.79,OR,BPAT
35739,BEND 5,44.16,-121.228,70.79,OR,BPAT
35740,THE DALLES 1,45.6311,-121.183,53.21,OR,BPAT
35741,MADRAS 1,44.5742,-120.989,29.66,OR,BPAT
35742,PRINEVILLE,44.1967,-120.661,45.08,OR,BPAT
35743,CHRISTMAS VALLEY,43.1784,-120.449,5.03,OR,BPAT
35744,LAKEVIEW,42.2839,-120.409,13.71,OR,BPAT
35745,BOARDMAN 1,45.8281,-119.975,9.98,OR,BPAT
35746,IRRIGON,45.8928,-119.585,9.13,OR,GRID
35747,HEPPNER,45.3645,-119.454,4.76,OR,GRID
35748,UMATILLA 1,45.9145,-119.451,18.62,OR,GRID
35749,HERMISTON 1,45.7648,-119.197,33.02,OR,BPAT
35750,HERMISTON 2,45.8201,-119.225,36.68,OR,BPAT
35751,JOHN DAY,44.4751,-118.99,18.38,OR,BPAT
35752,BURNS 1,43.6553,-118.878,17.59,OR,BPAT
35753,PILOT ROCK,45.3753,-118.783,5.43,OR,BPAT
35754,PENDLETON,45.657,-118.889,53.61,OR,BPAT
35755,MILTON FREEWATER 1,45.8727,-118.277,34.15,OR,BPAT
35756,WALLA WALLA 1,46.178,-118.329,49.27,OR,BPAT
35757,WALLA WALLA 2,46.1518,-118.296,49.27,OR,BPAT
35758,LA GRANDE,45.3353,-118.2,43.84,OR,BPAT
35759,ELGIN,45.6436,-117.846,6.31,OR,BPAT
35760,BAKER CITY,44.8738,-117.705,32.09,OR,BPAT
35761,UNION 1,45.2283,-117.683,9.92,OR,BPAT
35762,VALE 1,44.1013,-117.297,13.49,OR,IPCO
35763,ENTERPRISE 1,45.6648,-117.293,11.91,OR,BPAT
35764,ONTARIO 1,44.0355,-117.032,47.75,OR,IPCO
35765,JOSEPH,45.4945,-116.946,4.91,OR,BPAT
35766,BLUE RIVER,44.286,-122.041,0.0,OR,BPAT
35767,ARLINGTON 3,45.7119,-120.125,1.55,OR,BPAT
35768,KENO,42.0936,-122.07,1.87,OR,PACW
35769,CLATSKANIE 2,46.1789,-123.172,0.0,OR,BPAT
35770,HELIX 1,46.0128,-118.816,0.87,OR,BPAT
35771,ARLINGTON 4,45.6525,-120.21,2.04,OR,BPAT
35772,UMATILLA 2,45.9402,-119.299,0.0,OR,BPAT
35773,UNION 2,45.0852,-117.816,3.98,OR,BPAT
35774,WASCO 1,45.5836,-120.504,1.62,OR,BPAT
35775,LOWELL 1,44.7224,-122.251,2.98,OR,PGE
35776,NEWBERG 3,45.2879,-122.963,1.9,OR,PGE
35777,THE DALLES 2,45.7164,-120.694,0.65,OR,BPAT
35778,HERMISTON 3,45.794,-119.313,0.0,OR,BPAT
35779,CLATSKANIE 3,46.154,-123.407,0.0,OR,BPAT
35780,LOWELL 2,43.7107,-122.424,1.43,OR,BPAT
35781,CONDON,45.2766,-120.279,4.99,OR,BPAT
35782,WASCO 2,45.6537,-120.603,0.0,OR,BPAT
35783,KLAMATH FALLS 4,42.1727,-121.814,0.51,OR,PACW
35784,MADRAS 2,44.6058,-121.277,7.29,OR,BPAT
35785,MORO,45.52,-120.574,1.96,OR,BPAT
35786,LOWELL 3,44.1307,-122.244,4.62,OR,BPAT
35787,HERMISTON 4,45.8042,-119.37,0.0,OR,BPAT
35788,OXBOW 1,44.9716,-116.835,2.61,OR,BPAT
35789,DEXTER 2,43.0895,-123.416,0.0,OR,PACW
35790,BOARDMAN 2,45.848,-119.674,1.14,OR,GRID
35791,KLAMATH FALLS 5,42.1739,-121.811,0.0,OR,PACW
35792,SPRINGFIELD 5,44.0569,-122.956,0.0,OR,BPAT
35793,ARLINGTON 5,45.6758,-120.318,0.0,OR,BPAT
35794,TOLEDO 2,44.6119,-123.932,3.5,OR,BPAT
35795,HELIX 2,45.9362,-118.66,0.0,OR,BPAT
35796,IONE 2,45.6533,-119.991,0.0,OR,GRID
35797,ESTACADA 2,45.122,-122.07,0.0,OR,PGE
35798,LOWELL 4,43.9153,-122.753,0.0,OR,BPAT
35799,ARLINGTON 6,45.7167,-120.201,0.0,OR,BPAT
35800,ESTACADA 3,45.2433,-122.28,0.0,OR,PGE
35801,OXBOW 2,45.2439,-116.701,0.0,OR,IPCO
35802,IDLEYLD PARK 1,43.2939,-122.473,0.0,OR,PACW
35803,IDLEYLD PARK 2,43.2669,-122.41,0.0,OR,PACW
35804,ATHENA,45.8992,-118.591,0.0,OR,BPAT
35805,PROSPECT,42.7312,-122.514,0.0,OR,PACW
35806,ECHO,45.7286,-119.418,0.0,OR,BPAT
35807,ARLINGTON 7,45.651,-120.26,0.0,OR,BPAT
35808,THE DALLES 3,45.614,-121.135,0.0,OR,BPAT
35809,WHITE CITY 2,42.4361,-122.85,0.0,OR,PACW
35810,IDLEYLD PARK 3,43.3558,-122.249,0.0,OR,PACW
35811,WASCO 3,45.51,-120.48,0.0,OR,BPAT
35812,MILTON FREEWATER 2,45.943,-118.591,0.0,OR,BPAT
35813,CLATSKANIE 4,46.1724,-123.174,0.0,OR,BPAT
35814,LOWELL 5,44.4494,-122.549,0.0,OR,BPAT
35815,TRAIL,42.6717,-122.677,0.0,OR,PACW
35816,IDLEYLD PARK 4,43.2727,-122.447,0.0,OR,PACW
35817,WASCO 4,45.571,-120.593,0.0,OR,BPAT
35818,MADRAS 3,44.6944,-121.231,0.0,OR,BPAT
35819,SANDY 2,45.4817,-122.083,0.0,OR,PGE
35820,CASCADE LOCKS,45.6441,-121.941,0.0,OR,PGE
35821,BOARDMAN 3,45.848,-119.674,0.0,OR,GRID
35822,IDLEYLD PARK 5,43.2806,-122.402,0.0,OR,PACW
35823,ARLINGTON 8,45.2881,-120.174,0.0,OR,BPAT
35824,VALE 2,44.0231,-117.468,0.0,OR,IPCO
35825,CLATSKANIE 5,46.1789,-123.172,0.0,OR,BPAT
35826,BOARDMAN 4,45.6932,-119.809,0.0,OR,GRID
35827,EUREKA 1,40.8174,-124.094,43.99,CA,CISO
35828,FORTUNA,40.6101,-124.205,47.72,CA,CISO
35829,EUREKA 2,40.6799,-124.203,43.97,CA,CISO
35830,ARCATA,40.8106,-124.094,39.57,CA,CISO
35831,CRESCENT CITY,41.9152,-124.134,51.47,CA,PACW
35832,MCKINLEYVILLE,41.0489,-124.042,39.88,CA,CISO
35833,GARBERVILLE,40.0947,-123.749,16.7,CA,CISO
35834,MENDOCINO,39.2883,-123.803,13.0,CA,CISO
35835,FORT BRAGG,39.4902,-123.661,27.14,CA,CISO
35836,HOOPA,41.109,-123.696,13.73,CA,CISO
35837,LAYTONVILLE,39.8453,-123.564,10.58,CA,CISO
35838,WILLITS,39.4429,-123.436,24.0,CA,CISO
35839,REDWOOD VALLEY,39.303,-123.21,10.86,CA,CISO
35840,UKIAH 1,39.1828,-123.219,31.74,CA,CISO
35841,UKIAH 2,39.195,-123.244,30.33,CA,CISO
35842,HAYFORK,40.5066,-123.289,7.73,CA,CISO
35843,CLOVERDALE 2,38.7669,-123.143,23.28,CA,CISO
35844,FORT JONES,41.6286,-122.992,12.83,CA,PACW
35845,LAKEPORT,39.0165,-122.899,27.93,CA,CISO
35846,WEAVERVILLE,40.7654,-122.953,11.11,CA,BANC
35847,UPPER LAKE,39.307,-122.878,13.73,CA,CISO
35848,KELSEYVILLE,39.0076,-122.828,20.18,CA,CISO
35849,YREKA,41.6573,-122.583,19.12,CA,PACW
35850,CLEARLAKE,38.9584,-122.62,35.22,CA,CISO
35851,HIDDEN VALLEY LAKE,38.72,-122.636,16.04,CA,CISO
35852,WEED,41.3756,-122.506,12.84,CA,PACW
35853,REDDING 1,40.5117,-122.446,30.48,CA,CISO
35854,REDDING 2,40.5918,-122.41,48.63,CA,BANC
35855,COTTONWOOD 1,40.36,-122.465,30.19,CA,CISO
35856,RED BLUFF 1,40.1428,-122.482,25.89,CA,CISO
35857,RED BLUFF 2,40.2226,-122.369,25.89,CA,CISO
35858,MOUNT SHASTA,41.2774,-122.306,19.49,CA,PACW
35859,MONTAGUE,41.6615,-122.344,9.67,CA,PACW
35860,REDDING 3,40.5744,-122.398,29.97,CA,BANC
35861,REDDING 4,40.4646,-122.378,29.97,CA,CISO
35862,WILLIAMS 1,39.0748,-122.355,10.88,CA,CISO
35863,ANDERSON 1,40.5064,-122.323,41.11,CA,CISO
35864,CORNING,39.8848,-122.366,35.65,CA,CISO
35865,WILLOWS,39.5029,-122.188,17.52,CA,CISO
35866,ORLAND,39.7027,-122.196,27.89,CA,CISO
35867,REDDING 5,40.6802,-122.291,40.01,CA,CISO
35868,REDDING 6,40.7133,-122.256,44.0,CA,CISO
35869,PALO CEDRO,40.5448,-122.113,9.34,CA,CISO
35870,LOS MOLINOS,40.149,-122.048,8.73,CA,CISO
35871,ESPARTO,38.6378,-122.011,11.75,CA,CISO
35872,COLUSA,39.1751,-122.069,24.3,CA,CISO
35873,SHINGLETOWN,40.5596,-121.921,11.78,CA,CISO
35874,WOODLAND 2,38.7303,-121.776,39.01,CA,CISO
35875,WOODLAND 3,38.7013,-121.79,34.15,CA,CISO
35876,CHICO 1,39.7204,-121.939,37.54,CA,CISO
35877,CHICO 2,39.6838,-121.779,32.86,CA,CISO
35878,CHICO 3,39.7163,-121.846,33.95,CA,CISO
35879,CHICO 4,39.6884,-121.926,35.53,CA,CISO
35880,CHICO 5,39.8312,-121.876,28.76,CA,CISO
35881,CHICO 6,39.8048,-121.777,28.76,CA,CISO
35882,DAVIS 1,38.5482,-121.699,42.33,CA,CISO
35883,DAVIS 2,38.4852,-121.723,42.33,CA,CISO
35884,LIVE OAK,39.2733,-121.7,25.09,CA,CISO
35885,GRIDLEY,39.3856,-121.759,34.51,CA,CISO
35886,RIO VISTA 1,38.1281,-121.735,22.37,CA,CISO
35887,WOODLAND 4,38.7175,-121.709,39.42,CA,CISO
35888,YUBA CITY 1,39.0517,-121.686,32.46,CA,CISO
35889,YUBA CITY 2,39.1727,-121.621,32.46,CA,CISO
35890,PARADISE 1,39.7733,-121.687,25.05,CA,CISO
35891,PARADISE 2,39.8079,-121.718,24.79,CA,CISO
35892,YUBA CITY 3,39.0471,-121.66,60.39,CA,CISO
35893,YUBA CITY 4,38.925,-121.507,39.48,CA,CISO
35894,WEST SACRAMENTO 1,38.6493,-121.533,31.26,CA,BANC
35895,WEST SACRAMENTO 2,38.6259,-121.621,31.26,CA,CISO
35896,MAGALIA,39.8217,-121.566,24.39,CA,CISO
35897,OROVILLE 2,39.5586,-121.483,36.69,CA,CISO
35898,OLIVEHURST,38.9624,-121.515,23.86,CA,CISO
35899,WEST SACRAMENTO 3,38.6493,-121.497,25.52,CA,BANC
35900,SACRAMENTO 1,38.5421,-121.455,37.19,CA,BANC
35901,SACRAMENTO 2,38.458,-121.513,37.19,CA,CISO
35902,SACRAMENTO 3,38.6956,-121.476,32.34,CA,BANC
35903,SACRAMENTO 4,38.6277,-121.531,32.34,CA,BANC
35904,SACRAMENTO 5,38.631,-121.572,23.31,CA,CISO
35905,SACRAMENTO 6,38.6091,-121.511,51.42,CA,BANC
35906,SACRAMENTO 7,38.6866,-121.521,35.6,CA,BANC
35907,SACRAMENTO 8,38.6526,-121.459,35.66,CA,BANC
35908,SACRAMENTO 9,38.4104,-121.491,21.46,CA,BANC
35909,MARYSVILLE 5,39.2297,-121.436,28.18,CA,CISO
35910,MARYSVILLE 6,39.1681,-121.458,28.18,CA,CISO
35911,SACRAMENTO 10,38.5553,-121.524,61.42,CA,CISO
35912,SACRAMENTO 11,38.5004,-121.447,38.11,CA,BANC
35913,SACRAMENTO 12,38.6069,-121.546,41.71,CA,BANC
35914,RIO LINDA,38.7621,-121.445,38.57,CA,CISO
35915,SACRAMENTO 13,38.6408,-121.424,24.36,CA,BANC
35916,SACRAMENTO 14,38.5717,-121.532,44.42,CA,CISO
35917,SACRAMENTO 15,38.6195,-121.52,33.09,CA,BANC
35918,SACRAMENTO 16,38.6796,-121.414,33.09,CA,BANC
35919,ELK GROVE 1,38.3981,-121.45,54.39,CA,BANC
35920,ELK GROVE 2,38.4722,-121.433,54.9,CA,BANC
35921,SACRAMENTO 17,38.5663,-121.435,31.03,CA,BANC
35922,SACRAMENTO 18,38.5097,-121.53,31.03,CA,BANC
35923,SACRAMENTO 19,38.3814,-121.534,68.35,CA,CISO
35924,SACRAMENTO 20,38.4098,-121.445,66.59,CA,BANC
35925,SACRAMENTO 21,38.5227,-121.358,27.2,CA,BANC
35926,TULELAKE,41.6785,-121.418,4.52,CA,PACW
35927,SACRAMENTO 22,38.5183,-121.43,30.85,CA,BANC
35928,ELK GROVE 3,38.433,-121.516,36.2,CA,BANC
35929,ELK GROVE 4,38.4065,-121.46,36.2,CA,BANC
35930,OROVILLE 3,39.4196,-121.49,28.62,CA,CISO
35931,OROVILLE 4,39.4888,-121.482,27.58,CA,CISO
35932,SACRAMENTO 23,38.5985,-121.475,27.98,CA,BANC
35933,SACRAMENTO 24,38.5884,-121.434,27.98,CA,BANC
35934,SACRAMENTO 25,38.5847,-121.34,52.08,CA,BANC
35935,SACRAMENTO 26,38.5386,-121.34,52.08,CA,BANC
35936,SACRAMENTO 27,38.7003,-121.441,30.2,CA,BANC
35937,SACRAMENTO 28,38.7165,-121.452,30.2,CA,BANC
35938,NORTH HIGHLANDS 1,38.633,-121.466,27.64,CA,BANC
35939,NORTH HIGHLANDS 2,38.6829,-121.454,27.64,CA,BANC
35940,SACRAMENTO 29,38.5359,-121.475,32.97,CA,BANC
35941,SACRAMENTO 30,38.6248,-121.281,32.97,CA,BANC
35942,SACRAMENTO 31,38.5879,-121.348,40.4,CA,BANC
35943,ROSEVILLE 1,38.7911,-121.274,58.0,CA,BANC
35944,ROSEVILLE 2,38.851,-121.338,50.96,CA,CISO
35945,ANTELOPE 1,38.6452,-121.343,41.87,CA,BANC
35946,ANTELOPE 2,38.6998,-121.374,69.17,CA,BANC
35947,SACRAMENTO 32,38.7417,-121.439,28.63,CA,CISO
35948,SACRAMENTO 33,38.6239,-121.414,35.01,CA,BANC
35949,CARMICHAEL 1,38.5373,-121.225,53.48,CA,BANC
35950,CARMICHAEL 2,38.5893,-121.291,53.48,CA,BANC
35951,SACRAMENTO 34,38.5109,-121.384,36.48,CA,BANC
35952,SACRAMENTO 35,38.5709,-121.404,44.56,CA,BANC
35953,ELK GROVE 5,38.3528,-121.375,55.79,CA,BANC
35954,ELK GROVE 6,38.5049,-121.257,63.56,CA,BANC
35955,LINCOLN 1,38.9214,-121.35,54.32,CA,CISO
35956,LINCOLN 2,38.9162,-121.377,44.83,CA,CISO
35957,CITRUS HEIGHTS 1,38.619,-121.321,35.84,CA,BANC
35958,CITRUS HEIGHTS 2,38.6678,-121.236,35.84,CA,BANC
35959,ROSEVILLE 3,38.7239,-121.263,37.07,CA,BANC
35960,ROSEVILLE 4,38.7651,-121.32,37.07,CA,BANC
35961,RANCHO CORDOVA 1,38.6256,-121.228,47.68,CA,BANC
35962,RANCHO CORDOVA 2,38.5264,-121.287,49.36,CA,BANC
35963,ROCKLIN 1,38.8736,-121.206,30.58,CA,CISO
35964,ROCKLIN 2,38.8181,-121.203,30.58,CA,CISO
35965,CITRUS HEIGHTS 3,38.616,-121.212,39.73,CA,BANC
35966,CITRUS HEIGHTS 4,38.5994,-121.184,39.73,CA,BANC
35967,GALT 1,38.2631,-121.212,26.34,CA,BANC
35968,GALT 2,38.2636,-121.302,26.34,CA,BANC
35969,FAIR OAKS 1,38.7437,-121.293,36.18,CA,BANC
35970,FAIR OAKS 2,38.6945,-121.255,64.58,CA,BANC
35971,ROSEVILLE 5,38.6755,-121.222,26.81,CA,BANC
35972,ROSEVILLE 6,38.6793,-121.312,26.81,CA,BANC
35973,ROCKLIN 3,38.8044,-121.324,42.0,CA,BANC
35974,ORANGEVALE,38.7272,-121.238,28.4,CA,BANC
35975,WILTON,38.4956,-121.123,27.35,CA,BANC
35976,PENN VALLEY,39.3091,-121.144,20.44,CA,CISO
35977,RANCHO CORDOVA 3,38.629,-121.103,13.95,CA,BANC
35978,GRANITE BAY,38.7531,-121.28,38.63,CA,BANC
35979,LOOMIS,38.828,-121.085,22.4,CA,CISO
35980,FOLSOM 1,38.5952,-121.19,64.96,CA,BANC
35981,FOLSOM 2,38.6938,-121.188,64.96,CA,BANC
35982,GRASS VALLEY 1,39.1504,-121.041,58.21,CA,CISO
35983,AUBURN 7,38.9542,-121.06,39.77,CA,CISO
35984,AUBURN 8,39.014,-121.052,52.17,CA,CISO
35985,EL DORADO HILLS 1,38.6882,-120.984,43.51,CA,CISO
35986,EL DORADO HILLS 2,38.7059,-121.01,34.92,CA,CISO
35987,WESTWOOD,40.3077,-120.947,13.7,CA,PACW
35988,GRASS VALLEY 2,39.2233,-120.973,22.68,CA,CISO
35989,SHINGLE SPRINGS 1,38.5932,-120.979,26.2,CA,CISO
35990,SHINGLE SPRINGS 2,38.6252,-120.952,26.2,CA,CISO
35991,NEVADA CITY,39.2704,-120.914,32.11,CA,CISO
35992,QUINCY 2,40.0203,-120.933,12.73,CA,CISO
35993,COLFAX 2,39.0332,-120.881,17.51,CA,CISO
35994,FORESTHILL 1,38.9589,-120.875,10.94,CA,CISO
35995,PLACERVILLE 1,38.8271,-120.82,49.19,CA,CISO
35996,PLACERVILLE 2,38.6378,-120.768,54.78,CA,CISO
35997,SUSANVILLE,40.5989,-120.596,43.16,CA,PACW
35998,ALTURAS,41.5381,-120.583,15.83,CA,PACW
35999,POLLOCK PINES 1,38.7657,-120.445,17.9,CA,CISO
36000,JANESVILLE,40.3717,-120.575,5.8,CA,PACW
36001,PORTOLA,39.9166,-120.397,19.41,CA,CISO
36002,TRUCKEE,39.2883,-120.188,55.51,CA,CISO
36003,SOUTH LAKE TAHOE 1,38.8533,-119.931,26.81,CA,CISO
36004,SOUTH LAKE TAHOE 2,38.8675,-119.96,27.3,CA,CISO
36005,POLLOCK PINES 2,38.9827,-120.325,7.56,CA,CISO
36006,MCCLELLAN,38.6527,-121.393,0.0,CA,BANC
36007,BURNEY 1,40.8981,-121.804,1.92,CA,CISO
36008,BELDEN,40.0074,-121.249,0.0,CA,CISO
36009,MAXWELL,39.3661,-122.27,3.8,CA,CISO
36010,MIDDLETOWN 1,38.752,-122.719,0.0,CA,CISO
36011,COBB,38.8348,-122.768,0.0,CA,CISO
36012,CAMINO,38.7653,-120.787,14.62,CA,CISO
36013,MONTGOMERY CREEK 1,40.9923,-121.975,0.7,CA,PACW
36014,BURNEY 2,40.9974,-121.748,13.5,CA,CISO
36015,STRAWBERRY VALLEY 1,39.9052,-121.345,0.0,CA,CISO
36016,STRAWBERRY VALLEY 2,39.8259,-121.41,0.0,CA,CISO
36017,YUBA CITY 5,39.0529,-121.696,1.37,CA,CISO
36018,POLLOCK PINES 3,38.8288,-120.537,0.0,CA,CISO
36019,ROSEVILLE 7,38.7928,-121.381,0.0,CA,BANC
36020,AUBURN 9,38.8899,-121.099,2.48,CA,CISO
36021,POLLOCK PINES 4,38.8643,-120.444,0.0,CA,CISO
36022,ANDERSON 2,40.4283,-122.279,0.0,CA,CISO
36023,REDDING 7,40.7973,-122.763,3.89,CA,BANC
36024,BIG BEND 1,40.9864,-121.849,0.0,CA,CISO
36025,ELK GROVE 7,38.4457,-121.462,27.2,CA,BANC
36026,STRAWBERRY VALLEY 3,39.9106,-121.328,0.0,CA,CISO
36027,WENDEL,40.3683,-120.265,2.93,CA,PACW
36028,RIO VISTA 2,38.12,-121.85,0.0,CA,CISO
36029,MONTGOMERY CREEK 2,40.8475,-121.991,1.13,CA,CISO
36030,BROWNS VALLEY,39.239,-121.27,14.03,CA,CISO
36031,MEADOW VALLEY 1,40.086,-121.149,0.08,CA,CISO
36032,STRAWBERRY VALLEY 4,39.7229,-121.47,2.59,CA,CISO
36033,FORBESTOWN 1,39.5538,-121.204,5.38,CA,CISO
36034,MEADOW VALLEY 2,40.0855,-121.148,0.32,CA,CISO
36035,REDDING 8,40.7175,-122.422,2.83,CA,CISO
36036,FOLSOM 3,38.7067,-121.158,0.0,CA,BANC
36037,WOODLAND 5,38.6905,-121.737,0.0,CA,CISO
36038,POLLOCK PINES 5,38.8965,-120.378,0.0,CA,CISO
36039,ALTA 1,39.2574,-120.767,1.19,CA,CISO
36040,HORNBROOK,41.9757,-122.358,4.07,CA,PACW
36041,FORESTHILL 2,39.0248,-120.596,0.0,CA,CISO
36042,YUBA CITY 6,39.0531,-121.696,0.0,CA,CISO
36043,SAMOA,40.8054,-124.195,0.0,CA,CISO
36044,DUTCH FLAT,39.2184,-120.835,1.77,CA,CISO
36045,OROVILLE 5,39.543,-121.492,0.0,CA,CISO
36046,MIDDLETOWN 2,38.7492,-122.712,0.0,CA,CISO
36047,MIDDLETOWN 3,38.7881,-122.722,9.07,CA,CISO
36048,YUBA CITY 7,39.1365,-121.64,0.0,CA,CISO
36049,FORESTHILL 3,39.001,-120.725,0.0,CA,CISO
36050,YUBA CITY 8,39.1093,-121.609,0.0,CA,CISO
36051,YUBA CITY 9,39.1392,-121.639,0.0,CA,CISO
36052,REDDING 9,40.6119,-122.446,1.08,CA,CISO
36053,MIDDLETOWN 4,38.7879,-122.743,0.0,CA,CISO
36054,HERALD,38.3385,-121.124,0.0,CA,BANC
36055,YUBA CITY 10,39.1367,-121.64,0.0,CA,CISO
36056,MEADOW VALLEY 3,40.1757,-121.191,0.0,CA,CISO
36057,MIDDLETOWN 5,38.7903,-122.756,0.0,CA,CISO
36058,BURNEY 3,40.8797,-121.72,0.0,CA,CISO
36059,REDDING 10,40.6281,-122.468,0.0,CA,CISO
36060,REDDING 11,40.6469,-122.627,0.0,CA,CISO
36061,MIDDLETOWN 6,38.777,-122.745,0.0,CA,CISO
36062,MONTGOMERY CREEK 3,40.9226,-121.993,0.0,CA,PACW
36063,QUINCY 3,39.9412,-120.909,0.0,CA,CISO
36064,REDDING 12,40.5073,-122.423,0.0,CA,BANC
36065,COLFAX 3,39.1779,-120.891,0.0,CA,CISO
36066,SACRAMENTO 36,38.5309,-121.4,0.0,CA,BANC
36067,LINCOLN 3,38.9032,-121.31,0.0,CA,CISO
36068,OROVILLE 6,39.5149,-121.63,0.0,CA,CISO
36069,FORBESTOWN 2,39.551,-121.279,0.0,CA,CISO
36070,SACRAMENTO 37,38.511,-121.474,0.0,CA,BANC
36071,BURNEY 4,40.9908,-121.498,0.0,CA,CISO
36072,RED BLUFF 3,40.1519,-122.201,0.0,CA,CISO
36073,EUREKA 3,40.7415,-124.21,0.0,CA,CISO
36074,ALTA 2,39.2569,-120.767,0.0,CA,CISO
36075,BIG BEND 2,40.9862,-121.978,0.0,CA,PACW
36076,POLLOCK PINES 6,38.834,-120.532,0.0,CA,CISO
36077,DOBBINS,39.3308,-121.192,0.0,CA,CISO
36078,GUERNEVILLE,38.5535,-123.003,17.92,CA,CISO
36079,HEALDSBURG,38.6934,-122.891,33.96,CA,CISO
36080,SEBASTOPOL 1,38.4176,-122.87,30.04,CA,CISO
36081,SEBASTOPOL 2,38.4122,-122.823,26.78,CA,CISO
36082,WINDSOR 1,38.5002,-122.814,25.68,CA,CISO
36083,WINDSOR 2,38.5379,-122.76,25.68,CA,CISO
36084,SANTA ROSA 1,38.5442,-122.844,45.19,CA,CISO
36085,SANTA ROSA 2,38.4465,-122.784,33.28,CA,CISO
36086,PETALUMA 1,38.1578,-122.69,31.08,CA,CISO
36087,PETALUMA 2,38.2311,-122.748,52.24,CA,CISO
36088,SANTA ROSA 3,38.4866,-122.666,40.65,CA,CISO
36089,SANTA ROSA 4,38.4234,-122.812,40.65,CA,CISO
36090,SANTA ROSA 5,38.405,-122.646,36.55,CA,CISO
36091,SANTA ROSA 6,38.4325,-122.782,35.42,CA,CISO
36092,ROHNERT PARK 1,38.3053,-122.69,38.85,CA,CISO
36093,ROHNERT PARK 2,38.2513,-122.787,42.96,CA,CISO
36094,SANTA ROSA 7,38.486,-122.598,35.78,CA,CISO
36095,SANTA ROSA 8,38.4599,-122.748,35.78,CA,CISO
36096,SANTA ROSA 9,38.4553,-122.617,38.52,CA,CISO
36097,NOVATO 1,38.1225,-122.659,48.72,CA,CISO
36098,FAIRFAX,37.8646,-122.59,15.3,CA,CISO
36099,CALISTOGA,38.6502,-122.688,12.69,CA,CISO
36100,SANTA ROSA 10,38.4833,-122.523,27.27,CA,CISO
36101,SANTA ROSA 11,38.5647,-122.566,24.47,CA,CISO
36102,SAN ANSELMO,38.0033,-122.502,40.68,CA,CISO
36103,MILL VALLEY 1,37.9206,-122.559,29.84,CA,CISO
36104,MILL VALLEY 2,37.8044,-122.481,27.45,CA,CISO
36105,GREENBRAE,37.8825,-122.619,24.54,CA,CISO
36106,PETALUMA 3,38.2822,-122.616,33.63,CA,CISO
36107,PETALUMA 4,38.1733,-122.61,33.63,CA,CISO
36108,SAN RAFAEL 1,38.12,-122.581,26.14,CA,CISO
36109,SAN RAFAEL 2,38.0002,-122.566,35.31,CA,CISO
36110,SAUSALITO,37.8399,-122.478,19.52,CA,CISO
36111,NOVATO 2,38.0754,-122.484,30.9,CA,CISO
36112,NOVATO 3,38.0612,-122.59,32.43,CA,CISO
36113,CORTE MADERA,37.9087,-122.581,16.66,CA,CISO
36114,SAN RAFAEL 3,38.0173,-122.496,37.04,CA,CISO
36115,SAN RAFAEL 4,37.9802,-122.588,41.76,CA,CISO
36116,SAN FRANCISCO 1,37.8532,-122.437,37.08,CA,CISO
36117,SAN FRANCISCO 2,37.6898,-122.498,37.08,CA,CISO
36118,GLEN ELLEN,38.3427,-122.4,11.33,CA,CISO
36119,SAN FRANCISCO 3,37.7356,-122.508,63.78,CA,CISO
36120,SAN FRANCISCO 4,37.8008,-122.416,39.33,CA,CISO
36121,SAN FRANCISCO 5,37.6954,-122.499,50.42,CA,CISO
36122,SAN FRANCISCO 6,37.8485,-122.559,50.42,CA,CISO
36123,SAN FRANCISCO 7,37.7873,-122.507,25.32,CA,CISO
36124,SAN FRANCISCO 8,37.7096,-122.442,25.32,CA,CISO
36125,DALY CITY 1,37.7199,-122.421,54.83,CA,CISO
36126,DALY CITY 2,37.6082,-122.41,54.83,CA,CISO
36127,PACIFICA 1,37.6987,-122.449,33.57,CA,CISO
36128,PACIFICA 2,37.5646,-122.516,38.81,CA,CISO
36129,SONOMA 1,38.2561,-122.505,31.85,CA,CISO
36130,SONOMA 2,38.1977,-122.398,31.85,CA,CISO
36131,BELVEDERE TIBURON,37.962,-122.371,22.45,CA,CISO
36132,SAN FRANCISCO 9,37.7408,-122.418,54.03,CA,CISO
36133,SAN FRANCISCO 10,37.7077,-122.429,34.49,CA,CISO
36134,SAN FRANCISCO 11,37.6691,-122.428,34.72,CA,CISO
36135,SAN FRANCISCO 12,37.7665,-122.507,64.04,CA,CISO
36136,SAN FRANCISCO 13,37.8096,-122.405,35.25,CA,CISO
36137,DALY CITY 3,37.7849,-122.407,50.02,CA,CISO
36138,DALY CITY 4,37.6662,-122.479,79.03,CA,CISO
36139,SAN FRANCISCO 14,37.7925,-122.446,47.64,CA,CISO
36140,SAN FRANCISCO 15,37.7395,-122.377,47.64,CA,CISO
36141,SAN FRANCISCO 16,37.6783,-122.449,47.64,CA,CISO
36142,SAN FRANCISCO 17,37.831,-122.539,25.42,CA,CISO
36143,SAN FRANCISCO 18,37.8917,-122.455,54.06,CA,CISO
36144,SAN FRANCISCO 19,37.877,-122.447,29.72,CA,CISO
36145,SAN FRANCISCO 20,37.8201,-122.372,105.83,CA,CISO
36146,SAN FRANCISCO 21,37.8121,-122.368,28.01,CA,CISO
36147,SAN BRUNO 1,37.6979,-122.391,37.02,CA,CISO
36148,SAN BRUNO 2,37.6591,-122.375,37.02,CA,CISO
36149,SAN FRANCISCO 22,37.8726,-122.31,85.13,CA,CISO
36150,SAN FRANCISCO 23,37.7171,-122.361,80.1,CA,CISO
36151,SOUTH SAN FRANCISCO 1,37.5661,-122.422,57.58,CA,CISO
36152,SOUTH SAN FRANCISCO 2,37.6081,-122.498,57.58,CA,CISO
36153,SAINT HELENA,38.5819,-122.339,23.45,CA,CISO
36154,SAN FRANCISCO 24,37.7853,-122.317,86.85,CA,CISO
36155,SAN FRANCISCO 25,37.6679,-122.496,62.4,CA,CISO
36156,SAN FRANCISCO 26,37.7072,-122.395,36.72,CA,CISO
36157,HALF MOON BAY,37.5305,-122.421,33.16,CA,CISO
36158,SAN FRANCISCO 27,37.8768,-122.506,23.61,CA,CISO
36159,MILLBRAE,37.6224,-122.419,38.76,CA,CISO
36160,SAN FRANCISCO 28,37.753,-122.243,23.94,CA,CISO
36161,SAN FRANCISCO 29,37.7824,-122.384,55.38,CA,CISO
36162,RICHMOND 1,37.9307,-122.404,26.46,CA,CISO
36163,RICHMOND 2,37.8688,-122.301,26.46,CA,CISO
36164,BURLINGAME 1,37.5991,-122.461,36.66,CA,CISO
36165,BURLINGAME 2,37.6337,-122.379,36.66,CA,CISO
36166,SAN MATEO 1,37.4816,-122.422,48.64,CA,CISO
36167,RICHMOND 3,37.8753,-122.263,59.92,CA,CISO
36168,RICHMOND 4,37.8828,-122.31,89.55,CA,CISO
36169,SAN PABLO 1,38.0316,-122.499,53.87,CA,CISO
36170,SAN PABLO 2,38.0283,-122.253,54.23,CA,CISO
36171,RICHMOND 5,38.0273,-122.279,24.57,CA,CISO
36172,SAN MATEO 2,37.6415,-122.387,30.99,CA,CISO
36173,NAPA 1,38.2609,-122.37,24.47,CA,CISO
36174,NAPA 2,38.1933,-122.271,24.47,CA,CISO
36175,SAN MATEO 3,37.5829,-122.145,66.05,CA,CISO
36176,SAN MATEO 4,37.5506,-122.233,35.68,CA,CISO
36177,OAKLAND 1,37.7418,-122.377,79.42,CA,CISO
36178,BELMONT,37.54,-122.296,23.51,CA,CISO
36179,EL CERRITO,37.9356,-122.304,42.98,CA,CISO
36180,REDWOOD CITY 1,37.4127,-122.219,23.29,CA,CISO
36181,REDWOOD CITY 2,37.4168,-122.207,23.29,CA,CISO
36182,ALBANY 4,37.9305,-122.218,35.31,CA,CISO
36183,EMERYVILLE,37.8575,-122.247,46.47,CA,CISO
36184,BERKELEY 1,37.9578,-122.348,28.76,CA,CISO
36185,EL SOBRANTE 1,38.0016,-122.19,69.0,CA,CISO
36186,PINOLE,37.9755,-122.28,48.55,CA,CISO
36187,BERKELEY 2,37.9852,-122.332,21.08,CA,CISO
36188,ALAMEDA 1,37.7312,-122.207,54.19,CA,CISO
36189,ALAMEDA 2,37.72,-122.195,54.19,CA,CISO
36190,BERKELEY 3,37.9047,-122.263,35.72,CA,CISO
36191,SAN CARLOS 1,37.5298,-122.209,26.25,CA,CISO
36192,SAN CARLOS 2,37.4286,-122.309,26.25,CA,CISO
36193,SAN MATEO 5,37.5426,-122.317,53.77,CA,CISO
36194,AMERICAN CANYON,38.2484,-122.279,35.43,CA,CISO
36195,OAKLAND 2,37.9341,-122.254,37.07,CA,CISO
36196,HERCULES,38.0198,-122.18,43.37,CA,CISO
36197,BERKELEY 4,37.8098,-122.166,19.77,CA,CISO
36198,VALLEJO 1,38.1063,-122.177,37.51,CA,CISO
36199,VALLEJO 2,38.1207,-122.204,31.88,CA,CISO
36200,REDWOOD CITY 3,37.4904,-122.265,32.21,CA,CISO
36201,ALAMEDA 3,37.663,-122.161,24.48,CA,CISO
36202,OAKLAND 3,37.8867,-122.25,33.0,CA,CISO
36203,OAKLAND 4,37.7954,-122.232,34.76,CA,CISO
36204,OAKLAND 5,37.7329,-122.143,26.36,CA,CISO
36205,OAKLAND 6,37.717,-122.234,26.36,CA,CISO
36206,NAPA 3,38.3965,-122.281,60.15,CA,CISO
36207,NAPA 4,38.3932,-122.157,60.15,CA,CISO
36208,BERKELEY 5,37.9036,-122.277,22.97,CA,CISO
36209,OAKLAND 7,37.8367,-122.201,28.88,CA,CISO
36210,REDWOOD CITY 4,37.5549,-122.126,45.38,CA,CISO
36211,REDWOOD CITY 5,37.5399,-122.224,63.61,CA,CISO
36212,VALLEJO 3,38.1076,-122.267,26.89,CA,CISO
36213,VALLEJO 4,38.1089,-122.283,28.22,CA,CISO
36214,OAKLAND 8,37.7901,-122.282,45.26,CA,CISO
36215,OAKLAND 9,37.7355,-122.226,45.26,CA,CISO
36216,OAKLAND 10,37.7863,-122.305,49.92,CA,CISO
36217,OAKLAND 11,37.7318,-122.108,25.5,CA,CISO
36218,OAKLAND 12,37.8128,-122.119,25.5,CA,CISO
36219,OAKLAND 13,37.8315,-122.211,32.91,CA,CISO
36220,OAKLAND 14,37.8579,-122.132,32.91,CA,CISO
36221,VALLEJO 5,38.1827,-122.15,47.74,CA,CISO
36222,VALLEJO 6,38.2092,-122.179,47.74,CA,CISO
36223,REDWOOD CITY 6,37.5908,-122.141,27.85,CA,CISO
36224,REDWOOD CITY 7,37.5157,-122.185,27.85,CA,CISO
36225,ORINDA,37.8711,-122.242,31.81,CA,CISO
36226,OAKLAND 15,37.7408,-122.081,28.26,CA,CISO
36227,OAKLAND 16,37.6974,-122.204,55.15,CA,CISO
36228,MENLO PARK 1,37.41,-122.093,36.47,CA,CISO
36229,MENLO PARK 2,37.5458,-122.272,36.47,CA,CISO
36230,STANFORD 1,37.3226,-122.176,28.13,CA,CISO
36231,SAN LEANDRO 1,37.7133,-122.175,41.0,CA,CISO
36232,SAN LEANDRO 2,37.6983,-122.21,41.0,CA,CISO
36233,SAN LEANDRO 3,37.7188,-122.222,37.03,CA,CISO
36234,OAKLAND 17,37.8448,-122.132,35.11,CA,CISO
36235,PALO ALTO 1,37.3536,-122.205,33.74,CA,CISO
36236,BOULDER CREEK,37.1513,-122.112,30.16,CA,CISO
36237,LOS ALTOS 1,37.329,-122.113,57.12,CA,CISO
36238,MARTINEZ 1,38.0655,-122.065,42.36,CA,CISO
36239,MARTINEZ 2,37.9634,-122.074,42.36,CA,CISO
36240,BENICIA 1,38.0706,-122.219,24.38,CA,CISO
36241,BENICIA 2,38.0003,-122.128,24.38,CA,CISO
36242,FAIRFIELD 1,38.3445,-122.04,32.77,CA,CISO
36243,FAIRFIELD 2,38.2467,-122.164,32.77,CA,CISO
36244,SAN LORENZO 1,37.7728,-122.109,24.44,CA,CISO
36245,SAN LORENZO 2,37.6284,-122.051,24.44,CA,CISO
36246,OAKLAND 18,37.8605,-122.21,41.94,CA,CISO
36247,PALO ALTO 2,37.369,-122.13,30.35,CA,CISO
36248,HAYWARD 1,37.6521,-122.103,26.74,CA,CISO
36249,HAYWARD 2,37.5143,-122.206,26.74,CA,CISO
36250,SAN LEANDRO 4,37.7789,-122.118,35.99,CA,CISO
36251,SAN LEANDRO 5,37.7417,-122.124,34.7,CA,CISO
36252,SANTA CRUZ 1,37.0109,-122.132,41.74,CA,CISO
36253,SANTA CRUZ 2,37.0447,-122.173,43.24,CA,CISO
36254,PALO ALTO 3,37.4838,-122.148,40.92,CA,CISO
36255,PALO ALTO 4,37.4902,-122.068,40.92,CA,CISO
36256,MORAGA,37.7767,-122.142,27.41,CA,CISO
36257,LAFAYETTE 1,37.847,-122.065,24.18,CA,CISO
36258,FREMONT 1,37.4542,-122.052,30.73,CA,CISO
36259,FREMONT 2,37.5197,-122.096,30.73,CA,CISO
36260,LOS ALTOS 2,37.2923,-122.019,40.29,CA,CISO
36261,MOUNTAIN VIEW 1,37.3674,-122.11,29.7,CA,CISO
36262,MOUNTAIN VIEW 2,37.3101,-122.137,29.7,CA,CISO
36263,HAYWARD 3,37.6978,-122.146,55.47,CA,CISO
36264,HAYWARD 4,37.6649,-122.015,55.47,CA,CISO
36265,CUPERTINO 1,37.4055,-122.056,54.65,CA,CISO
36266,CUPERTINO 2,37.2992,-122.15,54.65,CA,CISO
36267,WINTERS,38.528,-122.032,16.48,CA,CISO
36268,CASTRO VALLEY 1,37.7857,-122.032,37.99,CA,CISO
36269,CASTRO VALLEY 2,37.7542,-122.099,73.1,CA,CISO
36270,PLEASANT HILL 1,37.9213,-121.978,30.21,CA,CISO
36271,PLEASANT HILL 2,38.0147,-122.042,30.21,CA,CISO
36272,MOUNTAIN VIEW 3,37.3979,-122.153,23.93,CA,CISO
36273,WALNUT CREEK 1,37.8727,-122.101,36.5,CA,CISO
36274,MOUNTAIN VIEW 4,37.4528,-122.105,25.52,CA,CISO
36275,MOUNTAIN VIEW 5,37.4199,-122.039,25.52,CA,CISO
36276,WALNUT CREEK 2,37.8134,-122.134,29.94,CA,CISO
36277,SANTA CRUZ 3,37.0632,-122.128,13.2,CA,CISO
36278,HAYWARD 5,37.5495,-122.089,65.72,CA,CISO
36279,HAYWARD 6,37.6188,-122.085,65.72,CA,CISO
36280,SARATOGA 1,37.2793,-121.987,27.56,CA,CISO
36281,SARATOGA 2,37.2943,-122.076,27.56,CA,CISO
36282,CONCORD 1,37.9864,-122.131,33.49,CA,CISO
36283,CONCORD 2,37.9138,-122.104,33.49,CA,CISO
36284,WALNUT CREEK 3,37.9384,-122.132,36.07,CA,CISO
36285,HAYWARD 7,37.5855,-122.081,22.89,CA,CISO
36286,SUNNYVALE 1,37.3503,-122.01,48.86,CA,CISO
36287,SUNNYVALE 2,37.3078,-122.073,48.86,CA,CISO
36288,NEWARK 1,37.5209,-122.069,38.32,CA,CISO
36289,NEWARK 2,37.5547,-122.106,38.32,CA,CISO
36290,SUNNYVALE 3,37.2778,-121.94,42.73,CA,CISO
36291,SUNNYVALE 4,37.3989,-121.936,41.13,CA,CISO
36292,VACAVILLE 1,38.3834,-121.96,30.94,CA,CISO
36293,VACAVILLE 2,38.4075,-121.96,30.94,CA,CISO
36294,CONCORD 3,37.8997,-121.949,24.1,CA,CISO
36295,CONCORD 4,37.9783,-122.056,24.1,CA,CISO
36296,CASTRO VALLEY 3,37.7722,-122.042,26.02,CA,CISO
36297,ALAMO 1,37.857,-121.974,26.8,CA,CISO
36298,UNION CITY 1,37.6356,-121.942,62.56,CA,CISO
36299,UNION CITY 2,37.6733,-121.923,64.23,CA,CISO
36300,SUNNYVALE 5,37.2937,-122.045,38.24,CA,CISO
36301,SUNNYVALE 6,37.4587,-121.917,34.64,CA,CISO
36302,SCOTTS VALLEY,37.0795,-121.942,26.55,CA,CISO
36303,CONCORD 5,37.8908,-122.083,56.45,CA,CISO
36304,FAIRFIELD 3,38.3463,-121.97,69.18,CA,CISO
36305,FAIRFIELD 4,38.1946,-122.023,62.35,CA,CISO
36306,SAN JOSE 1,37.3912,-121.97,38.82,CA,CISO
36307,SAN JOSE 2,37.3199,-121.988,34.85,CA,CISO
36308,WALNUT CREEK 4,37.8256,-121.961,23.24,CA,CISO
36309,DANVILLE 1,37.7918,-121.992,27.99,CA,CISO
36310,DANVILLE 2,37.8366,-121.907,27.99,CA,CISO
36311,SANTA CRUZ 4,36.9777,-122.054,32.76,CA,CISO
36312,SANTA CRUZ 5,36.9251,-121.858,46.38,CA,CISO
36313,SAN JOSE 3,37.1906,-122.085,25.04,CA,CISO
36314,LOS GATOS 1,37.1191,-122.052,29.45,CA,CISO
36315,SANTA CLARA 1,37.4371,-122.013,48.89,CA,CISO
36316,SANTA CLARA 2,37.2799,-121.997,48.89,CA,CISO
36317,SANTA CRUZ 6,37.1069,-121.977,14.6,CA,CISO
36318,LOS GATOS 2,37.2282,-121.892,23.02,CA,CISO
36319,FREMONT 3,37.5271,-122.016,61.91,CA,CISO
36320,FREMONT 4,37.5664,-121.945,61.91,CA,CISO
36321,SAN RAMON 1,37.7209,-121.937,31.37,CA,CISO
36322,SAN RAMON 2,37.7542,-122.028,31.37,CA,CISO
36323,SANTA CLARA 3,37.3768,-122.009,42.06,CA,CISO
36324,FREMONT 5,37.4224,-121.948,55.03,CA,CISO
36325,FREMONT 6,37.4457,-121.978,55.03,CA,CISO
36326,SAN JOSE 4,37.2977,-122.032,27.06,CA,CISO
36327,SAN JOSE 5,37.2308,-121.868,27.06,CA,CISO
36328,CONCORD 6,37.9498,-121.915,37.12,CA,CISO
36329,CONCORD 7,37.9843,-121.903,37.12,CA,CISO
36330,CAMPBELL 1,37.2439,-122.013,40.73,CA,CISO
36331,CAMPBELL 2,37.1935,-121.937,40.73,CA,CISO
36332,CAPITOLA,36.8856,-121.832,16.45,CA,CISO
36333,SANTA CLARA 4,37.4433,-122.041,32.33,CA,CISO
36334,SANTA CLARA 5,37.4186,-121.975,32.33,CA,CISO
36335,SAN JOSE 6,37.4173,-121.929,27.48,CA,CISO
36336,SAN JOSE 7,37.2312,-121.848,31.35,CA,CISO
36337,SOQUEL,37.1329,-121.848,18.28,CA,CISO
36338,SUISUN CITY 1,38.1925,-121.863,25.44,CA,CISO
36339,SUISUN CITY 2,38.1674,-122.017,25.44,CA,CISO
36340,LOS GATOS 3,37.1548,-121.997,22.58,CA,CISO
36341,LOS GATOS 4,37.1432,-122.018,22.58,CA,CISO
36342,SAN JOSE 8,37.2088,-121.921,42.37,CA,CISO
36343,SAN JOSE 9,37.1585,-122.02,42.37,CA,CISO
36344,VACAVILLE 3,38.2959,-121.967,58.87,CA,CISO
36345,VACAVILLE 4,38.2348,-122.018,58.59,CA,CISO
36346,SAN JOSE 10,37.4224,-121.996,27.94,CA,CISO
36347,SAN JOSE 11,37.3871,-121.999,27.94,CA,CISO
36348,SAN RAMON 3,37.7239,-121.972,34.68,CA,CISO
36349,SAN RAMON 4,37.8552,-121.991,34.68,CA,CISO
36350,DUBLIN 1,37.7592,-121.947,43.15,CA,CISO
36351,DUBLIN 2,37.6337,-121.974,41.41,CA,CISO
36352,DANVILLE 3,37.7255,-121.934,40.41,CA,CISO
36353,FREMONT 7,37.4532,-121.842,45.03,CA,CISO
36354,FREMONT 8,37.5121,-121.902,45.03,CA,CISO
36355,SAN JOSE 12,37.3183,-121.995,33.71,CA,CISO
36356,PITTSBURG 1,38.0335,-121.877,50.78,CA,CISO
36357,PITTSBURG 2,38.0778,-121.818,50.78,CA,CISO
36358,PITTSBURG 3,38.1064,-121.911,50.98,CA,CISO
36359,SAN JOSE 13,37.3319,-121.907,25.71,CA,CISO
36360,SAN JOSE 14,37.4076,-121.907,25.71,CA,CISO
36361,SAN JOSE 15,37.3045,-121.9,46.75,CA,CISO
36362,SAN JOSE 16,37.385,-121.922,50.48,CA,CISO
36363,SAN JOSE 17,37.3275,-121.845,51.6,CA,CISO
36364,SAN JOSE 18,37.2357,-121.877,28.74,CA,CISO
36365,SAN JOSE 19,37.3207,-121.83,50.33,CA,CISO
36366,SAN JOSE 20,37.3318,-121.863,81.69,CA,CISO
36367,APTOS,36.9995,-121.819,43.15,CA,CISO
36368,CLAYTON,37.895,-121.974,22.29,CA,CISO
36369,MILPITAS 1,37.4732,-121.821,60.25,CA,CISO
36370,MILPITAS 2,37.5054,-121.876,60.25,CA,CISO
36371,SAN JOSE 21,37.4182,-121.77,22.86,CA,CISO
36372,PLEASANTON 1,37.7035,-121.857,27.76,CA,CISO
36373,SAN JOSE 22,37.4215,-121.754,46.35,CA,CISO
36374,SAN JOSE 23,37.3773,-121.84,46.35,CA,CISO
36375,SAN JOSE 24,37.1801,-121.902,38.69,CA,CISO
36376,SAN JOSE 25,37.1855,-121.832,38.69,CA,CISO
36377,PLEASANTON 2,37.6998,-121.877,36.8,CA,CISO
36378,PLEASANTON 3,37.6989,-121.934,64.55,CA,CISO
36379,SAN JOSE 26,37.2801,-121.81,33.71,CA,CISO
36380,SAN JOSE 27,37.2832,-121.82,33.71,CA,CISO
36381,SAN JOSE 28,37.3869,-121.854,50.89,CA,CISO
36382,SAN JOSE 29,37.4096,-121.921,50.89,CA,CISO
36383,SAN JOSE 30,37.1742,-121.737,56.15,CA,CISO
36384,SAN JOSE 31,37.179,-121.91,56.01,CA,CISO
36385,SAN JOSE 32,37.3111,-121.832,52.62,CA,CISO
36386,SAN JOSE 33,37.253,-121.773,64.77,CA,CISO
36387,ANTIOCH 1,37.9766,-121.768,56.2,CA,CISO
36388,ANTIOCH 2,37.9565,-121.861,56.2,CA,CISO
36389,SAN JOSE 34,37.2704,-121.874,33.72,CA,CISO
36390,SAN JOSE 35,37.2643,-121.887,33.72,CA,CISO
36391,SAN JOSE 36,37.4011,-121.857,55.19,CA,CISO
36392,SAN JOSE 37,37.3244,-121.796,55.19,CA,CISO
36393,SAN JOSE 38,37.2767,-121.849,17.95,CA,CISO
36394,SAN JOSE 39,37.3916,-121.684,41.32,CA,CISO
36395,SAN JOSE 40,37.2854,-121.866,40.98,CA,CISO
36396,ANTIOCH 3,37.8887,-121.792,36.26,CA,CISO
36397,ANTIOCH 4,38.0059,-121.711,37.0,CA,CISO
36398,DIXON,38.434,-121.768,39.23,CA,CISO
36399,LIVERMORE 1,37.6779,-121.756,33.18,CA,CISO
36400,LIVERMORE 2,37.7978,-121.661,33.18,CA,CISO
36401,SAN JOSE 41,37.3443,-121.748,36.27,CA,CISO
36402,SAN JOSE 42,37.4054,-121.829,36.27,CA,CISO
36403,SAN JOSE 43,37.3181,-121.775,34.0,CA,CISO
36404,OAKLEY 1,38.0142,-121.595,36.71,CA,CISO
36405,OAKLEY 2,37.9558,-121.681,32.86,CA,CISO
36406,SAN JOSE 44,37.3079,-121.762,36.22,CA,CISO
36407,DAVIS 3,38.6302,-121.684,24.55,CA,CISO
36408,DAVIS 4,38.5805,-121.652,24.55,CA,CISO
36409,BRENTWOOD 1,37.9848,-121.733,49.14,CA,CISO
36410,BRENTWOOD 2,37.907,-121.621,49.14,CA,CISO
36411,TRACY 1,37.8092,-121.625,20.37,CA,CISO
36412,SAN MARTIN,37.0315,-121.641,11.55,CA,CISO
36413,MORGAN HILL 1,37.2472,-121.572,41.02,CA,CISO
36414,MORGAN HILL 2,37.2718,-121.687,41.02,CA,CISO
36415,DISCOVERY BAY,37.9058,-121.597,24.13,CA,CISO
36416,LIVERMORE 3,37.4626,-121.495,42.21,CA,CISO
36417,LIVERMORE 4,37.5535,-121.485,42.21,CA,CISO
36418,GILROY 1,37.0895,-121.528,51.61,CA,CISO
36419,GILROY 2,37.0264,-121.525,51.61,CA,CISO
36420,TRACY 2,37.6598,-121.454,27.81,CA,CISO
36421,TRACY 3,37.7452,-121.608,27.81,CA,CISO
36422,STOCKTON 1,38.0766,-121.482,25.1,CA,CISO
36423,STOCKTON 2,38.0725,-121.534,25.1,CA,CISO
36424,ANTIOCH 5,38.0169,-121.765,0.0,CA,CISO
36425,BIRDS LANDING 1,38.1164,-121.769,0.0,CA,CISO
36426,PITTSBURG 4,38.0169,-121.844,0.0,CA,CISO
36427,LIVERMORE 5,37.7341,-121.652,0.0,CA,CISO
36428,ANTIOCH 6,38.0175,-121.759,0.0,CA,CISO
36429,SANTA CLARA 6,37.3767,-121.951,0.0,CA,CISO
36430,SAN JOSE 45,37.2444,-121.796,0.0,CA,CISO
36431,STANFORD 2,37.4298,-122.176,0.0,CA,CISO
36432,GILROY 3,37.0001,-121.537,0.0,CA,CISO
36433,PITTSBURG 5,38.0392,-121.894,0.0,CA,CISO
36434,PITTSBURG 6,38.0301,-121.873,0.0,CA,CISO
36435,RODEO 1,38.0181,-122.234,0.0,CA,CISO
36436,SUISUN CITY 3,38.2268,-121.843,0.0,CA,CISO
36437,BYRON,37.7892,-121.602,0.0,CA,CISO
36438,OAKLAND 19,37.7968,-122.282,0.0,CA,CISO
36439,VACAVILLE 5,38.3989,-121.924,0.0,CA,CISO
36440,ANTIOCH 7,38.0144,-121.791,0.0,CA,CISO
36441,BIRDS LANDING 2,38.1381,-121.805,0.0,CA,CISO
36442,BIRDS LANDING 3,38.1711,-121.846,0.0,CA,CISO
36443,COYOTE,37.2207,-121.746,0.0,CA,CISO
36444,BIRDS LANDING 4,38.1694,-121.847,0.0,CA,CISO
36445,BENICIA 3,38.0736,-122.141,0.0,CA,CISO
36446,MARTINEZ 3,38.0244,-122.059,0.0,CA,CISO
36447,TRACY 4,37.7107,-121.491,0.0,CA,CISO
36448,ALAMEDA 4,37.7886,-122.289,0.0,CA,CISO
36449,BIRDS LANDING 5,38.1167,-121.822,0.0,CA,CISO
36450,MARTINEZ 4,38.0169,-122.112,0.0,CA,CISO
36451,SANTA CLARA 7,37.3617,-121.944,0.0,CA,CISO
36452,CROCKETT,38.0569,-122.216,0.0,CA,CISO
36453,HAYWARD 8,37.6347,-122.134,0.0,CA,CISO
36454,SAN JOSE 46,37.425,-121.932,0.0,CA,CISO
36455,LIVERMORE 6,37.7908,-121.718,0.0,CA,CISO
36456,GILROY 4,36.999,-121.536,0.0,CA,CISO
36457,EL SOBRANTE 2,37.9418,-122.391,0.0,CA,CISO
36458,RODEO 2,38.0417,-122.258,0.0,CA,CISO
36459,SANTA CLARA 8,37.401,-121.969,0.0,CA,CISO
36460,BIRDS LANDING 6,38.1375,-121.855,0.0,CA,CISO
36461,PACIFIC GROVE,36.6363,-121.937,35.21,CA,CISO
36462,CARMEL,36.4807,-121.828,27.64,CA,CISO
36463,MONTEREY,36.53,-121.826,28.45,CA,CISO
36464,SEASIDE 2,36.5536,-121.785,58.48,CA,CISO
36465,SEASIDE 3,36.6846,-121.736,30.02,CA,CISO
36466,MARINA,36.749,-121.769,40.33,CA,CISO
36467,WATSONVILLE 1,36.8961,-121.692,49.48,CA,CISO
36468,WATSONVILLE 2,37.0299,-121.692,49.48,CA,CISO
36469,WATSONVILLE 3,36.9295,-121.748,51.96,CA,CISO
36470,SALINAS 1,36.7674,-121.658,62.58,CA,CISO
36471,CARMEL VALLEY,36.3605,-121.586,13.77,CA,CISO
36472,SALINAS 2,36.7599,-121.584,60.57,CA,CISO
36473,SALINAS 3,36.7165,-121.675,53.51,CA,CISO
36474,SALINAS 4,36.6483,-121.526,24.18,CA,CISO
36475,SALINAS 5,36.6851,-121.677,97.73,CA,CISO
36476,SALINAS 6,36.6784,-121.577,56.19,CA,CISO
36477,TRACY 5,37.751,-121.345,44.87,CA,CISO
36478,TRACY 6,37.7017,-121.358,44.87,CA,CISO
36479,STOCKTON 3,38.0104,-121.513,58.63,CA,CISO
36480,STOCKTON 4,37.8948,-121.465,58.5,CA,CISO
36481,TRACY 7,37.7656,-121.39,28.27,CA,CISO
36482,GREENFIELD,36.2857,-121.351,31.58,CA,CISO
36483,LODI 1,38.0833,-121.432,25.38,CA,CISO
36484,STOCKTON 5,38.0939,-121.289,58.39,CA,CISO
36485,HOLLISTER 1,36.9,-121.392,44.55,CA,CISO
36486,HOLLISTER 2,36.9003,-121.423,51.24,CA,CISO
36487,SOLEDAD 1,36.4644,-121.244,27.38,CA,CISO
36488,SOLEDAD 2,36.4459,-121.421,40.08,CA,CISO
36489,STOCKTON 6,37.8876,-121.371,28.25,CA,CISO
36490,STOCKTON 7,38.058,-121.299,43.17,CA,CISO
36491,STOCKTON 8,38.032,-121.25,43.17,CA,CISO
36492,STOCKTON 9,38.0197,-121.374,25.01,CA,CISO
36493,STOCKTON 10,37.9741,-121.389,27.79,CA,CISO
36494,LATHROP 1,37.7662,-121.231,32.14,CA,CISO
36495,STOCKTON 11,37.9712,-121.242,69.37,CA,CISO
36496,STOCKTON 12,37.9612,-121.287,35.11,CA,CISO
36497,MANTECA 1,37.7075,-121.239,28.4,CA,BANC
36498,MANTECA 2,37.7304,-121.21,28.4,CA,BANC
36499,ACAMPO,38.1713,-121.285,26.02,CA,CISO
36500,STOCKTON 13,38.0753,-121.238,45.43,CA,CISO
36501,PATTERSON 1,37.5099,-121.182,24.63,CA,TIDC
36502,PATTERSON 2,37.3842,-121.23,25.21,CA,TIDC
36503,MANTECA 3,37.8343,-121.181,38.41,CA,CISO
36504,MANTECA 4,37.9052,-121.158,72.67,CA,CISO
36505,NEWMAN,37.2402,-121.12,21.08,CA,CISO
36506,STOCKTON 14,38.0016,-121.178,49.4,CA,CISO
36507,LODI 2,38.2028,-121.079,42.45,CA,CISO
36508,LODI 3,38.0958,-121.194,42.45,CA,CISO
36509,RIPON 1,37.6637,-121.061,29.84,CA,BANC
36510,MODESTO 1,37.566,-121.051,28.5,CA,TIDC
36511,MODESTO 2,37.5942,-121.012,28.5,CA,TIDC
36512,MODESTO 3,37.6722,-120.939,50.68,CA,BANC
36513,KING CITY 1,36.1709,-120.982,29.1,CA,CISO
36514,MODESTO 4,37.6933,-121.106,45.94,CA,BANC
36515,MODESTO 5,37.7633,-121.064,70.45,CA,BANC
36516,ESCALON,37.8722,-121.043,23.07,CA,BANC
36517,MODESTO 6,37.6809,-120.969,41.81,CA,BANC
36518,MODESTO 7,37.5601,-120.971,41.81,CA,TIDC
36519,IONE 3,38.2699,-120.933,22.28,CA,CISO
36520,CERES 1,37.5671,-120.903,38.48,CA,TIDC
36521,CERES 2,37.5294,-120.901,45.67,CA,TIDC
36522,MODESTO 8,37.6103,-120.916,73.29,CA,TIDC
36523,MODESTO 9,37.6335,-121.029,75.33,CA,BANC
36524,RIVERBANK,37.6311,-120.89,41.71,CA,BANC
36525,HILMAR,37.3453,-120.963,13.18,CA,CISO
36526,TURLOCK 1,37.5564,-120.879,37.08,CA,TIDC
36527,HUGHSON,37.5839,-120.786,20.39,CA,TIDC
36528,TURLOCK 2,37.4514,-120.841,32.56,CA,TIDC
36529,TURLOCK 3,37.5233,-120.794,32.56,CA,TIDC
36530,VALLEY SPRINGS,38.1786,-120.862,27.59,CA,CISO
36531,LOS BANOS 1,37.0689,-120.831,34.9,CA,CISO
36532,LOS BANOS 2,37.1334,-120.846,38.55,CA,CISO
36533,DELHI,37.433,-120.756,23.43,CA,TIDC
36534,JACKSON 1,38.3929,-120.798,27.85,CA,CISO
36535,OAKDALE 1,37.7101,-120.672,60.33,CA,BANC
36536,OAKDALE 2,37.871,-120.77,35.61,CA,BANC
36537,LIVINGSTON 1,37.3505,-120.693,28.31,CA,TIDC
36538,ATWATER 1,37.4153,-120.583,35.01,CA,TIDC
36539,ATWATER 2,37.3318,-120.575,61.09,CA,TIDC
36540,ANGELS CAMP,38.1256,-120.682,16.8,CA,CISO
36541,DOS PALOS,37.102,-120.644,19.58,CA,CISO
36542,WINTON,37.479,-120.488,25.66,CA,CISO
36543,FIREBAUGH 1,36.8692,-120.575,17.25,CA,CISO
36544,MERCED 1,37.216,-120.488,29.67,CA,CISO
36545,MERCED 2,37.147,-120.52,29.67,CA,CISO
36546,MERCED 3,37.4214,-120.542,27.72,CA,CISO
36547,JAMESTOWN,37.931,-120.381,17.65,CA,CISO
36548,MENDOTA 1,36.6599,-120.349,21.38,CA,CISO
36549,COALINGA 1,36.1514,-120.446,35.11,CA,CISO
36550,MERCED 4,37.3627,-120.442,30.54,CA,CISO
36551,MERCED 5,37.3493,-120.518,30.54,CA,CISO
36552,PIONEER 1,38.5813,-120.328,11.61,CA,CISO
36553,SONORA 1,38.0268,-120.29,44.05,CA,CISO
36554,SONORA 2,38.0608,-120.348,41.76,CA,CISO
36555,PLANADA,37.3172,-120.211,16.01,CA,CISO
36556,CHOWCHILLA 1,37.0082,-120.304,42.9,CA,CISO
36557,MADERA 1,36.9476,-120.184,33.97,CA,CISO
36558,MADERA 2,36.8742,-120.259,33.97,CA,CISO
36559,KERMAN,36.7735,-120.101,53.87,CA,CISO
36560,AVENAL 1,35.8727,-119.978,27.95,CA,CISO
36561,MADERA 3,36.9553,-120.018,44.16,CA,CISO
36562,MADERA 4,36.9995,-120.014,44.16,CA,CISO
36563,MARIPOSA,37.5083,-119.926,25.14,CA,CISO
36564,RIVERDALE,36.3951,-119.853,27.1,CA,CISO
36565,FRESNO 1,36.66,-119.939,36.98,CA,CISO
36566,FRESNO 2,36.6301,-119.96,36.98,CA,CISO
36567,FRESNO 3,36.7342,-119.859,45.87,CA,CISO
36568,FRESNO 4,36.8879,-119.922,45.87,CA,CISO
36569,FRESNO 5,36.7128,-119.813,74.95,CA,CISO
36570,MADERA 5,37.0004,-119.855,21.43,CA,CISO
36571,FRESNO 6,36.923,-119.908,33.06,CA,CISO
36572,FRESNO 7,36.8929,-119.747,66.09,CA,CISO
36573,LEMOORE 1,36.2039,-119.924,49.1,CA,CISO
36574,LEMOORE 2,36.2092,-119.748,33.67,CA,CISO
36575,FRESNO 8,36.7659,-119.895,33.03,CA,CISO
36576,FRESNO 9,36.8209,-119.837,24.44,CA,CISO
36577,FRESNO 10,36.7572,-119.834,53.12,CA,CISO
36578,FRESNO 11,36.7122,-119.749,36.63,CA,CISO
36579,FRESNO 12,36.7383,-119.788,49.16,CA,CISO
36580,FRESNO 13,36.8076,-119.749,40.67,CA,CISO
36581,FRESNO 14,36.825,-119.759,63.22,CA,CISO
36582,FRESNO 15,36.7775,-119.724,54.36,CA,CISO
36583,FRESNO 16,36.9936,-119.671,17.89,CA,CISO
36584,FRESNO 17,36.7532,-119.704,43.75,CA,CISO
36585,FRESNO 18,36.7816,-119.678,43.75,CA,CISO
36586,COARSEGOLD,37.2601,-119.841,27.21,CA,CISO
36587,FRESNO 19,36.562,-119.775,55.11,CA,CISO
36588,CLOVIS 1,36.7416,-119.627,36.55,CA,CISO
36589,CLOVIS 2,36.7501,-119.727,67.8,CA,CISO
36590,FRESNO 20,36.6905,-119.583,64.64,CA,CISO
36591,FRESNO 21,36.7117,-119.662,64.64,CA,CISO
36592,CLOVIS 3,36.8394,-119.612,41.05,CA,CISO
36593,CLOVIS 4,36.8334,-119.675,41.05,CA,CISO
36594,SELMA 1,36.4606,-119.64,27.21,CA,CISO
36595,SELMA 2,36.5038,-119.546,27.21,CA,CISO
36596,OAKHURST,37.4433,-119.558,18.49,CA,CISO
36597,HANFORD 1,36.3078,-119.642,58.74,CA,CISO
36598,HANFORD 2,36.196,-119.596,58.74,CA,CISO
36599,CLOVIS 5,36.8576,-119.659,26.07,CA,CISO
36600,CLOVIS 6,36.8795,-119.536,36.03,CA,CISO
36601,CORCORAN 1,36.0666,-119.473,46.94,CA,CISO
36602,KINGSBURG,36.4081,-119.489,28.69,CA,CISO
36603,SANGER 1,36.8276,-119.427,36.19,CA,CISO
36604,SANGER 2,36.7816,-119.44,31.5,CA,CISO
36605,REEDLEY 1,36.628,-119.487,26.8,CA,CISO
36606,REEDLEY 2,36.7548,-119.467,26.8,CA,CISO
36607,DINUBA,36.4671,-119.373,52.15,CA,CISO
36608,VISALIA 1,36.2134,-119.297,45.55,CA,CISO
36609,VISALIA 2,36.3171,-119.35,93.11,CA,CISO
36610,VISALIA 3,36.4597,-119.277,58.44,CA,CISO
36611,TULARE 1,36.255,-119.353,62.75,CA,CISO
36612,TULARE 2,36.1974,-119.399,62.75,CA,CISO
36613,PIXLEY,36.0354,-119.312,16.8,CA,CISO
36614,ORANGE COVE,36.602,-119.238,20.25,CA,CISO
36615,EARLIMART,35.9218,-119.367,18.35,CA,CISO
36616,VISALIA 4,36.3111,-119.247,35.13,CA,CISO
36617,VISALIA 5,36.4155,-119.225,35.13,CA,CISO
36618,FARMERSVILLE,36.2954,-119.181,19.09,CA,CISO
36619,OROSI,36.6895,-119.136,29.26,CA,CISO
36620,WOODLAKE,36.4704,-119.129,26.75,CA,CISO
36621,LINDSAY,36.1823,-119.158,46.27,CA,CISO
36622,EXETER,36.3551,-119.04,31.0,CA,CISO
36623,PORTERVILLE 1,35.9018,-118.907,53.2,CA,CISO
36624,PORTERVILLE 2,36.0746,-118.922,51.66,CA,CISO
36625,PORTERVILLE 3,36.044,-118.911,55.7,CA,CISO
36626,MAMMOTH LAKES,37.5827,-118.781,19.17,CA,CISO
36627,BISHOP 1,37.5771,-118.32,26.19,CA,CISO
36628,PAHRUMP 1,36.3461,-115.969,19.21,CA,CISO
36629,PAHRUMP 2,36.0157,-115.878,14.61,CA,CISO
36630,LEMOORE 3,36.2397,-119.904,0.0,CA,CISO
36631,LODI 4,38.0881,-121.387,35.54,CA,CISO
36632,PINECREST,38.2467,-120.034,13.25,CA,CISO
36633,JACKSON 2,38.331,-120.67,12.61,CA,CISO
36634,MERCED 6,37.8094,-120.299,4.87,CA,CISO
36635,LEMOORE 4,36.2478,-119.834,0.0,CA,CISO
36636,SAN JOAQUIN 1,36.6514,-120.583,1.15,CA,CISO
36637,AUBERRY 1,37.0718,-119.558,2.45,CA,CISO
36638,INYOKERN 1,36.0192,-117.792,0.0,CA,CISO
36639,ALPAUGH,35.8983,-119.435,2.43,CA,CISO
36640,NORTH FORK 1,37.139,-119.49,5.71,CA,CISO
36641,FRESNO 22,36.8882,-119.159,0.84,CA,CISO
36642,MODESTO 10,37.5744,-120.985,0.0,CA,TIDC
36643,AUBERRY 2,37.1485,-119.387,0.0,CA,CISO
36644,AVENAL 2,35.9831,-120.11,3.04,CA,CISO
36645,SAN ARDO 1,35.9359,-120.841,10.66,CA,CISO
36646,LODI 5,38.8107,-121.324,0.0,CA,CISO
36647,FRESNO 23,36.9274,-119.02,1.93,CA,CISO
36648,BIG CREEK 1,37.2042,-119.24,1.43,CA,CISO
36649,KING CITY 2,36.225,-121.128,0.91,CA,CISO
36650,INYOKERN 2,36.0372,-117.798,8.83,CA,CISO
36651,BISHOP 2,37.51,-118.569,0.0,CA,CISO
36652,GROVELAND 1,37.8966,-119.968,0.0,CA,CISO
36653,RIPON 2,37.7315,-121.116,27.83,CA,BANC
36654,SANGER 3,36.6842,-119.552,28.29,CA,CISO
36655,GROVELAND 2,37.8777,-119.953,7.7,CA,CISO
36656,MODESTO 11,37.6294,-120.931,0.0,CA,BANC
36657,TURLOCK 4,37.4903,-120.904,37.08,CA,TIDC
36658,BIG CREEK 2,37.2096,-119.329,1.21,CA,CISO
36659,GUSTINE,37.0692,-121.077,16.1,CA,CISO
36660,CORCORAN 2,36.1383,-119.573,0.0,CA,CISO
36661,BISHOP 3,37.4379,-118.557,3.17,CA,CISO
36662,TRANQUILLITY,36.6175,-120.291,12.43,CA,CISO
36663,PIONEER 2,38.4493,-120.493,7.48,CA,CISO
36664,BIG CREEK 3,37.2001,-119.307,0.0,CA,CISO
36665,MOSS LANDING,36.8048,-121.782,0.0,CA,CISO
36666,INYOKERN 3,36.0019,-117.789,0.12,CA,CISO
36667,FIREBAUGH 2,36.6535,-120.578,0.0,CA,CISO
36668,STOCKTON 15,37.9436,-121.33,11.74,CA,CISO
36669,BISHOP 4,37.546,-118.59,0.0,CA,CISO
36670,JEAN 1,35.7931,-115.35,0.0,CA,NEVP
36671,SAN JOAQUIN 2,36.617,-120.1,0.22,CA,CISO
36672,LATHROP 2,37.8062,-121.277,7.87,CA,CISO
36673,KING CITY 3,36.2248,-121.125,1.07,CA,CISO
36674,FRESNO 24,36.6697,-119.74,13.16,CA,CISO
36675,SHAVER LAKE 1,37.1479,-119.257,0.0,CA,CISO
36676,SHAVER LAKE 2,37.0293,-118.968,0.0,CA,CISO
36677,RIPON 3,37.7325,-121.116,0.0,CA,BANC
36678,COALINGA 2,36.1807,-120.388,0.0,CA,CISO
36679,VALLECITO,38.139,-120.37,0.0,CA,CISO
36680,HANFORD 3,36.2701,-119.648,0.0,CA,CISO
36681,LODI 6,38.0881,-121.388,0.0,CA,CISO
36682,FRESNO 25,36.8326,-119.327,0.0,CA,CISO
36683,HURON,36.1381,-120.076,0.0,CA,CISO
36684,MENDOTA 2,36.7559,-120.365,0.0,CA,CISO
36685,TURLOCK 5,37.4878,-120.896,0.0,CA,TIDC
36686,FIREBAUGH 3,36.6529,-120.581,0.0,CA,CISO
36687,TRACY 8,37.9469,-120.528,0.0,CA,CISO
36688,BIG CREEK 4,37.2,-119.307,0.0,CA,CISO
36689,SNELLING,37.5843,-120.269,0.0,CA,CISO
36690,SAN ARDO 2,35.9515,-120.868,0.0,CA,CISO
36691,MODESTO 12,37.6526,-121.02,0.0,CA,BANC
36692,FRESNO 26,36.9089,-119.088,0.0,CA,CISO
36693,PIONEER 3,38.4979,-120.218,0.0,CA,CISO
36694,NORTH FORK 2,37.2203,-119.338,0.0,CA,CISO
36695,CHOWCHILLA 2,37.1073,-120.249,0.0,CA,CISO
36696,FIREBAUGH 4,36.6541,-120.58,0.0,CA,CISO
36697,LA GRANGE,37.696,-120.42,0.0,CA,BANC
36698,JEAN 2,35.6139,-115.356,0.0,CA,NEVP
36699,CAMBRIA,35.6409,-121.014,12.31,CA,CISO
36700,LOS OSOS,35.3714,-120.785,31.12,CA,CISO
36701,MORRO BAY,35.335,-120.865,19.42,CA,CISO
36702,TEMPLETON,35.4525,-120.695,16.48,CA,CISO
36703,SAN LUIS OBISPO 1,35.3388,-120.702,31.9,CA,CISO
36704,SAN LUIS OBISPO 2,35.2842,-120.828,31.9,CA,CISO
36705,PASO ROBLES 1,35.6762,-120.739,39.34,CA,CISO
36706,PASO ROBLES 2,35.7329,-120.797,39.34,CA,CISO
36707,ATASCADERO 1,35.4843,-120.678,30.73,CA,CISO
36708,ATASCADERO 2,35.3832,-120.638,28.24,CA,CISO
36709,PISMO BEACH,35.2159,-120.734,16.05,CA,CISO
36710,GROVER BEACH,35.1181,-120.635,23.69,CA,CISO
36711,SAN LUIS OBISPO 3,35.3037,-120.525,25.23,CA,CISO
36712,SAN LUIS OBISPO 4,35.2568,-120.704,25.23,CA,CISO
36713,GUADALUPE,34.9303,-120.663,12.8,CA,CISO
36714,NIPOMO,34.9734,-120.408,34.64,CA,CISO
36715,SANTA MARIA 1,34.8923,-120.454,49.89,CA,CISO
36716,SANTA MARIA 2,35.0167,-120.569,62.8,CA,CISO
36717,ARROYO GRANDE 1,35.2396,-120.462,30.79,CA,CISO
36718,ARROYO GRANDE 2,35.1073,-120.56,25.57,CA,CISO
36719,SANTA MARIA 3,34.854,-120.448,43.8,CA,CISO
36720,SANTA MARIA 4,34.8488,-120.363,37.52,CA,CISO
36721,LOMPOC 1,34.6861,-120.458,48.62,CA,CISO
36722,LOMPOC 2,34.5066,-120.451,48.62,CA,CISO
36723,SANTA MARIA 5,34.8784,-120.176,32.8,CA,CISO
36724,SANTA MARIA 6,35.0095,-120.159,34.26,CA,CISO
36725,BUELLTON,34.5569,-120.285,9.91,CA,CISO
36726,SOLVANG,34.6148,-120.125,26.93,CA,CISO
36727,GOLETA 1,34.5191,-120.155,47.9,CA,CISO
36728,GOLETA 2,34.4793,-120.103,47.9,CA,CISO
36729,SANTA BARBARA 1,34.3787,-119.483,31.27,CA,CISO
36730,SANTA BARBARA 2,34.6128,-119.779,47.42,CA,CISO
36731,SANTA BARBARA 3,34.5299,-119.703,30.29,CA,CISO
36732,SANTA BARBARA 4,34.3637,-119.447,28.51,CA,CISO
36733,SANTA BARBARA 5,34.489,-119.805,28.51,CA,CISO
36734,SANTA BARBARA 6,34.4782,-119.771,36.45,CA,CISO
36735,SANTA BARBARA 7,34.48,-119.714,21.61,CA,CISO
36736,CARPINTERIA,34.3453,-119.42,48.51,CA,CISO
36737,WASCO 5,35.5996,-119.417,24.44,CA,CISO
36738,WASCO 6,35.5698,-119.505,24.44,CA,CISO
36739,TAFT 1,35.1919,-119.511,31.23,CA,CISO
36740,OJAI,34.4951,-119.371,37.06,CA,CISO
36741,OAK VIEW,34.3826,-119.292,10.99,CA,CISO
36742,SHAFTER,35.5082,-119.257,39.39,CA,CISO
36743,BAKERSFIELD 1,35.3019,-119.268,40.6,CA,CISO
36744,MARICOPA 1,34.6734,-119.312,7.52,CA,CISO
36745,OXNARD 1,34.1858,-119.204,24.96,CA,CISO
36746,VENTURA 1,34.2869,-119.248,45.43,CA,CISO
36747,VENTURA 2,34.3485,-119.211,45.43,CA,CISO
36748,DELANO 1,35.8515,-119.11,50.09,CA,CISO
36749,DELANO 2,35.8753,-119.178,50.09,CA,CISO
36750,MC FARLAND,35.6315,-119.263,24.34,CA,CISO
36751,OXNARD 2,34.1774,-119.238,37.52,CA,CISO
36752,OXNARD 3,34.2473,-119.134,37.52,CA,CISO
36753,BAKERSFIELD 2,35.1005,-119.094,36.75,CA,CISO
36754,BAKERSFIELD 3,35.2628,-119.078,36.75,CA,CISO
36755,OXNARD 4,34.1053,-119.138,78.39,CA,CISO
36756,OXNARD 5,34.2648,-119.23,53.43,CA,CISO
36757,VENTURA 3,34.2577,-119.156,26.23,CA,CISO
36758,VENTURA 4,34.3372,-119.097,31.82,CA,CISO
36759,OXNARD 6,34.2333,-119.048,49.64,CA,CISO
36760,OXNARD 7,34.2022,-119.054,49.64,CA,CISO
36761,OXNARD 8,34.1429,-119.162,49.64,CA,CISO
36762,BAKERSFIELD 4,35.3406,-119.093,73.11,CA,CISO
36763,BAKERSFIELD 5,35.303,-119.139,51.07,CA,CISO
36764,PORT HUENEME,34.0396,-118.898,42.55,CA,CISO
36765,SANTA PAULA 1,34.3705,-119.144,29.53,CA,CISO
36766,SANTA PAULA 2,34.3312,-119.149,29.53,CA,CISO
36767,CAMARILLO 1,34.2395,-119.158,39.21,CA,CISO
36768,CAMARILLO 2,34.2574,-119.0,38.61,CA,CISO
36769,BAKERSFIELD 6,35.4288,-119.039,52.57,CA,CISO
36770,BAKERSFIELD 7,35.3578,-118.978,52.57,CA,CISO
36771,BAKERSFIELD 8,35.1659,-118.968,39.2,CA,CISO
36772,BAKERSFIELD 9,35.1216,-119.02,39.2,CA,CISO
36773,FRAZIER PARK,34.8136,-118.993,15.97,CA,CISO
36774,BAKERSFIELD 10,35.3557,-119.03,43.86,CA,CISO
36775,BAKERSFIELD 11,35.3247,-118.935,43.86,CA,CISO
36776,CAMARILLO 3,34.1607,-119.01,31.16,CA,CISO
36777,CAMARILLO 4,34.1525,-118.921,31.16,CA,CISO
36778,BAKERSFIELD 12,35.3044,-118.982,33.84,CA,CISO
36779,BAKERSFIELD 13,35.358,-119.055,33.84,CA,CISO
36780,NEWBURY PARK 1,34.1861,-118.961,39.85,CA,CISO
36781,NEWBURY PARK 2,34.1158,-118.977,39.85,CA,CISO
36782,BAKERSFIELD 14,35.303,-118.946,49.59,CA,CISO
36783,BAKERSFIELD 15,35.1617,-118.88,49.59,CA,CISO
36784,BAKERSFIELD 16,35.1511,-119.011,49.59,CA,CISO
36785,LAMONT,35.3531,-118.896,31.48,CA,CISO
36786,MOORPARK 1,34.3396,-118.944,32.78,CA,CISO
36787,MOORPARK 2,34.379,-118.923,32.78,CA,CISO
36788,FILLMORE 1,34.4147,-118.983,31.2,CA,CISO
36789,WESTLAKE VILLAGE,34.0901,-118.923,36.79,CA,CISO
36790,THOUSAND OAKS 1,34.1701,-118.804,38.16,CA,CISO
36791,THOUSAND OAKS 2,34.1153,-118.796,38.16,CA,CISO
36792,MALIBU,33.9891,-118.477,32.61,CA,LDWP
36793,ARVIN,35.1537,-118.845,37.69,CA,CISO
36794,THOUSAND OAKS 3,34.2776,-118.894,32.44,CA,CISO
36795,THOUSAND OAKS 4,34.2483,-118.726,32.44,CA,CISO
36796,BAKERSFIELD 17,35.583,-118.794,47.2,CA,CISO
36797,BAKERSFIELD 18,35.6351,-118.742,47.71,CA,CISO
36798,BAKERSFIELD 19,35.4092,-118.76,58.51,CA,CISO
36799,BAKERSFIELD 20,35.4572,-118.775,58.13,CA,CISO
36800,SIMI VALLEY 1,34.2174,-118.742,65.26,CA,CISO
36801,SIMI VALLEY 2,34.258,-118.735,65.26,CA,CISO
36802,OAK PARK,34.086,-118.781,24.86,CA,CISO
36803,AGOURA HILLS 1,34.1528,-118.847,22.94,CA,CISO
36804,AGOURA HILLS 2,34.0605,-118.81,22.94,CA,CISO
36805,CASTAIC 1,34.4648,-118.63,26.87,CA,CISO
36806,CASTAIC 2,34.6039,-118.682,26.87,CA,CISO
36807,SIMI VALLEY 3,34.3543,-118.75,52.59,CA,CISO
36808,SIMI VALLEY 4,34.3744,-118.634,74.78,CA,CISO
36809,CALABASAS 1,34.1162,-118.726,23.14,CA,CISO
36810,CALABASAS 2,34.1727,-118.702,23.21,CA,CISO
36811,WEST HILLS,34.1597,-118.668,44.05,CA,CISO
36812,STEVENSON RANCH,34.4015,-118.548,36.28,CA,CISO
36813,VALENCIA 1,34.4604,-118.673,29.34,CA,CISO
36814,VALENCIA 2,34.3417,-118.619,29.34,CA,CISO
36815,CANOGA PARK 1,34.184,-118.562,45.21,CA,LDWP
36816,CANOGA PARK 2,34.2382,-118.703,69.38,CA,CISO
36817,WOODLAND HILLS 1,34.1886,-118.587,35.55,CA,LDWP
36818,WOODLAND HILLS 2,34.1473,-118.697,35.55,CA,CISO
36819,CHATSWORTH 1,34.3871,-118.528,32.9,CA,CISO
36820,CHATSWORTH 2,34.3895,-118.635,32.9,CA,CISO
36821,CANOGA PARK 3,34.1347,-118.554,24.17,CA,LDWP
36822,WOODLAND HILLS 3,34.0947,-118.531,23.27,CA,LDWP
36823,WOODLAND HILLS 4,34.1412,-118.628,23.27,CA,CISO
36824,WINNETKA 1,34.2046,-118.67,40.55,CA,CISO
36825,WINNETKA 2,34.2716,-118.619,45.42,CA,LDWP
36826,PORTER RANCH 1,34.2995,-118.644,30.34,CA,CISO
36827,PORTER RANCH 2,34.3558,-118.533,30.34,CA,CISO
36828,NORTHRIDGE 1,34.1432,-118.517,24.9,CA,LDWP
36829,TARZANA 1,34.1652,-118.517,26.51,CA,LDWP
36830,TARZANA 2,34.0945,-118.646,26.51,CA,CISO
36831,PACIFIC PALISADES,34.1763,-118.547,41.37,CA,LDWP
36832,RESEDA 1,34.2424,-118.593,66.93,CA,LDWP
36833,RESEDA 2,34.1927,-118.508,78.39,CA,LDWP
36834,NORTHRIDGE 2,34.1654,-118.434,57.07,CA,LDWP
36835,NORTHRIDGE 3,34.1727,-118.504,46.05,CA,LDWP
36836,ENCINO 1,34.2028,-118.469,24.21,CA,LDWP
36837,ENCINO 2,34.1114,-118.583,24.21,CA,CISO
36838,GRANADA HILLS 1,34.2482,-118.445,46.57,CA,LDWP
36839,GRANADA HILLS 2,34.3861,-118.575,72.42,CA,CISO
36840,SANTA CLARITA 1,34.4106,-118.586,30.01,CA,CISO
36841,SANTA CLARITA 2,34.3715,-118.417,30.01,CA,CISO
36842,TEHACHAPI 1,35.1698,-118.593,32.08,CA,CISO
36843,TEHACHAPI 2,35.1708,-118.426,31.17,CA,CISO
36844,SANTA MONICA 1,33.9551,-118.405,44.14,CA,LDWP
36845,LOS ANGELES 1,34.1202,-118.47,31.93,CA,LDWP
36846,LOS ANGELES 2,34.0935,-118.57,31.93,CA,LDWP
36847,VAN NUYS 1,34.2502,-118.498,46.4,CA,LDWP
36848,VAN NUYS 2,34.2928,-118.434,46.4,CA,CISO
36849,NEWHALL 1,34.2719,-118.45,31.39,CA,LDWP
36850,NEWHALL 2,34.3571,-118.453,31.39,CA,CISO
36851,NORTH HILLS 1,34.3141,-118.557,54.23,CA,CISO
36852,NORTH HILLS 2,34.198,-118.568,54.23,CA,LDWP
36853,SANTA MONICA 2,34.1254,-118.412,38.45,CA,LDWP
36854,SANTA MONICA 3,33.9912,-118.395,48.47,CA,CISO
36855,VENICE 1,33.9269,-118.401,35.35,CA,CISO
36856,VENICE 2,34.0234,-118.514,25.51,CA,CISO
36857,SHERMAN OAKS 1,34.2041,-118.369,42.27,CA,LDWP
36858,VAN NUYS 3,34.0824,-118.48,44.33,CA,LDWP
36859,MARINA DEL REY,34.0604,-118.427,75.71,CA,LDWP
36860,LAKE ISABELLA,35.6397,-118.49,25.62,CA,CISO
36861,CANYON COUNTRY 1,34.4493,-118.409,29.13,CA,CISO
36862,CANYON COUNTRY 2,34.4555,-118.49,29.13,CA,CISO
36863,VAN NUYS 4,34.1966,-118.417,76.8,CA,LDWP
36864,VAN NUYS 5,34.1766,-118.368,46.03,CA,LDWP
36865,LOS ANGELES 3,34.0298,-118.353,37.93,CA,LDWP
36866,PANORAMA CITY 1,34.2178,-118.378,88.7,CA,LDWP
36867,PANORAMA CITY 2,34.1798,-118.363,113.54,CA,LDWP
36868,SAN FERNANDO,34.3106,-118.347,30.77,CA,CISO
36869,LOS ANGELES 4,34.0993,-118.382,42.71,CA,LDWP
36870,LOS ANGELES 5,33.9808,-118.414,71.3,CA,CISO
36871,SHERMAN OAKS 2,34.0903,-118.463,27.89,CA,LDWP
36872,VAN NUYS 6,34.159,-118.46,35.36,CA,LDWP
36873,VAN NUYS 7,34.2609,-118.505,60.26,CA,LDWP
36874,LOS ANGELES 6,34.0711,-118.507,61.85,CA,LDWP
36875,LOS ANGELES 7,33.948,-118.447,112.63,CA,LDWP
36876,LOS ANGELES 8,33.9781,-118.337,22.86,CA,CISO
36877,PACOIMA 1,34.2318,-118.432,87.34,CA,LDWP
36878,PACOIMA 2,34.2595,-118.375,62.21,CA,LDWP
36879,PACOIMA 3,34.3243,-118.352,62.21,CA,CISO
36880,SANTA CLARITA 3,34.6415,-118.396,35.61,CA,CISO
36881,LOS ANGELES 9,33.8483,-118.391,35.53,CA,CISO
36882,LOS ANGELES 10,34.017,-118.337,35.53,CA,LDWP
36883,BEVERLY HILLS,34.0493,-118.353,39.13,CA,LDWP
36884,MANHATTAN BEACH,33.973,-118.368,31.62,CA,CISO
36885,NORTH HOLLYWOOD 1,34.2292,-118.498,50.71,CA,LDWP
36886,VALLEY VILLAGE,34.1107,-118.455,25.13,CA,LDWP
36887,LOS ANGELES 11,34.056,-118.427,52.17,CA,LDWP
36888,LOS ANGELES 12,34.0066,-118.3,52.17,CA,LDWP
36889,HERMOSA BEACH,33.7848,-118.345,35.11,CA,CISO
36890,CULVER CITY 1,34.0648,-118.448,28.59,CA,LDWP
36891,STUDIO CITY,34.2002,-118.396,26.13,CA,LDWP
36892,CULVER CITY 2,34.1075,-118.484,27.27,CA,LDWP
36893,NORTH HOLLYWOOD 2,34.2729,-118.464,73.76,CA,LDWP
36894,NORTH HOLLYWOOD 3,34.1147,-118.435,55.64,CA,LDWP
36895,REDONDO BEACH 1,33.8345,-118.392,31.76,CA,CISO
36896,LOS ANGELES 13,33.9705,-118.462,72.91,CA,LDWP
36897,SYLMAR 1,34.2367,-118.336,55.04,CA,LDWP
36898,SYLMAR 2,34.3119,-118.286,55.04,CA,CISO
36899,SYLMAR 3,34.4046,-118.344,55.04,CA,CISO
36900,LOS ANGELES 14,34.0074,-118.333,72.43,CA,LDWP
36901,NORTH HOLLYWOOD 4,34.1254,-118.359,33.47,CA,LDWP
36902,CANYON COUNTRY 3,34.315,-118.371,36.3,CA,CISO
36903,CANYON COUNTRY 4,34.428,-118.45,36.3,CA,CISO
36904,REDONDO BEACH 2,33.8173,-118.392,36.06,CA,CISO
36905,REDONDO BEACH 3,33.9378,-118.319,36.06,CA,CISO
36906,LANCASTER 1,34.8372,-118.374,63.83,CA,CISO
36907,LANCASTER 2,34.7255,-118.377,63.83,CA,CISO
36908,NORTH HOLLYWOOD 5,34.1115,-118.35,37.24,CA,LDWP
36909,RANCHO PALOS VERDES,33.7377,-118.317,69.39,CA,LDWP
36910,SUN VALLEY 1,34.3143,-118.333,43.03,CA,CISO
36911,LOS ANGELES 15,34.1409,-118.337,69.85,CA,LDWP
36912,LOS ANGELES 16,34.1671,-118.374,86.75,CA,LDWP
36913,INGLEWOOD 1,33.9121,-118.339,54.75,CA,CISO
36914,INGLEWOOD 2,33.8588,-118.334,73.69,CA,CISO
36915,INGLEWOOD 3,33.9739,-118.397,26.47,CA,LDWP
36916,INGLEWOOD 4,33.9695,-118.446,26.47,CA,CISO
36917,LOS ANGELES 17,34.0184,-118.428,43.81,CA,LDWP
36918,LOS ANGELES 18,34.0782,-118.28,42.84,CA,LDWP
36919,TORRANCE 1,33.8412,-118.311,39.94,CA,CISO
36920,TORRANCE 2,33.7936,-118.332,96.22,CA,CISO
36921,LAWNDALE 1,33.9517,-118.437,60.53,CA,LDWP
36922,LAWNDALE 2,33.9003,-118.281,58.17,CA,CISO
36923,LOS ANGELES 19,34.0097,-118.37,33.18,CA,CISO
36924,LOS ANGELES 20,34.0879,-118.414,33.18,CA,CISO
36925,HAWTHORNE 1,33.9583,-118.276,55.92,CA,LDWP
36926,HAWTHORNE 2,34.0079,-118.292,55.92,CA,LDWP
36927,HAWTHORNE 3,33.8546,-118.399,94.78,CA,CISO
36928,TORRANCE 3,33.8761,-118.409,33.01,CA,CISO
36929,TORRANCE 4,33.7966,-118.287,57.01,CA,LDWP
36930,BURBANK 3,34.0947,-118.311,53.36,CA,LDWP
36931,BURBANK 4,34.1262,-118.269,27.7,CA,LDWP
36932,LOS ANGELES 21,34.0625,-118.371,29.09,CA,LDWP
36933,ROSAMOND 1,34.7917,-118.348,34.04,CA,CISO
36934,LOS ANGELES 22,33.9843,-118.428,58.01,CA,LDWP
36935,LOS ANGELES 23,34.1059,-118.294,91.47,CA,LDWP
36936,LOS ANGELES 24,33.9512,-118.353,104.81,CA,CISO
36937,SUNLAND,34.2473,-118.286,57.14,CA,LDWP
36938,INGLEWOOD 5,33.9054,-118.305,23.56,CA,CISO
36939,LOS ANGELES 25,34.0629,-118.293,40.11,CA,LDWP
36940,TORRANCE 5,33.902,-118.386,28.89,CA,CISO
36941,TORRANCE 6,33.9414,-118.299,28.89,CA,CISO
36942,BURBANK 5,34.1421,-118.392,70.92,CA,LDWP
36943,LOS ANGELES 26,34.0853,-118.395,51.87,CA,CISO
36944,BURBANK 6,34.1917,-118.29,34.03,CA,LDWP
36945,LOS ANGELES 27,34.0182,-118.368,44.38,CA,LDWP
36946,LOS ANGELES 28,34.0878,-118.262,44.38,CA,LDWP
36947,TORRANCE 7,33.808,-118.216,38.86,CA,CISO
36948,SAN PEDRO 1,33.8079,-118.242,38.01,CA,CISO
36949,LOS ANGELES 29,34.0886,-118.383,55.96,CA,CISO
36950,LOS ANGELES 30,34.0641,-118.356,55.96,CA,LDWP
36951,LOS ANGELES 31,34.0761,-118.229,77.33,CA,LDWP
36952,LOS ANGELES 32,33.9203,-118.314,43.75,CA,CISO
36953,LOS ANGELES 33,34.0024,-118.251,43.75,CA,LDWP
36954,LOS ANGELES 34,33.986,-118.214,33.91,CA,CISO
36955,HARBOR CITY,33.8078,-118.31,22.91,CA,CISO
36956,GARDENA 1,33.8889,-118.393,42.74,CA,CISO
36957,GARDENA 2,33.9804,-118.279,139.4,CA,LDWP
36958,LOS ANGELES 35,34.1754,-118.2,40.64,CA,LDWP
36959,LOS ANGELES 36,34.1742,-118.274,65.32,CA,LDWP
36960,LOS ANGELES 37,34.1892,-118.317,34.76,CA,LDWP
36961,LOS ANGELES 38,34.0321,-118.392,39.12,CA,LDWP
36962,LOS ANGELES 39,33.9835,-118.299,107.85,CA,LDWP
36963,LOS ANGELES 40,33.9903,-118.366,53.27,CA,CISO
36964,BURBANK 7,34.1515,-118.31,37.53,CA,LDWP
36965,LOS ANGELES 41,34.049,-118.219,53.87,CA,LDWP
36966,LOS ANGELES 42,34.0329,-118.267,66.48,CA,LDWP
36967,LOS ANGELES 43,33.9516,-118.319,83.41,CA,CISO
36968,GLENDALE 1,34.0779,-118.19,41.01,CA,LDWP
36969,LOS ANGELES 44,34.0789,-118.271,56.05,CA,LDWP
36970,LOS ANGELES 45,33.9889,-118.376,62.89,CA,CISO
36971,LOS ANGELES 46,33.9297,-118.348,68.45,CA,CISO
36972,LOS ANGELES 47,33.9965,-118.212,64.82,CA,CISO
36973,SAN PEDRO 2,33.7041,-118.258,53.7,CA,LDWP
36974,SAN PEDRO 3,33.8289,-118.334,53.7,CA,CISO
36975,LOS ANGELES 48,34.116,-118.303,66.07,CA,LDWP
36976,LOS ANGELES 49,33.954,-118.209,105.61,CA,CISO
36977,LOS ANGELES 50,33.9608,-118.219,59.64,CA,CISO
36978,GLENDALE 2,34.1689,-118.337,41.09,CA,LDWP
36979,LOS ANGELES 51,34.0559,-118.178,34.17,CA,CISO
36980,LOS ANGELES 52,34.0579,-118.359,63.58,CA,LDWP
36981,CARSON 2,33.7482,-118.187,51.53,CA,CISO
36982,CARSON 3,33.7356,-118.294,51.53,CA,LDWP
36983,LOS ANGELES 53,34.0552,-118.228,61.08,CA,LDWP
36984,LOS ANGELES 54,34.1257,-118.325,79.99,CA,LDWP
36985,WILMINGTON 1,33.7747,-118.234,48.43,CA,LDWP
36986,WILMINGTON 2,33.736,-118.259,48.43,CA,CISO
36987,GLENDALE 3,34.1756,-118.18,53.24,CA,CISO
36988,LOS ANGELES 55,34.1086,-118.187,25.66,CA,LDWP
36989,LOS ANGELES 56,34.0815,-118.244,62.34,CA,LDWP
36990,LOS ANGELES 57,34.0202,-118.299,62.34,CA,LDWP
36991,LOS ANGELES 58,33.9557,-118.344,62.34,CA,CISO
36992,CARSON 4,33.8802,-118.177,23.39,CA,CISO
36993,LOS ANGELES 59,33.8298,-118.291,36.86,CA,CISO
36994,LOS ANGELES 60,34.0056,-118.151,51.4,CA,CISO
36995,LA CRESCENTA,34.3237,-118.161,27.32,CA,CISO
36996,LOS ANGELES 61,33.8541,-118.247,69.49,CA,CISO
36997,LOS ANGELES 62,33.9304,-118.223,46.1,CA,CISO
36998,GLENDALE 4,34.2347,-118.234,34.03,CA,CISO
36999,GLENDALE 5,34.0431,-118.178,34.03,CA,CISO
37000,PALMDALE 1,34.5878,-118.302,45.72,CA,CISO
37001,PALMDALE 2,34.6304,-118.335,45.72,CA,CISO
37002,LOS ANGELES 63,34.0225,-118.223,55.28,CA,LDWP
37003,TUJUNGA 1,34.3016,-118.211,24.83,CA,CISO
37004,TUJUNGA 2,34.3748,-118.288,24.83,CA,CISO
37005,COMPTON 1,33.965,-118.312,28.68,CA,LDWP
37006,COMPTON 2,33.9513,-118.174,44.4,CA,CISO
37007,COMPTON 3,33.803,-118.137,44.4,CA,CISO
37008,LOS ANGELES 64,34.1902,-118.13,56.12,CA,CISO
37009,LOS ANGELES 65,34.1245,-118.213,40.97,CA,LDWP
37010,LONG BEACH 2,33.7947,-118.273,55.75,CA,LDWP
37011,LONG BEACH 3,33.7679,-118.293,55.75,CA,LDWP
37012,ACTON,34.4233,-118.223,14.39,CA,CISO
37013,HUNTINGTON PARK 1,33.9411,-118.258,45.04,CA,LDWP
37014,HUNTINGTON PARK 2,33.9452,-118.227,45.04,CA,CISO
37015,HUNTINGTON PARK 3,33.9108,-118.162,50.84,CA,CISO
37016,GLENDALE 6,34.2182,-118.301,29.76,CA,LDWP
37017,GLENDALE 7,34.1987,-118.257,30.04,CA,LDWP
37018,LOS ANGELES 66,34.1316,-118.302,43.97,CA,LDWP
37019,LOS ANGELES 67,34.0625,-118.23,43.97,CA,LDWP
37020,LONG BEACH 4,33.7552,-118.202,67.83,CA,CISO
37021,LONG BEACH 5,33.8253,-118.126,35.41,CA,CISO
37022,LOS ANGELES 68,34.079,-118.218,60.02,CA,LDWP
37023,LOS ANGELES 69,34.1043,-118.204,35.38,CA,LDWP
37024,COMPTON 4,33.9622,-118.21,48.33,CA,CISO
37025,COMPTON 5,33.7881,-118.251,48.33,CA,LDWP
37026,LA CANADA FLINTRIDGE,34.2199,-118.202,36.5,CA,CISO
37027,LYNWOOD 1,33.9681,-118.234,62.77,CA,CISO
37028,LYNWOOD 2,33.9525,-118.154,62.77,CA,CISO
37029,LOS ANGELES 70,33.9598,-118.164,78.17,CA,CISO
37030,LOS ANGELES 71,34.0966,-118.178,41.31,CA,LDWP
37031,LONG BEACH 6,33.692,-118.046,90.64,CA,CISO
37032,LONG BEACH 7,33.8198,-118.222,53.02,CA,CISO
37033,SOUTH GATE 1,33.8586,-118.281,56.64,CA,CISO
37034,SOUTH GATE 2,34.0323,-118.151,56.64,CA,CISO
37035,SOUTH GATE 3,33.9242,-118.213,56.64,CA,CISO
37036,LOS ANGELES 72,34.1554,-118.169,56.19,CA,CISO
37037,LOS ANGELES 73,34.0698,-118.148,63.3,CA,CISO
37038,LONG BEACH 8,33.7856,-118.227,38.16,CA,LDWP
37039,LONG BEACH 9,33.7129,-118.234,38.16,CA,CISO
37040,MAYWOOD,34.0206,-118.255,24.63,CA,LDWP
37041,LOS ANGELES 74,34.1069,-118.137,74.23,CA,CISO
37042,LOS ANGELES 75,33.9984,-118.123,50.18,CA,CISO
37043,LOS ANGELES 76,33.982,-118.241,64.77,CA,CISO
37044,LOS ANGELES 77,34.1484,-118.27,70.45,CA,LDWP
37045,LONG BEACH 10,33.93,-118.262,80.3,CA,LDWP
37046,LONG BEACH 11,33.8462,-118.174,56.11,CA,CISO
37047,LONG BEACH 12,33.8317,-118.246,56.11,CA,CISO
37048,LONG BEACH 13,33.8553,-118.199,28.33,CA,CISO
37049,LONG BEACH 14,33.8537,-118.268,28.33,CA,CISO
37050,BELL GARDENS 1,33.9109,-118.254,60.77,CA,CISO
37051,BELL GARDENS 2,33.9118,-118.096,60.77,CA,CISO
37052,BELL GARDENS 3,33.9657,-118.18,85.51,CA,CISO
37053,PARAMOUNT 1,33.9789,-118.201,69.88,CA,CISO
37054,PARAMOUNT 2,33.8255,-118.241,48.69,CA,CISO
37055,PASADENA 1,34.2223,-118.128,24.73,CA,CISO
37056,SOUTH PASADENA,34.1557,-118.22,23.05,CA,LDWP
37057,LOS ANGELES 78,34.104,-118.068,93.54,CA,CISO
37058,LOS ANGELES 79,33.9398,-118.211,111.86,CA,CISO
37059,LANCASTER 3,34.7178,-118.145,35.41,CA,CISO
37060,LANCASTER 4,34.6359,-118.127,35.41,CA,CISO
37061,LONG BEACH 15,33.6855,-118.039,36.28,CA,CISO
37062,LONG BEACH 16,33.8561,-118.22,36.28,CA,CISO
37063,LAKEWOOD 6,33.7653,-118.169,28.56,CA,CISO
37064,LAKEWOOD 7,33.8761,-118.101,28.35,CA,CISO
37065,ALHAMBRA 1,34.0024,-118.186,27.29,CA,CISO
37066,LONG BEACH 17,33.7261,-118.053,34.44,CA,CISO
37067,MONTEREY PARK,34.0875,-118.147,29.47,CA,CISO
37068,DOWNEY 1,34.0169,-118.188,68.64,CA,CISO
37069,DOWNEY 2,33.8966,-118.044,67.14,CA,CISO
37070,PASADENA 2,34.1253,-118.229,97.74,CA,LDWP
37071,ALTADENA 1,34.1385,-118.084,32.51,CA,CISO
37072,ALTADENA 2,34.2488,-118.219,59.83,CA,CISO
37073,LONG BEACH 18,33.8185,-118.041,28.83,CA,CISO
37074,LONG BEACH 19,33.6691,-118.02,28.83,CA,CISO
37075,PASADENA 3,34.1493,-118.109,43.61,CA,CISO
37076,DOWNEY 3,34.0011,-118.142,38.16,CA,CISO
37077,DOWNEY 4,34.031,-118.064,38.16,CA,CISO
37078,ALHAMBRA 2,34.1796,-118.053,47.46,CA,CISO
37079,ALHAMBRA 3,34.0417,-118.162,72.14,CA,CISO
37080,BELLFLOWER 1,33.8589,-118.114,45.97,CA,CISO
37081,BELLFLOWER 2,33.8148,-118.101,45.97,CA,CISO
37082,PASADENA 4,34.0699,-118.046,33.08,CA,CISO
37083,PALMDALE 3,34.3761,-118.218,67.44,CA,CISO
37084,PALMDALE 4,34.3671,-118.079,67.44,CA,CISO
37085,DOWNEY 5,33.8846,-118.151,23.29,CA,CISO
37086,LONG BEACH 20,33.7784,-118.035,35.76,CA,CISO
37087,LONG BEACH 21,33.8388,-118.201,35.76,CA,CISO
37088,LAKEWOOD 8,33.7719,-118.076,25.13,CA,CISO
37089,LONG BEACH 22,33.8807,-118.131,34.41,CA,CISO
37090,LONG BEACH 23,33.7929,-118.027,34.41,CA,CISO
37091,MONTEBELLO 1,33.9669,-118.204,56.29,CA,CISO
37092,MONTEBELLO 2,33.9436,-118.045,79.49,CA,CISO
37093,SAN GABRIEL 1,34.0325,-118.105,34.63,CA,CISO
37094,SAN GABRIEL 2,34.0735,-118.006,77.81,CA,CISO
37095,PICO RIVERA 1,34.0612,-118.187,56.64,CA,CISO
37096,PICO RIVERA 2,34.0734,-118.085,56.64,CA,CISO
37097,PASADENA 5,34.0688,-118.131,29.65,CA,CISO
37098,PASADENA 6,34.2482,-118.015,29.65,CA,CISO
37099,ROSEMEAD 1,34.0105,-118.129,79.18,CA,CISO
37100,ROSEMEAD 2,34.0472,-118.033,55.89,CA,CISO
37101,NORWALK 1,33.9175,-118.107,63.33,CA,CISO
37102,NORWALK 2,33.9191,-118.138,63.33,CA,CISO
37103,NORWALK 3,33.9708,-118.106,162.97,CA,CISO
37104,ARTESIA,33.9227,-118.002,29.86,CA,CISO
37105,LAKEWOOD 9,33.7795,-118.173,36.7,CA,CISO
37106,SEAL BEACH,33.7623,-118.036,42.71,CA,CISO
37107,CERRITOS 1,33.7899,-118.128,64.39,CA,CISO
37108,CERRITOS 2,33.7807,-118.015,44.46,CA,CISO
37109,WHITTIER 1,34.0306,-117.97,29.16,CA,CISO
37110,SANTA FE SPRINGS,33.9066,-118.129,26.76,CA,CISO
37111,TEMPLE CITY 1,34.1795,-118.116,30.9,CA,CISO
37112,TEMPLE CITY 2,34.0495,-117.991,30.9,CA,CISO
37113,SOUTH EL MONTE 1,34.1105,-118.101,39.51,CA,CISO
37114,SOUTH EL MONTE 2,34.0357,-118.035,39.51,CA,CISO
37115,ARCADIA 1,34.1167,-118.082,30.69,CA,CISO
37116,ARCADIA 2,34.0821,-118.107,30.69,CA,CISO
37117,EL MONTE 1,34.0324,-117.996,26.63,CA,CISO
37118,CYPRESS 1,33.8556,-118.058,43.19,CA,CISO
37119,CYPRESS 2,33.7935,-118.068,43.19,CA,CISO
37120,WHITTIER 2,33.9208,-117.961,28.78,CA,CISO
37121,WHITTIER 3,34.0977,-117.961,28.78,CA,CISO
37122,ARCADIA 3,34.1117,-118.033,28.54,CA,CISO
37123,ARCADIA 4,34.0823,-117.949,28.54,CA,CISO
37124,WHITTIER 4,34.0078,-118.029,36.3,CA,CISO
37125,WHITTIER 5,33.8959,-118.081,36.3,CA,CISO
37126,PALMDALE 5,34.6506,-117.963,34.34,CA,CISO
37127,PALMDALE 6,34.479,-118.007,34.34,CA,CISO
37128,EL MONTE 2,34.1137,-117.985,106.27,CA,CISO
37129,EL MONTE 3,34.1486,-118.053,55.25,CA,CISO
37130,WHITTIER 6,33.9963,-118.028,35.47,CA,CISO
37131,WHITTIER 7,33.9014,-117.974,35.47,CA,CISO
37132,LA MIRADA,33.8111,-117.973,69.64,CA,CISO
37133,MONROVIA 1,34.2077,-117.942,36.54,CA,CISO
37134,MONROVIA 2,34.0529,-117.917,59.36,CA,CISO
37135,WHITTIER 8,33.9782,-117.965,36.11,CA,CISO
37136,LA PUENTE 1,34.1034,-118.016,27.44,CA,CISO
37137,LA PUENTE 2,34.1042,-118.05,27.44,CA,CISO
37138,LITTLEROCK,34.5709,-117.95,23.46,CA,CISO
37139,HACIENDA HEIGHTS 1,33.9542,-117.927,48.61,CA,CISO
37140,HACIENDA HEIGHTS 2,33.9189,-118.033,92.72,CA,CISO
37141,BALDWIN PARK 1,34.0059,-117.873,69.51,CA,CISO
37142,BALDWIN PARK 2,34.0222,-117.983,72.57,CA,CISO
37143,BALDWIN PARK 3,34.0887,-117.903,45.94,CA,CISO
37144,DUARTE 1,34.1343,-118.014,23.47,CA,CISO
37145,DUARTE 2,34.2174,-117.92,23.47,CA,CISO
37146,LA HABRA 1,33.8635,-117.944,60.86,CA,CISO
37147,LA HABRA 2,33.9518,-118.025,60.86,CA,CISO
37148,WEST COVINA 1,34.0553,-117.971,40.42,CA,CISO
37149,WEST COVINA 2,33.9892,-117.842,40.42,CA,CISO
37150,LA PUENTE 3,34.1076,-117.871,51.02,CA,CISO
37151,LA PUENTE 4,34.1225,-117.933,51.02,CA,CISO
37152,COVINA 1,34.1271,-117.882,30.97,CA,CISO
37153,COVINA 2,34.1636,-117.901,30.97,CA,CISO
37154,WEST COVINA 3,33.9881,-117.979,27.77,CA,CISO
37155,WEST COVINA 4,34.0491,-117.886,27.77,CA,CISO
37156,ROWLAND HEIGHTS 1,33.9252,-117.862,40.87,CA,CISO
37157,ROWLAND HEIGHTS 2,33.8934,-117.937,40.87,CA,CISO
37158,WEST COVINA 5,34.0238,-117.848,29.17,CA,CISO
37159,WEST COVINA 6,34.0762,-117.921,29.17,CA,CISO
37160,COVINA 3,34.1363,-117.959,35.4,CA,CISO
37161,CALIFORNIA CITY,35.0958,-117.798,30.8,CA,CISO
37162,AZUSA 1,34.3051,-117.789,53.73,CA,CISO
37163,AZUSA 2,34.2367,-117.964,77.23,CA,CISO
37164,LANCASTER 5,34.7784,-117.926,65.25,CA,CISO
37165,LANCASTER 6,34.6668,-117.771,64.84,CA,CISO
37166,GLENDORA 1,34.0362,-117.789,22.82,CA,CISO
37167,WALNUT 1,34.0697,-117.784,38.77,CA,CISO
37168,WALNUT 2,34.0085,-117.793,38.77,CA,CISO
37169,COVINA 4,34.1507,-117.817,23.57,CA,CISO
37170,GLENDORA 2,34.1222,-117.768,23.24,CA,CISO
37171,GLENDORA 3,34.1891,-117.77,23.24,CA,CISO
37172,DIAMOND BAR 1,34.0704,-117.793,41.81,CA,CISO
37173,DIAMOND BAR 2,33.9387,-117.914,41.81,CA,CISO
37174,PALMDALE 7,34.5035,-117.765,16.08,CA,CISO
37175,SAN DIMAS 1,34.1736,-117.827,29.81,CA,CISO
37176,SAN DIMAS 2,34.1903,-117.849,29.81,CA,CISO
37177,POMONA 1,34.0385,-117.733,31.08,CA,CISO
37178,POMONA 2,34.1251,-117.849,31.08,CA,CISO
37179,LA VERNE 1,34.1522,-117.724,30.78,CA,CISO
37180,LA VERNE 2,34.205,-117.778,29.92,CA,CISO
37181,POMONA 3,33.9475,-117.796,64.44,CA,CISO
37182,POMONA 4,33.9559,-117.741,64.44,CA,CISO
37183,POMONA 5,34.0621,-117.748,43.26,CA,CISO
37184,POMONA 6,34.1235,-117.824,43.26,CA,CISO
37185,CLAREMONT 1,34.1242,-117.8,32.13,CA,CISO
37186,CLAREMONT 2,34.1986,-117.803,32.13,CA,CISO
37187,RIDGECREST 1,35.6925,-117.669,30.41,CA,CISO
37188,RIDGECREST 2,35.5741,-117.632,29.74,CA,CISO
37189,WRIGHTWOOD,34.3747,-117.617,8.81,CA,CISO
37190,OXNARD 9,34.1292,-119.169,0.0,CA,CISO
37191,ROSAMOND 2,34.9349,-118.461,0.0,CA,CISO
37192,MOJAVE 1,35.0609,-118.292,0.0,CA,CISO
37193,CARSON 5,33.8759,-118.249,0.0,CA,CISO
37194,BAKERSFIELD 21,35.3,-118.852,0.0,CA,CISO
37195,OXNARD 10,34.196,-119.167,0.0,CA,CISO
37196,SANTA MARGARITA 1,35.3237,-119.917,0.0,CA,CISO
37197,ROSAMOND 3,34.8914,-118.433,0.0,CA,CISO
37198,CARSON 6,33.777,-118.228,0.0,CA,CISO
37199,LONG BEACH 24,33.7684,-118.214,0.0,CA,CISO
37200,CANTIL,35.248,-118.175,0.18,CA,CISO
37201,MOJAVE 2,35.0239,-118.295,0.0,CA,CISO
37202,BORON 1,35.0122,-117.556,4.14,CA,CISO
37203,CARSON 7,33.8166,-118.245,0.0,CA,CISO
37204,LA PUENTE 5,34.0089,-117.945,0.0,CA,CISO
37205,GOLETA 3,34.4314,-119.9,0.0,CA,CISO
37206,LANCASTER 7,34.7803,-118.424,0.0,CA,CISO
37207,PASADENA 7,34.1254,-118.148,20.26,CA,CISO
37208,BAKERSFIELD 22,35.5763,-119.006,0.0,CA,CISO
37209,OXNARD 11,34.2056,-119.247,0.0,CA,CISO
37210,ROSAMOND 4,34.9383,-118.334,0.0,CA,CISO
37211,TEHACHAPI 3,35.2608,-118.247,2.06,CA,CISO
37212,ROSAMOND 5,34.9003,-118.238,0.0,CA,CISO
37213,LEBEC 1,34.9556,-118.844,0.0,CA,CISO
37214,BAKERSFIELD 23,35.7415,-119.051,0.21,CA,CISO
37215,TUPMAN 1,35.4791,-119.737,8.34,CA,CISO
37216,BAKERSFIELD 24,35.4406,-118.962,0.0,CA,CISO
37217,BURBANK 8,34.1772,-118.315,0.0,CA,LDWP
37218,MOJAVE 3,35.0697,-118.317,0.0,CA,CISO
37219,BAKERSFIELD 25,35.1028,-118.954,0.0,CA,CISO
37220,EL SEGUNDO 1,33.9106,-118.425,29.98,CA,CISO
37221,LONG BEACH 25,33.7592,-118.24,0.0,CA,CISO
37222,NORWALK 4,33.9296,-118.105,25.13,CA,CISO
37223,ROSAMOND 6,34.8486,-118.353,0.0,CA,CISO
37224,EL SEGUNDO 2,33.9098,-118.424,0.0,CA,CISO
37225,MOJAVE 4,35.0267,-118.186,0.0,CA,CISO
37226,DELANO 3,35.7906,-119.277,0.0,CA,CISO
37227,SANTA CLARITA 4,34.5902,-118.455,5.28,CA,CISO
37228,MOJAVE 5,35.05,-118.257,0.0,CA,CISO
37229,TEHACHAPI 4,35.1011,-118.337,0.0,CA,CISO
37230,BAKERSFIELD 26,35.5165,-119.04,0.0,CA,CISO
37231,BAKERSFIELD 27,35.509,-119.031,0.0,CA,CISO
37232,TEHACHAPI 5,35.0542,-118.355,0.0,CA,CISO
37233,LONG BEACH 26,33.7641,-118.225,0.0,CA,CISO
37234,MOJAVE 6,35.0268,-118.223,0.0,CA,CISO
37235,MOJAVE 7,35.0506,-118.171,9.84,CA,CISO
37236,BORON 2,35.0148,-117.566,0.0,CA,CISO
37237,BAKERSFIELD 28,35.5005,-119.046,0.0,CA,CISO
37238,GOLETA 4,34.4648,-120.044,0.0,CA,CISO
37239,PASADENA 8,34.126,-118.149,0.0,CA,CISO
37240,WILMINGTON 3,33.7856,-118.264,0.0,CA,LDWP
37241,LANCASTER 8,34.6892,-118.325,0.0,CA,CISO
37242,MOJAVE 8,35.0309,-118.293,0.0,CA,CISO
37243,MOJAVE 9,35.075,-118.316,0.0,CA,CISO
37244,MC KITTRICK 1,35.3195,-119.662,0.0,CA,CISO
37245,LOS ANGELES 80,33.9986,-118.222,0.0,CA,CISO
37246,MOJAVE 10,35.0267,-118.235,0.0,CA,CISO
37247,OXNARD 12,34.1958,-119.166,0.0,CA,CISO
37248,BAKERSFIELD 29,35.4405,-119.013,0.0,CA,CISO
37249,MOJAVE 11,35.0434,-118.212,0.0,CA,CISO
37250,BAKERSFIELD 30,35.4837,-119.03,0.0,CA,CISO
37251,REDONDO BEACH 4,33.8504,-118.395,0.0,CA,CISO
37252,POMONA 7,34.0594,-117.774,0.0,CA,CISO
37253,LOS ANGELES 81,34.0692,-118.444,0.0,CA,LDWP
37254,EL SEGUNDO 3,33.9058,-118.403,0.0,CA,CISO
37255,BAKERSFIELD 31,35.4192,-118.927,0.0,CA,CISO
37256,OXNARD 13,34.2067,-119.251,0.0,CA,CISO
37257,WILMINGTON 4,33.7686,-118.287,0.0,CA,LDWP
37258,BURBANK 9,34.1764,-118.315,0.0,CA,LDWP
37259,MOJAVE 12,35.0337,-118.353,0.0,CA,CISO
37260,FELLOWS 1,35.2097,-119.585,0.0,CA,CISO
37261,BAKERSFIELD 32,35.4837,-119.03,0.0,CA,CISO
37262,SUN VALLEY 2,34.245,-118.391,0.0,CA,LDWP
37263,CARSON 8,33.7683,-118.284,0.0,CA,LDWP
37264,TAFT 2,35.093,-119.444,0.0,CA,CISO
37265,WHITTIER 9,34.0233,-118.024,0.0,CA,CISO
37266,CARSON 9,33.7917,-118.235,0.0,CA,LDWP
37267,LEBEC 2,34.6853,-118.788,0.0,CA,CISO
37268,WELDON,35.3478,-118.186,0.0,CA,CISO
37269,DELANO 4,35.7144,-119.234,0.0,CA,CISO
37270,BORON 3,35.021,-117.566,0.0,CA,CISO
37271,LONG BEACH 27,33.7688,-118.101,0.0,CA,CISO
37272,NEWHALL 3,34.3801,-118.5,0.0,CA,CISO
37273,BORON 4,35.0329,-117.701,0.0,CA,CISO
37274,MOJAVE 13,35.0086,-118.242,0.0,CA,CISO
37275,MOJAVE 14,35.065,-118.39,0.0,CA,CISO
37276,BURBANK 10,34.1786,-118.315,0.0,CA,LDWP
37277,AVILA BEACH,35.2115,-120.856,0.0,CA,CISO
37278,TORRANCE 8,33.8534,-118.33,0.0,CA,CISO
37279,SANTA MARGARITA 2,35.4056,-120.069,0.0,CA,CISO
37280,LANCASTER 9,34.7892,-118.505,0.0,CA,CISO
37281,TUPMAN 2,35.2803,-119.471,0.0,CA,CISO
37282,MC KITTRICK 2,35.2956,-119.592,0.0,CA,CISO
37283,FELLOWS 2,35.2269,-119.629,0.0,CA,CISO
37284,LONG BEACH 28,33.7647,-118.099,0.0,CA,CISO
37285,FELLOWS 3,35.1946,-119.571,0.0,CA,CISO
37286,WILMINGTON 5,33.7771,-118.23,0.0,CA,LDWP
37287,CASTAIC 3,34.5872,-118.657,0.0,CA,CISO
37288,KERNVILLE,35.7762,-118.436,0.0,CA,CISO
37289,NEWHALL 4,34.3841,-118.495,0.0,CA,CISO
37290,MOJAVE 15,35.0083,-118.241,0.0,CA,CISO
37291,PLAYA DEL REY,33.9182,-118.428,0.0,CA,LDWP
37292,BAKERSFIELD 33,35.0968,-119.43,0.0,CA,CISO
37293,SANTA CLARITA 5,34.5343,-118.525,0.0,CA,CISO
37294,MC KITTRICK 3,35.4386,-119.707,0.0,CA,CISO
37295,MOJAVE 16,35.06,-118.2,0.0,CA,CISO
37296,ROSAMOND 7,34.8022,-118.397,0.0,CA,CISO
37297,GLENDALE 8,34.1556,-118.278,0.0,CA,LDWP
37298,LOS ALAMITOS,33.6965,-118.029,39.15,CA,CISO
37299,HUNTINGTON BEACH 1,33.7682,-118.034,70.18,CA,CISO
37300,HUNTINGTON BEACH 2,33.7639,-118.11,70.0,CA,CISO
37301,BUENA PARK 1,33.8797,-118.044,40.6,CA,CISO
37302,BUENA PARK 2,33.7741,-117.993,40.6,CA,CISO
37303,HUNTINGTON BEACH 3,33.7672,-118.091,51.52,CA,CISO
37304,HUNTINGTON BEACH 4,33.6582,-118.006,51.52,CA,CISO
37305,STANTON 1,33.8023,-118.044,26.95,CA,CISO
37306,WESTMINSTER 1,33.7709,-117.967,53.85,CA,CISO
37307,WESTMINSTER 2,33.722,-118.027,80.8,CA,CISO
37308,WESTMINSTER 3,33.7523,-117.928,53.85,CA,CISO
37309,BUENA PARK 3,33.8842,-118.004,63.28,CA,CISO
37310,GARDEN GROVE 1,33.8056,-117.959,29.56,CA,CISO
37311,GARDEN GROVE 2,33.8607,-118.007,29.56,CA,CISO
37312,ANAHEIM 1,33.7684,-118.044,51.55,CA,CISO
37313,ANAHEIM 2,33.7865,-118.074,80.77,CA,CISO
37314,ANAHEIM 3,33.7359,-117.993,51.55,CA,CISO
37315,GARDEN GROVE 3,33.702,-117.914,43.75,CA,CISO
37316,HUNTINGTON BEACH 5,33.7527,-118.014,49.7,CA,CISO
37317,HUNTINGTON BEACH 6,33.6056,-117.927,49.7,CA,CISO
37318,FULLERTON 1,33.9414,-117.893,46.59,CA,CISO
37319,FULLERTON 2,33.7877,-117.956,46.59,CA,CISO
37320,ANAHEIM 4,33.7851,-117.864,55.86,CA,CISO
37321,ANAHEIM 5,33.7948,-117.942,55.86,CA,CISO
37322,FOUNTAIN VALLEY 1,33.6391,-117.897,50.4,CA,CISO
37323,FOUNTAIN VALLEY 2,33.7061,-118.047,51.22,CA,CISO
37324,NEWPORT BEACH 1,33.5543,-117.817,38.97,CA,CISO
37325,GARDEN GROVE 4,33.7787,-117.865,48.67,CA,CISO
37326,GARDEN GROVE 5,33.7212,-117.834,79.99,CA,CISO
37327,GARDEN GROVE 6,33.863,-117.868,51.1,CA,CISO
37328,GARDEN GROVE 7,33.819,-117.976,40.69,CA,CISO
37329,FULLERTON 3,33.804,-117.931,44.55,CA,CISO
37330,ANAHEIM 6,33.7985,-117.857,38.44,CA,CISO
37331,ANAHEIM 7,33.8682,-117.879,38.44,CA,CISO
37332,COSTA MESA 1,33.5947,-117.838,86.27,CA,CISO
37333,COSTA MESA 2,33.6805,-117.951,83.18,CA,CISO
37334,FULLERTON 4,33.8384,-117.899,66.08,CA,CISO
37335,COSTA MESA 3,33.6033,-117.852,44.41,CA,CISO
37336,COSTA MESA 4,33.6826,-117.884,44.41,CA,CISO
37337,SANTA ANA 1,33.7141,-117.886,58.9,CA,CISO
37338,SANTA ANA 2,33.6871,-117.974,58.9,CA,CISO
37339,ANAHEIM 8,33.9053,-117.902,63.36,CA,CISO
37340,ANAHEIM 9,33.7892,-117.99,63.36,CA,CISO
37341,SANTA ANA 3,33.6403,-117.92,132.52,CA,CISO
37342,SANTA ANA 4,33.7416,-117.807,52.87,CA,CISO
37343,FULLERTON 5,33.8417,-117.819,30.78,CA,CISO
37344,BREA 1,33.9694,-117.97,31.98,CA,CISO
37345,BREA 2,33.9665,-117.864,31.98,CA,CISO
37346,SANTA ANA 5,33.723,-117.789,32.81,CA,CISO
37347,NEWPORT BEACH 2,33.7291,-117.861,31.32,CA,CISO
37348,ANAHEIM 10,33.8437,-117.795,33.46,CA,CISO
37349,ANAHEIM 11,33.814,-117.802,33.46,CA,CISO
37350,SANTA ANA 6,33.6522,-117.781,96.53,CA,CISO
37351,SANTA ANA 7,33.7642,-117.941,68.55,CA,CISO
37352,SANTA ANA 8,33.7858,-117.923,48.52,CA,CISO
37353,SANTA ANA 9,33.7689,-117.778,48.52,CA,CISO
37354,PLACENTIA 1,33.8157,-117.899,46.83,CA,CISO
37355,PLACENTIA 2,33.8018,-117.909,46.83,CA,CISO
37356,ORANGE 1,33.876,-117.837,68.02,CA,CISO
37357,ORANGE 2,33.7654,-117.864,40.06,CA,CISO
37358,ORANGE 3,33.8541,-117.941,40.06,CA,CISO
37359,IRVINE 1,33.6672,-117.82,68.71,CA,CISO
37360,IRVINE 2,33.5999,-117.901,24.77,CA,CISO
37361,TUSTIN 1,33.7919,-117.875,51.97,CA,CISO
37362,TUSTIN 2,33.6572,-117.806,51.97,CA,CISO
37363,IRVINE 3,33.708,-117.779,38.69,CA,CISO
37364,YORBA LINDA 1,33.8252,-117.816,110.61,CA,CISO
37365,ORANGE 4,33.8023,-117.814,33.47,CA,CISO
37366,SANTA ANA 10,33.8075,-117.835,103.83,CA,CISO
37367,SANTA ANA 11,33.8553,-117.726,40.24,CA,CISO
37368,ANAHEIM 12,33.883,-117.8,32.55,CA,CISO
37369,TUSTIN 3,33.6738,-117.864,41.46,CA,CISO
37370,IRVINE 4,33.5301,-117.715,59.51,CA,CISO
37371,IRVINE 5,33.6897,-117.667,34.64,CA,CISO
37372,IRVINE 6,33.7656,-117.763,34.64,CA,CISO
37373,IRVINE 7,33.808,-117.722,41.17,CA,CISO
37374,ANAHEIM 13,33.9226,-117.721,36.07,CA,CISO
37375,CHINO HILLS 1,33.9909,-117.779,73.82,CA,CISO
37376,CHINO HILLS 2,33.9293,-117.681,73.38,CA,CISO
37377,IRVINE 8,33.7494,-117.832,29.46,CA,CISO
37378,LAGUNA WOODS,33.6649,-117.689,28.82,CA,CISO
37379,ALISO VIEJO 1,33.5557,-117.791,66.6,CA,CISO
37380,ALISO VIEJO 2,33.5704,-117.795,44.14,CA,CISO
37381,YORBA LINDA 2,33.8111,-117.745,69.48,CA,CISO
37382,DANA POINT,33.4128,-117.614,36.23,CA,CISO
37383,LAGUNA NIGUEL 1,33.5444,-117.71,56.97,CA,CISO
37384,LAGUNA NIGUEL 2,33.5279,-117.659,56.97,CA,CISO
37385,MONTCLAIR 1,34.0145,-117.617,32.74,CA,CISO
37386,MONTCLAIR 2,34.0916,-117.682,32.74,CA,CISO
37387,LAGUNA HILLS 1,33.5713,-117.646,26.36,CA,CISO
37388,LAGUNA HILLS 2,33.4937,-117.737,43.9,CA,CISO
37389,LAKE FOREST 1,33.6821,-117.65,53.26,CA,CISO
37390,LAKE FOREST 2,33.7418,-117.672,54.15,CA,CISO
37391,CHINO 1,33.9383,-117.777,48.21,CA,CISO
37392,CHINO 2,33.9982,-117.719,48.21,CA,CISO
37393,CHINO 3,34.0673,-117.634,48.21,CA,CISO
37394,FOOTHILL RANCH,33.6577,-117.588,20.25,CA,CISO
37395,ONTARIO 2,33.9753,-117.706,50.27,CA,CISO
37396,ONTARIO 3,34.0445,-117.63,50.27,CA,CISO
37397,MISSION VIEJO 1,33.5551,-117.726,42.82,CA,CISO
37398,MISSION VIEJO 2,33.5247,-117.741,42.82,CA,CISO
37399,UPLAND 1,34.1069,-117.667,46.05,CA,CISO
37400,UPLAND 2,34.0481,-117.649,46.05,CA,CISO
37401,UPLAND 3,34.1739,-117.61,23.34,CA,CISO
37402,UPLAND 4,34.1529,-117.598,23.34,CA,CISO
37403,MISSION VIEJO 3,33.7047,-117.631,42.5,CA,CISO
37404,MISSION VIEJO 4,33.6204,-117.561,42.5,CA,CISO
37405,LADERA RANCH,33.5018,-117.54,39.5,CA,CISO
37406,CORONA 1,33.8576,-117.69,56.39,CA,CISO
37407,CORONA 2,33.8504,-117.538,52.89,CA,CISO
37408,SAN CLEMENTE 1,33.5592,-117.691,26.38,CA,CISO
37409,RANCHO SANTA MARGARITA 1,33.5804,-117.617,39.41,CA,CISO
37410,RANCHO SANTA MARGARITA 2,33.6167,-117.612,39.41,CA,CISO
37411,SAN JUAN CAPISTRANO 1,33.6007,-117.589,31.26,CA,CISO
37412,SAN JUAN CAPISTRANO 2,33.4568,-117.521,57.64,CA,CISO
37413,SAN CLEMENTE 2,33.3329,-117.505,31.02,CA,CISO
37414,SAN CLEMENTE 3,33.3537,-117.51,31.02,CA,CISO
37415,ONTARIO 4,34.1698,-117.557,48.68,CA,CISO
37416,ONTARIO 5,34.1123,-117.662,48.68,CA,CISO
37417,TRABUCO CANYON 1,33.6302,-117.529,29.35,CA,CISO
37418,TRABUCO CANYON 2,33.5334,-117.568,29.35,CA,CISO
37419,CORONA 3,33.834,-117.637,61.13,CA,CISO
37420,CORONA 4,33.8711,-117.555,61.13,CA,CISO
37421,RANCHO CUCAMONGA 1,34.1802,-117.53,35.08,CA,CISO
37422,RANCHO CUCAMONGA 2,34.0599,-117.566,35.08,CA,CISO
37423,ONTARIO 6,33.9859,-117.542,51.22,CA,CISO
37424,ONTARIO 7,34.1075,-117.599,51.22,CA,CISO
37425,RANCHO CUCAMONGA 3,34.1231,-117.492,60.23,CA,CISO
37426,RANCHO CUCAMONGA 4,34.1301,-117.644,60.23,CA,CISO
37427,RANCHO CUCAMONGA 5,34.061,-117.668,44.53,CA,CISO
37428,NORCO,33.8882,-117.636,24.48,CA,CISO
37429,PHELAN,34.3515,-117.493,41.37,CA,CISO
37430,MIRA LOMA 1,33.8958,-117.509,27.04,CA,CISO
37431,MIRA LOMA 2,34.0642,-117.521,27.04,CA,CISO
37432,CORONA 5,33.9597,-117.5,42.07,CA,CISO
37433,CORONA 6,33.9487,-117.562,42.07,CA,CISO
37434,CORONA 7,33.9045,-117.486,52.37,CA,CISO
37435,CORONA 8,33.9204,-117.425,27.89,CA,CISO
37436,RANCHO CUCAMONGA 6,34.2433,-117.485,32.59,CA,CISO
37437,RANCHO CUCAMONGA 7,34.0863,-117.486,31.31,CA,CISO
37438,RIVERSIDE 1,33.9232,-117.551,42.9,CA,CISO
37439,RIVERSIDE 2,33.9198,-117.493,42.9,CA,CISO
37440,CORONA 9,33.6831,-117.438,26.37,CA,CISO
37441,CORONA 10,33.6627,-117.497,26.37,CA,CISO
37442,FONTANA 1,34.0188,-117.514,34.06,CA,CISO
37443,FONTANA 2,33.9739,-117.464,34.06,CA,CISO
37444,FONTANA 3,34.0251,-117.416,57.24,CA,CISO
37445,FONTANA 4,34.0993,-117.505,57.24,CA,CISO
37446,FONTANA 5,34.1816,-117.38,57.24,CA,CISO
37447,FONTANA 6,34.0926,-117.418,53.05,CA,CISO
37448,FONTANA 7,34.1824,-117.439,53.05,CA,CISO
37449,FONTANA 8,34.2382,-117.547,53.05,CA,CISO
37450,ADELANTO 1,34.6578,-117.411,29.45,CA,CISO
37451,ADELANTO 2,34.5394,-117.509,29.45,CA,CISO
37452,CAMP PENDLETON,33.4145,-117.45,28.18,CA,CISO
37453,RIVERSIDE 3,33.9055,-117.385,50.71,CA,CISO
37454,RIVERSIDE 4,33.8424,-117.513,50.71,CA,CISO
37455,RIVERSIDE 5,33.8889,-117.353,50.71,CA,CISO
37456,RIVERSIDE 6,34.0419,-117.43,45.12,CA,CISO
37457,RIVERSIDE 7,33.9411,-117.378,45.12,CA,CISO
37458,RIVERSIDE 8,34.1011,-117.541,45.12,CA,CISO
37459,VICTORVILLE 1,34.3862,-117.314,49.37,CA,CISO
37460,VICTORVILLE 2,34.5622,-117.326,49.37,CA,CISO
37461,RIALTO 1,34.257,-117.356,35.98,CA,CISO
37462,HESPERIA 1,34.3853,-117.329,37.38,CA,CISO
37463,RIVERSIDE 9,33.9214,-117.311,48.4,CA,CISO
37464,RIVERSIDE 10,33.9889,-117.456,48.4,CA,CISO
37465,BLOOMINGTON,34.0384,-117.48,27.75,CA,CISO
37466,SAN BERNARDINO 1,34.311,-117.295,51.02,CA,CISO
37467,SAN BERNARDINO 2,34.125,-117.303,51.02,CA,CISO
37468,RIALTO 2,34.1937,-117.321,48.91,CA,CISO
37469,RIALTO 3,34.1743,-117.378,48.91,CA,CISO
37470,RIALTO 4,34.1736,-117.43,48.91,CA,CISO
37471,RIVERSIDE 11,34.0675,-117.284,85.38,CA,CISO
37472,LAKE ELSINORE 1,33.5705,-117.378,45.19,CA,CISO
37473,LAKE ELSINORE 2,33.6384,-117.299,45.19,CA,CISO
37474,RIVERSIDE 12,33.9339,-117.386,71.1,CA,CISO
37475,RIVERSIDE 13,33.877,-117.277,39.6,CA,CISO
37476,OCEANSIDE 1,33.2746,-117.318,36.34,CA,CISO
37477,VICTORVILLE 3,34.6184,-117.346,31.92,CA,CISO
37478,VICTORVILLE 4,34.6304,-117.374,29.91,CA,CISO
37479,HELENDALE,34.7923,-117.444,11.48,CA,CISO
37480,MURRIETA 1,33.4977,-117.348,55.87,CA,CISO
37481,MURRIETA 2,33.4634,-117.355,55.87,CA,CISO
37482,RIVERSIDE 14,33.8329,-117.385,31.5,CA,CISO
37483,RIVERSIDE 15,33.9214,-117.337,52.2,CA,CISO
37484,RIVERSIDE 16,33.9271,-117.299,52.2,CA,CISO
37485,PERRIS 1,33.7153,-117.416,48.33,CA,CISO
37486,PERRIS 2,33.8193,-117.356,48.33,CA,CISO
37487,SAN BERNARDINO 3,34.1686,-117.339,23.59,CA,CISO
37488,CARLSBAD 1,33.0893,-117.314,46.58,CA,CISO
37489,CARLSBAD 2,33.1597,-117.356,24.88,CA,CISO
37490,OCEANSIDE 2,33.2426,-117.316,38.19,CA,CISO
37491,OCEANSIDE 3,33.3913,-117.269,38.19,CA,CISO
37492,SAN BERNARDINO 4,34.223,-117.354,25.99,CA,CISO
37493,HESPERIA 2,34.4135,-117.357,47.23,CA,CISO
37494,HESPERIA 3,34.3031,-117.315,47.23,CA,CISO
37495,HESPERIA 4,34.336,-117.355,49.49,CA,CISO
37496,SAN BERNARDINO 5,34.0565,-117.247,44.47,CA,CISO
37497,SAN BERNARDINO 6,34.1312,-117.232,44.47,CA,CISO
37498,OCEANSIDE 4,33.2452,-117.264,46.65,CA,CISO
37499,OCEANSIDE 5,33.1064,-117.321,46.65,CA,CISO
37500,CARLSBAD 3,33.1401,-117.342,76.67,CA,CISO
37501,VICTORVILLE 5,34.5781,-117.266,38.16,CA,CISO
37502,VICTORVILLE 6,34.5052,-117.255,38.16,CA,CISO
37503,COLTON 1,34.1131,-117.21,50.85,CA,CISO
37504,COLTON 2,34.0244,-117.297,78.6,CA,CISO
37505,OCEANSIDE 6,33.2574,-117.371,48.69,CA,CISO
37506,OCEANSIDE 7,33.2272,-117.311,107.85,CA,CISO
37507,CRESTLINE,34.252,-117.204,16.9,CA,CISO
37508,SAN BERNARDINO 7,34.1286,-117.18,28.05,CA,CISO
37509,ENCINITAS 1,33.1185,-117.322,44.21,CA,CISO
37510,ENCINITAS 2,33.0227,-117.287,46.1,CA,CISO
37511,WILDOMAR 1,33.6996,-117.357,26.87,CA,CISO
37512,WILDOMAR 2,33.5742,-117.31,33.45,CA,CISO
37513,MORENO VALLEY 1,33.9228,-117.19,45.29,CA,CISO
37514,MORENO VALLEY 2,33.9353,-117.321,45.29,CA,CISO
37515,LA JOLLA 1,32.7628,-117.253,64.91,CA,CISO
37516,LA JOLLA 2,32.8071,-117.265,42.1,CA,CISO
37517,SUN CITY 1,33.7341,-117.157,30.02,CA,CISO
37518,DEL MAR,32.9546,-117.266,23.68,CA,CISO
37519,VISTA 1,33.1765,-117.281,33.28,CA,CISO
37520,MORENO VALLEY 3,33.8253,-117.149,66.35,CA,CISO
37521,MORENO VALLEY 4,33.9439,-117.307,66.35,CA,CISO
37522,CARLSBAD 4,33.125,-117.2,55.44,CA,CISO
37523,CARLSBAD 5,33.1608,-117.244,36.67,CA,CISO
37524,VISTA 2,33.1088,-117.255,24.66,CA,CISO
37525,VISTA 3,33.0958,-117.208,41.83,CA,CISO
37526,SAN DIEGO 1,32.6125,-117.136,34.79,CA,CISO
37527,SAN DIEGO 2,32.7014,-117.255,42.24,CA,CISO
37528,SAN DIEGO 3,32.6929,-117.253,47.39,CA,CISO
37529,MORENO VALLEY 5,33.8914,-117.299,27.73,CA,CISO
37530,SAN BERNARDINO 8,34.1138,-117.311,91.25,CA,CISO
37531,SAN BERNARDINO 9,34.1558,-117.308,52.44,CA,CISO
37532,SAN DIEGO 4,32.8839,-117.253,51.57,CA,CISO
37533,SAN DIEGO 5,32.891,-117.253,44.05,CA,CISO
37534,CORONADO 1,32.7467,-117.199,42.43,CA,CISO
37535,FALLBROOK 1,33.4802,-117.307,41.62,CA,CISO
37536,FALLBROOK 2,33.3794,-117.127,41.62,CA,CISO
37537,PERRIS 3,33.9,-117.181,75.0,CA,CISO
37538,PERRIS 4,33.9207,-117.201,47.26,CA,CISO
37539,VISTA 4,33.3052,-117.276,42.89,CA,CISO
37540,VISTA 5,33.1461,-117.103,42.89,CA,CISO
37541,SAN DIEGO 6,32.8081,-117.236,71.98,CA,CISO
37542,SAN DIEGO 7,32.8578,-117.219,46.2,CA,CISO
37543,LAKE ARROWHEAD,34.3329,-117.154,19.06,CA,CISO
37544,SUN CITY 2,33.6312,-117.273,69.23,CA,CISO
37545,HIGHLAND 1,34.0627,-117.234,49.43,CA,CISO
37546,HIGHLAND 2,34.054,-117.101,49.43,CA,CISO
37547,SAN MARCOS 1,33.1302,-117.237,38.62,CA,CISO
37548,SAN MARCOS 2,33.1677,-117.137,38.62,CA,CISO
37549,MENIFEE 1,33.6406,-117.129,39.06,CA,CISO
37550,MENIFEE 2,33.6837,-117.185,39.06,CA,CISO
37551,SUN CITY 3,33.8106,-117.167,46.08,CA,CISO
37552,REDLANDS 1,34.1671,-117.234,40.8,CA,CISO
37553,REDLANDS 2,34.0315,-117.22,36.24,CA,CISO
37554,SAN DIEGO 8,32.8992,-117.254,39.36,CA,CISO
37555,SAN DIEGO 9,32.8329,-117.191,39.36,CA,CISO
37556,SAN DIEGO 10,32.7919,-117.153,33.74,CA,CISO
37557,SAN DIEGO 11,32.7871,-117.105,62.89,CA,CISO
37558,SAN DIEGO 12,32.9026,-117.229,40.59,CA,CISO
37559,SAN DIEGO 13,32.7515,-117.217,40.59,CA,CISO
37560,SAN DIEGO 14,32.77,-117.213,27.96,CA,CISO
37561,SAN DIEGO 15,32.8248,-117.253,27.96,CA,CISO
37562,APPLE VALLEY 1,34.5232,-117.179,35.85,CA,CISO
37563,APPLE VALLEY 2,34.4527,-117.208,35.85,CA,CISO
37564,REDLANDS 3,34.0944,-117.234,33.56,CA,CISO
37565,REDLANDS 4,34.0972,-117.206,30.08,CA,CISO
37566,SAN MARCOS 3,33.216,-117.077,41.73,CA,CISO
37567,SAN MARCOS 4,33.2004,-117.236,41.73,CA,CISO
37568,MURRIETA 3,33.574,-117.205,48.5,CA,CISO
37569,MURRIETA 4,33.5411,-117.174,48.5,CA,CISO
37570,SAN DIEGO 16,32.7343,-117.123,33.94,CA,CISO
37571,SAN DIEGO 17,32.9275,-117.219,66.01,CA,CISO
37572,SAN DIEGO 18,32.8664,-117.157,90.15,CA,CISO
37573,SAN DIEGO 19,32.8376,-117.134,24.14,CA,CISO
37574,APPLE VALLEY 3,34.5634,-117.166,33.87,CA,CISO
37575,APPLE VALLEY 4,34.5289,-117.096,33.87,CA,CISO
37576,SAN DIEGO 20,32.9781,-117.09,35.4,CA,CISO
37577,SAN DIEGO 21,33.0208,-117.169,35.4,CA,CISO
37578,ESCONDIDO 1,33.069,-117.13,34.24,CA,CISO
37579,SAN DIEGO 22,32.6463,-117.038,39.97,CA,CISO
37580,SAN DIEGO 23,32.6459,-117.091,39.97,CA,CISO
37581,SAN DIEGO 24,32.9768,-117.172,46.38,CA,CISO
37582,SAN DIEGO 25,33.013,-117.149,46.38,CA,CISO
37583,SAN DIEGO 26,32.7997,-117.063,28.51,CA,CISO
37584,IMPERIAL BEACH,32.5085,-117.175,23.15,CA,CISO
37585,SAN DIEGO 27,32.6909,-117.109,50.46,CA,CISO
37586,SAN DIEGO 28,32.7813,-117.174,50.46,CA,CISO
37587,SAN DIEGO 29,32.617,-117.021,38.94,CA,CISO
37588,SAN DIEGO 30,32.6511,-117.154,64.73,CA,CISO
37589,ESCONDIDO 2,33.1302,-117.145,44.03,CA,CISO
37590,ESCONDIDO 3,33.1919,-117.034,78.3,CA,CISO
37591,MORENO VALLEY 6,33.8443,-117.164,35.17,CA,CISO
37592,MORENO VALLEY 7,33.9133,-117.163,35.17,CA,CISO
37593,TEMECULA 1,33.5754,-117.04,34.44,CA,CISO
37594,TEMECULA 2,33.5171,-117.087,34.44,CA,CISO
37595,NATIONAL CITY 1,32.6418,-117.061,54.29,CA,CISO
37596,NATIONAL CITY 2,32.6859,-117.099,54.29,CA,CISO
37597,SAN DIEGO 31,32.6845,-117.182,63.84,CA,CISO
37598,SAN DIEGO 32,32.7143,-117.079,62.83,CA,CISO
37599,SAN DIEGO 33,32.8659,-117.098,51.08,CA,CISO
37600,SAN DIEGO 34,32.9234,-117.108,29.51,CA,CISO
37601,ESCONDIDO 4,33.1891,-117.168,53.52,CA,CISO
37602,ESCONDIDO 5,33.0739,-117.024,44.98,CA,CISO
37603,SAN DIEGO 35,32.838,-117.091,80.1,CA,CISO
37604,SAN DIEGO 36,32.7811,-116.977,52.7,CA,CISO
37605,MENTONE,34.0942,-117.089,24.07,CA,CISO
37606,SAN DIEGO 37,33.0329,-116.988,42.74,CA,CISO
37607,SAN DIEGO 38,32.9785,-116.975,42.74,CA,CISO
37608,SAN DIEGO 39,32.7474,-117.059,46.6,CA,CISO
37609,CHULA VISTA 1,32.6809,-117.103,68.29,CA,CISO
37610,CHULA VISTA 2,32.6531,-117.044,45.48,CA,CISO
37611,SAN DIEGO 40,32.6618,-117.136,58.89,CA,CISO
37612,SAN DIEGO 41,32.7165,-117.096,104.37,CA,CISO
37613,CHULA VISTA 3,32.6917,-116.995,49.8,CA,CISO
37614,CHULA VISTA 4,32.5743,-117.07,49.8,CA,CISO
37615,CHULA VISTA 5,32.5641,-117.131,49.8,CA,CISO
37616,CALIMESA,34.0086,-116.958,14.02,CA,CISO
37617,WINCHESTER,33.7439,-117.028,41.71,CA,CISO
37618,SAN DIEGO 42,32.6211,-117.091,31.61,CA,CISO
37619,SAN DIEGO 43,32.7219,-117.111,31.61,CA,CISO
37620,SAN YSIDRO,32.5364,-117.125,49.63,CA,CISO
37621,TEMECULA 3,33.4461,-117.141,65.24,CA,CISO
37622,TEMECULA 4,33.5484,-116.985,65.24,CA,CISO
37623,HEMET 1,33.7109,-117.075,52.54,CA,CISO
37624,HEMET 2,33.6598,-117.037,35.51,CA,CISO
37625,SAN DIEGO 44,32.7927,-117.08,41.5,CA,CISO
37626,LA MESA 1,32.6905,-116.947,34.26,CA,CISO
37627,LA MESA 2,32.7231,-116.927,57.18,CA,CISO
37628,SAN JACINTO 1,33.8187,-116.937,28.17,CA,CISO
37629,POWAY 1,32.9831,-117.023,43.11,CA,CISO
37630,POWAY 2,32.8976,-117.022,72.62,CA,CISO
37631,BONITA,32.6888,-117.014,60.38,CA,CISO
37632,YUCAIPA 1,34.0687,-117.006,58.11,CA,CISO
37633,YUCAIPA 2,33.9566,-117.058,47.35,CA,CISO
37634,SAN DIEGO 45,32.6091,-116.916,48.12,CA,CISO
37635,SAN DIEGO 46,32.562,-116.927,47.82,CA,CISO
37636,SAN DIEGO 47,32.549,-117.04,47.82,CA,CISO
37637,LA MESA 3,32.823,-116.908,28.6,CA,CISO
37638,SPRING VALLEY 1,32.7538,-116.926,52.53,CA,CISO
37639,SPRING VALLEY 2,32.7923,-117.0,52.53,CA,CISO
37640,SANTEE 1,32.7973,-117.036,48.08,CA,CISO
37641,SANTEE 2,32.8469,-117.047,48.08,CA,CISO
37642,BEAUMONT 1,33.9222,-117.053,39.24,CA,CISO
37643,BEAUMONT 2,33.9164,-116.893,43.83,CA,CISO
37644,CHULA VISTA 6,32.5538,-117.025,63.36,CA,CISO
37645,CHULA VISTA 7,32.6799,-116.909,36.87,CA,CISO
37646,ESCONDIDO 6,33.0739,-117.055,48.49,CA,CISO
37647,ESCONDIDO 7,33.1746,-117.011,48.89,CA,CISO
37648,EL CAJON 1,32.7647,-117.052,51.99,CA,CISO
37649,EL CAJON 2,32.8365,-117.045,51.99,CA,CISO
37650,BARSTOW,34.9763,-116.884,61.03,CA,CISO
37651,HEMET 3,33.6727,-116.946,30.2,CA,CISO
37652,HEMET 4,33.7651,-116.953,30.2,CA,CISO
37653,CHULA VISTA 8,32.5389,-117.073,44.39,CA,CISO
37654,CHULA VISTA 9,32.6254,-116.939,27.81,CA,CISO
37655,SAN JACINTO 2,33.7511,-116.985,27.21,CA,CISO
37656,SAN JACINTO 3,33.8452,-116.921,27.21,CA,CISO
37657,LUCERNE VALLEY,34.6052,-116.882,11.62,CA,CISO
37658,LAKESIDE 1,32.8654,-116.936,39.76,CA,CISO
37659,LAKESIDE 2,32.892,-116.907,37.15,CA,CISO
37660,HEMET 5,33.5711,-116.876,47.12,CA,CISO
37661,HEMET 6,33.7264,-116.938,40.26,CA,CISO
37662,EL CAJON 3,32.8161,-116.854,54.35,CA,CISO
37663,EL CAJON 4,32.7444,-116.923,38.34,CA,CISO
37664,EL CAJON 5,32.9052,-116.873,58.56,CA,CISO
37665,EL CAJON 6,32.9209,-116.776,64.75,CA,CISO
37666,RAMONA 1,33.0004,-116.949,31.87,CA,CISO
37667,RAMONA 2,32.9954,-116.891,34.11,CA,CISO
37668,BANNING 1,34.0264,-116.86,32.56,CA,CISO
37669,BANNING 2,34.0129,-116.825,28.47,CA,CISO
37670,BIG BEAR CITY,34.3118,-116.797,23.99,CA,CISO
37671,JAMUL,32.7332,-116.79,17.31,CA,CISO
37672,ALPINE 1,32.8721,-116.737,35.31,CA,CISO
37673,FORT IRWIN,35.1807,-116.651,22.04,CA,CISO
37674,ANZA,33.43,-116.561,12.03,CA,CISO
37675,PALM SPRINGS 1,33.8203,-116.655,30.63,CA,CISO
37676,PALM SPRINGS 2,33.9086,-116.602,25.79,CA,CISO
37677,DESERT HOT SPRINGS 1,33.8616,-116.507,31.25,CA,CISO
37678,DESERT HOT SPRINGS 2,34.0342,-116.555,37.71,CA,CISO
37679,PALM SPRINGS 3,33.6556,-116.466,34.89,CA,CISO
37680,CATHEDRAL CITY 1,33.8237,-116.516,46.04,CA,CISO
37681,CATHEDRAL CITY 2,33.7378,-116.524,46.04,CA,CISO
37682,YUCCA VALLEY 1,34.2055,-116.371,22.59,CA,CISO
37683,YUCCA VALLEY 2,34.2433,-116.521,23.62,CA,CISO
37684,RANCHO MIRAGE,33.6858,-116.504,33.99,CA,CISO
37685,PALM DESERT 1,33.677,-116.424,37.0,CA,CISO
37686,PALM DESERT 2,33.6512,-116.337,28.58,CA,IID
37687,PALM DESERT 3,33.773,-116.319,43.73,CA,IID
37688,DESERT HOT SPRINGS 3,33.8188,-116.315,29.5,CA,IID
37689,JOSHUA TREE,34.0812,-116.266,17.36,CA,CISO
37690,LA QUINTA 1,33.5538,-116.225,33.54,CA,IID
37691,LA QUINTA 2,33.6974,-116.292,33.54,CA,IID
37692,INDIO 1,33.8236,-116.267,23.04,CA,IID
37693,INDIO 2,33.7737,-116.135,55.64,CA,IID
37694,INDIO 3,33.6303,-116.174,55.64,CA,IID
37695,COACHELLA 1,33.6987,-116.218,36.97,CA,IID
37696,COACHELLA 2,33.7054,-116.256,60.02,CA,IID
37697,BORREGO SPRINGS,33.0926,-116.146,6.99,CA,IID
37698,THERMAL,33.4073,-116.047,35.64,CA,IID
37699,TWENTYNINE PALMS 1,34.2672,-116.022,6.94,CA,CISO
37700,MECCA 1,33.5912,-115.982,22.98,CA,IID
37701,IMPERIAL 1,32.9338,-115.635,42.13,CA,IID
37702,TWENTYNINE PALMS 2,34.2073,-115.658,43.07,CA,CISO
37703,EL CENTRO 1,32.7681,-115.641,43.93,CA,IID
37704,EL CENTRO 2,32.7651,-115.593,43.23,CA,IID
37705,CALIPATRIA 1,33.2618,-115.52,18.77,CA,IID
37706,CALEXICO 1,32.7157,-115.482,35.17,CA,IID
37707,CALEXICO 2,32.5951,-115.452,35.17,CA,IID
37708,HEBER 1,32.644,-115.772,13.2,CA,IID
37709,BRAWLEY 1,32.9602,-115.352,23.61,CA,IID
37710,BRAWLEY 2,32.9459,-115.317,23.61,CA,IID
37711,HOLTVILLE 1,32.7846,-115.084,20.68,CA,IID
37712,BLYTHE 1,33.7528,-114.623,46.78,CA,WALC
37713,NEEDLES,34.9721,-114.698,9.69,CA,WALC
37714,HINKLEY 1,35.0111,-117.324,3.05,CA,CISO
37715,ESCONDIDO 8,33.1219,-117.117,0.0,CA,CISO
37716,NORTH PALM SPRINGS 1,33.9228,-116.542,0.0,CA,CISO
37717,SAN DIEGO 48,32.5624,-116.944,2.01,CA,CISO
37718,HOLTVILLE 2,32.7757,-115.264,0.0,CA,IID
37719,DESERT CENTER,33.8231,-115.394,0.4,CA,CISO
37720,CALEXICO 3,32.6869,-115.648,0.0,CA,IID
37721,HOLTVILLE 3,33.0139,-115.544,0.0,CA,IID
37722,CAMPO,32.7056,-116.343,14.02,CA,CISO
37723,NIPTON 1,35.5561,-115.469,0.16,CA,CISO
37724,DESERT HOT SPRINGS 4,33.9342,-116.571,1.55,CA,CISO
37725,SAN DIEGO 49,32.8769,-117.166,0.0,CA,CISO
37726,REDLANDS 5,34.0818,-117.242,0.0,CA,CISO
37727,ESCONDIDO 9,33.1185,-117.1,0.0,CA,CISO
37728,RANCHO CUCAMONGA 8,34.0912,-117.527,0.0,CA,CISO
37729,ONTARIO 8,34.0053,-117.56,0.0,CA,CISO
37730,HEBER 2,32.7146,-115.518,0.0,CA,IID
37731,EL CAJON 7,32.7965,-116.972,0.0,CA,CISO
37732,PALA,33.3594,-117.111,7.41,CA,CISO
37733,TRONA,35.765,-117.383,3.5,CA,CISO
37734,IRVINE 9,33.613,-117.822,24.77,CA,CISO
37735,CALIPATRIA 2,33.1646,-115.616,0.0,CA,IID
37736,NORTH PALM SPRINGS 2,33.9393,-116.553,0.0,CA,CISO
37737,CALIPATRIA 3,33.1582,-115.639,7.09,CA,IID
37738,COLTON 3,34.0414,-117.36,23.59,CA,CISO
37739,MECCA 2,33.586,-116.087,0.0,CA,IID
37740,BRAWLEY 3,32.9553,-115.536,0.0,CA,IID
37741,RANCHO SANTA FE,32.8747,-117.239,0.0,CA,CISO
37742,HINKLEY 2,35.033,-117.338,0.0,CA,CISO
37743,ESCONDIDO 10,33.1197,-117.118,0.0,CA,CISO
37744,VICTORVILLE 7,34.5953,-117.365,0.0,CA,CISO
37745,EL CAJON 8,32.7961,-116.972,0.0,CA,CISO
37746,CALIPATRIA 4,33.1779,-115.565,0.0,CA,IID
37747,NORTH PALM SPRINGS 3,33.8816,-116.553,0.0,CA,CISO
37748,SAN BERNARDINO 10,34.2056,-117.334,0.0,CA,CISO
37749,HINKLEY 3,35.0308,-117.356,0.0,CA,CISO
37750,CORONA 11,33.8912,-117.608,0.0,CA,CISO
37751,ANAHEIM 14,33.8535,-117.856,0.0,CA,CISO
37752,CALIPATRIA 5,33.08,-115.47,0.0,CA,IID
37753,BLYTHE 2,33.6157,-114.686,0.42,CA,CISO
37754,NIPTON 2,35.5331,-115.453,0.0,CA,CISO
37755,IMPERIAL 2,32.9038,-115.512,0.0,CA,IID
37756,HESPERIA 5,34.3074,-117.324,0.0,CA,CISO
37757,SAN DIEGO 50,32.8761,-117.166,0.0,CA,CISO
37758,CALIPATRIA 6,33.157,-115.639,0.0,CA,IID
37759,OCOTILLO,32.7528,-116.045,0.0,CA,IID
37760,CORONADO 2,32.7052,-117.19,0.0,CA,CISO
37761,SEELEY,32.7533,-115.726,0.0,CA,IID
37762,WINTERHAVEN,32.7366,-114.714,0.0,CA,IID
37763,DESERT HOT SPRINGS 5,33.9447,-116.622,0.0,CA,CISO
37764,EL CENTRO 3,32.8022,-115.54,0.0,CA,IID
37765,NORTH PALM SPRINGS 4,33.9109,-116.553,0.0,CA,CISO
37766,SAN DIEGO 51,32.6793,-117.122,0.0,CA,CISO
37767,ONTARIO 9,34.0454,-117.54,0.0,CA,CISO
37768,CALEXICO 4,32.6711,-115.587,0.0,CA,IID
37769,COLTON 4,34.0606,-117.353,0.0,CA,CISO
37770,STANTON 2,33.8073,-117.983,0.0,CA,CISO
37771,CALIPATRIA 7,33.1633,-115.617,0.0,CA,IID
37772,BLYTHE 3,33.665,-114.998,0.0,CA,CISO
37773,RIVERSIDE 17,33.9308,-117.293,0.0,CA,CISO
37774,DAGGETT,34.8659,-116.825,0.0,CA,CISO
37775,HEBER 3,32.7144,-115.536,0.0,CA,IID
37776,SAN DIEGO 52,32.834,-117.134,0.0,CA,CISO
37777,ESCONDIDO 11,33.0586,-117.119,0.0,CA,CISO
37778,CALIPATRIA 8,33.1777,-115.603,0.0,CA,IID
37779,RANCHO CUCAMONGA 9,34.0903,-117.534,0.0,CA,CISO
37780,CALIPATRIA 9,33.1533,-115.638,0.0,CA,IID
37781,PARKER DAM,34.2953,-114.14,0.0,CA,WALC
37782,COACHELLA 3,33.6758,-116.171,0.0,CA,IID
37783,RIVERSIDE 18,33.9636,-117.453,0.0,CA,CISO
37784,ESCONDIDO 12,33.1261,-117.117,0.0,CA,CISO
37785,COLTON 5,34.0609,-117.353,0.0,CA,CISO
37786,NILAND,33.2388,-115.504,0.0,CA,IID
37787,CORONA 12,33.8827,-117.556,0.0,CA,CISO
37788,SAN DIEGO 53,32.5815,-116.915,0.0,CA,CISO
37789,CALEXICO 5,32.6633,-115.658,0.0,CA,IID
37790,CARLSBAD 6,33.1361,-117.336,0.0,CA,CISO
37791,NORTH PALM SPRINGS 5,33.9603,-116.536,0.0,CA,CISO
37792,NORTH PALM SPRINGS 6,33.934,-116.578,0.0,CA,CISO
37793,HUNTINGTON BEACH 7,33.6439,-117.979,0.0,CA,CISO
37794,BREA 3,33.932,-117.84,0.0,CA,CISO
37795,NORTH PALM SPRINGS 7,33.9211,-116.564,0.0,CA,CISO
37796,CALIPATRIA 10,33.2046,-115.573,0.0,CA,IID
37797,TWENTYNINE PALMS 3,34.1719,-116.153,0.0,CA,CISO
37798,SAN DIEGO 54,32.567,-116.944,0.0,CA,CISO
37799,CHULA VISTA 10,32.5917,-117.059,0.0,CA,CISO
37800,CABAZON,33.915,-116.71,0.0,CA,CISO
37801,NORTH PALM SPRINGS 8,33.925,-116.618,0.0,CA,CISO
37802,NIPTON 3,35.5808,-115.483,0.0,CA,CISO
37803,ANAHEIM 15,33.8581,-117.862,0.0,CA,CISO
37804,SUN CITY 4,33.7388,-117.17,0.0,CA,CISO
37805,INCLINE VILLAGE,39.194,-119.835,27.05,NV,NEVP
37806,RENO 1,39.542,-119.971,47.06,NV,NEVP
37807,RENO 2,39.5364,-119.978,47.06,NV,NEVP
37808,RENO 3,39.7699,-120.003,34.99,NV,CISO
37809,STATELINE,38.8819,-119.834,8.98,NV,CISO
37810,RENO 4,39.3063,-119.949,37.52,NV,NEVP
37811,RENO 5,39.3003,-119.925,37.52,NV,NEVP
37812,CARSON CITY 1,39.1045,-119.87,16.87,NV,NEVP
37813,RENO 6,39.4774,-119.855,25.18,NV,NEVP
37814,RENO 7,39.4851,-119.741,41.84,NV,NEVP
37815,RENO 8,39.494,-119.747,41.84,NV,NEVP
37816,CARSON CITY 2,39.0757,-119.743,29.14,NV,NEVP
37817,RENO 9,39.4331,-119.809,50.09,NV,NEVP
37818,RENO 10,39.5728,-119.868,50.09,NV,NEVP
37819,RENO 11,39.6354,-119.797,57.57,NV,NEVP
37820,RENO 12,39.6729,-119.789,57.57,NV,NEVP
37821,WASHOE VALLEY,39.2309,-119.871,13.08,NV,NEVP
37822,RENO 13,39.5352,-119.814,38.36,NV,NEVP
37823,RENO 14,39.5422,-119.789,38.36,NV,NEVP
37824,GARDNERVILLE 1,38.9139,-119.76,42.5,NV,NEVP
37825,SUN VALLEY 3,39.6769,-119.832,60.56,NV,NEVP
37826,MINDEN,39.0285,-119.782,36.48,NV,NEVP
37827,SPARKS 1,39.5842,-119.815,54.28,NV,NEVP
37828,SPARKS 2,39.5425,-119.777,54.28,NV,NEVP
37829,RENO 15,39.4433,-119.757,78.11,NV,NEVP
37830,RENO 16,39.4353,-119.694,65.35,NV,NEVP
37831,CARSON CITY 3,39.22,-119.824,41.97,NV,NEVP
37832,CARSON CITY 4,39.0634,-119.679,41.44,NV,NEVP
37833,CARSON CITY 5,39.3225,-119.628,61.37,NV,NEVP
37834,RENO 17,39.4734,-119.721,38.57,NV,NEVP
37835,RENO 18,39.3836,-119.643,38.57,NV,NEVP
37836,SPARKS 3,39.6189,-119.653,55.3,NV,NEVP
37837,SPARKS 4,39.6407,-119.738,55.3,NV,NEVP
37838,SPARKS 5,39.6136,-119.701,34.63,NV,NEVP
37839,SPARKS 6,39.5504,-119.622,38.12,NV,NEVP
37840,SPARKS 7,39.5769,-119.663,38.12,NV,NEVP
37841,RENO 19,40.094,-119.6,6.64,NV,NEVP
37842,GARDNERVILLE 2,38.8188,-119.68,31.67,NV,NEVP
37843,DAYTON 7,39.1947,-119.499,42.47,NV,NEVP
37844,WELLINGTON 1,38.6735,-119.299,9.5,NV,NEVP
37845,SILVER SPRINGS,39.2712,-119.376,22.88,NV,NEVP
37846,FERNLEY 1,39.6351,-119.161,58.88,NV,NEVP
37847,YERINGTON 1,38.7551,-119.196,23.79,NV,NEVP
37848,HAWTHORNE 4,38.526,-118.654,14.26,NV,NEVP
37849,FALLON 1,39.5399,-118.221,74.32,NV,NEVP
37850,WINNEMUCCA 1,41.2532,-118.184,49.75,NV,NEVP
37851,LOVELOCK,40.3694,-118.177,16.61,NV,NEVP
37852,MC DERMITT,41.9967,-117.955,2.68,NV,NEVP
37853,BATTLE MOUNTAIN 1,40.4639,-116.954,16.07,NV,NEVP
37854,ROUND MOUNTAIN,38.8938,-116.914,6.37,NV,NEVP
37855,BEATTY,36.949,-116.815,4.27,NV,CISO
37856,AMARGOSA VALLEY,36.5285,-116.464,4.37,NV,CISO
37857,TONOPAH 1,38.3484,-116.259,8.65,NV,NEVP
37858,CARLIN,40.4476,-116.19,7.54,NV,NEVP
37859,PAHRUMP 3,36.1843,-116.007,63.51,NV,CISO
37860,EUREKA 4,39.7583,-115.941,4.22,NV,NEVP
37861,ELKO,41.3406,-115.79,69.89,NV,NEVP
37862,SPRING CREEK,40.6548,-115.501,41.44,NV,NEVP
37863,LAS VEGAS 1,36.3153,-115.574,45.47,NV,NEVP
37864,ALAMO 2,37.2615,-115.41,4.2,NV,NEVP
37865,LAS VEGAS 2,36.1052,-115.368,72.43,NV,NEVP
37866,LAS VEGAS 3,36.0816,-115.35,36.35,NV,NEVP
37867,LAS VEGAS 4,36.1792,-115.264,56.14,NV,NEVP
37868,LAS VEGAS 5,36.1254,-115.244,72.12,NV,NEVP
37869,LAS VEGAS 6,36.0686,-115.213,59.57,NV,NEVP
37870,LAS VEGAS 7,36.1415,-115.198,59.57,NV,NEVP
37871,LAS VEGAS 8,36.2685,-115.2,38.36,NV,NEVP
37872,LAS VEGAS 9,36.3465,-115.392,46.71,NV,NEVP
37873,LAS VEGAS 10,36.258,-115.258,46.71,NV,NEVP
37874,LAS VEGAS 11,36.2386,-115.336,76.88,NV,NEVP
37875,LAS VEGAS 12,36.145,-115.374,76.88,NV,NEVP
37876,LAS VEGAS 13,35.9835,-115.322,48.72,NV,NEVP
37877,LAS VEGAS 14,36.0558,-115.31,41.38,NV,NEVP
37878,LAS VEGAS 15,36.0695,-115.362,84.61,NV,NEVP
37879,LAS VEGAS 16,36.1784,-115.215,83.12,NV,NEVP
37880,LAS VEGAS 17,36.1191,-115.195,74.67,NV,NEVP
37881,LAS VEGAS 18,36.0983,-115.305,74.67,NV,NEVP
37882,LAS VEGAS 19,36.0679,-115.257,69.56,NV,NEVP
37883,LAS VEGAS 20,36.2054,-115.237,53.5,NV,NEVP
37884,LAS VEGAS 21,36.1294,-115.351,53.5,NV,NEVP
37885,LAS VEGAS 22,36.0569,-115.286,71.4,NV,NEVP
37886,LAS VEGAS 23,36.3525,-115.339,64.61,NV,NEVP
37887,LAS VEGAS 24,36.2543,-115.339,64.61,NV,NEVP
37888,LAS VEGAS 25,36.2518,-115.168,49.52,NV,NEVP
37889,LAS VEGAS 26,36.1946,-115.315,49.52,NV,NEVP
37890,LAS VEGAS 27,36.216,-115.185,67.31,NV,NEVP
37891,LAS VEGAS 28,36.1694,-115.287,105.18,NV,NEVP
37892,LAS VEGAS 29,36.1852,-115.18,105.18,NV,NEVP
37893,LAS VEGAS 30,36.0268,-115.215,57.95,NV,NEVP
37894,LAS VEGAS 31,36.0658,-115.147,75.78,NV,NEVP
37895,LAS VEGAS 32,36.17,-115.135,75.78,NV,NEVP
37896,LAS VEGAS 33,36.1191,-115.228,45.72,NV,NEVP
37897,LAS VEGAS 34,35.9661,-115.209,45.72,NV,NEVP
37898,LAS VEGAS 35,36.2519,-115.301,54.42,NV,NEVP
37899,LAS VEGAS 36,36.1115,-115.206,54.42,NV,NEVP
37900,LAS VEGAS 37,35.9712,-115.262,37.72,NV,NEVP
37901,LAS VEGAS 38,35.9287,-115.201,38.17,NV,NEVP
37902,LAS VEGAS 39,36.0682,-115.16,53.64,NV,NEVP
37903,LAS VEGAS 40,36.1339,-115.099,53.64,NV,NEVP
37904,HENDERSON 1,35.9575,-115.164,42.78,NV,NEVP
37905,NORTH LAS VEGAS 1,36.3461,-115.202,65.51,NV,NEVP
37906,NORTH LAS VEGAS 2,36.3205,-115.184,60.45,NV,NEVP
37907,NORTH LAS VEGAS 3,36.2834,-115.238,60.45,NV,NEVP
37908,NORTH LAS VEGAS 4,36.3338,-115.192,90.88,NV,NEVP
37909,NORTH LAS VEGAS 5,36.1976,-115.234,90.88,NV,NEVP
37910,LAS VEGAS 41,36.0803,-115.196,23.31,NV,NEVP
37911,LAS VEGAS 42,36.1045,-115.202,38.64,NV,NEVP
37912,LAS VEGAS 43,36.209,-115.119,38.64,NV,NEVP
37913,LAS VEGAS 44,35.9271,-115.168,54.01,NV,NEVP
37914,LAS VEGAS 45,35.9979,-115.12,54.01,NV,NEVP
37915,LAS VEGAS 46,35.9556,-115.075,84.45,NV,NEVP
37916,LAS VEGAS 47,36.0064,-115.053,84.45,NV,NEVP
37917,LAS VEGAS 48,36.1271,-115.124,74.17,NV,NEVP
37918,LAS VEGAS 49,36.0725,-115.18,74.17,NV,NEVP
37919,LAS VEGAS 50,36.153,-115.198,69.91,NV,NEVP
37920,NORTH LAS VEGAS 6,36.2653,-115.111,83.46,NV,NEVP
37921,NORTH LAS VEGAS 7,36.1227,-115.082,80.89,NV,NEVP
37922,LAS VEGAS 51,36.2156,-115.077,69.08,NV,NEVP
37923,LAS VEGAS 52,36.1019,-115.062,69.08,NV,NEVP
37924,LAS VEGAS 53,36.0574,-115.083,59.86,NV,NEVP
37925,LAS VEGAS 54,36.1088,-115.198,59.86,NV,NEVP
37926,NORTH LAS VEGAS 8,36.2685,-115.03,14.18,NV,NEVP
37927,NORTH LAS VEGAS 9,36.3575,-115.119,44.66,NV,NEVP
37928,NORTH LAS VEGAS 10,36.3149,-115.07,44.66,NV,NEVP
37929,LAS VEGAS 55,35.9946,-115.044,69.93,NV,NEVP
37930,LAS VEGAS 56,36.2197,-115.005,96.14,NV,NEVP
37931,LAS VEGAS 57,36.0498,-115.062,96.14,NV,NEVP
37932,HENDERSON 2,35.9513,-115.158,70.64,NV,NEVP
37933,HENDERSON 3,35.9451,-115.016,70.64,NV,NEVP
37934,HENDERSON 4,36.0573,-115.106,55.38,NV,NEVP
37935,HENDERSON 5,36.1459,-114.985,55.38,NV,NEVP
37936,HENDERSON 6,35.9877,-115.151,70.82,NV,NEVP
37937,HENDERSON 7,36.0454,-115.047,70.82,NV,NEVP
37938,LAS VEGAS 58,36.1495,-114.963,106.49,NV,NEVP
37939,LAS VEGAS 59,36.2656,-115.062,106.49,NV,NEVP
37940,HENDERSON 8,36.0511,-115.002,43.63,NV,NEVP
37941,HENDERSON 9,35.9252,-114.995,43.63,NV,NEVP
37942,LAS VEGAS 60,36.2701,-115.091,88.19,NV,NEVP
37943,LAS VEGAS 61,36.2731,-115.099,88.19,NV,NEVP
37944,LAS VEGAS 62,36.1294,-114.953,68.58,NV,NEVP
37945,LAS VEGAS 63,36.1152,-115.131,68.58,NV,NEVP
37946,LAS VEGAS 64,36.0774,-115.0,50.6,NV,NEVP
37947,LAS VEGAS 65,36.1624,-114.994,50.6,NV,NEVP
37948,LAS VEGAS 66,36.0931,-114.911,41.69,NV,NEVP
37949,LAS VEGAS 67,36.09,-115.055,41.69,NV,NEVP
37950,HENDERSON 10,36.1397,-114.997,58.65,NV,NEVP
37951,HENDERSON 11,35.9457,-114.989,47.82,NV,NEVP
37952,HENDERSON 12,36.0149,-115.011,47.82,NV,NEVP
37953,HENDERSON 13,36.0687,-115.007,58.49,NV,NEVP
37954,HENDERSON 14,36.0036,-114.941,58.49,NV,NEVP
37955,MOAPA 1,36.6178,-114.895,4.2,NV,NEVP
37956,WELLS,41.0379,-114.772,7.1,NV,NEVP
37957,BOULDER CITY 1,36.0664,-114.871,45.2,NV,NEVP
37958,JACKPOT,41.8837,-114.813,3.81,NV,NEVP
37959,ELY 1,39.5735,-114.713,29.16,NV,NEVP
37960,LAUGHLIN,35.1842,-114.62,22.64,NV,NEVP
37961,OVERTON,36.3154,-114.548,11.16,NV,NEVP
37962,CALIENTE,37.2614,-114.575,4.52,NV,NEVP
37963,PIOCHE,38.1595,-114.532,5.72,NV,NEVP
37964,LOGANDALE,36.5501,-114.545,10.81,NV,NEVP
37965,PANACA,37.663,-114.262,3.03,NV,NEVP
37966,WEST WENDOVER,40.9177,-114.238,13.46,NV,NEVP
37967,MESQUITE 1,36.8253,-114.12,49.88,NV,NEVP
37968,RENO 20,39.3887,-119.749,0.0,NV,NEVP
37969,WINNEMUCCA 2,40.9961,-118.141,0.0,NV,NEVP
37970,RENO 21,39.3732,-119.765,0.0,NV,NEVP
37971,BOULDER CITY 2,35.7881,-114.993,0.0,NV,NEVP
37972,FALLON 2,39.2944,-118.573,0.85,NV,NEVP
37973,SPARKS 8,39.5603,-119.511,3.35,NV,NEVP
37974,SEARCHLIGHT,35.4797,-114.936,2.93,NV,NEVP
37975,FALLON 3,39.796,-119.01,1.02,NV,NEVP
37976,TUSCARORA,41.4828,-116.151,0.61,NV,NEVP
37977,LAS VEGAS 68,36.23,-114.87,0.0,NV,NEVP
37978,LAS VEGAS 69,36.4306,-114.902,0.0,NV,NEVP
37979,BATTLE MOUNTAIN 2,40.7461,-116.53,0.0,NV,NEVP
37980,FALLON 4,39.9663,-117.856,0.0,NV,NEVP
37981,FALLON 5,39.754,-118.953,0.0,NV,NEVP
37982,RENO 22,39.3908,-119.755,0.0,NV,NEVP
37983,VALMY,40.8813,-117.152,1.19,NV,NEVP
37984,CRESCENT VALLEY,40.5547,-116.618,1.45,NV,NEVP
37985,HENDERSON 15,36.0417,-115.012,0.0,NV,NEVP
37986,BOULDER CITY 3,35.7814,-114.993,0.0,NV,NEVP
37987,LAS VEGAS 70,36.3432,-114.921,0.0,NV,NEVP
37988,FALLON 6,39.5475,-118.556,0.0,NV,NEVP
37989,BOULDER CITY 4,35.7889,-114.994,0.0,NV,NEVP
37990,MOAPA 2,36.6573,-114.633,0.0,NV,NEVP
37991,LAS VEGAS 71,36.2253,-114.878,0.0,NV,NEVP
37992,BUNKERVILLE 1,35.8719,-114.928,0.0,NV,NEVP
37993,IMLAY,40.1808,-117.474,0.0,NV,NEVP
37994,AUSTIN,39.5911,-116.912,0.0,NV,NEVP
37995,BOULDER CITY 5,35.7998,-114.982,0.0,NV,NEVP
37996,LAS VEGAS 72,36.3837,-114.922,0.0,NV,NEVP
37997,LAS VEGAS 73,36.1375,-115.034,0.0,NV,NEVP
37998,LUNING,38.8367,-118.324,0.0,NV,NEVP
37999,ELY 2,39.1042,-114.492,0.0,NV,NEVP
38000,SPARKS 9,39.5625,-119.525,0.0,NV,NEVP
38001,RENO 23,39.37,-119.767,0.0,NV,NEVP
38002,LAS VEGAS 74,36.0875,-115.051,0.0,NV,NEVP
38003,LAS VEGAS 75,36.4078,-114.961,0.0,NV,NEVP
38004,LAS VEGAS 76,36.39,-114.97,0.0,NV,NEVP
38005,FERNLEY 2,39.5858,-119.073,0.0,NV,NEVP
38006,LAS VEGAS 77,36.3906,-114.964,0.0,NV,NEVP
38007,SPARKS 10,39.5572,-119.518,0.0,NV,NEVP
38008,NORTH LAS VEGAS 11,36.2319,-115.122,0.0,NV,NEVP
38009,BOULDER CITY 6,35.7864,-114.963,0.0,NV,NEVP
38010,GERLACH,40.3806,-119.4,0.0,NV,NEVP
38011,LAS VEGAS 78,36.416,-114.961,0.0,NV,NEVP
38012,RENO 24,39.3951,-119.747,0.0,NV,NEVP
38013,BUNKERVILLE 2,36.0155,-114.738,0.0,NV,NEVP
38014,YERINGTON 2,39.1281,-119.132,0.0,NV,NEVP
38015,SAN LUIS 1,32.4567,-114.689,38.28,AZ,Arizona
38016,SAN LUIS 2,32.5779,-114.704,40.38,AZ,Arizona
38017,SOMERTON,32.605,-114.666,63.64,AZ,Arizona
38018,YUMA 1,32.6839,-114.616,112.36,AZ,Arizona
38019,YUMA 2,32.7326,-114.672,112.36,AZ,Arizona
38020,FORT MOHAVE,34.9171,-114.535,41.92,AZ,WALC
38021,BULLHEAD CITY 1,35.0718,-114.464,50.07,AZ,WALC
38022,BULLHEAD CITY 2,35.1043,-114.602,50.07,AZ,WALC
38023,MOHAVE VALLEY 1,34.986,-114.581,20.72,AZ,WALC
38024,EHRENBERG,33.5377,-114.428,5.22,AZ,Arizona
38025,BULLHEAD CITY 3,35.2434,-114.546,21.49,AZ,WALC
38026,YUMA 3,32.742,-114.472,61.29,AZ,Arizona
38027,TOPOCK,34.7819,-114.33,6.31,AZ,WALC
38028,DOLAN SPRINGS,35.5803,-114.434,8.81,AZ,WALC
38029,LAKE HAVASU CITY 1,34.5776,-114.363,47.41,AZ,WALC
38030,GOLDEN VALLEY 1,35.2648,-114.359,36.31,AZ,WALC
38031,LAKE HAVASU CITY 2,34.588,-114.265,48.73,AZ,WALC
38032,PARKER 1,34.0169,-114.251,27.44,AZ,Arizona
38033,WELLTON,32.6905,-114.078,17.15,AZ,Arizona
38034,QUARTZSITE,33.7255,-114.164,14.53,AZ,Arizona
38035,YUMA 4,33.0558,-114.105,69.84,AZ,Arizona
38036,YUMA 5,33.0592,-114.06,69.84,AZ,Arizona
38037,LAKE HAVASU CITY 3,34.3739,-114.106,74.03,AZ,WALC
38038,MEADVIEW,35.905,-114.071,4.1,AZ,WALC
38039,KINGMAN 1,35.3941,-114.021,39.71,AZ,WALC
38040,KINGMAN 2,35.3797,-114.07,39.71,AZ,WALC
38041,BOUSE,33.993,-113.963,3.64,AZ,Arizona
38042,SALOME,33.6878,-113.624,8.36,AZ,Arizona
38043,KINGMAN 3,35.0805,-113.673,72.87,AZ,WALC
38044,PEACH SPRINGS,35.5887,-113.58,5.37,AZ,WALC
38045,LITTLEFIELD,36.2669,-113.466,13.26,AZ,WALC
38046,AGUILA,33.9827,-113.294,5.87,AZ,Arizona
38047,BAGDAD 1,34.4377,-113.004,8.65,AZ,Arizona
38048,TONOPAH 2,33.3457,-113.053,19.93,AZ,Arizona
38049,SELIGMAN,35.3467,-112.948,3.8,AZ,Arizona
38050,COLORADO CITY,36.9612,-113.093,18.25,AZ,WALC
38051,PRESCOTT 1,34.765,-112.895,54.3,AZ,Arizona
38052,CONGRESS,34.0916,-112.999,6.44,AZ,Arizona
38053,WICKENBURG,33.94,-112.877,25.86,AZ,Arizona
38054,FREDONIA,36.7665,-112.836,6.63,AZ,WALC
38055,GILA BEND 1,33.0065,-112.783,8.38,AZ,Arizona
38056,BUCKEYE 1,33.5298,-112.724,36.49,AZ,Arizona
38057,AJO,32.1788,-112.625,13.42,AZ,Arizona
38058,ASH FORK,35.2754,-112.565,5.65,AZ,Arizona
38059,KIRKLAND 6,34.2662,-112.687,4.91,AZ,Arizona
38060,WITTMANN,33.7706,-112.522,24.83,AZ,Arizona
38061,BUCKEYE 2,33.2216,-112.535,77.56,AZ,Arizona
38062,BUCKEYE 3,33.2906,-112.498,78.15,AZ,Arizona
38063,PAULDEN,35.0395,-112.545,14.96,AZ,Arizona
38064,WADDELL,33.5746,-112.393,26.23,AZ,Arizona
38065,SURPRISE 1,33.6427,-112.443,28.72,AZ,Arizona
38066,PRESCOTT 2,34.4511,-112.35,51.25,AZ,Arizona
38067,SURPRISE 2,33.6011,-112.357,70.47,AZ,Arizona
38068,PRESCOTT 3,34.6071,-112.444,62.65,AZ,Arizona
38069,LITCHFIELD PARK 1,33.4971,-112.471,43.85,AZ,Arizona
38070,LITCHFIELD PARK 2,33.607,-112.426,39.39,AZ,Arizona
38071,GOODYEAR 1,33.3403,-112.364,61.67,AZ,Arizona
38072,GOODYEAR 2,33.2883,-112.324,61.67,AZ,Arizona
38073,CHINO VALLEY 1,34.7375,-112.375,47.47,AZ,Arizona
38074,GOODYEAR 3,33.4306,-112.31,38.88,AZ,Arizona
38075,GOODYEAR 4,33.4749,-112.46,38.88,AZ,Arizona
38076,SURPRISE 3,33.5724,-112.449,70.72,AZ,Arizona
38077,SURPRISE 4,33.6131,-112.34,70.72,AZ,Arizona
38078,SURPRISE 5,33.529,-112.415,59.6,AZ,Arizona
38079,SURPRISE 6,33.6076,-112.275,59.6,AZ,Arizona
38080,SUN CITY WEST 1,33.6732,-112.313,41.55,AZ,Arizona
38081,SUN CITY WEST 2,33.6222,-112.355,41.55,AZ,Arizona
38082,EL MIRAGE 1,33.6796,-112.273,47.68,AZ,Arizona
38083,EL MIRAGE 2,33.6392,-112.342,47.68,AZ,Arizona
38084,AVONDALE 1,33.4334,-112.376,59.26,AZ,Arizona
38085,AVONDALE 2,33.3963,-112.257,59.26,AZ,Arizona
38086,GLENDALE 9,33.5392,-112.273,27.69,AZ,Arizona
38087,AVONDALE 3,33.3881,-112.287,52.96,AZ,Arizona
38088,AVONDALE 4,33.5572,-112.252,52.96,AZ,Arizona
38089,PRESCOTT VALLEY 1,34.7197,-112.222,51.6,AZ,Arizona
38090,PRESCOTT VALLEY 2,34.6407,-112.338,51.6,AZ,Arizona
38091,YOUNGTOWN,33.5712,-112.295,18.47,AZ,Arizona
38092,SUN CITY 5,33.6136,-112.295,52.07,AZ,Arizona
38093,SUN CITY 6,33.6472,-112.363,41.68,AZ,Arizona
38094,SUN CITY 7,33.6244,-112.328,41.68,AZ,Arizona
38095,TOLLESON 1,33.435,-112.229,46.52,AZ,Arizona
38096,TOLLESON 2,33.4017,-112.241,46.52,AZ,Arizona
38097,PRESCOTT VALLEY 3,34.7342,-112.257,21.7,AZ,Arizona
38098,PHOENIX 2,33.464,-112.348,67.16,AZ,Arizona
38099,PHOENIX 3,33.5287,-112.28,67.16,AZ,Arizona
38100,GLENDALE 10,33.5879,-112.189,32.47,AZ,Arizona
38101,PEORIA 1,33.6525,-112.232,60.68,AZ,Arizona
38102,PEORIA 2,33.6839,-112.195,60.68,AZ,Arizona
38103,PEORIA 3,33.7358,-112.224,55.77,AZ,Arizona
38104,PEORIA 4,33.8047,-112.329,55.77,AZ,Arizona
38105,PEORIA 5,33.5405,-112.146,84.31,AZ,Arizona
38106,PEORIA 6,33.6576,-112.288,84.31,AZ,Arizona
38107,PEORIA 7,33.6375,-112.265,72.75,AZ,Arizona
38108,GLENDALE 11,33.4626,-112.201,45.47,AZ,Arizona
38109,GLENDALE 12,33.4388,-112.17,45.47,AZ,Arizona
38110,PHOENIX 4,33.3944,-112.214,79.56,AZ,Arizona
38111,PHOENIX 5,33.4989,-112.158,79.56,AZ,Arizona
38112,PHOENIX 6,33.4221,-112.17,45.84,AZ,Arizona
38113,PHOENIX 7,33.4295,-112.261,45.84,AZ,Arizona
38114,PHOENIX 8,33.5576,-112.287,71.23,AZ,Arizona
38115,PHOENIX 9,33.5572,-112.24,71.23,AZ,Arizona
38116,GLENDALE 13,33.6352,-112.194,95.81,AZ,Arizona
38117,GLENDALE 14,33.7222,-112.143,95.81,AZ,Arizona
38118,GLENDALE 15,33.6473,-112.134,38.82,AZ,Arizona
38119,GLENDALE 16,33.526,-112.178,38.82,AZ,Arizona
38120,GLENDALE 17,33.5901,-112.158,55.36,AZ,Arizona
38121,GLENDALE 18,33.5812,-112.196,55.36,AZ,Arizona
38122,GLENDALE 19,33.5665,-112.169,90.24,AZ,Arizona
38123,GLENDALE 20,33.511,-112.216,90.24,AZ,Arizona
38124,GLENDALE 21,33.6046,-112.259,72.57,AZ,Arizona
38125,PHOENIX 10,33.5285,-112.199,45.74,AZ,Arizona
38126,PHOENIX 11,33.4291,-112.103,45.74,AZ,Arizona
38127,LAVEEN 1,33.3164,-112.138,53.38,AZ,Arizona
38128,LAVEEN 2,33.1467,-112.071,53.38,AZ,Arizona
38129,GLENDALE 22,33.6928,-112.082,57.02,AZ,Arizona
38130,PHOENIX 12,33.7661,-112.155,54.31,AZ,Arizona
38131,MARICOPA 2,32.9936,-112.208,53.94,AZ,Arizona
38132,PHOENIX 13,33.5034,-112.062,37.56,AZ,Arizona
38133,PHOENIX 14,33.5077,-112.226,37.56,AZ,Arizona
38134,PHOENIX 15,33.5283,-112.205,60.56,AZ,Arizona
38135,PHOENIX 16,33.6493,-112.135,60.56,AZ,Arizona
38136,PHOENIX 17,33.667,-112.095,42.72,AZ,Arizona
38137,PHOENIX 18,33.6521,-112.075,42.72,AZ,Arizona
38138,PHOENIX 19,33.4015,-112.16,78.78,AZ,Arizona
38139,PHOENIX 20,33.3774,-112.196,78.78,AZ,Arizona
38140,NEW RIVER,33.8677,-112.126,23.12,AZ,Arizona
38141,WILLIAMS 2,35.3844,-112.033,21.7,AZ,Arizona
38142,PHOENIX 21,33.5114,-112.047,75.05,AZ,Arizona
38143,PHOENIX 22,33.4392,-112.087,58.31,AZ,Arizona
38144,CLARKDALE,34.8017,-112.196,13.93,AZ,Arizona
38145,PHOENIX 23,33.8636,-112.05,60.74,AZ,Arizona
38146,PHOENIX 24,33.7407,-112.12,60.74,AZ,Arizona
38147,PHOENIX 25,33.3923,-112.026,82.42,AZ,Arizona
38148,PHOENIX 26,33.4008,-112.14,82.42,AZ,Arizona
38149,PHOENIX 27,33.6547,-112.183,64.85,AZ,Arizona
38150,PHOENIX 28,33.5712,-112.144,64.85,AZ,Arizona
38151,DEWEY,34.4912,-112.141,30.11,AZ,Arizona
38152,PHOENIX 29,33.3626,-112.11,21.71,AZ,Arizona
38153,PHOENIX 30,33.5005,-112.008,56.47,AZ,Arizona
38154,PHOENIX 31,33.4172,-112.034,56.47,AZ,Arizona
38155,PHOENIX 32,33.6231,-112.125,46.91,AZ,Arizona
38156,PHOENIX 33,33.6204,-112.136,46.91,AZ,Arizona
38157,PHOENIX 34,33.5203,-111.995,56.61,AZ,Arizona
38158,PHOENIX 35,33.4958,-112.018,56.61,AZ,Arizona
38159,PHOENIX 36,33.6727,-112.015,55.71,AZ,Arizona
38160,PHOENIX 37,33.6632,-112.13,55.71,AZ,Arizona
38161,PHOENIX 38,33.4745,-112.03,42.12,AZ,Arizona
38162,PHOENIX 39,33.7496,-111.991,52.55,AZ,Arizona
38163,PHOENIX 40,33.4261,-112.154,57.94,AZ,Arizona
38164,MAYER,34.3155,-112.162,17.73,AZ,Arizona
38165,PHOENIX 41,33.5169,-112.086,28.11,AZ,Arizona
38166,PHOENIX 42,33.5273,-112.023,14.89,AZ,Arizona
38167,PHOENIX 43,33.5475,-112.012,74.35,AZ,Arizona
38168,PHOENIX 44,33.2215,-112.157,50.17,AZ,Arizona
38169,PHOENIX 45,33.3139,-111.981,50.17,AZ,Arizona
38170,PHOENIX 46,33.607,-112.095,49.27,AZ,Arizona
38171,PHOENIX 47,33.5216,-111.979,49.27,AZ,Arizona
38172,PHOENIX 48,33.5015,-112.002,38.61,AZ,Arizona
38173,PHOENIX 49,33.374,-111.98,38.61,AZ,Arizona
38174,PHOENIX 50,33.6798,-112.076,69.59,AZ,Arizona
38175,PHOENIX 51,33.6375,-112.043,69.59,AZ,Arizona
38176,BLACK CANYON CITY,34.0833,-111.965,8.66,AZ,Arizona
38177,PHOENIX 52,33.4222,-112.027,61.44,AZ,Arizona
38178,PHOENIX 53,33.4242,-111.978,61.44,AZ,Arizona
38179,PHOENIX 54,33.7976,-112.061,68.69,AZ,Arizona
38180,PHOENIX 55,33.3216,-112.123,44.03,AZ,Arizona
38181,PHOENIX 56,33.4913,-112.082,63.2,AZ,Arizona
38182,COTTONWOOD 2,34.7616,-112.015,70.03,AZ,Arizona
38183,GRAND CANYON,36.111,-112.108,7.96,AZ,Arizona
38184,PHOENIX 57,33.4588,-112.042,50.84,AZ,Arizona
38185,PHOENIX 58,33.4707,-112.018,50.84,AZ,Arizona
38186,PHOENIX 59,33.297,-112.039,56.99,AZ,Arizona
38187,PHOENIX 60,33.422,-112.041,56.99,AZ,Arizona
38188,CHANDLER 1,33.2646,-111.986,56.06,AZ,Arizona
38189,CHANDLER 2,33.1705,-112.073,56.06,AZ,Arizona
38190,PHOENIX 61,33.6185,-112.07,57.47,AZ,Arizona
38191,PHOENIX 62,33.5746,-112.098,98.23,AZ,Arizona
38192,PHOENIX 63,33.5541,-111.935,98.23,AZ,Arizona
38193,PHOENIX 64,33.6573,-111.961,38.6,AZ,Arizona
38194,PHOENIX 65,33.6314,-112.043,38.6,AZ,Arizona
38195,SELLS,31.9997,-112.008,19.47,AZ,Arizona
38196,MARICOPA 3,32.9497,-111.937,54.55,AZ,Arizona
38197,MARICOPA 4,33.0444,-112.068,50.45,AZ,Arizona
38198,PHOENIX 66,33.5567,-111.926,54.1,AZ,Arizona
38199,PHOENIX 67,33.6003,-111.976,54.1,AZ,Arizona
38200,PHOENIX 68,33.4022,-112.033,84.22,AZ,Arizona
38201,PHOENIX 69,33.4533,-112.014,84.22,AZ,Arizona
38202,PARADISE VALLEY,33.4656,-111.93,51.14,AZ,Arizona
38203,SCOTTSDALE 1,33.6017,-111.964,68.7,AZ,Arizona
38204,SCOTTSDALE 2,33.6768,-111.923,68.7,AZ,Arizona
38205,PHOENIX 70,33.7702,-111.982,16.15,AZ,Arizona
38206,TEMPE 1,33.3545,-111.866,49.44,AZ,Arizona
38207,TEMPE 2,33.4335,-111.978,86.02,AZ,Arizona
38208,TEMPE 3,33.4811,-111.974,86.02,AZ,Arizona
38209,TEMPE 4,33.3084,-111.994,73.01,AZ,Arizona
38210,TEMPE 5,33.4202,-111.877,73.01,AZ,Arizona
38211,TEMPE 6,33.3284,-111.929,67.22,AZ,Arizona
38212,TEMPE 7,33.3184,-111.958,67.22,AZ,Arizona
38213,SCOTTSDALE 3,33.5579,-111.841,51.59,AZ,Arizona
38214,SCOTTSDALE 4,33.5401,-111.914,51.59,AZ,Arizona
38215,SCOTTSDALE 5,33.7482,-111.974,34.22,AZ,Arizona
38216,SCOTTSDALE 6,33.4133,-111.883,40.13,AZ,Arizona
38217,SCOTTSDALE 7,33.5001,-111.86,40.13,AZ,Arizona
38218,CAREFREE,33.8064,-111.925,9.15,AZ,Arizona
38219,CAVE CREEK 1,33.923,-111.975,40.44,AZ,Arizona
38220,CAVE CREEK 2,33.9654,-112.008,40.44,AZ,Arizona
38221,CORNVILLE,34.83,-111.859,15.46,AZ,Arizona
38222,SCOTTSDALE 8,33.6333,-111.907,70.03,AZ,Arizona
38223,SCOTTSDALE 9,33.5482,-111.87,54.08,AZ,Arizona
38224,SCOTTSDALE 10,33.6174,-111.875,54.08,AZ,Arizona
38225,SCOTTSDALE 11,33.517,-111.819,47.72,AZ,Arizona
38226,CHANDLER 3,33.2869,-111.927,64.19,AZ,Arizona
38227,CHANDLER 4,33.2727,-111.788,64.19,AZ,Arizona
38228,MESA 2,33.3299,-111.834,55.91,AZ,Arizona
38229,MESA 3,33.4716,-111.86,55.91,AZ,Arizona
38230,CHANDLER 5,33.1433,-111.806,44.73,AZ,Arizona
38231,CHANDLER 6,33.3063,-111.905,44.73,AZ,Arizona
38232,SEDONA 1,34.8862,-111.826,33.96,AZ,Arizona
38233,MESA 4,33.3376,-111.752,69.14,AZ,Arizona
38234,MESA 5,33.3563,-111.788,69.14,AZ,Arizona
38235,SCOTTSDALE 12,33.5849,-111.933,14.92,AZ,Arizona
38236,MESA 6,33.4239,-111.786,54.7,AZ,Arizona
38237,MESA 7,33.3698,-111.874,54.7,AZ,Arizona
38238,CHANDLER 7,33.217,-111.86,64.93,AZ,Arizona
38239,CHANDLER 8,33.3144,-111.767,58.39,AZ,Arizona
38240,CHANDLER 9,33.3397,-111.763,104.72,AZ,Arizona
38241,CHANDLER 10,33.2318,-111.798,104.72,AZ,Arizona
38242,SCOTTSDALE 13,33.6526,-111.904,55.91,AZ,Arizona
38243,SCOTTSDALE 14,33.6006,-111.772,55.91,AZ,Arizona
38244,CASA GRANDE 1,32.7951,-111.79,14.72,AZ,Arizona
38245,GILBERT 1,33.3974,-111.866,56.35,AZ,Arizona
38246,GILBERT 2,33.4526,-111.742,56.35,AZ,Arizona
38247,SCOTTSDALE 15,33.6836,-111.78,64.27,AZ,Arizona
38248,SCOTTSDALE 16,33.7787,-111.761,33.83,AZ,Arizona
38249,MESA 8,33.4282,-111.759,53.31,AZ,Arizona
38250,MESA 9,33.4003,-111.859,53.31,AZ,Arizona
38251,CAMP VERDE,34.524,-111.868,34.44,AZ,Arizona
38252,CHANDLER 11,33.2354,-111.838,55.36,AZ,Arizona
38253,CHANDLER 12,33.2804,-111.767,55.36,AZ,Arizona
38254,MESA 10,33.3342,-111.806,91.33,AZ,Arizona
38255,MESA 11,33.3181,-111.713,91.33,AZ,Arizona
38256,SEDONA 2,34.8281,-111.784,21.05,AZ,Arizona
38257,MESA 12,33.403,-111.794,47.7,AZ,Arizona
38258,MESA 13,33.4282,-111.749,47.7,AZ,Arizona
38259,CASA GRANDE 2,32.83,-111.712,76.41,AZ,Arizona
38260,CASA GRANDE 3,32.9914,-111.721,76.41,AZ,Arizona
38261,FOUNTAIN HILLS,33.6384,-111.817,68.05,AZ,Arizona
38262,GILBERT 3,33.3406,-111.836,57.5,AZ,Arizona
38263,GILBERT 4,33.3386,-111.789,57.5,AZ,Arizona
38264,GILBERT 5,33.2492,-111.826,55.2,AZ,Arizona
38265,GILBERT 6,33.4089,-111.722,55.2,AZ,Arizona
38266,GILBERT 7,33.3705,-111.641,75.02,AZ,Arizona
38267,GILBERT 8,33.3311,-111.76,75.02,AZ,Arizona
38268,SACATON,33.1834,-111.764,13.63,AZ,Arizona
38269,GILBERT 9,33.2678,-111.663,40.47,AZ,Arizona
38270,GILBERT 10,33.342,-111.674,40.47,AZ,Arizona
38271,GILBERT 11,33.302,-111.721,64.44,AZ,Arizona
38272,MESA 14,33.3657,-111.71,59.79,AZ,Arizona
38273,MESA 15,33.472,-111.679,59.79,AZ,Arizona
38274,MESA 16,33.4028,-111.778,49.73,AZ,Arizona
38275,MESA 17,33.3938,-111.656,49.73,AZ,Arizona
38276,ARIZONA CITY,32.6673,-111.654,32.03,AZ,Arizona
38277,RIMROCK,34.6564,-111.663,16.53,AZ,Arizona
38278,FLAGSTAFF 1,35.0951,-111.592,19.39,AZ,Arizona
38279,FLAGSTAFF 2,35.3274,-111.547,61.16,AZ,Arizona
38280,FLAGSTAFF 3,35.3292,-111.618,61.16,AZ,Arizona
38281,MESA 18,33.3579,-111.695,56.07,AZ,Arizona
38282,MESA 19,33.3498,-111.703,56.07,AZ,Arizona
38283,QUEEN CREEK 1,33.2014,-111.718,73.3,AZ,Arizona
38284,QUEEN CREEK 2,33.1485,-111.662,73.3,AZ,Arizona
38285,MESA 20,33.3974,-111.684,67.12,AZ,Arizona
38286,MESA 21,33.4065,-111.637,67.12,AZ,Arizona
38287,MESA 22,33.2312,-111.656,73.48,AZ,Arizona
38288,CASA GRANDE 4,32.9418,-111.726,20.16,AZ,Arizona
38289,MESA 23,33.4768,-111.566,52.14,AZ,Arizona
38290,MESA 24,33.3575,-111.532,52.14,AZ,Arizona
38291,MESA 25,33.432,-111.505,47.89,AZ,Arizona
38292,APACHE JUNCTION 1,33.4661,-111.62,42.25,AZ,Arizona
38293,APACHE JUNCTION 2,33.4078,-111.566,42.25,AZ,Arizona
38294,PINE 1,34.2744,-111.503,8.85,AZ,Arizona
38295,ELOY,32.6181,-111.526,55.6,AZ,Arizona
38296,SAN TAN VALLEY 1,33.1472,-111.539,55.07,AZ,Arizona
38297,SAN TAN VALLEY 2,33.3376,-111.59,55.07,AZ,Arizona
38298,COOLIDGE,32.9302,-111.514,44.47,AZ,Arizona
38299,RIO VERDE,33.9361,-111.522,6.33,AZ,Arizona
38300,SAN TAN VALLEY 3,33.23,-111.446,52.52,AZ,Arizona
38301,SAN TAN VALLEY 4,33.0919,-111.548,52.52,AZ,Arizona
38302,APACHE JUNCTION 3,33.4389,-111.483,63.66,AZ,Arizona
38303,CAMERON,35.965,-111.43,5.82,AZ,Arizona
38304,PAGE 1,36.7916,-111.525,32.01,AZ,Arizona
38305,MARANA 1,32.4681,-111.425,51.57,AZ,Arizona
38306,FLAGSTAFF 4,35.4574,-111.442,56.19,AZ,Arizona
38307,FLAGSTAFF 5,35.3834,-111.456,56.01,AZ,Arizona
38308,TUCSON 1,31.8328,-111.451,15.09,AZ,Arizona
38309,TUCSON 2,32.1846,-111.398,33.75,AZ,Arizona
38310,GOLD CANYON,33.2853,-111.325,36.74,AZ,Arizona
38311,PAYSON 1,34.2803,-111.264,65.63,AZ,Arizona
38312,FLORENCE 2,32.9552,-111.188,50.33,AZ,Arizona
38313,FLORENCE 3,33.0082,-111.286,50.33,AZ,Arizona
38314,TONTO BASIN,33.8292,-111.121,6.84,AZ,Arizona
38315,TUCSON 3,32.3374,-111.173,43.72,AZ,Arizona
38316,TUCSON 4,32.2412,-111.217,43.72,AZ,Arizona
38317,AMADO,31.6499,-111.152,8.79,AZ,Arizona
38318,MARANA 2,32.611,-111.053,23.37,AZ,Arizona
38319,SUPERIOR 1,33.3185,-111.026,8.62,AZ,Arizona
38320,TUCSON 5,32.1777,-111.054,50.96,AZ,Arizona
38321,TUBA CITY,36.1006,-111.085,34.06,AZ,Arizona
38322,TUCSON 6,32.2844,-111.125,55.51,AZ,Arizona
38323,TUCSON 7,32.3405,-111.078,55.51,AZ,Arizona
38324,GREEN VALLEY 1,31.8726,-111.099,18.98,AZ,Arizona
38325,TUCSON 8,32.404,-110.988,37.82,AZ,Arizona
38326,TUCSON 9,32.443,-111.028,37.82,AZ,Arizona
38327,KAIBETO,36.7933,-111.119,6.93,AZ,Arizona
38328,TUCSON 10,32.0233,-111.05,64.59,AZ,Arizona
38329,TUCSON 11,32.1276,-111.024,64.59,AZ,Arizona
38330,TUCSON 12,32.395,-110.978,49.5,AZ,Arizona
38331,TUCSON 13,32.376,-111.134,49.79,AZ,Arizona
38332,RIO RICO,31.5573,-110.955,62.5,AZ,Arizona
38333,KEARNY,33.0856,-111.121,6.99,AZ,Arizona
38334,SAHUARITA,31.9039,-110.92,70.7,AZ,Arizona
38335,TUCSON 14,32.1579,-111.063,75.23,AZ,Arizona
38336,TUCSON 15,32.1342,-111.054,75.23,AZ,Arizona
38337,TUCSON 16,32.2498,-110.951,86.28,AZ,Arizona
38338,TUCSON 17,32.3428,-111.049,86.28,AZ,Arizona
38339,TUCSON 18,32.6258,-110.944,53.54,AZ,Arizona
38340,TUCSON 19,32.3582,-111.054,46.39,AZ,Arizona
38341,TUCSON 20,32.3812,-110.919,46.39,AZ,Arizona
38342,TUCSON 21,32.5043,-110.903,45.32,AZ,Arizona
38343,TUCSON 22,32.168,-110.959,14.95,AZ,Arizona
38344,TUCSON 23,32.1295,-110.972,45.03,AZ,Arizona
38345,TUCSON 24,32.2527,-110.883,65.98,AZ,Arizona
38346,TUCSON 25,32.2493,-110.901,65.98,AZ,Arizona
38347,TUCSON 26,32.4197,-111.046,62.18,AZ,Arizona
38348,LEUPP,35.4901,-110.929,5.41,AZ,Arizona
38349,TUCSON 27,32.0899,-110.916,82.81,AZ,Arizona
38350,TUCSON 28,32.2087,-110.887,84.79,AZ,Arizona
38351,TUCSON 29,32.1922,-110.878,49.28,AZ,Arizona
38352,TUCSON 30,32.2027,-110.851,49.28,AZ,Arizona
38353,GREEN VALLEY 2,31.7712,-110.884,69.49,AZ,Arizona
38354,TUCSON 31,32.3811,-110.99,41.05,AZ,Arizona
38355,TUCSON 32,32.3007,-110.904,41.05,AZ,Arizona
38356,NOGALES 1,31.3635,-110.818,69.16,AZ,Arizona
38357,TUCSON 33,32.0363,-110.863,53.55,AZ,Arizona
38358,TUCSON 34,31.9889,-110.863,53.55,AZ,Arizona
38359,MIAMI,33.3527,-110.82,13.56,AZ,Arizona
38360,TUCSON 35,32.2199,-110.959,49.0,AZ,Arizona
38361,TUCSON 36,32.2375,-110.794,49.0,AZ,Arizona
38362,TUCSON 37,32.2383,-110.937,61.88,AZ,Arizona
38363,TUCSON 38,32.3019,-110.824,61.88,AZ,Arizona
38364,TUCSON 39,32.1286,-110.872,8.94,AZ,Arizona
38365,TUCSON 40,32.1835,-110.756,53.11,AZ,Arizona
38366,TUCSON 41,32.3862,-110.811,72.63,AZ,Arizona
38367,TUCSON 42,32.146,-110.738,81.66,AZ,Arizona
38368,TUCSON 43,32.3139,-110.848,81.66,AZ,Arizona
38369,TONALEA,36.6207,-110.755,12.75,AZ,Arizona
38370,ORACLE,32.6137,-110.804,12.22,AZ,Arizona
38371,TUCSON 44,32.1224,-110.688,69.17,AZ,Arizona
38372,GLOBE 1,33.5072,-110.666,40.04,AZ,Arizona
38373,TUCSON 45,32.2579,-110.774,54.26,AZ,Arizona
38374,TUCSON 46,32.1118,-110.741,57.48,AZ,Arizona
38375,TUCSON 47,32.2075,-110.846,57.48,AZ,Arizona
38376,TUCSON 48,32.2983,-110.817,57.1,AZ,Arizona
38377,HOTEVILLA,36.0179,-110.804,4.12,AZ,Arizona
38378,PATAGONIA,31.5537,-110.738,4.28,AZ,Arizona
38379,WINKELMAN,33.0515,-110.752,8.25,AZ,Arizona
38380,WINSLOW,35.189,-110.604,44.91,AZ,Arizona
38381,VAIL 1,31.9901,-110.562,65.26,AZ,Arizona
38382,SHONTO,36.6934,-110.638,5.8,AZ,Arizona
38383,SAN MANUEL,32.6159,-110.58,16.06,AZ,Arizona
38384,SECOND MESA,35.9071,-110.494,5.39,AZ,Arizona
38385,KYKOTSMOVI VILLAGE,36.1102,-110.479,4.4,AZ,Arizona
38386,OVERGAARD,34.4207,-110.561,14.89,AZ,Arizona
38387,SAN CARLOS 3,33.4447,-110.488,14.37,AZ,Arizona
38388,BENSON,32.1891,-110.316,28.39,AZ,Arizona
38389,FORT HUACHUCA 1,31.5658,-110.335,16.8,AZ,Arizona
38390,CIBECUE,34.1483,-110.455,5.4,AZ,Arizona
38391,MONUMENT VALLEY,37.1737,-110.336,4.36,AZ,PACE
38392,HUACHUCA CITY,31.7189,-110.39,19.59,AZ,Arizona
38393,PERIDOT,33.3623,-110.253,9.59,AZ,Arizona
38394,JOSEPH CITY 1,35.0691,-110.243,4.53,AZ,Arizona
38395,KAYENTA,36.6282,-110.183,23.53,AZ,Arizona
38396,PINON,36.294,-110.18,16.07,AZ,Arizona
38397,HEREFORD,31.3837,-110.149,28.24,AZ,Arizona
38398,SIERRA VISTA 1,31.4068,-110.227,45.84,AZ,Arizona
38399,BYLAS,33.1482,-110.29,6.21,AZ,Arizona
38400,SAINT DAVID,31.8104,-110.146,11.36,AZ,Arizona
38401,SIERRA VISTA 2,31.5365,-110.124,52.09,AZ,Arizona
38402,SIERRA VISTA 3,31.6092,-110.174,52.09,AZ,Arizona
38403,KEAMS CANYON,35.7699,-110.196,12.15,AZ,Arizona
38404,HOLBROOK,35.0214,-110.038,18.13,AZ,Arizona
38405,TAYLOR,34.4757,-110.153,14.92,AZ,Arizona
38406,SNOWFLAKE 1,34.6019,-110.138,23.68,AZ,Arizona
38407,INDIAN WELLS,35.3136,-109.97,5.57,AZ,Arizona
38408,TOMBSTONE,31.7554,-110.061,5.92,AZ,Arizona
38409,SHOW LOW,34.2772,-109.965,51.62,AZ,Arizona
38410,PIMA,33.0038,-110.054,12.69,AZ,Arizona
38411,WHITERIVER,33.7921,-109.923,30.62,AZ,Arizona
38412,WILLCOX,32.3775,-109.96,31.22,AZ,Arizona
38413,LAKESIDE 3,34.1522,-109.931,24.97,AZ,Arizona
38414,BLUE GAP,36.1128,-109.899,5.38,AZ,WALC
38415,BISBEE,31.5009,-109.945,27.99,AZ,Arizona
38416,PINETOP,34.105,-109.864,17.46,AZ,Arizona
38417,DENNEHOTSO,36.787,-109.817,5.52,AZ,WALC
38418,THATCHER,32.883,-109.786,21.8,AZ,Arizona
38419,GANADO,35.7136,-109.7,23.05,AZ,WALC
38420,CHINLE,36.0565,-109.614,32.14,AZ,WALC
38421,VERNON,34.3099,-109.631,4.33,AZ,WALC
38422,CONCHO,34.6205,-109.728,8.05,AZ,WALC
38423,PEARCE,31.8507,-109.666,12.45,AZ,Arizona
38424,ROCK POINT,36.6295,-109.547,8.46,AZ,WALC
38425,MANY FARMS,36.4531,-109.575,7.01,AZ,WALC
38426,CHAMBERS,35.1524,-109.59,4.39,AZ,WALC
38427,CLIFTON 1,33.3726,-109.309,8.95,AZ,PNM
38428,MORENCI,32.9396,-109.296,8.62,AZ,PNM
38429,DOUGLAS 1,31.4738,-109.29,56.77,AZ,Arizona
38430,SAFFORD,32.7683,-109.323,59.03,AZ,Arizona
38431,SPRINGERVILLE 1,34.227,-109.245,7.1,AZ,WALC
38432,TEEC NOS POS,36.8242,-109.406,9.95,AZ,WALC
38433,EAGAR,34.1025,-109.412,17.69,AZ,WALC
38434,SAINT JOHNS 1,34.588,-109.292,12.88,AZ,WALC
38435,LUKACHUKAI,36.3963,-109.272,7.02,AZ,WALC
38436,TSAILE,36.3011,-109.157,6.27,AZ,WALC
38437,SANDERS,35.0629,-109.239,7.32,AZ,WALC
38438,HOUCK,35.2972,-109.22,3.96,AZ,WALC
38439,SAINT MICHAELS,35.4722,-109.094,13.34,AZ,WALC
38440,RED VALLEY,36.6164,-109.101,3.8,AZ,WALC
38441,DUNCAN,32.7487,-109.125,7.76,AZ,PNM
38442,FORT DEFIANCE,36.0177,-109.203,23.03,AZ,WALC
38443,NAVAJO,35.9839,-109.002,8.0,AZ,PNM
38444,WINDOW ROCK,35.7123,-108.977,13.44,AZ,PNM
38445,CHANDLER 13,32.5517,-111.3,0.0,AZ,Arizona
38446,DATELAND 1,32.9774,-113.495,2.37,AZ,Arizona
38447,GOLDEN VALLEY 2,35.0361,-114.159,0.0,AZ,WALC
38448,NOGALES 2,31.3635,-110.931,0.0,AZ,Arizona
38449,TEMPE 8,33.4394,-111.946,0.0,AZ,Arizona
38450,PHOENIX 71,33.6711,-111.162,1.75,AZ,Arizona
38451,WILLIAMS 3,35.4156,-112.271,0.0,AZ,Arizona
38452,PEORIA 8,33.8447,-112.271,0.0,AZ,Arizona
38453,GILA BEND 2,33.0264,-112.666,0.0,AZ,Arizona
38454,YUMA 6,32.7214,-114.711,0.0,AZ,Arizona
38455,DOUGLAS 2,31.3641,-109.554,9.98,AZ,Arizona
38456,CHLORIDE 1,35.197,-114.571,0.0,AZ,WALC
38457,TEMPE 9,33.3556,-111.935,0.0,AZ,Arizona
38458,FORT HUACHUCA 2,31.5553,-110.35,0.0,AZ,Arizona
38459,BAGDAD 2,34.5858,-113.177,0.67,AZ,Arizona
38460,MOHAVE VALLEY 2,34.8678,-114.532,0.0,AZ,WALC
38461,SAINT JOHNS 2,34.5789,-109.271,0.0,AZ,WALC
38462,COCHISE,32.0603,-109.893,4.73,AZ,Arizona
38463,MARANA 3,32.3697,-111.243,0.0,AZ,Arizona
38464,PHOENIX 72,33.5536,-111.443,3.75,AZ,Arizona
38465,BUCKEYE 4,33.305,-112.834,2.26,AZ,Arizona
38466,HEBER 4,34.6596,-110.284,0.0,AZ,Arizona
38467,PAGE 2,36.9047,-111.389,0.0,AZ,Arizona
38468,GILA BEND 3,33.0211,-112.661,0.0,AZ,Arizona
38469,TONOPAH 3,33.3418,-112.904,0.0,AZ,Arizona
38470,PHOENIX 73,33.4417,-112.158,0.0,AZ,Arizona
38471,TUCSON 49,32.401,-111.126,0.0,AZ,Arizona
38472,QUEEN CREEK 3,33.2675,-111.612,0.0,AZ,Arizona
38473,GLENDALE 23,33.5561,-112.215,0.0,AZ,Arizona
38474,CHANDLER 14,32.9174,-111.503,0.0,AZ,Arizona
38475,GOLDEN VALLEY 3,35.0156,-114.16,0.0,AZ,WALC
38476,PRESCOTT 4,34.6494,-112.428,0.0,AZ,Arizona
38477,ARLINGTON 9,33.345,-112.864,0.0,AZ,Arizona
38478,PHOENIX 74,33.3881,-112.862,0.0,AZ,Arizona
38479,GILA BEND 4,32.9223,-112.956,0.0,AZ,Arizona
38480,TUCSON 50,32.16,-110.905,0.0,AZ,Arizona
38481,YUMA 7,32.7288,-114.654,0.0,AZ,Arizona
38482,CHANDLER 15,33.4172,-111.928,0.0,AZ,Arizona
38483,TUCSON 51,32.2523,-110.992,0.0,AZ,Arizona
38484,CASA GRANDE 5,32.9042,-111.789,0.0,AZ,Arizona
38485,TUCSON 52,32.2299,-110.953,0.0,AZ,Arizona
38486,GLOBE 2,33.1606,-111.484,0.0,AZ,Arizona
38487,SPRINGERVILLE 2,34.3186,-109.164,0.0,AZ,WALC
38488,GILA BEND 5,32.975,-112.694,0.0,AZ,Arizona
38489,CHANDLER 16,32.9285,-111.59,0.0,AZ,Arizona
38490,GILBERT 12,33.3325,-111.75,0.0,AZ,Arizona
38491,TONOPAH 4,33.476,-113.113,0.0,AZ,Arizona
38492,SNOWFLAKE 2,34.5032,-110.335,0.0,AZ,Arizona
38493,DATELAND 2,33.0278,-113.359,0.0,AZ,Arizona
38494,TUCSON 53,32.1458,-110.867,0.0,AZ,Arizona
38495,PAGE 3,36.9366,-111.484,0.0,AZ,Arizona
38496,JOSEPH CITY 2,34.9394,-110.303,0.0,AZ,Arizona
38497,TEMPE 10,33.4225,-111.912,0.0,AZ,Arizona
38498,HEBER 5,34.6062,-110.173,0.0,AZ,Arizona
38499,PHOENIX 75,33.5661,-111.536,0.0,AZ,Arizona
38500,YUMA 8,32.6486,-114.429,0.0,AZ,Arizona
38501,PHOENIX 76,33.5907,-111.344,0.0,AZ,Arizona
38502,GILA BEND 6,32.975,-112.694,0.0,AZ,Arizona
38503,TUCSON 54,32.1736,-110.9,0.0,AZ,Arizona
38504,ARLINGTON 10,33.3346,-112.841,0.0,AZ,Arizona
38505,DATELAND 3,33.0257,-113.344,0.0,AZ,Arizona
38506,CHLORIDE 2,36.0155,-114.738,0.0,AZ,NEVP
38507,GILA BEND 7,32.9408,-112.881,0.0,AZ,Arizona
38508,ARLINGTON 11,33.3417,-112.89,0.0,AZ,Arizona
38509,TONOPAH 5,33.4936,-112.779,0.0,AZ,Arizona
38510,MARANA 4,32.3717,-111.283,0.0,AZ,Arizona
38511,ARLINGTON 12,33.345,-112.864,0.0,AZ,Arizona
38512,TONOPAH 6,33.3783,-113.181,0.0,AZ,Arizona
38513,LAKE HAVASU CITY 4,35.054,-114.133,0.0,AZ,WALC
38514,CHINO VALLEY 2,34.7184,-112.429,0.0,AZ,Arizona
38515,GILA BEND 8,33.0347,-112.662,0.0,AZ,Arizona
38516,KINGMAN 4,35.1458,-114.067,0.0,AZ,WALC
38517,ENTERPRISE 2,37.6319,-113.83,7.34,UT,PACE
38518,IVINS,37.2524,-113.728,20.47,UT,PACE
38519,SANTA CLARA 9,37.0728,-113.727,15.97,UT,PACE
38520,SAINT GEORGE 1,37.2645,-113.62,55.51,UT,PACE
38521,SAINT GEORGE 2,37.1174,-113.63,50.87,UT,PACE
38522,WENDOVER,40.7559,-113.541,4.12,UT,PACE
38523,SAINT GEORGE 3,37.029,-113.527,46.5,UT,PACE
38524,SAINT GEORGE 4,37.1042,-113.633,46.5,UT,PACE
38525,WASHINGTON,37.1967,-113.537,48.77,UT,PACE
38526,TOQUERVILLE,37.3144,-113.228,5.3,UT,PACE
38527,NEW HARMONY,37.4969,-113.236,3.52,UT,PACE
38528,LA VERKIN,37.2161,-113.299,13.56,UT,PACE
38529,HURRICANE,36.9661,-113.209,38.58,UT,WALC
38530,CEDAR CITY 1,37.6225,-113.165,51.91,UT,PACE
38531,CEDAR CITY 2,37.8112,-113.106,54.5,UT,PACE
38532,HILDALE,37.1202,-113.056,7.77,UT,PACE
38533,MILFORD 1,38.3497,-112.966,7.46,UT,PACE
38534,PAROWAN,37.7887,-112.91,8.82,UT,PACE
38535,GRANTSVILLE 1,40.6526,-112.733,24.63,UT,PACE
38536,ORDERVILLE,37.3471,-112.726,5.46,UT,PACE
38537,BEAVER 1,38.4068,-112.732,9.86,UT,PACE
38538,DELTA 1,39.5582,-112.729,17.39,UT,PACE
38539,DUGWAY,40.4075,-112.708,4.43,UT,PACE
38540,CORINNE,41.4395,-112.557,4.1,UT,PACE
38541,PANGUITCH,37.9535,-112.494,6.94,UT,PACE
38542,FILLMORE 2,39.0321,-112.459,9.21,UT,PACE
38543,OAK CITY,39.4164,-112.319,3.05,UT,PACE
38544,TREMONTON,41.8591,-112.278,31.72,UT,PACE
38545,TOOELE 1,40.5154,-112.203,57.6,UT,PACE
38546,TOOELE 2,40.5126,-112.32,60.65,UT,PACE
38547,CIRCLEVILLE,38.2379,-112.24,2.89,UT,PACE
38548,KANAB,37.1031,-112.16,14.45,UT,PACE
38549,MAGNA 1,40.7397,-112.249,34.48,UT,PACE
38550,MAGNA 2,40.6644,-112.14,34.48,UT,PACE
38551,GARLAND,41.678,-112.176,13.75,UT,PACE
38552,ELSINORE,38.696,-112.216,7.07,UT,PACE
38553,HOOPER,41.1525,-112.175,19.71,UT,PACE
38554,OGDEN 1,41.2621,-112.071,73.27,UT,PACE
38555,OGDEN 2,41.2036,-112.16,73.27,UT,PACE
38556,MONROE 4,38.5404,-112.124,11.3,UT,PACE
38557,HERRIMAN 1,40.6102,-112.108,43.41,UT,PACE
38558,HERRIMAN 2,40.5952,-112.148,45.56,UT,PACE
38559,SYRACUSE,41.0429,-112.042,63.72,UT,PACE
38560,TROPIC,37.5869,-112.013,4.06,UT,PACE
38561,CLARKSTON 2,41.9118,-112.016,7.93,UT,PACE
38562,CLEARFIELD 1,41.0385,-112.141,81.24,UT,PACE
38563,CLEARFIELD 2,41.1496,-111.985,81.24,UT,PACE
38564,BRIGHAM CITY,41.6191,-112.082,63.92,UT,PACE
38565,ROY 2,41.2551,-112.142,48.68,UT,PACE
38566,ROY 3,41.2563,-112.011,48.68,UT,PACE
38567,SALT LAKE CITY 1,40.7077,-112.008,36.38,UT,PACE
38568,SALT LAKE CITY 2,40.6135,-112.116,36.38,UT,PACE
38569,WEST JORDAN 1,40.6499,-112.128,52.95,UT,PACE
38570,WEST JORDAN 2,40.5954,-112.033,52.95,UT,PACE
38571,WILLARD 1,41.4597,-112.029,8.76,UT,PACE
38572,OGDEN 3,41.1367,-112.072,46.31,UT,PACE
38573,OGDEN 4,41.123,-112.069,46.31,UT,PACE
38574,SALT LAKE CITY 3,40.7083,-111.918,93.83,UT,PACE
38575,SALT LAKE CITY 4,40.7044,-111.963,88.78,UT,PACE
38576,SALT LAKE CITY 5,40.7739,-111.956,63.64,UT,PACE
38577,SALT LAKE CITY 6,40.6067,-111.998,63.64,UT,PACE
38578,EAGLE MOUNTAIN,40.2364,-111.985,58.29,UT,PACE
38579,HILL AFB,41.2161,-112.086,8.61,UT,PACE
38580,LAYTON 1,41.1563,-112.009,58.01,UT,PACE
38581,LAYTON 2,41.162,-112.008,58.01,UT,PACE
38582,SALT LAKE CITY 7,40.6883,-112.066,64.66,UT,PACE
38583,SOUTH JORDAN 1,40.502,-112.043,65.74,UT,PACE
38584,SOUTH JORDAN 2,40.6045,-111.928,65.74,UT,PACE
38585,OGDEN 5,41.3018,-112.027,34.46,UT,PACE
38586,OGDEN 6,41.4202,-112.058,34.46,UT,PACE
38587,OGDEN 7,41.2154,-112.044,40.75,UT,PACE
38588,OGDEN 8,41.1171,-112.041,40.75,UT,PACE
38589,WEST JORDAN 3,40.712,-111.872,62.14,UT,PACE
38590,WEST JORDAN 4,40.6272,-111.95,48.42,UT,PACE
38591,WEST JORDAN 5,40.609,-111.922,46.28,UT,PACE
38592,WEST JORDAN 6,40.5501,-112.024,46.28,UT,PACE
38593,SALT LAKE CITY 8,40.8021,-111.918,43.29,UT,PACE
38594,SALT LAKE CITY 9,40.7747,-111.865,43.29,UT,PACE
38595,KAYSVILLE 1,41.0976,-111.992,43.38,UT,PACE
38596,KAYSVILLE 2,41.1032,-112.04,43.38,UT,PACE
38597,SALT LAKE CITY 10,40.6125,-111.981,69.0,UT,PACE
38598,SALT LAKE CITY 11,40.7287,-111.848,69.0,UT,PACE
38599,WELLSVILLE,41.5505,-111.846,13.12,UT,PACE
38600,RIVERTON 1,40.5268,-111.921,49.62,UT,PACE
38601,RIVERTON 2,40.4323,-111.936,49.62,UT,PACE
38602,WOODS CROSS,40.8458,-111.929,36.99,UT,PACE
38603,LAYTON 3,41.0129,-111.98,59.87,UT,PACE
38604,AURORA 1,38.8705,-111.83,7.2,UT,PACE
38605,SALT LAKE CITY 12,40.6259,-111.92,49.27,UT,PACE
38606,SALT LAKE CITY 13,40.6592,-111.998,49.27,UT,PACE
38607,NORTH SALT LAKE,40.9069,-111.852,42.11,UT,PACE
38608,SARATOGA SPRINGS,40.3978,-111.854,43.87,UT,PACE
38609,OGDEN 9,41.2732,-111.955,47.56,UT,PACE
38610,OGDEN 10,41.0973,-111.861,47.56,UT,PACE
38611,FARMINGTON 1,40.8891,-111.896,47.46,UT,PACE
38612,MIDVALE 1,40.6572,-111.817,37.62,UT,PACE
38613,MIDVALE 2,40.5513,-111.932,37.62,UT,PACE
38614,SALT LAKE CITY 14,40.746,-111.968,64.14,UT,PACE
38615,SANDY 3,40.6078,-111.795,64.64,UT,PACE
38616,SALT LAKE CITY 15,40.5926,-111.956,40.12,UT,PACE
38617,SALT LAKE CITY 16,40.6267,-111.934,40.12,UT,PACE
38618,CENTERVILLE 2,40.8896,-111.892,39.7,UT,PACE
38619,SALT LAKE CITY 17,40.7814,-111.929,27.93,UT,PACE
38620,SMITHFIELD,41.7415,-111.974,33.64,UT,PACE
38621,LEHI 1,40.4601,-111.789,63.74,UT,PACE
38622,LEHI 2,40.3896,-111.877,63.74,UT,PACE
38623,DRAPER 1,40.4564,-111.83,51.69,UT,PACE
38624,DRAPER 2,40.4545,-111.803,51.69,UT,PACE
38625,BOUNTIFUL 1,40.8019,-111.789,58.27,UT,PACE
38626,BOUNTIFUL 2,40.9301,-111.9,58.27,UT,PACE
38627,NEPHI,39.7294,-111.876,15.02,UT,PACE
38628,SALT LAKE CITY 18,40.6936,-111.766,45.29,UT,PACE
38629,SANDY 4,40.6601,-111.856,36.49,UT,PACE
38630,SANDY 5,40.5919,-111.771,36.49,UT,PACE
38631,SALT LAKE CITY 19,40.6769,-111.791,57.56,UT,PACE
38632,SALT LAKE CITY 20,40.7062,-111.904,43.4,UT,PACE
38633,SALT LAKE CITY 21,40.6182,-111.783,43.4,UT,PACE
38634,EDEN,41.4344,-111.75,10.69,UT,PACE
38635,LEWISTON 1,42.0303,-111.836,5.82,UT,PACE
38636,MONA 1,39.8276,-111.779,6.81,UT,PACE
38637,SALT LAKE CITY 22,40.7162,-111.82,54.82,UT,PACE
38638,LOGAN 1,41.6373,-111.936,57.3,UT,PACE
38639,LOGAN 2,41.7457,-111.849,57.3,UT,PACE
38640,PARADISE 3,41.4649,-111.932,6.15,UT,PACE
38641,SALT LAKE CITY 23,40.5977,-111.799,63.19,UT,PACE
38642,SANDY 6,40.5515,-111.898,60.14,UT,PACE
38643,CENTERFIELD,39.1491,-111.74,5.52,UT,PACE
38644,MILLVILLE,41.6913,-111.762,4.58,UT,PACE
38645,HYDE PARK,41.7801,-111.906,15.59,UT,PACE
38646,SALT LAKE CITY 24,40.6445,-111.857,55.37,UT,PACE
38647,PROVIDENCE,41.6698,-111.86,18.77,UT,PACE
38648,RICHMOND 6,41.8454,-111.73,7.08,UT,PACE
38649,GUNNISON 1,39.2312,-111.899,10.49,UT,PACE
38650,SANTAQUIN,39.9941,-111.89,30.36,UT,PACE
38651,LOGAN 3,41.7156,-111.883,52.28,UT,PACE
38652,ALPINE 2,40.5762,-111.78,25.53,UT,PACE
38653,SALT LAKE CITY 25,40.7926,-111.721,53.92,UT,PACE
38654,OREM 1,40.312,-111.821,39.7,UT,PACE
38655,OREM 2,40.3002,-111.744,39.7,UT,PACE
38656,LINDON,40.3679,-111.725,26.24,UT,PACE
38657,PAYSON 2,39.9668,-111.806,63.71,UT,PACE
38658,SALT LAKE CITY 26,40.5474,-111.722,54.21,UT,PACE
38659,SALT LAKE CITY 27,40.6731,-111.631,54.21,UT,PACE
38660,OREM 3,40.2473,-111.766,47.67,UT,PACE
38661,OREM 4,40.2762,-111.794,47.67,UT,PACE
38662,SANDY 7,40.6348,-111.653,38.38,UT,PACE
38663,SANDY 8,40.6216,-111.777,38.38,UT,PACE
38664,SALT LAKE CITY 28,40.6962,-111.676,62.03,UT,PACE
38665,RICHFIELD,38.6551,-111.791,25.58,UT,PACE
38666,PROVO 1,40.1627,-111.795,40.93,UT,PACE
38667,PROVO 2,40.1557,-111.782,40.93,UT,PACE
38668,SPANISH FORK 1,40.0724,-111.745,49.39,UT,PACE
38669,SPANISH FORK 2,40.1028,-111.792,49.39,UT,PACE
38670,AMERICAN FORK 1,40.494,-111.64,55.1,UT,PACE
38671,AMERICAN FORK 2,40.4994,-111.767,55.1,UT,PACE
38672,MORGAN,40.9889,-111.66,26.84,UT,PACE
38673,OREM 5,40.3324,-111.757,55.44,UT,PACE
38674,PLEASANT GROVE 1,40.5128,-111.767,56.25,UT,PACE
38675,PLEASANT GROVE 2,40.4903,-111.759,56.25,UT,PACE
38676,HYRUM,41.6449,-111.662,20.55,UT,PACE
38677,SALEM 14,39.9572,-111.579,20.66,UT,PACE
38678,LOA,38.4635,-111.568,6.13,UT,PACE
38679,SALINA,38.939,-111.676,6.99,UT,PACE
38680,PROVO 3,40.1237,-111.63,41.98,UT,PACE
38681,PROVO 4,40.1996,-111.63,41.98,UT,PACE
38682,HUNTSVILLE,41.3273,-111.69,7.5,UT,PACE
38683,MANTI,39.2692,-111.519,10.6,UT,PACE
38684,MORONI,39.5628,-111.689,10.85,UT,PACE
38685,ESCALANTE,37.7802,-111.611,4.39,UT,PACE
38686,PROVO 5,40.3173,-111.619,63.89,UT,PACE
38687,PROVO 6,40.3105,-111.597,63.89,UT,PACE
38688,MAPLETON,40.1767,-111.579,20.89,UT,PACE
38689,EPHRAIM,39.392,-111.467,21.02,UT,PACE
38690,PARK CITY 1,40.7062,-111.591,44.93,UT,PACE
38691,MIDWAY,40.4277,-111.49,13.3,UT,PACE
38692,PARK CITY 2,40.6076,-111.486,19.75,UT,PACE
38693,SPRINGVILLE 1,40.241,-111.578,38.97,UT,PACE
38694,SPRINGVILLE 2,40.1093,-111.408,38.97,UT,PACE
38695,FAIRVIEW 2,39.8452,-111.467,6.58,UT,PACE
38696,GARDEN CITY 1,41.8719,-111.366,4.84,UT,PACE
38697,MOUNT PLEASANT,39.5765,-111.469,10.45,UT,PACE
38698,HEBER CITY,40.5508,-111.317,44.85,UT,PACE
38699,COALVILLE,40.9378,-111.212,9.41,UT,PACE
38700,ORANGEVILLE,39.3259,-111.204,3.91,UT,PACE
38701,OAKLEY 3,40.6187,-111.235,4.67,UT,PACE
38702,FERRON,39.1885,-111.248,5.26,UT,PACE
38703,HUNTINGTON 1,39.4631,-111.014,7.13,UT,PACE
38704,KAMAS,40.7224,-110.928,16.39,UT,PACE
38705,CASTLE DALE 1,39.1695,-110.967,5.28,UT,PACE
38706,HELPER 1,39.7829,-110.967,10.75,UT,PACE
38707,PRICE,39.6262,-110.666,35.86,UT,PACE
38708,WELLINGTON 2,39.5188,-110.749,8.7,UT,PACE
38709,EVANSTON 1,41.1071,-110.632,38.0,UT,PACE
38710,DUCHESNE,40.0733,-110.609,9.81,UT,PACE
38711,EAST CARBON,39.4803,-110.511,4.37,UT,PACE
38712,ALTAMONT,40.3906,-110.369,5.18,UT,PACE
38713,GREEN RIVER 1,39.095,-110.069,3.2,UT,PACE
38714,ROOSEVELT 3,40.3086,-110.116,31.26,UT,PACE
38715,NEOLA,40.5047,-110.059,4.28,UT,PACE
38716,MYTON,40.1279,-110.079,4.52,UT,PACE
38717,FORT DUCHESNE,40.3376,-109.826,4.34,UT,PACE
38718,LAPOINT,40.5381,-109.798,3.88,UT,PACE
38719,BLUFF,37.1113,-109.626,3.54,UT,PACE
38720,MONTICELLO,37.9082,-109.47,6.76,UT,PACE
38721,MOAB,38.6072,-109.575,26.64,UT,PACE
38722,VERNAL 1,40.6192,-109.568,36.36,UT,PACE
38723,VERNAL 2,40.588,-109.533,33.61,UT,PACE
38724,BLANDING,37.6045,-109.346,12.15,UT,PACE
38725,MONTEZUMA CREEK,37.1945,-109.187,6.9,UT,PACE
38726,JENSEN,40.3446,-109.181,1.94,UT,PACE
38727,OREM 6,40.3317,-111.754,0.0,UT,PACE
38728,SUNNYSIDE 2,39.5472,-110.392,0.0,UT,PACE
38729,SALT LAKE CITY 29,40.7931,-111.904,0.0,UT,PACE
38730,SALT LAKE CITY 30,40.6667,-112.032,0.0,UT,PACE
38731,COLLINSTON,41.8347,-112.052,0.0,UT,PACE
38732,VERNAL 3,40.0864,-109.284,0.0,UT,PACE
38733,DELTA 2,39.5097,-112.58,0.0,UT,PACE
38734,MILFORD 2,38.4889,-112.853,0.0,UT,PACE
38735,BEAVER 2,38.5603,-112.581,0.0,UT,PACE
38736,CASTLE DALE 2,39.1747,-111.029,0.0,UT,PACE
38737,MONA 2,39.8214,-111.893,0.0,UT,PACE
38738,MILFORD 3,38.5357,-112.935,0.0,UT,PACE
38739,BOUNTIFUL 3,40.8869,-111.885,0.0,UT,PACE
38740,HELPER 2,39.7272,-110.864,0.0,UT,PACE
38741,MILFORD 4,38.5852,-112.931,0.0,UT,PACE
38742,PAYSON 3,40.0614,-111.729,0.0,UT,PACE
38743,EVANSTON 2,41.2874,-110.556,0.0,UT,PACE
38744,SALT LAKE CITY 31,40.67,-111.89,0.0,UT,PACE
38745,MAGNA 3,40.7119,-112.123,0.0,UT,PACE
38746,SALT LAKE CITY 32,40.7686,-111.929,0.0,UT,PACE
38747,HUNTINGTON 2,39.3792,-111.078,0.0,UT,PACE
38748,GRANTSVILLE 2,40.9133,-112.734,0.0,UT,PACE
38749,SAINT GEORGE 5,37.1121,-113.517,0.0,UT,PACE
38750,DUTCH JOHN,40.9146,-109.422,0.0,UT,PACE
38751,LAS VEGAS 79,35.5753,-104.898,29.54,NM,PNM
38752,ANGEL FIRE,36.4001,-105.287,6.2,NM,PNM
38753,CAPITAN,33.706,-105.246,3.71,NM,PNM
38754,MORA,35.8952,-105.433,6.27,NM,PNM
38755,TAOS,36.4014,-105.527,16.39,NM,PNM
38756,QUESTA,36.8006,-105.52,6.15,NM,PNM
38757,RIBERA,35.2915,-105.604,5.1,NM,PNM
38758,RUIDOSO DOWNS,33.323,-105.555,5.82,NM,PNM
38759,MESCALERO,33.1937,-105.606,8.76,NM,EPE
38760,PECOS,35.5972,-105.657,5.66,NM,PNM
38761,EL PRADO,36.4612,-105.532,9.53,NM,PNM
38762,ALTO,33.4472,-105.752,4.41,NM,PNM
38763,RUIDOSO,33.4289,-105.596,12.4,NM,PNM
38764,RANCHOS DE TAOS,36.368,-105.673,11.64,NM,PNM
38765,CARRIZOZO,33.8831,-105.807,2.59,NM,PNM
38766,CHIMAYO,35.9242,-105.719,9.13,NM,PNM
38767,SANTA FE 1,35.8095,-105.858,21.21,NM,PNM
38768,SANTA FE 2,35.5971,-105.833,24.29,NM,PNM
38769,SANTA FE 3,35.6786,-105.849,21.97,NM,PNM
38770,LA LUZ,33.0859,-105.818,4.86,NM,EPE
38771,ESTANCIA,34.823,-105.902,6.55,NM,PNM
38772,ALCALDE,36.0472,-106.012,14.17,NM,PNM
38773,MORIARTY,34.9527,-106.004,10.23,NM,PNM
38774,SANTA FE 4,35.4827,-105.986,26.75,NM,PNM
38775,SANTA FE 5,35.9009,-105.921,20.47,NM,PNM
38776,TULAROSA,33.2302,-106.08,7.26,NM,EPE
38777,ALAMOGORDO 1,32.6359,-106.164,25.04,NM,EPE
38778,ALAMOGORDO 2,32.7261,-106.034,28.08,NM,EPE
38779,HOLLOMAN AIR FORCE BASE,32.8294,-106.077,4.28,NM,EPE
38780,ESPANOLA,35.9958,-106.145,29.91,NM,PNM
38781,SANTA FE 6,35.5481,-106.101,33.71,NM,PNM
38782,SANTA FE 7,35.6826,-106.027,32.12,NM,PNM
38783,EDGEWOOD,35.0437,-106.256,18.35,NM,PNM
38784,CHAPARRAL,32.1713,-106.304,22.06,NM,EPE
38785,MOUNTAINAIR,34.3453,-106.221,3.07,NM,PNM
38786,LOS ALAMOS,35.8099,-106.319,27.16,NM,PNM
38787,SANDIA PARK,35.2043,-106.249,6.85,NM,PNM
38788,TIJERAS,34.9398,-106.396,13.45,NM,PNM
38789,ALGODONES 1,35.4315,-106.397,10.54,NM,PNM
38790,ABIQUIU,36.2943,-106.423,6.2,NM,PNM
38791,PLACITAS,35.26,-106.369,7.07,NM,PNM
38792,ALBUQUERQUE 1,34.9691,-106.55,41.45,NM,PNM
38793,ALBUQUERQUE 2,34.981,-106.414,29.03,NM,PNM
38794,ALBUQUERQUE 3,35.1361,-106.463,39.54,NM,PNM
38795,ALBUQUERQUE 4,35.1541,-106.475,39.54,NM,PNM
38796,ALBUQUERQUE 5,35.1848,-106.441,25.17,NM,PNM
38797,ALBUQUERQUE 6,35.1642,-106.42,34.08,NM,PNM
38798,ALBUQUERQUE 7,35.0828,-106.558,30.51,NM,PNM
38799,ALBUQUERQUE 8,35.1729,-106.607,28.3,NM,PNM
38800,ALBUQUERQUE 9,35.2397,-106.53,28.3,NM,PNM
38801,ALBUQUERQUE 10,35.0443,-106.483,27.01,NM,PNM
38802,ALBUQUERQUE 11,35.0916,-106.543,27.01,NM,PNM
38803,ALBUQUERQUE 12,34.9947,-106.601,27.05,NM,PNM
38804,ALBUQUERQUE 13,34.9921,-106.5,27.05,NM,PNM
38805,ALBUQUERQUE 14,35.1598,-106.514,20.27,NM,PNM
38806,BERNALILLO,35.3748,-106.5,14.19,NM,PNM
38807,SUNLAND PARK 1,31.8723,-106.687,18.61,NM,EPE
38808,ALBUQUERQUE 15,35.0513,-106.543,40.38,NM,PNM
38809,ALBUQUERQUE 16,35.0584,-106.691,40.38,NM,PNM
38810,VADO,32.0599,-106.548,3.5,NM,EPE
38811,ALBUQUERQUE 17,34.9691,-106.574,18.91,NM,PNM
38812,ALBUQUERQUE 18,35.021,-106.575,18.91,NM,PNM
38813,CORRALES,35.1957,-106.617,12.15,NM,PNM
38814,ALBUQUERQUE 19,35.2122,-106.668,21.83,NM,PNM
38815,ALBUQUERQUE 20,35.0662,-106.704,21.83,NM,PNM
38816,ALBUQUERQUE 21,35.1485,-106.692,29.69,NM,PNM
38817,LAS CRUCES 1,32.2821,-106.581,21.71,NM,EPE
38818,LAS CRUCES 2,32.3734,-106.714,19.39,NM,EPE
38819,VEGUITA,34.4291,-106.681,4.08,NM,PNM
38820,BELEN 1,34.7002,-106.563,32.97,NM,PNM
38821,MESQUITE 2,32.2241,-106.588,5.41,NM,EPE
38822,ALBUQUERQUE 22,35.083,-106.602,17.41,NM,PNM
38823,SANTA TERESA,31.7683,-106.515,8.05,NM,EPE
38824,ALBUQUERQUE 23,35.2792,-106.666,43.14,NM,PNM
38825,ALBUQUERQUE 24,35.2275,-106.658,43.14,NM,PNM
38826,PERALTA,34.9144,-106.641,6.37,NM,PNM
38827,RIO RANCHO 1,35.3482,-106.729,26.4,NM,PNM
38828,RIO RANCHO 2,35.248,-106.632,26.4,NM,PNM
38829,JEMEZ PUEBLO,35.6011,-106.716,6.77,NM,PNM
38830,LAS CRUCES 3,32.2392,-106.787,27.21,NM,EPE
38831,LAS CRUCES 4,32.3278,-106.767,26.24,NM,EPE
38832,ALBUQUERQUE 25,35.1645,-106.771,40.62,NM,PNM
38833,ALBUQUERQUE 26,35.2329,-106.835,40.62,NM,PNM
38834,LAS CRUCES 5,32.6024,-106.78,18.17,NM,EPE
38835,LAS CRUCES 6,32.5524,-106.723,18.55,NM,EPE
38836,RIO RANCHO 3,35.3482,-106.817,35.98,NM,PNM
38837,RIO RANCHO 4,35.2217,-106.864,35.98,NM,PNM
38838,LA MESA 4,32.0866,-106.725,8.54,NM,EPE
38839,LAS CRUCES 7,32.3559,-106.751,18.98,NM,EPE
38840,LAS CRUCES 8,32.2654,-106.741,20.23,NM,EPE
38841,SOCORRO,34.0447,-106.838,16.99,NM,PNM
38842,ALBUQUERQUE 27,35.0507,-106.871,35.8,NM,PNM
38843,ALBUQUERQUE 28,35.1712,-106.857,35.8,NM,PNM
38844,ALBUQUERQUE 29,35.1064,-106.89,35.8,NM,PNM
38845,LAS CRUCES 9,32.403,-106.979,35.87,NM,EPE
38846,DULCE,36.6855,-106.893,7.53,NM,PNM
38847,ANTHONY 1,31.8977,-106.977,25.79,NM,EPE
38848,LOS LUNAS 1,34.7175,-107.029,30.85,NM,PNM
38849,LOS LUNAS 2,34.7345,-107.004,30.85,NM,PNM
38850,TRUTH OR CONSEQUENCES,33.3097,-107.185,12.65,NM,EPE
38851,HATCH,32.5862,-107.166,6.33,NM,EPE
38852,LAGUNA,34.8814,-107.237,8.76,NM,PNM
38853,CUBA,35.8622,-107.47,9.39,NM,PNM
38854,ARREY,32.8881,-107.359,4.52,NM,EPE
38855,PUEBLO OF ACOMA,34.721,-107.655,3.48,NM,PNM
38856,MAGDALENA,33.7878,-107.746,5.46,NM,PNM
38857,COLUMBUS 1,31.766,-108.208,4.14,NM,PNM
38858,DEMING 1,32.2146,-107.751,32.51,NM,EPE
38859,MILAN,35.195,-107.854,9.61,NM,PNM
38860,AZTEC,36.908,-107.915,26.13,NM,PNM
38861,GRANTS,34.9141,-107.916,15.89,NM,PNM
38862,BLOOMFIELD 1,36.4421,-108.04,24.14,NM,PNM
38863,CROWNPOINT,35.8985,-108.142,7.93,NM,PNM
38864,BAYARD,32.7636,-108.139,13.07,NM,PNM
38865,FARMINGTON 2,36.8291,-108.168,17.96,NM,PNM
38866,FARMINGTON 3,36.6945,-108.171,32.41,NM,PNM
38867,FARMINGTON 4,36.7491,-108.093,32.41,NM,PNM
38868,THOREAU,35.3582,-108.285,8.64,NM,PNM
38869,SILVER CITY,32.5662,-108.24,26.02,NM,PNM
38870,KIRTLAND,36.7357,-108.412,9.67,NM,PNM
38871,RAMAH,34.934,-108.309,4.17,NM,PNM
38872,FRUITLAND 1,36.6558,-108.503,10.25,NM,PNM
38873,CHURCH ROCK,35.539,-108.56,6.7,NM,PNM
38874,TOHATCHI,36.0925,-108.628,10.09,NM,PNM
38875,GALLUP 1,35.5057,-108.821,35.71,NM,PNM
38876,RESERVE,33.7657,-108.81,2.55,NM,PNM
38877,YATAHEY,35.5919,-108.706,9.94,NM,PNM
38878,ZUNI,34.981,-108.866,12.33,NM,PNM
38879,GALLUP 2,35.3937,-108.716,7.05,NM,PNM
38880,SHIPROCK,36.8633,-108.869,16.75,NM,PNM
38881,WATERFLOW,36.8006,-108.439,0.0,NM,PNM
38882,FARMINGTON 5,36.8061,-107.613,2.0,NM,PNM
38883,DEMING 2,32.5543,-107.509,0.0,NM,EPE
38884,PREWITT,35.4159,-108.082,2.45,NM,PNM
38885,TYRONE,32.6618,-108.363,2.1,NM,PNM
38886,SUNLAND PARK 2,31.8047,-106.547,0.0,NM,EPE
38887,LORDSBURG 1,32.3505,-108.698,5.45,NM,PNM
38888,ALGODONES 2,35.3844,-106.464,0.0,NM,PNM
38889,DEMING 3,32.2993,-107.783,0.0,NM,EPE
38890,BELEN 2,34.6115,-106.732,0.0,NM,PNM
38891,LA MESA 5,31.7928,-106.673,0.0,NM,EPE
38892,ALBUQUERQUE 30,35.026,-106.644,0.0,NM,PNM
38893,WILLARD 2,34.4667,-105.963,0.0,NM,PNM
38894,CUBERO,35.2689,-107.383,0.0,NM,PNM
38895,BLOOMFIELD 2,36.7367,-107.942,0.0,NM,PNM
38896,HURLEY,32.6956,-108.123,0.0,NM,PNM
38897,LORDSBURG 2,32.2363,-108.549,0.0,NM,PNM
38898,LA MESA 6,32.1142,-106.846,0.0,NM,EPE
38899,FRUITLAND 2,36.69,-108.481,0.0,NM,PNM
38900,DEMING 4,32.57,-107.48,0.0,NM,EPE
38901,FARMINGTON 6,36.7166,-108.215,0.0,NM,PNM
38902,ALBUQUERQUE 31,35.171,-106.602,0.0,NM,PNM
38903,DOVE CREEK,37.6341,-108.941,5.85,CO,WACM
38904,FRUITA,39.0588,-108.743,42.02,CO,PSCO
38905,LOMA,39.2079,-108.781,10.79,CO,PSCO
38906,CORTEZ,37.3514,-108.722,43.48,CO,WACM
38907,RANGELY,40.0013,-108.635,8.51,CO,PSCO
38908,GRAND JUNCTION 1,39.1,-108.681,39.21,CO,PSCO
38909,GRAND JUNCTION 2,39.1519,-108.493,61.01,CO,PSCO
38910,GRAND JUNCTION 3,39.2037,-108.467,25.43,CO,PSCO
38911,GRAND JUNCTION 4,39.0428,-108.593,28.5,CO,PSCO
38912,GRAND JUNCTION 5,39.0926,-108.58,37.03,CO,PSCO
38913,GRAND JUNCTION 6,39.0205,-108.476,37.03,CO,PSCO
38914,WHITEWATER,38.7006,-108.539,5.75,CO,PSCO
38915,GRAND JUNCTION 7,38.9438,-108.367,39.65,CO,PSCO
38916,CLIFTON 2,39.1667,-108.497,34.96,CO,PSCO
38917,NORWOOD,38.1169,-108.47,10.99,CO,WACM
38918,PALISADE,39.0418,-108.298,13.83,CO,PSCO
38919,MANCOS,37.3307,-108.309,10.65,CO,WACM
38920,OLATHE,38.5626,-108.163,14.1,CO,WACM
38921,HESPERUS,37.2257,-108.235,5.7,CO,WACM
38922,DELTA 3,38.6897,-108.178,36.07,CO,WACM
38923,DOLORES,37.6942,-108.095,12.19,CO,WACM
38924,RIFLE 1,39.6562,-108.158,33.82,CO,PSCO
38925,PARACHUTE,39.4053,-107.955,15.49,CO,PSCO
38926,ECKERT,38.749,-108.006,8.76,CO,WACM
38927,MONTROSE 1,38.3544,-107.998,27.39,CO,WACM
38928,CEDAREDGE,39.0137,-108.044,16.17,CO,WACM
38929,DURANGO 1,37.1378,-107.959,20.13,CO,WACM
38930,TELLURIDE,37.8401,-107.949,15.27,CO,WACM
38931,DURANGO 2,37.4499,-107.841,36.8,CO,WACM
38932,DURANGO 3,37.3902,-107.806,36.8,CO,WACM
38933,MONTROSE 2,38.4697,-107.861,62.53,CO,WACM
38934,RIDGWAY,38.0309,-107.688,14.06,CO,WACM
38935,MEEKER,40.0504,-107.668,10.26,CO,PSCO
38936,HOTCHKISS,38.9519,-107.661,14.09,CO,WACM
38937,CRAIG 1,40.6623,-107.676,34.24,CO,PSCO
38938,SILT,39.5257,-107.64,12.75,CO,PSCO
38939,IGNACIO,37.087,-107.541,14.29,CO,WACM
38940,PAONIA,38.9069,-107.568,10.03,CO,WACM
38941,NEW CASTLE,39.5346,-107.518,18.47,CO,PSCO
38942,BAYFIELD,37.407,-107.575,21.39,CO,WACM
38943,GLENWOOD SPRINGS,39.6996,-107.347,40.15,CO,PSCO
38944,HAYDEN 1,40.4882,-107.152,6.48,CO,PSCO
38945,CARBONDALE,39.2288,-107.247,43.23,CO,PSCO
38946,GYPSUM,39.7908,-107.158,20.34,CO,PSCO
38947,PAGOSA SPRINGS,37.4008,-107.138,31.5,CO,WACM
38948,GUNNISON 2,38.3245,-106.922,25.9,CO,WACM
38949,CRESTED BUTTE,38.8792,-106.901,12.36,CO,WACM
38950,SNOWMASS VILLAGE,39.1461,-107.018,7.43,CO,PSCO
38951,BASALT,39.3512,-106.892,16.01,CO,PSCO
38952,STEAMBOAT SPRINGS,40.4749,-106.804,44.35,CO,PSCO
38953,OAK CREEK,40.1593,-106.771,8.66,CO,PSCO
38954,EAGLE 1,39.6113,-106.669,21.36,CO,PSCO
38955,ASPEN,39.2392,-106.7,25.95,CO,PSCO
38956,EDWARDS,39.5612,-106.583,29.63,CO,PSCO
38957,AVON,39.6229,-106.508,27.17,CO,PSCO
38958,KREMMLING 1,40.1661,-106.471,6.37,CO,PSCO
38959,DEL NORTE,37.7115,-106.508,11.39,CO,WACM
38960,BUENA VISTA,38.9922,-106.402,23.24,CO,WACM
38961,WALDEN,40.7589,-106.431,5.33,CO,PSCO
38962,ANTONITO,37.1534,-106.389,7.39,CO,WACM
38963,LEADVILLE 1,39.1514,-106.248,18.43,CO,PSCO
38964,VAIL 2,39.7469,-106.342,15.12,CO,PSCO
38965,SILVERTHORNE,39.6667,-106.282,18.21,CO,PSCO
38966,FRISCO,39.4819,-106.164,10.28,CO,PSCO
38967,MONTE VISTA,37.4908,-106.077,19.09,CO,WACM
38968,LA JARA,37.3622,-106.057,7.14,CO,WACM
38969,CENTER,37.8213,-106.04,14.48,CO,WACM
38970,SALIDA,38.5118,-106.094,26.97,CO,WACM
38971,BRECKENRIDGE,39.425,-105.992,27.46,CO,PSCO
38972,FAIRPLAY,39.3205,-105.987,9.8,CO,PSCO
38973,GRANBY,40.097,-105.909,15.79,CO,PSCO
38974,DILLON 1,39.6328,-105.985,22.8,CO,PSCO
38975,FRASER,39.9165,-105.816,11.26,CO,PSCO
38976,ALAMOSA 1,37.3994,-105.898,38.16,CO,WACM
38977,SANFORD,37.208,-105.73,7.39,CO,WACM
38978,GRAND LAKE,40.2506,-105.805,6.33,CO,PSCO
38979,IDAHO SPRINGS,39.6612,-105.738,9.82,CO,PSCO
38980,COTOPAXI,38.2957,-105.595,7.14,CO,WACM
38981,ESTES PARK 1,40.4821,-105.608,24.84,CO,PSCO
38982,BELLVUE,40.6437,-105.543,5.68,CO,PSCO
38983,BLACK HAWK,39.9342,-105.51,14.85,CO,PSCO
38984,BAILEY,39.3892,-105.413,24.6,CO,PSCO
38985,EVERGREEN,39.6225,-105.421,65.01,CO,PSCO
38986,WESTCLIFFE,38.1541,-105.405,9.96,CO,WACM
38987,SAN LUIS 3,37.0155,-105.364,6.56,CO,WACM
38988,CANON CITY 1,38.4964,-105.341,38.66,CO,WACM
38989,CANON CITY 2,38.6001,-105.445,40.76,CO,WACM
38990,BOULDER 1,39.9878,-105.363,35.02,CO,PSCO
38991,BOULDER 2,39.9744,-105.435,46.54,CO,PSCO
38992,LIVERMORE 7,40.84,-105.44,7.05,CO,PSCO
38993,LYONS 2,40.2982,-105.36,14.23,CO,PSCO
38994,PINE 2,39.4322,-105.367,8.55,CO,PSCO
38995,FLORISSANT,38.8132,-105.39,13.47,CO,PSCO
38996,GOLDEN 1,39.8859,-105.282,48.01,CO,PSCO
38997,BOULDER 3,40.0408,-105.292,33.31,CO,PSCO
38998,BOULDER 4,39.991,-105.332,33.31,CO,PSCO
38999,BOULDER 5,40.0352,-105.225,17.1,CO,PSCO
39000,CONIFER,39.4031,-105.251,22.2,CO,PSCO
39001,BOULDER 6,39.8794,-105.221,43.87,CO,PSCO
39002,GOLDEN 2,39.6501,-105.221,51.19,CO,PSCO
39003,GOLDEN 3,39.678,-105.179,51.19,CO,PSCO
39004,LONGMONT 1,40.2314,-105.178,40.38,CO,PSCO
39005,LONGMONT 2,40.1444,-105.217,40.38,CO,PSCO
39006,BOULDER 7,39.9045,-105.266,58.14,CO,PSCO
39007,MORRISON,39.6994,-105.297,39.89,CO,PSCO
39008,BOULDER 8,40.0354,-105.149,98.99,CO,PSCO
39009,ARVADA 1,39.8173,-105.21,18.88,CO,PSCO
39010,DIVIDE,38.8916,-105.188,10.46,CO,PSCO
39011,LAPORTE,40.7915,-105.154,6.85,CO,PSCO
39012,LOVELAND 1,40.3189,-105.11,50.47,CO,PSCO
39013,LOVELAND 2,40.3992,-105.11,50.47,CO,PSCO
39014,DENVER 1,39.6472,-105.21,39.18,CO,PSCO
39015,DENVER 2,39.7734,-105.113,39.18,CO,PSCO
39016,LITTLETON 1,39.4318,-105.174,55.38,CO,PSCO
39017,LITTLETON 2,39.5019,-105.186,55.38,CO,PSCO
39018,LOUISVILLE,40.0108,-105.215,40.34,CO,PSCO
39019,SEDALIA,39.2311,-105.124,9.97,CO,PSCO
39020,CRIPPLE CREEK,38.7675,-105.197,5.34,CO,PSCO
39021,FORT COLLINS 1,40.4218,-105.223,57.44,CO,PSCO
39022,FORT COLLINS 2,40.4763,-105.075,57.44,CO,PSCO
39023,FLORENCE 4,38.3155,-105.05,26.48,CO,WACM
39024,ARVADA 2,39.9086,-105.065,33.22,CO,PSCO
39025,ARVADA 3,39.8663,-105.146,33.22,CO,PSCO
39026,FORT COLLINS 3,40.6037,-105.192,43.43,CO,PSCO
39027,FORT COLLINS 4,40.5927,-105.209,43.43,CO,PSCO
39028,ARVADA 4,39.8457,-105.082,46.66,CO,PSCO
39029,ARVADA 5,39.8824,-105.143,46.66,CO,PSCO
39030,DENVER 3,39.8058,-105.191,46.39,CO,PSCO
39031,BROOMFIELD 1,39.8067,-105.053,39.07,CO,PSCO
39032,BROOMFIELD 2,39.7915,-105.127,39.07,CO,PSCO
39033,WOODLAND PARK,38.9958,-105.107,32.95,CO,PSCO
39034,LA VETA,37.543,-105.028,7.06,CO,WACM
39035,ARVADA 6,39.777,-105.094,46.85,CO,PSCO
39036,BERTHOUD,40.2879,-105.02,26.77,CO,PSCO
39037,LONGMONT 3,40.1513,-105.132,51.67,CO,PSCO
39038,LONGMONT 4,40.2598,-105.127,51.38,CO,PSCO
39039,WHEAT RIDGE,39.6973,-105.054,62.32,CO,PSCO
39040,LAFAYETTE 2,39.9285,-105.079,34.29,CO,PSCO
39041,LAFAYETTE 3,39.9409,-105.195,34.29,CO,PSCO
39042,DENVER 4,39.7414,-105.148,40.21,CO,PSCO
39043,DENVER 5,39.6222,-105.048,40.21,CO,PSCO
39044,DENVER 6,39.5941,-105.012,55.67,CO,PSCO
39045,DENVER 7,39.7428,-105.093,43.77,CO,PSCO
39046,DENVER 8,39.731,-105.182,45.36,CO,PSCO
39047,DENVER 9,39.558,-105.138,19.68,CO,PSCO
39048,LITTLETON 3,39.5227,-105.083,46.12,CO,PSCO
39049,LITTLETON 4,39.5135,-105.092,45.48,CO,PSCO
39050,BROOMFIELD 3,39.8604,-105.04,60.93,CO,PSCO
39051,BROOMFIELD 4,39.9669,-105.163,60.93,CO,PSCO
39052,LITTLETON 5,39.6397,-105.012,58.23,CO,PSCO
39053,LITTLETON 6,39.6068,-105.09,58.23,CO,PSCO
39054,DENVER 10,39.7988,-105.098,64.53,CO,PSCO
39055,ARVADA 7,39.8996,-105.025,46.0,CO,PSCO
39056,ARVADA 8,39.751,-105.054,46.0,CO,PSCO
39057,LITTLETON 7,39.4916,-105.038,26.49,CO,PSCO
39058,LOVELAND 3,40.4265,-105.113,57.11,CO,PSCO
39059,LOVELAND 4,40.4244,-105.086,57.11,CO,PSCO
39060,WELLINGTON 3,40.8866,-105.121,23.59,CO,PSCO
39061,DENVER 11,39.74,-105.1,46.93,CO,PSCO
39062,DENVER 12,39.6978,-105.019,41.92,CO,PSCO
39063,WESTMINSTER 4,39.9674,-104.997,44.11,CO,PSCO
39064,WESTMINSTER 5,39.7934,-105.072,44.11,CO,PSCO
39065,WESTMINSTER 6,39.8797,-105.063,39.86,CO,PSCO
39066,FORT COLLINS 5,40.5899,-104.941,64.95,CO,PSCO
39067,FORT COLLINS 6,40.5142,-105.118,62.94,CO,PSCO
39068,DENVER 13,39.7549,-105.051,79.68,CO,PSCO
39069,DENVER 14,39.7709,-104.998,79.68,CO,PSCO
39070,PENROSE,38.4146,-104.958,11.24,CO,WACM
39071,LONGMONT 5,40.2036,-104.932,60.94,CO,PSCO
39072,LONGMONT 6,40.1338,-104.986,60.94,CO,PSCO
39073,FORT COLLINS 7,40.7325,-104.995,41.17,CO,PSCO
39074,FORT COLLINS 8,40.7031,-104.994,41.17,CO,PSCO
39075,ERIE,40.018,-105.04,62.51,CO,PSCO
39076,DENVER 15,39.6702,-105.012,40.94,CO,PSCO
39077,DENVER 16,39.6467,-105.045,40.94,CO,PSCO
39078,DENVER 17,39.7922,-104.949,41.06,CO,PSCO
39079,DENVER 18,39.7819,-105.106,41.06,CO,PSCO
39080,LITTLETON 8,39.654,-105.012,36.97,CO,PSCO
39081,LITTLETON 9,39.6583,-105.082,36.97,CO,PSCO
39082,ENGLEWOOD 1,39.5762,-105.028,54.25,CO,PSCO
39083,DENVER 19,39.7935,-105.09,49.11,CO,PSCO
39084,DENVER 20,39.8053,-104.981,49.11,CO,PSCO
39085,LITTLETON 10,39.4589,-105.021,35.11,CO,PSCO
39086,LITTLETON 11,39.5535,-104.986,35.11,CO,PSCO
39087,BROOMFIELD 5,39.9256,-104.986,40.08,CO,PSCO
39088,DENVER 21,39.8781,-105.047,40.84,CO,PSCO
39089,DENVER 22,39.7747,-104.974,40.84,CO,PSCO
39090,FORT COLLINS 9,40.4443,-104.921,46.66,CO,PSCO
39091,DENVER 23,39.6689,-105.095,46.77,CO,PSCO
39092,DENVER 24,39.8226,-104.914,33.72,CO,PSCO
39093,DENVER 25,39.8715,-104.941,33.72,CO,PSCO
39094,DENVER 26,39.8215,-105.057,26.38,CO,PSCO
39095,DENVER 27,39.7992,-104.972,48.98,CO,PSCO
39096,DENVER 28,39.6884,-104.958,46.61,CO,PSCO
39097,DENVER 29,39.6983,-104.878,55.97,CO,PSCO
39098,ENGLEWOOD 2,39.6438,-104.952,53.46,CO,PSCO
39099,DENVER 30,39.7047,-104.947,37.99,CO,PSCO
39100,DENVER 31,39.619,-105.053,44.13,CO,PSCO
39101,DENVER 32,39.7304,-105.008,44.13,CO,PSCO
39102,LITTLETON 12,39.5462,-104.987,51.61,CO,PSCO
39103,LITTLETON 13,39.5973,-104.865,51.61,CO,PSCO
39104,DENVER 33,39.7288,-104.985,28.4,CO,PSCO
39105,DENVER 34,39.8234,-104.872,64.48,CO,PSCO
39106,DENVER 35,39.8597,-104.957,64.48,CO,PSCO
39107,DACONO,40.0581,-105.05,10.68,CO,PSCO
39108,LITTLETON 14,39.6293,-104.964,38.72,CO,PSCO
39109,LITTLETON 15,39.5405,-105.048,38.72,CO,PSCO
39110,THORNTON 1,39.832,-104.998,41.27,CO,PSCO
39111,THORNTON 2,40.0151,-104.971,41.27,CO,PSCO
39112,LITTLETON 16,39.5391,-104.902,46.42,CO,PSCO
39113,DENVER 36,39.6954,-104.873,55.95,CO,PSCO
39114,DENVER 37,39.948,-104.946,59.0,CO,PSCO
39115,DENVER 38,39.87,-104.935,59.0,CO,PSCO
39116,JOHNSTOWN,40.3339,-105.035,38.82,CO,PSCO
39117,DENVER 39,39.6274,-105.013,33.47,CO,PSCO
39118,DENVER 40,39.6892,-104.873,52.19,CO,PSCO
39119,LITTLETON 17,39.4833,-104.838,35.17,CO,PSCO
39120,LITTLETON 18,39.6227,-104.953,35.17,CO,PSCO
39121,DENVER 41,39.8276,-104.862,55.16,CO,PSCO
39122,DENVER 42,39.6414,-104.839,43.59,CO,PSCO
39123,DENVER 43,39.6705,-104.875,43.59,CO,PSCO
39124,BRIGHTON 1,39.8881,-104.947,35.96,CO,PSCO
39125,BRIGHTON 2,40.0001,-104.883,39.86,CO,PSCO
39126,DENVER 44,39.6888,-104.938,82.85,CO,PSCO
39127,COLORADO SPRINGS 1,39.0203,-104.835,49.4,CO,WACM
39128,LARKSPUR,39.1971,-104.983,19.11,CO,PSCO
39129,RYE,37.9221,-105.003,4.91,CO,WACM
39130,DENVER 45,39.722,-104.891,45.68,CO,PSCO
39131,CASTLE ROCK 2,39.4267,-104.986,44.77,CO,PSCO
39132,WINDSOR 3,40.5348,-104.916,57.48,CO,PSCO
39133,LONE TREE,39.4684,-104.96,46.85,CO,PSCO
39134,DENVER 46,39.7875,-104.919,19.65,CO,PSCO
39135,DENVER 47,39.5929,-104.871,41.77,CO,PSCO
39136,DENVER 48,39.5905,-104.809,41.77,CO,PSCO
39137,HENDERSON 16,39.9737,-104.92,28.74,CO,PSCO
39138,DENVER 49,39.7906,-104.862,26.15,CO,PSCO
39139,DENVER 50,39.7294,-104.82,33.08,CO,PSCO
39140,DENVER 51,39.7954,-104.789,33.08,CO,PSCO
39141,COLORADO SPRINGS 2,38.7371,-104.902,54.23,CO,WACM
39142,COLORADO SPRINGS 3,38.8186,-104.902,52.98,CO,WACM
39143,ENGLEWOOD 3,39.6044,-104.808,37.63,CO,PSCO
39144,ENGLEWOOD 4,39.5389,-104.926,37.63,CO,PSCO
39145,COLORADO SPRINGS 4,38.7821,-104.816,51.65,CO,WACM
39146,AURORA 2,39.8332,-104.942,51.65,CO,PSCO
39147,AURORA 3,39.7909,-104.818,52.24,CO,PSCO
39148,U S A F ACADEMY,39.0553,-104.81,29.16,CO,WACM
39149,ENGLEWOOD 5,39.5714,-104.892,37.98,CO,PSCO
39150,ENGLEWOOD 6,39.4883,-104.916,37.98,CO,PSCO
39151,CASTLE ROCK 3,39.364,-104.76,58.79,CO,PSCO
39152,COLORADO SPRINGS 5,38.8286,-104.866,35.62,CO,WACM
39153,COLORADO SPRINGS 6,38.8943,-104.879,35.62,CO,WACM
39154,MILLIKEN,40.3352,-104.835,17.98,CO,PSCO
39155,MONUMENT,39.079,-104.825,51.06,CO,WACM
39156,DENVER 52,39.8563,-104.895,52.67,CO,PSCO
39157,DENVER 53,39.8185,-104.891,52.67,CO,PSCO
39158,COLORADO SPRINGS 7,38.7479,-104.76,42.26,CO,WACM
39159,AURORA 4,39.6834,-104.776,48.44,CO,PSCO
39160,AURORA 5,39.6374,-104.838,47.72,CO,PSCO
39161,AURORA 6,39.6387,-104.888,60.66,CO,PSCO
39162,AURORA 7,39.6729,-104.92,60.66,CO,PSCO
39163,CASTLE ROCK 4,39.3117,-104.906,35.86,CO,PSCO
39164,CASTLE ROCK 5,39.1964,-104.764,35.86,CO,PSCO
39165,COLORADO SPRINGS 8,38.9512,-104.765,34.79,CO,WACM
39166,COLORADO SPRINGS 9,38.9067,-104.882,34.79,CO,WACM
39167,COLORADO SPRINGS 10,38.9042,-104.724,39.15,CO,WACM
39168,PUEBLO 1,38.1375,-104.741,38.97,CO,WACM
39169,PUEBLO 2,38.1639,-104.871,42.18,CO,WACM
39170,PLATTEVILLE 1,40.3053,-104.909,10.86,CO,PSCO
39171,COLORADO SPRINGS 11,38.7232,-104.87,31.95,CO,WACM
39172,BRIGHTON 3,40.0551,-104.742,43.98,CO,PSCO
39173,BRIGHTON 4,39.9395,-104.778,43.98,CO,PSCO
39174,FORT LUPTON 1,40.1958,-104.828,31.41,CO,PSCO
39175,COMMERCE CITY 1,39.7835,-104.765,59.9,CO,PSCO
39176,COMMERCE CITY 2,39.8826,-104.785,55.51,CO,PSCO
39177,GREELEY 1,40.4026,-104.731,68.72,CO,PSCO
39178,GREELEY 2,40.3452,-104.802,68.72,CO,PSCO
39179,AURORA 8,39.604,-104.716,44.55,CO,PSCO
39180,AURORA 9,39.648,-104.701,44.55,CO,PSCO
39181,AURORA 10,39.7532,-104.797,61.7,CO,PSCO
39182,AURORA 11,39.7158,-104.799,61.7,CO,PSCO
39183,COLORADO SPRINGS 12,38.988,-104.81,59.11,CO,WACM
39184,COLORADO SPRINGS 13,38.9682,-104.846,59.11,CO,WACM
39185,AURORA 12,39.5718,-104.717,81.16,CO,PSCO
39186,AURORA 13,39.6515,-104.773,81.16,CO,PSCO
39187,PARKER 2,39.5536,-104.839,71.6,CO,PSCO
39188,PARKER 3,39.5522,-104.836,71.6,CO,PSCO
39189,COLORADO SPRINGS 14,38.755,-104.821,46.46,CO,WACM
39190,COLORADO SPRINGS 15,38.7846,-104.844,46.46,CO,WACM
39191,COLORADO SPRINGS 16,38.7993,-104.802,38.44,CO,WACM
39192,COLORADO SPRINGS 17,38.7817,-104.864,37.43,CO,WACM
39193,PUEBLO 3,38.4573,-104.724,38.62,CO,WACM
39194,PUEBLO 4,38.4547,-104.777,38.62,CO,WACM
39195,COLORADO SPRINGS 18,39.048,-104.692,50.14,CO,WACM
39196,COLORADO SPRINGS 19,38.8988,-104.842,64.38,CO,WACM
39197,AURORA 14,39.6127,-104.797,90.46,CO,PSCO
39198,AURORA 15,39.6146,-104.756,90.46,CO,PSCO
39199,COLORADO SPRINGS 20,38.9526,-104.652,48.98,CO,WACM
39200,COLORADO SPRINGS 21,38.7878,-104.843,38.05,CO,WACM
39201,WALSENBURG,37.5838,-104.642,14.79,CO,WACM
39202,BRIGHTON 5,39.936,-104.672,31.13,CO,PSCO
39203,COLORADO SPRINGS 22,38.6897,-104.795,39.77,CO,WACM
39204,COLORADO SPRINGS 23,38.7754,-104.762,39.77,CO,WACM
39205,EVANS,40.3386,-104.802,46.22,CO,PSCO
39206,COLORADO SPRINGS 24,38.9383,-104.762,50.75,CO,WACM
39207,COLORADO SPRINGS 25,39.016,-104.756,33.94,CO,WACM
39208,COLORADO SPRINGS 26,38.9857,-104.655,35.55,CO,WACM
39209,PUEBLO 5,37.9998,-104.767,37.6,CO,WACM
39210,PUEBLO 6,38.1063,-104.67,37.26,CO,WACM
39211,FRANKTOWN,39.3138,-104.663,10.25,CO,PSCO
39212,COLORADO SPRINGS 27,38.8897,-104.732,45.03,CO,WACM
39213,COLORADO SPRINGS 28,38.8018,-104.613,45.03,CO,WACM
39214,AURORA 16,39.699,-104.61,53.58,CO,PSCO
39215,AURORA 17,39.5174,-104.729,53.58,CO,PSCO
39216,COLORADO SPRINGS 29,38.9547,-104.686,34.51,CO,WACM
39217,COLORADO SPRINGS 30,38.9595,-104.715,34.51,CO,WACM
39218,DENVER 54,39.9264,-104.653,60.85,CO,PSCO
39219,COLORADO SPRINGS 31,38.983,-104.734,35.95,CO,WACM
39220,AURORA 18,39.6669,-104.68,23.94,CO,PSCO
39221,FOUNTAIN 1,38.7107,-104.736,43.27,CO,WACM
39222,FOUNTAIN 2,38.5843,-104.663,35.5,CO,WACM
39223,GREELEY 3,40.3615,-104.596,63.18,CO,PSCO
39224,GREELEY 4,40.3829,-104.584,63.18,CO,PSCO
39225,PARKER 4,39.5636,-104.592,38.72,CO,WACM
39226,PARKER 5,39.57,-104.769,38.72,CO,PSCO
39227,LA SALLE,40.411,-104.626,12.61,CO,PSCO
39228,COLORADO SPRINGS 32,38.7142,-104.604,19.08,CO,WACM
39229,EATON,40.4608,-104.683,19.45,CO,PSCO
39230,PUEBLO 7,38.2001,-104.654,38.84,CO,WACM
39231,PUEBLO 8,38.4127,-104.582,25.07,CO,WACM
39232,HUDSON,40.0578,-104.539,11.2,CO,PSCO
39233,AULT,40.7366,-104.511,12.27,CO,PSCO
39234,ELIZABETH,39.3694,-104.498,31.31,CO,WACM
39235,PUEBLO 9,38.2628,-104.567,39.65,CO,WACM
39236,PUEBLO 10,38.3872,-104.584,39.65,CO,WACM
39237,TRINIDAD,37.2339,-104.47,32.95,CO,WACM
39238,ELBERT,39.2814,-104.532,11.0,CO,WACM
39239,PUEBLO 11,38.3265,-104.472,32.72,CO,WACM
39240,PEYTON,39.074,-104.451,57.18,CO,WACM
39241,KEENESBURG 1,40.1987,-104.469,7.83,CO,PSCO
39242,KERSEY,40.3542,-104.476,7.77,CO,PSCO
39243,BENNETT,39.6976,-104.538,17.78,CO,PSCO
39244,KIOWA,39.4489,-104.35,7.75,CO,WACM
39245,CALHAN,39.0549,-104.35,21.04,CO,WACM
39246,STRASBURG,39.7604,-104.342,12.57,CO,PSCO
39247,YODER,38.6015,-104.175,5.41,CO,WACM
39248,BYERS,39.7813,-104.157,9.44,CO,PSCO
39249,FOWLER,37.8648,-104.109,6.52,CO,WACM
39250,WIGGINS,40.2362,-104.102,10.46,CO,PSCO
39251,OLNEY SPRINGS,38.2922,-103.868,9.32,CO,WACM
39252,FORT MORGAN,40.1619,-103.748,45.08,CO,PSCO
39253,ROCKY FORD,37.9366,-103.76,16.63,CO,WACM
39254,ORDWAY,38.3358,-103.777,8.74,CO,WACM
39255,LIMON 1,39.3749,-103.667,11.06,CO,WACM
39256,BRUSH 1,40.1357,-103.608,20.7,CO,PSCO
39257,LA JUNTA,37.8559,-103.5,26.48,CO,WACM
39258,STERLING,40.5609,-103.282,52.79,CO,PSCO
39259,AKRON,40.0619,-103.28,6.65,CO,PSCO
39260,LAS ANIMAS,37.9816,-103.238,14.84,CO,WACM
39261,FLAGLER,39.4341,-103.033,5.82,CO,WACM
39262,SPRINGFIELD 6,37.4353,-102.723,6.11,CO,WACM
39263,YUMA 9,40.1309,-102.685,15.68,CO,PSCO
39264,LAMAR 1,37.9959,-102.67,28.12,CO,WACM
39265,HAXTUN,40.63,-102.587,6.17,CO,PSCO
39266,CHEYENNE WELLS,38.7976,-102.456,4.73,CO,WACM
39267,HOLYOKE,40.4935,-102.283,7.92,CO,PSCO
39268,BURLINGTON 3,39.3125,-102.234,13.79,CO,WACM
39269,WALSH,37.2613,-102.154,3.78,CO,WACM
39270,WRAY,40.0964,-102.263,12.45,CO,PSCO
39271,JULESBURG,40.8328,-102.266,5.74,CO,PSCO
39272,HOLLY,38.1543,-102.076,5.08,CO,WACM
39273,PEETZ 1,40.941,-103.259,1.61,CO,PSCO
39274,PEETZ 2,40.9881,-102.897,3.56,CO,PSCO
39275,FOUNTAIN 3,38.5569,-104.688,0.0,CO,WACM
39276,GROVER,40.8944,-104.021,1.99,CO,PSCO
39277,LIMON 2,39.4218,-103.678,0.28,CO,WACM
39278,PEETZ 3,40.986,-103.436,0.0,CO,PSCO
39279,PUEBLO 12,38.2081,-104.575,0.0,CO,WACM
39280,LIMON 3,39.381,-103.573,3.73,CO,WACM
39281,FORT LUPTON 2,40.0986,-104.774,0.0,CO,PSCO
39282,BOULDER 9,40.0195,-105.202,0.0,CO,PSCO
39283,BURLINGTON 4,39.3561,-102.243,4.72,CO,WACM
39284,PLATTEVILLE 2,40.2461,-104.874,0.0,CO,PSCO
39285,ALAMOSA 2,37.4594,-105.895,3.47,CO,WACM
39286,LAMAR 2,38.0333,-102.538,4.48,CO,WACM
39287,LAMAR 3,37.6735,-102.862,0.58,CO,WACM
39288,HAYDEN 2,40.4856,-107.185,0.0,CO,PSCO
39289,NEW RAYMER,40.9475,-103.784,0.0,CO,PSCO
39290,AURORA 19,39.7479,-104.681,0.0,CO,PSCO
39291,VONA,39.3533,-103.474,0.0,CO,WACM
39292,LOVELAND 5,40.3651,-105.325,0.0,CO,PSCO
39293,DENVER 55,39.8073,-104.965,0.0,CO,PSCO
39294,BRUSH 2,40.2415,-103.631,0.0,CO,PSCO
39295,NUCLA,38.2383,-108.507,0.0,CO,WACM
39296,GEORGETOWN,39.6551,-105.709,0.0,CO,PSCO
39297,BRUSH 3,40.2217,-103.68,0.0,CO,PSCO
39298,COMMERCE CITY 3,39.9411,-104.682,0.0,CO,PSCO
39299,LAMAR 4,37.7033,-102.623,0.0,CO,WACM
39300,COLORADO SPRINGS 33,38.8814,-104.817,0.0,CO,WACM
39301,MONTROSE 3,38.5106,-107.625,0.0,CO,WACM
39302,LIMON 4,39.2038,-103.7,0.0,CO,WACM
39303,ARVADA 9,39.8575,-105.226,0.0,CO,PSCO
39304,FOUNTAIN 4,38.6335,-104.706,0.0,CO,WACM
39305,LIMON 5,39.3414,-103.581,0.0,CO,WACM
39306,LYONS 3,40.365,-105.236,0.0,CO,PSCO
39307,PUEBLO 13,38.3208,-104.526,0.0,CO,WACM
39308,KREMMLING 2,39.8788,-106.333,0.0,CO,PSCO
39309,MOSCA,37.6945,-105.928,0.0,CO,WACM
39310,MONTROSE 4,38.4518,-107.539,0.0,CO,WACM
39311,DENVER 56,39.7373,-105.017,0.0,CO,PSCO
39312,MONTROSE 5,38.4532,-107.337,0.0,CO,WACM
39313,BRUSH 4,40.2171,-103.685,0.0,CO,PSCO
39314,FLEMING,40.7569,-102.743,0.0,CO,PSCO
39315,BURLINGTON 5,39.3383,-102.353,0.0,CO,WACM
39316,BOULDER 10,40.0205,-105.201,0.0,CO,PSCO
39317,LEADVILLE 2,39.0942,-106.352,0.0,CO,PSCO
39318,KEENESBURG 2,40.0908,-104.595,0.0,CO,PSCO
39319,DENVER 57,39.6692,-105.002,0.0,CO,PSCO
39320,FORT LUPTON 3,40.0922,-104.796,0.0,CO,PSCO
39321,RIFLE 2,39.5173,-107.73,0.0,CO,PSCO
39322,ARVADA 10,39.8586,-105.226,0.0,CO,PSCO
39323,COLORADO SPRINGS 34,38.8244,-104.833,0.0,CO,WACM
39324,ESTES PARK 2,40.3768,-105.51,0.0,CO,PSCO
39325,FREDERICK,40.0922,-104.888,0.0,CO,PSCO
39326,PEETZ 4,40.983,-102.965,0.0,CO,PSCO
39327,CRAIG 2,40.4627,-107.591,0.0,CO,PSCO
39328,PEETZ 5,40.9642,-103.077,0.0,CO,PSCO
39329,FOUNTAIN 5,38.6281,-104.707,0.0,CO,WACM
39330,WELLINGTON 4,40.8609,-105.021,0.0,CO,PSCO
39331,WILSON,43.4846,-111.035,12.27,WY,PACE
39332,THAYNE,43.0422,-110.958,10.87,WY,PACE
39333,AFTON,42.7542,-110.881,15.53,WY,PACE
39334,ALPINE 3,43.0111,-110.727,6.32,WY,PACE
39335,JACKSON 3,43.333,-110.543,43.53,WY,PACE
39336,KEMMERER 1,41.9253,-110.605,10.26,WY,PACE
39337,LYMAN,41.3542,-110.295,10.22,WY,PACE
39338,BIG PINEY,42.4673,-110.207,10.37,WY,PACE
39339,PINEDALE,42.8567,-109.706,14.52,WY,PACE
39340,DUBOIS,43.551,-109.746,6.22,WY,PACE
39341,GREEN RIVER 2,41.7556,-109.757,36.64,WY,PACE
39342,CODY,44.3983,-109.589,42.5,WY,PACE
39343,ROCK SPRINGS 1,41.461,-109.046,37.14,WY,PACE
39344,ROCK SPRINGS 2,41.4317,-108.976,36.36,WY,PACE
39345,FORT WASHAKIE,42.949,-108.982,5.57,WY,PACE
39346,POWELL,44.8865,-108.844,34.29,WY,PACE
39347,LANDER,42.755,-108.535,36.35,WY,PACE
39348,THERMOPOLIS,43.6889,-108.441,14.47,WY,PACE
39349,RIVERTON 3,42.9856,-108.216,54.72,WY,PACE
39350,LOVELL,44.8457,-108.137,11.27,WY,PACE
39351,WORLAND,43.9228,-108.133,20.71,WY,PACE
39352,BASIN,44.2931,-108.133,7.8,WY,PACE
39353,GREYBULL,44.498,-107.664,7.89,WY,PACE
39354,RAWLINS,41.8154,-107.498,28.36,WY,WACM
39355,RANCHESTER,44.9294,-107.232,6.58,WY,WACM
39356,STORY,44.4944,-106.91,5.38,WY,WACM
39357,SARATOGA 3,41.3388,-106.784,8.96,WY,WACM
39358,CASPER 1,42.7644,-106.839,33.65,WY,WACM
39359,CASPER 2,42.8821,-106.813,33.91,WY,WACM
39360,BUFFALO,44.1688,-106.655,23.72,WY,WACM
39361,CASPER 3,43.0532,-106.415,37.45,WY,WACM
39362,CASPER 4,42.9899,-106.37,39.47,WY,WACM
39363,CASPER 5,42.7117,-106.101,40.9,WY,WACM
39364,EVANSVILLE,42.853,-106.127,10.35,WY,WACM
39365,GLENROCK 1,42.7658,-105.797,10.75,WY,WACM
39366,LARAMIE 1,41.2003,-105.895,52.17,WY,WACM
39367,GILLETTE 1,44.4174,-105.728,49.84,WY,WACM
39368,GILLETTE 2,43.9675,-105.709,59.81,WY,WACM
39369,WRIGHT 1,43.7864,-105.535,5.6,WY,WACM
39370,LARAMIE 2,41.4919,-105.553,40.73,WY,WACM
39371,DOUGLAS 3,43.0083,-105.324,25.19,WY,WACM
39372,WHEATLAND 1,41.9347,-105.055,17.85,WY,WACM
39373,CHEYENNE 1,41.0597,-105.008,46.13,WY,WACM
39374,CHEYENNE 2,41.0637,-105.016,46.48,WY,WACM
39375,MOORCROFT,44.4114,-104.86,10.73,WY,WACM
39376,CHEYENNE 3,41.361,-104.945,41.31,WY,WACM
39377,CHEYENNE 4,41.4537,-104.756,43.02,WY,WACM
39378,GUERNSEY,42.1626,-104.763,7.66,WY,WACM
39379,CHEYENNE 5,41.1436,-104.776,50.73,WY,WACM
39380,UPTON,43.9535,-104.617,4.79,WY,WACM
39381,SUNDANCE,44.4068,-104.362,7.46,WY,WACM
39382,BURNS 2,41.226,-104.357,8.36,WY,WACM
39383,LUSK,42.9605,-104.39,6.38,WY,WACM
39384,TORRINGTON,42.2294,-104.133,29.97,WY,WACM
39385,GLENROCK 2,42.8378,-105.777,0.0,WY,WACM
39386,GLENROCK 3,42.9258,-105.787,0.0,WY,WACM
39387,GILLETTE 3,44.2858,-105.383,0.0,WY,WACM
39388,CHEYENNE 6,41.1297,-105.024,0.06,WY,WACM
39389,GILLETTE 4,44.2856,-105.383,0.0,WY,WACM
39390,ALCOVA 1,42.4766,-106.796,2.96,WY,WACM
39391,ROCK RIVER 1,41.6751,-106.011,0.97,WY,WACM
39392,WRIGHT 2,44.3889,-105.461,0.35,WY,WACM
39393,KEMMERER 2,41.7581,-110.598,1.89,WY,PACE
39394,ROCK RIVER 2,41.6744,-106.18,0.75,WY,WACM
39395,MOUNTAIN VIEW 6,41.2881,-110.481,7.37,WY,PACE
39396,GILLETTE 5,44.2901,-105.381,0.0,WY,WACM
39397,CHEYENNE 7,41.1236,-104.72,0.0,WY,WACM
39398,MEDICINE BOW 1,42.0436,-106.16,1.07,WY,WACM
39399,GREEN RIVER 3,41.6217,-109.812,0.66,WY,PACE
39400,GLENROCK 4,43.0145,-105.999,0.0,WY,WACM
39401,POINT OF ROCKS,41.7378,-108.787,2.53,WY,PACE
39402,GLENROCK 5,43.0572,-105.854,0.0,WY,WACM
39403,ALCOVA 2,42.5484,-106.718,0.0,WY,WACM
39404,GILLETTE 6,44.285,-105.379,4.78,WY,WACM
39405,MOUNTAIN VIEW 7,41.2639,-110.544,0.0,WY,PACE
39406,WHEATLAND 2,42.1089,-104.882,0.0,WY,WACM
39407,GILLETTE 7,44.2919,-105.381,0.0,WY,WACM
39408,MEDICINE BOW 2,41.9203,-106.376,0.0,WY,WACM
39409,GLENROCK 6,43.0181,-105.835,0.0,WY,WACM
39410,SINCLAIR,42.1561,-106.908,0.0,WY,WACM
39411,GILLETTE 8,44.2919,-105.381,0.0,WY,WACM
39412,KEMMERER 3,41.8805,-110.09,0.0,WY,PACE
39413,NYSSA,43.5821,-117.397,13.58,ID,IPCO
39414,HOMEDALE,43.5232,-116.908,16.78,ID,IPCO
39415,POST FALLS 1,47.7573,-116.937,40.97,ID,AVA
39416,POST FALLS 2,47.6912,-116.965,40.97,ID,AVA
39417,WEISER,44.2989,-117.026,20.28,ID,IPCO
39418,RATHDRUM 1,47.9247,-116.998,30.04,ID,AVA
39419,MOSCOW 1,46.7133,-116.94,34.78,ID,AVA
39420,MOSCOW 2,46.7824,-117.015,31.52,ID,AVA
39421,PARMA,43.8032,-116.971,12.96,ID,IPCO
39422,LEWISTON 2,46.1263,-116.974,37.65,ID,BPAT
39423,LEWISTON 3,46.236,-116.857,44.32,ID,BPAT
39424,PLUMMER,47.3541,-116.99,6.89,ID,AVA
39425,FRUITLAND 3,43.963,-116.82,25.52,ID,IPCO
39426,PRIEST RIVER,48.2769,-117.0,18.36,ID,AVA
39427,WILDER,43.567,-116.97,12.19,ID,IPCO
39428,SPIRIT LAKE,48.0347,-116.973,12.66,ID,AVA
39429,POTLATCH,47.04,-116.925,6.8,ID,AVA
39430,COEUR D ALENE 1,47.7211,-116.747,34.12,ID,AVA
39431,COEUR D ALENE 2,47.6416,-116.865,34.12,ID,AVA
39432,CALDWELL 1,43.6831,-116.705,49.09,ID,IPCO
39433,TROY 1,46.7543,-116.764,12.9,ID,AVA
39434,PAYETTE,43.9935,-116.774,22.07,ID,IPCO
39435,ATHOL,48.0276,-116.584,16.08,ID,AVA
39436,HAYDEN 3,47.7226,-116.719,43.98,ID,AVA
39437,CALDWELL 2,43.6829,-116.735,43.61,ID,IPCO
39438,CALDWELL 3,43.5664,-116.635,43.61,ID,IPCO
39439,COEUR D ALENE 3,47.5984,-116.665,54.36,ID,AVA
39440,NAMPA 1,43.6247,-116.634,31.47,ID,IPCO
39441,NAMPA 2,43.539,-116.595,31.47,ID,IPCO
39442,NAMPA 3,43.5309,-116.608,50.85,ID,IPCO
39443,NAMPA 4,43.4053,-116.651,50.85,ID,IPCO
39444,MIDDLETON,43.8313,-116.522,21.95,ID,IPCO
39445,BONNERS FERRY,48.8429,-116.525,24.44,ID,BPAT
39446,SAINT MARIES,47.3158,-116.606,19.01,ID,AVA
39447,SAGLE,48.1641,-116.531,16.4,ID,AVA
39448,NAMPA 5,43.6137,-116.601,32.67,ID,IPCO
39449,NAMPA 6,43.6545,-116.45,32.67,ID,IPCO
39450,SANDPOINT,48.3608,-116.577,40.31,ID,AVA
39451,EMMETT,43.9263,-116.415,33.93,ID,IPCO
39452,STAR,43.8189,-116.456,16.2,ID,IPCO
39453,MERIDIAN 1,43.5542,-116.38,51.81,ID,IPCO
39454,MERIDIAN 2,43.5789,-116.396,51.81,ID,IPCO
39455,MERIDIAN 3,43.5173,-116.438,40.71,ID,IPCO
39456,MERIDIAN 4,43.6606,-116.339,40.71,ID,IPCO
39457,EAGLE 2,43.7999,-116.437,50.12,ID,IPCO
39458,BOISE 1,43.5581,-116.358,30.91,ID,IPCO
39459,BOISE 2,43.6151,-116.268,30.91,ID,IPCO
39460,KUNA 1,43.4444,-116.264,53.89,ID,IPCO
39461,BOISE 3,43.5436,-116.352,55.04,ID,IPCO
39462,BOISE 4,43.5529,-116.219,55.04,ID,IPCO
39463,GARDEN CITY 2,43.759,-116.373,44.64,ID,IPCO
39464,BOISE 5,43.5285,-116.282,43.59,ID,IPCO
39465,BOISE 6,43.5517,-116.229,43.59,ID,IPCO
39466,BOISE 7,43.7017,-116.293,36.44,ID,IPCO
39467,BOISE 8,43.6148,-116.219,58.58,ID,IPCO
39468,BOISE 9,43.4997,-116.185,32.71,ID,IPCO
39469,BOISE 10,43.5891,-116.115,32.71,ID,IPCO
39470,OWYHEE,41.9964,-116.136,2.87,ID,NEVP
39471,BOISE 11,43.7341,-116.19,49.04,ID,IPCO
39472,OROFINO,46.5082,-116.217,14.84,ID,BPAT
39473,HORSESHOE BEND,44.0017,-116.059,12.31,ID,IPCO
39474,KELLOGG,47.5428,-116.055,27.48,ID,BPAT
39475,BOISE 12,43.6242,-116.135,17.93,ID,IPCO
39476,GRANGEVILLE,45.8513,-116.183,21.14,ID,IPCO
39477,DONNELLY,44.6507,-116.103,4.21,ID,IPCO
39478,KAMIAH,46.3069,-115.941,13.7,ID,BPAT
39479,MCCALL,45.0469,-115.909,19.24,ID,IPCO
39480,BOISE 13,43.5022,-115.951,31.95,ID,IPCO
39481,MOUNTAIN HOME 1,43.3434,-115.61,45.74,ID,IPCO
39482,CASCADE 1,44.7551,-115.379,5.47,ID,IPCO
39483,KOOSKIA,46.124,-115.028,5.23,ID,IPCO
39484,BUHL,42.6956,-114.965,21.18,ID,IPCO
39485,WENDELL,42.7329,-114.643,11.89,ID,IPCO
39486,GOODING,43.0224,-114.752,16.59,ID,IPCO
39487,KETCHUM,43.6743,-114.692,12.98,ID,IPCO
39488,FILER,42.5657,-114.695,13.4,ID,IPCO
39489,TWIN FALLS 1,42.4834,-114.485,57.21,ID,IPCO
39490,TWIN FALLS 2,42.4652,-114.458,57.21,ID,IPCO
39491,LOLO,46.7133,-114.419,12.45,ID,NWMT
39492,JEROME,42.6936,-114.492,47.27,ID,IPCO
39493,SHOSHONE,43.0293,-114.393,9.66,ID,IPCO
39494,KIMBERLY 1,42.3756,-114.31,18.81,ID,IPCO
39495,CHALLIS,44.6377,-114.305,6.81,ID,IPCO
39496,HAILEY,43.6472,-114.278,30.64,ID,IPCO
39497,BELLEVUE 8,43.2982,-114.179,8.27,ID,IPCO
39498,HAZELTON,42.5206,-114.148,6.53,ID,IPCO
39499,SALMON,45.0692,-113.84,17.14,ID,IPCO
39500,HEYBURN,42.6048,-113.902,10.89,ID,IPCO
39501,BURLEY 1,42.5019,-113.759,41.07,ID,IPCO
39502,PAUL,42.6652,-113.783,7.17,ID,IPCO
39503,RUPERT 1,42.6767,-113.576,26.99,ID,IPCO
39504,DECLO,42.4475,-113.433,8.91,ID,IPCO
39505,ARCO,43.5699,-113.202,7.13,ID,IPCO
39506,AMERICAN FALLS 1,42.6449,-112.988,15.19,ID,PACE
39507,ABERDEEN 3,43.0069,-112.817,7.59,ID,PACE
39508,POCATELLO 1,42.8562,-112.669,42.24,ID,PACE
39509,BLACKFOOT 1,43.2608,-112.497,29.72,ID,PACE
39510,BLACKFOOT 2,43.2519,-112.514,33.02,ID,PACE
39511,MALAD CITY,42.2443,-112.425,9.62,ID,PACE
39512,POCATELLO 2,42.9969,-112.353,41.6,ID,PACE
39513,POCATELLO 3,42.8643,-112.366,40.92,ID,PACE
39514,INKOM,42.783,-112.114,11.9,ID,PACE
39515,POCATELLO 4,42.9122,-112.247,47.54,ID,PACE
39516,IDAHO FALLS 1,43.6107,-112.172,36.86,ID,PACE
39517,IDAHO FALLS 2,43.48,-112.181,28.68,ID,PACE
39518,SHELLEY,43.4466,-112.198,20.34,ID,PACE
39519,IDAHO FALLS 3,43.4132,-112.001,47.53,ID,PACE
39520,RIGBY,43.6902,-111.834,42.35,ID,PACE
39521,IDAHO FALLS 4,43.6197,-111.955,46.71,ID,PACE
39522,IDAHO FALLS 5,43.5253,-111.939,42.93,ID,PACE
39523,FIRTH,43.1423,-111.914,5.75,ID,PACE
39524,REXBURG 1,43.8042,-111.724,41.7,ID,PACE
39525,REXBURG 2,43.7976,-111.844,41.9,ID,PACE
39526,IDAHO FALLS 6,43.4531,-111.85,34.98,ID,PACE
39527,SAINT ANTHONY,43.8878,-111.796,23.68,ID,PACE
39528,GRACE 1,42.5884,-111.85,9.38,ID,PACE
39529,PRESTON 1,42.0861,-111.75,26.28,ID,PACE
39530,SODA SPRINGS,42.7162,-111.492,11.41,ID,PACE
39531,ASHTON,44.0744,-111.437,13.67,ID,PACE
39532,MONTPELIER,42.381,-111.174,9.92,ID,PACE
39533,VICTOR 1,43.615,-111.173,20.83,ID,PACE
39534,IRWIN,43.3348,-111.206,2.79,ID,PACE
39535,HAGERMAN 1,42.8416,-114.904,0.0,ID,IPCO
39536,MOUNTAIN HOME 2,43.1472,-115.667,0.0,ID,IPCO
39537,RATHDRUM 2,47.7858,-116.92,0.0,ID,AVA
39538,LEWISTON 4,46.4231,-116.976,2.18,ID,BPAT
39539,BOISE 14,43.528,-116.058,0.0,ID,IPCO
39540,MOUNTAIN HOME 3,43.1792,-115.734,9.75,ID,IPCO
39541,IDAHO FALLS 7,43.4195,-111.829,0.0,ID,PACE
39542,HAGERMAN 2,42.8744,-115.017,5.19,ID,IPCO
39543,KUNA 2,43.2435,-116.379,8.78,ID,IPCO
39544,HAGERMAN 3,42.7708,-114.989,0.0,ID,IPCO
39545,CLARK FORK,48.0844,-116.053,5.38,ID,AVA
39546,RATHDRUM 3,47.8043,-116.867,0.0,ID,AVA
39547,RUPERT 2,42.6699,-113.483,0.0,ID,IPCO
39548,CAMBRIDGE,44.8367,-116.897,6.32,ID,IPCO
39549,HAGERMAN 4,42.8253,-115.011,0.0,ID,IPCO
39550,BLISS,42.9138,-115.071,0.0,ID,IPCO
39551,AMERICAN FALLS 2,42.6747,-112.902,0.0,ID,PACE
39552,PONDERAY,48.9595,-116.557,0.1,ID,BPAT
39553,IDAHO FALLS 8,43.4687,-112.062,0.0,ID,PACE
39554,GLENNS FERRY 1,43.0281,-115.4,2.94,ID,IPCO
39555,IONA 1,43.3864,-111.726,0.0,ID,PACE
39556,AHSAHKA,46.5143,-116.298,6.1,ID,BPAT
39557,IDAHO FALLS 9,43.5244,-111.804,0.0,ID,PACE
39558,GLENNS FERRY 2,43.0566,-115.452,4.7,ID,IPCO
39559,PRESTON 2,42.2678,-111.749,3.7,ID,PACE
39560,HAGERMAN 5,42.8406,-114.99,0.0,ID,IPCO
39561,GLENNS FERRY 3,43.0338,-115.483,0.0,ID,IPCO
39562,MOUNTAIN HOME 4,43.3571,-115.452,0.0,ID,IPCO
39563,OLDTOWN,48.1802,-116.999,0.0,ID,AVA
39564,AMERICAN FALLS 3,42.7389,-112.749,0.0,ID,PACE
39565,MALTA 1,42.0994,-113.382,0.0,ID,IPCO
39566,BRUNEAU,42.9449,-115.978,0.0,ID,IPCO
39567,IONA 2,43.4671,-111.836,0.0,ID,PACE
39568,AMERICAN FALLS 4,42.7778,-112.876,0.0,ID,PACE
39569,GRACE 2,42.5367,-111.794,0.0,ID,PACE
39570,KIMBERLY 2,42.5892,-114.355,0.0,ID,IPCO
39571,MURTAUGH,42.5268,-114.037,0.0,ID,IPCO
39572,NEW PLYMOUTH,43.9044,-116.82,0.0,ID,IPCO
39573,HAGERMAN 6,42.7674,-114.925,0.0,ID,IPCO
39574,HAGERMAN 7,42.88,-115.037,0.0,ID,IPCO
39575,BURLEY 2,42.4903,-113.927,0.0,ID,IPCO
39576,LAME DEER,45.598,-106.728,6.4,MT,NWMT
39577,FORSYTH,46.3057,-106.596,8.14,MT,NWMT
39578,SHERIDAN 2,44.9288,-106.856,49.23,MT,WACM
39579,GLASGOW 1,48.0622,-106.889,10.73,MT,NWMT
39580,CROW AGENCY,45.5219,-107.228,6.75,MT,NWMT
39581,LODGE GRASS,45.2771,-107.617,4.36,MT,NWMT
39582,HARDIN 1,45.6754,-107.652,10.95,MT,NWMT
39583,MALTA 2,48.052,-107.755,7.99,MT,NWMT
39584,WORDEN,46.0377,-108.121,6.01,MT,NWMT
39585,SHEPHERD,46.1321,-108.374,6.96,MT,NWMT
39586,BILLINGS 1,45.7018,-108.339,42.91,MT,NWMT
39587,BILLINGS 2,45.5942,-108.297,39.56,MT,NWMT
39588,BILLINGS 3,45.9747,-108.445,29.95,MT,NWMT
39589,BILLINGS 4,45.9355,-108.444,29.62,MT,NWMT
39590,ROUNDUP,46.4834,-108.568,10.22,MT,NWMT
39591,BILLINGS 5,45.8161,-108.561,46.56,MT,NWMT
39592,BILLINGS 6,45.7965,-108.641,46.56,MT,NWMT
39593,BILLINGS 7,45.9055,-108.66,25.9,MT,NWMT
39594,HARLEM,48.504,-108.788,5.77,MT,NWMT
39595,LAUREL,45.591,-108.629,23.34,MT,NWMT
39596,HAYS,48.0697,-108.709,3.68,MT,NWMT
39597,BRIDGER,45.1576,-108.768,5.18,MT,NWMT
39598,PARK CITY 3,45.7488,-109.039,5.94,MT,NWMT
39599,JOLIET,45.5029,-108.899,6.64,MT,NWMT
39600,COLUMBUS 2,45.6608,-109.199,7.94,MT,NWMT
39601,CHINOOK,48.5202,-109.288,4.65,MT,NWMT
39602,LEWISTOWN,47.1501,-109.39,22.3,MT,NWMT
39603,RED LODGE,45.0254,-109.416,8.14,MT,NWMT
39604,ABSAROKEE,45.6043,-109.441,5.08,MT,NWMT
39605,HAVRE,48.5999,-109.79,26.82,MT,NWMT
39606,BOX ELDER,48.2948,-109.864,9.01,MT,NWMT
39607,HARLOWTON,46.549,-109.875,7.24,MT,NWMT
39608,BIG TIMBER,45.8849,-109.888,6.92,MT,NWMT
39609,GARDINER,45.0628,-110.448,2.7,MT,NWMT
39610,LIVINGSTON 2,45.555,-110.664,24.43,MT,NWMT
39611,FORT BENTON,47.9809,-110.627,5.66,MT,NWMT
39612,BELT,47.3014,-110.877,7.41,MT,NWMT
39613,BOZEMAN 1,45.8284,-110.826,34.22,MT,NWMT
39614,BOZEMAN 2,45.8708,-110.907,31.57,MT,NWMT
39615,CHESTER,48.603,-111.089,5.79,MT,NWMT
39616,WHITE SULPHUR SPRINGS,46.6534,-111.139,3.37,MT,NWMT
39617,BOZEMAN 3,45.6639,-111.097,27.37,MT,NWMT
39618,BOZEMAN 4,45.5053,-111.153,27.37,MT,NWMT
39619,BELGRADE,46.0721,-111.031,36.49,MT,NWMT
39620,GALLATIN GATEWAY,45.3432,-111.09,5.25,MT,NWMT
39621,WEST YELLOWSTONE,44.7624,-111.268,4.6,MT,NWMT
39622,GREAT FALLS 1,47.5036,-111.228,28.86,MT,NWMT
39623,GREAT FALLS 2,47.2238,-111.219,32.2,MT,NWMT
39624,GREAT FALLS 3,47.345,-111.272,31.44,MT,NWMT
39625,GREAT FALLS 4,47.662,-111.315,27.22,MT,NWMT
39626,GREAT FALLS 5,47.5522,-111.332,30.09,MT,NWMT
39627,MANHATTAN,45.829,-111.461,10.09,MT,NWMT
39628,TOWNSEND,46.5,-111.509,8.74,MT,NWMT
39629,THREE FORKS,45.9546,-111.478,7.74,MT,NWMT
39630,VAUGHN,47.5955,-111.687,4.66,MT,NWMT
39631,ENNIS,45.2176,-111.624,9.56,MT,NWMT
39632,SHELBY,48.5213,-111.671,8.52,MT,NWMT
39633,CASCADE 2,47.1731,-111.797,5.99,MT,NWMT
39634,EAST HELENA,46.6125,-111.763,14.56,MT,NWMT
39635,CONRAD,48.207,-111.919,8.18,MT,NWMT
39636,HELENA 1,46.6663,-111.831,48.57,MT,NWMT
39637,CLANCY,46.3901,-111.927,14.75,MT,NWMT
39638,SHERIDAN 3,45.3671,-112.169,5.78,MT,NWMT
39639,WHITEHALL,45.8125,-112.212,8.95,MT,NWMT
39640,HELENA 2,46.5927,-112.242,30.99,MT,NWMT
39641,HELENA 3,46.5927,-112.181,29.31,MT,NWMT
39642,VALIER,48.2422,-112.316,4.87,MT,NWMT
39643,CHOTEAU,47.8808,-112.39,5.48,MT,NWMT
39644,BUTTE 1,46.0684,-112.506,33.74,MT,NWMT
39645,BUTTE 2,45.9898,-112.406,33.15,MT,NWMT
39646,CUT BANK,48.7221,-112.532,9.51,MT,NWMT
39647,LINCOLN 4,47.0344,-112.64,4.9,MT,NWMT
39648,DEER LODGE,46.3299,-112.755,12.85,MT,NWMT
39649,DILLON 2,45.0416,-112.768,16.62,MT,NWMT
39650,BROWNING,48.6049,-113.094,17.28,MT,NWMT
39651,ANACONDA 1,46.0671,-113.159,18.91,MT,NWMT
39652,PHILIPSBURG,46.1965,-113.404,3.08,MT,NWMT
39653,SEELEY LAKE,47.2969,-113.564,4.11,MT,NWMT
39654,CLINTON 2,46.632,-113.773,7.17,MT,NWMT
39655,BIGFORK,47.656,-113.653,17.03,MT,BPAT
39656,MISSOULA 1,46.9033,-113.878,39.94,MT,NWMT
39657,MISSOULA 2,46.7477,-114.05,32.75,MT,NWMT
39658,CORVALLIS 4,46.2678,-113.925,11.52,MT,NWMT
39659,SAINT IGNATIUS,47.3103,-113.948,6.37,MT,BPAT
39660,MISSOULA 3,46.9164,-114.107,30.94,MT,NWMT
39661,MISSOULA 4,46.9543,-113.998,30.94,MT,NWMT
39662,FLORENCE 5,46.6544,-114.1,10.9,MT,NWMT
39663,STEVENSVILLE,46.573,-113.986,19.23,MT,NWMT
39664,ARLEE,47.2176,-114.054,4.75,MT,BPAT
39665,MISSOULA 5,47.0581,-114.044,35.81,MT,NWMT
39666,RONAN,47.4459,-114.022,20.2,MT,BPAT
39667,COLUMBIA FALLS,48.3117,-114.218,27.0,MT,BPAT
39668,POLSON 1,47.7396,-114.1,19.83,MT,BPAT
39669,LAKESIDE 4,47.9247,-114.216,9.57,MT,BPAT
39670,HAMILTON,46.2422,-114.171,27.94,MT,NWMT
39671,FRENCHTOWN,47.1474,-114.28,5.39,MT,BPAT
39672,MISSOULA 6,46.8482,-114.331,15.07,MT,NWMT
39673,DARBY,45.6991,-114.388,5.96,MT,NWMT
39674,VICTOR 2,46.4865,-114.263,7.07,MT,NWMT
39675,KALISPELL 1,48.2683,-114.483,49.69,MT,BPAT
39676,KALISPELL 2,48.3177,-114.296,49.69,MT,BPAT
39677,HUSON,47.0719,-114.522,6.65,MT,NWMT
39678,WHITEFISH,48.4913,-114.549,26.17,MT,BPAT
39679,KILA,47.9835,-114.614,6.7,MT,BPAT
39680,PLAINS,47.5645,-114.829,11.01,MT,BPAT
39681,EUREKA 5,48.9903,-114.96,12.42,MT,BPAT
39682,SUPERIOR 2,47.0781,-114.888,4.62,MT,BPAT
39683,THOMPSON FALLS 1,47.6498,-115.358,6.7,MT,BPAT
39684,LIBBY 1,48.3163,-115.328,19.71,MT,BPAT
39685,TROUT CREEK,47.8675,-115.582,6.01,MT,BPAT
39686,TROY 2,48.5885,-115.739,7.15,MT,BPAT
39687,LIBBY 2,48.4098,-115.314,0.0,MT,BPAT
39688,ANACONDA 2,46.1047,-112.877,1.99,MT,NWMT
39689,COLSTRIP 1,45.9752,-106.655,4.79,MT,NWMT
39690,GREAT FALLS 6,47.5213,-111.261,0.0,MT,NWMT
39691,FAIRFIELD 5,48.51,-112.11,2.01,MT,NWMT
39692,TWO DOT,46.4494,-110.087,0.88,MT,NWMT
39693,BILLINGS 8,45.7756,-108.481,0.0,MT,NWMT
39694,HARDIN 2,45.3074,-107.958,1.03,MT,NWMT
39695,HUNGRY HORSE,48.3415,-114.014,3.37,MT,BPAT
39696,HELENA 4,46.649,-111.728,0.0,MT,NWMT
39697,FAIRFIELD 6,47.7233,-111.965,6.07,MT,NWMT
39698,POLSON 2,47.6777,-114.234,1.18,MT,BPAT
39699,GLASGOW 2,48.0122,-106.412,1.62,MT,WAUW
39700,BILLINGS 9,45.8117,-108.428,0.0,MT,NWMT
39701,SHAWMUT,46.2753,-109.483,0.0,MT,NWMT
39702,THOMPSON FALLS 2,47.5932,-115.358,0.0,MT,BPAT
39703,COLSTRIP 2,45.8831,-106.614,0.0,MT,NWMT
39704,BUTTE 3,45.9293,-112.519,0.0,MT,NWMT
39705,GREAT FALLS 7,47.5344,-111.204,0.0,MT,NWMT
39706,GREAT FALLS 8,47.5375,-111.195,0.0,MT,NWMT
39707,WOLF CREEK,46.9915,-112.005,0.0,MT,NWMT
39708,NOXON,47.9539,-115.734,0.0,MT,BPAT
39709,FAIRFIELD 7,48.5333,-112.185,0.0,MT,NWMT
39710,HARDIN 3,45.7578,-107.6,0.0,MT,NWMT
39711,KEVIN,48.8203,-112.103,0.0,MT,NWMT
39712,GREAT FALLS 9,47.5517,-111.034,0.0,MT,NWMT
39713,GREAT FALLS 10,47.5699,-111.123,0.0,MT,NWMT
39714,GREAT FALLS 11,47.5817,-111.061,0.0,MT,NWMT
39715,EL PASO 1,31.8555,-106.703,57.47,TX,EPE
39716,ANTHONY 2,32.0315,-106.569,16.43,TX,EPE
39717,CANUTILLO,31.8681,-106.673,32.79,TX,EPE
39718,EL PASO 2,31.7583,-106.503,20.55,TX,EPE
39719,EL PASO 3,31.8761,-106.49,59.16,TX,EPE
39720,EL PASO 4,31.8278,-106.489,59.16,TX,EPE
39721,EL PASO 5,31.8145,-106.538,59.16,TX,EPE
39722,EL PASO 6,31.8815,-106.472,48.84,TX,EPE
39723,EL PASO 7,31.894,-106.556,32.67,TX,EPE
39724,EL PASO 8,31.8528,-106.58,32.67,TX,EPE
39725,EL PASO 9,31.694,-106.348,26.05,TX,EPE
39726,EL PASO 10,31.9314,-106.39,40.32,TX,EPE
39727,EL PASO 11,31.8558,-106.404,40.32,TX,EPE
39728,EL PASO 12,31.7276,-106.367,42.44,TX,EPE
39729,EL PASO 13,32.0251,-106.516,44.1,TX,EPE
39730,EL PASO 14,31.8066,-106.372,29.94,TX,EPE
39731,EL PASO 15,31.691,-106.347,29.94,TX,EPE
39732,FORT BLISS,31.8549,-106.498,6.89,TX,EPE
39733,EL PASO 16,31.9214,-106.405,68.27,TX,EPE
39734,EL PASO 17,31.9767,-106.388,67.92,TX,EPE
39735,EL PASO 18,31.7472,-106.409,10.06,TX,EPE
39736,EL PASO 19,31.8056,-106.453,8.45,TX,EPE
39737,EL PASO 20,31.768,-106.323,46.07,TX,EPE
39738,EL PASO 21,31.7237,-106.302,46.07,TX,EPE
39739,EL PASO 22,31.8524,-106.407,46.74,TX,EPE
39740,EL PASO 23,31.8863,-106.354,46.74,TX,EPE
39741,EL PASO 24,31.7876,-106.257,41.5,TX,EPE
39742,EL PASO 25,31.6764,-106.304,63.4,TX,EPE
39743,EL PASO 26,31.6101,-106.299,63.4,TX,EPE
39744,EL PASO 27,31.8189,-106.261,85.17,TX,EPE
39745,EL PASO 28,31.7623,-106.216,85.17,TX,EPE
39746,EL PASO 29,31.8035,-106.355,85.17,TX,EPE
39747,EL PASO 30,31.6911,-106.335,44.87,TX,EPE
39748,EL PASO 31,31.6442,-106.319,44.87,TX,EPE
39749,SAN ELIZARIO,31.6185,-106.236,30.38,TX,EPE
39750,CLINT,31.4862,-106.201,13.28,TX,EPE
39751,FABENS,31.545,-106.15,20.01,TX,EPE
39752,EL PASO 32,31.5519,-106.139,56.98,TX,EPE
39753,EL PASO 33,31.5773,-106.191,56.98,TX,EPE
39754,TORNILLO,31.4312,-105.982,8.58,TX,EPE
39755,EL PASO 34,31.9179,-105.938,61.55,TX,EPE
39756,EL PASO 35,31.9174,-105.991,61.55,TX,EPE
39757,FORT HANCOCK,31.4009,-105.974,4.46,TX,EPE
39758,SIERRA BLANCA,31.2709,-105.234,1.47,TX,EPE
39759,EL PASO 36,31.7569,-106.375,0.0,TX,EPE
39760,EL PASO 37,31.9836,-106.432,0.0,TX,EPE
39761,EL PASO 38,31.9783,-106.428,0.0,TX,EPE
41059,CALIFORNIA SAN DIEGO,32.776698,-117.644779,0.0,CA,CISO
41060,CALIFORNIA LOS ANGELES,33.640736,-118.89722,0.0,CA,CISO
41061,CALIFORNIA SANTA BARBARA,34.187767,-120.039798,0.0,CA,CISO
41062,CALIFORNIA MORRO BAY,35.217395,-121.182376,0.0,CA,CISO
41063,CALIFORNIA GORDA,35.780878,-121.753665,0.0,CA,CISO
41064,CALIFORNIA MONTEREY,36.526014,-122.215091,0.0,CA,CISO
41065,CALIFORNIA SAN JOSE,37.194061,-122.709476,0.0,CA,CISO
41066,CALIFORNIA OAKLAND,38.02953,-123.269779,0.0,CA,CISO
41067,CALIFORNIA SANTA ROSA,38.521137,-123.522464,0.0,CA,CISO
41068,CALIFORNIA GUALALA,38.983794,-124.071781,0.0,CA,CISO
41069,CALIFORNIA MENDOCINO,39.672144,-124.148685,0.0,CA,CISO
41070,CALIFORNIA GARBERVILLE,40.228001,-124.665042,0.0,CA,CISO
41071,CALIFORNIA EUREKA,40.837543,-124.511234,0.0,CA,CISO
41072,CALIFORNIA KLAMATH,41.41682,-124.291507,0.0,CA,CISO
41073,CALIFORNIA CRESCENT CITY,41.853733,-124.489261,0.0,CA,PACW
41074,OREGON GOLD BEACH,42.42228,-124.741947,0.0,OR,PACW
41075,OREGON COOS BAY,43.42783,-124.687015,0.0,OR,PACW
41076,OREGON EUGENE,44.04697,-124.500247,0.0,OR,BPAT
41077,OREGON NEWPORT,44.675332,-124.434329,0.0,OR,BPAT
41078,OREGON PORTLAND,45.43589,-124.324466,0.0,OR,BPAT
41079,WASHINGTON RAYMOND,46.576647,-124.349185,0.0,WA,BPAT
41080,WASHINGTON OCEAN SHORES,46.979165,-124.478275,0.0,WA,BPAT
41081,WASHINGTON QUEETS,47.534671,-124.655429,0.0,WA,BPAT
41082,WASHINGTON OZETTE,48.168686,-125.050937,0.0,WA,BPAT
